ISO-10303-21;
HEADER;
FILE_DESCRIPTION (( 'STEP AP214' ),
    '1' );
FILE_NAME ('camholder fcb.STEP',
    '2026-08-26T16:59:49',
    ( '' ),
    ( '' ),
    'SwSTEP 2.0',
    'SolidWorks 2026',
    '' );
FILE_SCHEMA (( 'AUTOMOTIVE_DESIGN' ));
ENDSEC;

DATA;
#1 = EDGE_LOOP ( 'NONE', ( #3877, #3370 ) ) ;
#2 = CARTESIAN_POINT ( 'NONE',  ( -29.66000000000001080, 3.000000000000000000, -32.00000000000000000 ) ) ;
#3 = LINE ( 'NONE', #4696, #3921 ) ;
#4 = EDGE_CURVE ( 'NONE', #886, #122, #4394, .T. ) ;
#5 = ORIENTED_EDGE ( 'NONE', *, *, #968, .T. ) ;
#6 = CARTESIAN_POINT ( 'NONE',  ( 32.65999999999999659, -55.67284031474716954, 18.10000000000000142 ) ) ;
#7 = FACE_BOUND ( 'NONE', #2667, .T. ) ;
#8 = CYLINDRICAL_SURFACE ( 'NONE', #924, 2.000000000000001776 ) ;
#9 = ORIENTED_EDGE ( 'NONE', *, *, #4839, .F. ) ;
#10 = LINE ( 'NONE', #4238, #4440 ) ;
#11 = ORIENTED_EDGE ( 'NONE', *, *, #534, .F. ) ;
#12 = CARTESIAN_POINT ( 'NONE',  ( 32.66000000000001080, -67.67894942059648145, 24.37832653390146120 ) ) ;
#13 = DIRECTION ( 'NONE',  ( 1.000000000000000000, 0.000000000000000000, 0.000000000000000000 ) ) ;
#14 = EDGE_CURVE ( 'NONE', #2063, #2113, #996, .T. ) ;
#15 = CARTESIAN_POINT ( 'NONE',  ( 30.70955875214183450, -59.38978348356297232, 35.11778654541900835 ) ) ;
#16 = CARTESIAN_POINT ( 'NONE',  ( 1.454200309338083086, -78.06276128292307703, 38.36808850055243170 ) ) ;
#17 = LINE ( 'NONE', #3408, #3404 ) ;
#18 = CARTESIAN_POINT ( 'NONE',  ( 29.91166605510651522, -77.68504138199318731, 34.37205709453694169 ) ) ;
#19 = CARTESIAN_POINT ( 'NONE',  ( 31.01524152763019515, -78.96528877893032927, -34.88590434606794588 ) ) ;
#20 = ORIENTED_EDGE ( 'NONE', *, *, #5319, .F. ) ;
#21 = EDGE_LOOP ( 'NONE', ( #5323, #4667, #4961, #4165 ) ) ;
#22 =( BOUNDED_CURVE ( )  B_SPLINE_CURVE ( 3, ( #1807, #2287, #1401, #1882 ),
 .UNSPECIFIED., .F., .T. ) 
 B_SPLINE_CURVE_WITH_KNOTS ( ( 4, 4 ),
 ( 1.570796326794897890, 3.083697497695384815 ),
 .UNSPECIFIED. ) 
 CURVE ( )  GEOMETRIC_REPRESENTATION_ITEM ( )  RATIONAL_B_SPLINE_CURVE ( ( 1.000000000000000000, 0.8181844716971027331, 0.8181844716971027331, 1.000000000000000000 ) ) 
 REPRESENTATION_ITEM ( '' )  );
#23 = ADVANCED_FACE ( 'NONE', ( #275 ), #249, .T. ) ;
#24 = VERTEX_POINT ( 'NONE', #2742 ) ;
#25 = CARTESIAN_POINT ( 'NONE',  ( -26.71790324302205377, -76.50790324302204226, 15.10000000000000142 ) ) ;
#26 = CARTESIAN_POINT ( 'NONE',  ( -25.80000000000000426, -76.44999999999998863, 29.35147186257609064 ) ) ;
#27 = CARTESIAN_POINT ( 'NONE',  ( -30.39278775893529883, -78.42362901958071575, 35.67301035163513490 ) ) ;
#28 = EDGE_LOOP ( 'NONE', ( #2084, #1230, #2388 ) ) ;
#29 = CARTESIAN_POINT ( 'NONE',  ( -31.84136692642443833, -79.44384384579262814, -39.28542377192216861 ) ) ;
#30 = VECTOR ( 'NONE', #4608, 1000.000000000000000 ) ;
#31 = CARTESIAN_POINT ( 'NONE',  ( 32.69192304005300542, -47.56471292501235126, 30.84721963802395805 ) ) ;
#32 = ORIENTED_EDGE ( 'NONE', *, *, #4, .F. ) ;
#33 = DIRECTION ( 'NONE',  ( -0.000000000000000000, -0.000000000000000000, -1.000000000000000000 ) ) ;
#34 = VECTOR ( 'NONE', #3900, 1000.000000000000000 ) ;
#35 = CYLINDRICAL_SURFACE ( 'NONE', #1628, 2.999999999999999112 ) ;
#36 = EDGE_CURVE ( 'NONE', #4112, #3613, #907, .T. ) ;
#37 = VECTOR ( 'NONE', #5357, 1000.000000000000000 ) ;
#38 = AXIS2_PLACEMENT_3D ( 'NONE', #4757, #578, #960 ) ;
#39 = ORIENTED_EDGE ( 'NONE', *, *, #287, .T. ) ;
#40 = FACE_OUTER_BOUND ( 'NONE', #5277, .T. ) ;
#41 = ORIENTED_EDGE ( 'NONE', *, *, #4309, .F. ) ;
#42 = DIRECTION ( 'NONE',  ( -0.000000000000000000, -0.000000000000000000, -1.000000000000000000 ) ) ;
#43 = CARTESIAN_POINT ( 'NONE',  ( -29.14067066465428013, -55.41256162734326551, 37.40000000000000568 ) ) ;
#44 = VECTOR ( 'NONE', #5260, 1000.000000000000114 ) ;
#45 = VECTOR ( 'NONE', #4042, 1000.000000000000000 ) ;
#46 = ORIENTED_EDGE ( 'NONE', *, *, #2538, .F. ) ;
#47 = CARTESIAN_POINT ( 'NONE',  ( 27.54920575385627046, -57.60887872138286525, 37.40000000000000568 ) ) ;
#48 = CARTESIAN_POINT ( 'NONE',  ( 32.66000000000000369, -79.44999999999998863, 41.40000000000000568 ) ) ;
#49 = CARTESIAN_POINT ( 'NONE',  ( -32.66000000000001791, -81.44999999999998863, -41.90924142217968296 ) ) ;
#50 = VECTOR ( 'NONE', #5317, 1000.000000000000000 ) ;
#51 = CYLINDRICAL_SURFACE ( 'NONE', #2937, 2.999999999999999112 ) ;
#52 = CARTESIAN_POINT ( 'NONE',  ( -32.63029243370132093, -79.44985290647801435, -39.90924142215941117 ) ) ;
#53 = EDGE_CURVE ( 'NONE', #1379, #1154, #1128, .T. ) ;
#54 = ORIENTED_EDGE ( 'NONE', *, *, #243, .F. ) ;
#55 = CARTESIAN_POINT ( 'NONE',  ( 30.69841766870884214, -79.31581405091435499, 40.35034597610087559 ) ) ;
#56 = DIRECTION ( 'NONE',  ( 1.000000000000000000, 0.000000000000000000, -9.998406201595427833E-17 ) ) ;
#57 = CARTESIAN_POINT ( 'NONE',  ( -25.66000000000000369, 1.000000000000000000, 33.39999999999999858 ) ) ;
#58 = ADVANCED_FACE ( 'NONE', ( #2601 ), #4300, .F. ) ;
#59 = VERTEX_POINT ( 'NONE', #2466 ) ;
#60 =( BOUNDED_CURVE ( )  B_SPLINE_CURVE ( 3, ( #519, #1889, #623, #5245 ),
 .UNSPECIFIED., .F., .T. ) 
 B_SPLINE_CURVE_WITH_KNOTS ( ( 4, 4 ),
 ( -8.881784197001252323E-16, 1.570796326794896558 ),
 .UNSPECIFIED. ) 
 CURVE ( )  GEOMETRIC_REPRESENTATION_ITEM ( )  RATIONAL_B_SPLINE_CURVE ( ( 1.000000000000000000, 0.8047378541243648264, 0.8047378541243648264, 1.000000000000000000 ) ) 
 REPRESENTATION_ITEM ( '' )  );
#61 = CARTESIAN_POINT ( 'NONE',  ( 29.67652615636889735, -76.80117686802343258, -29.49712514154241205 ) ) ;
#62 = B_SPLINE_CURVE_WITH_KNOTS ( 'NONE', 3,
 ( #2029, #860, #3247, #4531 ),
 .UNSPECIFIED., .F., .F.,
 ( 4, 4 ),
 ( 0.000000000000000000, 0.0006538812199078672350 ),
 .UNSPECIFIED. ) ;
#63 = CARTESIAN_POINT ( 'NONE',  ( 35.26960092774421440, -43.24007473010112079, 37.39999999999999858 ) ) ;
#64 = VECTOR ( 'NONE', #140, 1000.000000000000000 ) ;
#65 = DIRECTION ( 'NONE',  ( 1.000000000000000000, 0.000000000000000000, 0.000000000000000000 ) ) ;
#66 = DIRECTION ( 'NONE',  ( 0.000000000000000000, 0.000000000000000000, -1.000000000000000000 ) ) ;
#67 = PLANE ( 'NONE',  #3563 ) ;
#68 = VECTOR ( 'NONE', #5397, 1000.000000000000000 ) ;
#69 = ORIENTED_EDGE ( 'NONE', *, *, #36, .T. ) ;
#70 = ORIENTED_EDGE ( 'NONE', *, *, #3714, .T. ) ;
#71 = DIRECTION ( 'NONE',  ( 0.000000000000000000, 0.000000000000000000, 1.000000000000000000 ) ) ;
#72 = EDGE_CURVE ( 'NONE', #5142, #5243, #3298, .T. ) ;
#73 = EDGE_LOOP ( 'NONE', ( #4552, #2946, #5398 ) ) ;
#74 = CARTESIAN_POINT ( 'NONE',  ( 26.83358845603067522, -76.62358845603067437, 15.10502636940942800 ) ) ;
#75 = CARTESIAN_POINT ( 'NONE',  ( -27.11021149577691247, -58.45863073349107708, 37.40000000000000568 ) ) ;
#76 = ORIENTED_EDGE ( 'NONE', *, *, #91, .F. ) ;
#77 = FACE_OUTER_BOUND ( 'NONE', #3172, .T. ) ;
#78 = FACE_OUTER_BOUND ( 'NONE', #4141, .T. ) ;
#79 = CARTESIAN_POINT ( 'NONE',  ( -28.65999999999998238, -85.45000000000000284, 33.39999999999999858 ) ) ;
#80 = DIRECTION ( 'NONE',  ( 0.000000000000000000, 1.000000000000000000, 0.000000000000000000 ) ) ;
#81 = FACE_OUTER_BOUND ( 'NONE', #3925, .T. ) ;
#82 = CARTESIAN_POINT ( 'NONE',  ( 30.79523912392795637, -78.91332139543769131, -36.06894353414683962 ) ) ;
#83 = ORIENTED_EDGE ( 'NONE', *, *, #1238, .T. ) ;
#84 = ORIENTED_EDGE ( 'NONE', *, *, #1947, .T. ) ;
#85 = CARTESIAN_POINT ( 'NONE',  ( 26.14655217314099644, -76.91669034699195606, 15.13529064422010784 ) ) ;
#86 = CARTESIAN_POINT ( 'NONE',  ( -29.66000000000000369, -42.62134251766305937, 29.35147186257609064 ) ) ;
#87 = LINE ( 'NONE', #3444, #3580 ) ;
#88 = ORIENTED_EDGE ( 'NONE', *, *, #3662, .T. ) ;
#89 = CARTESIAN_POINT ( 'NONE',  ( -20.79670890685869011, -12.88410537944184675, -28.80000000000000782 ) ) ;
#90 = EDGE_CURVE ( 'NONE', #3173, #4250, #4555, .T. ) ;
#91 = EDGE_CURVE ( 'NONE', #3122, #2800, #1247, .T. ) ;
#92 = CARTESIAN_POINT ( 'NONE',  ( -25.80000000000000426, -76.44999999999998863, 29.35147186257609064 ) ) ;
#93 = CARTESIAN_POINT ( 'NONE',  ( -29.65999999999997883, -73.73476165531383231, 18.10000000000000142 ) ) ;
#94 =( BOUNDED_SURFACE ( )  B_SPLINE_SURFACE ( 3, 2, ( 
 ( #3124, #1478, #3519 ),
 ( #3987, #2269, #3600 ),
 ( #4428, #1003, #3175 ),
 ( #1857, #4819, #3941 ),
 ( #596, #977, #1402 ),
 ( #5212, #1912, #1056 ),
 ( #4019, #1031, #2288 ),
 ( #5297, #239, #1506 ),
 ( #1808, #3542, #4867 ),
 ( #3070, #2685, #4770 ) ),
 .UNSPECIFIED., .F., .F., .T. ) 
 B_SPLINE_SURFACE_WITH_KNOTS ( ( 4, 2, 2, 2, 4 ),
 ( 3, 3 ),
 ( 3.546153822772917685, 3.837712612175860460, 4.129271401578803236, 4.420830190981746455, 4.712388980384689674 ),
 ( 0.000000000000000000, 1.000000000000000000 ),
 .UNSPECIFIED. ) 
 GEOMETRIC_REPRESENTATION_ITEM ( )  RATIONAL_B_SPLINE_SURFACE ( (
 ( 1.000000000000000000, 0.9114946192476787168, 1.000000000000000000),
 ( 1.000000000000000000, 0.9039459004242413886, 1.000000000000000000),
 ( 1.000000000000000000, 0.8937186333996574028, 1.000000000000000000),
 ( 1.000000000000000000, 0.8682616235045155229, 1.000000000000000000),
 ( 1.000000000000000000, 0.8530281059415968370, 1.000000000000000000),
 ( 1.000000000000000000, 0.8180871855351508071, 1.000000000000000000),
 ( 1.000000000000000000, 0.7983780559411218780, 1.000000000000000000),
 ( 1.000000000000000000, 0.7552550243253463025, 1.000000000000000000),
 ( 1.000000000000000000, 0.7318434608548582965, 1.000000000000000000),
 ( 1.000000000000000000, 0.7071067811865459074, 1.000000000000000000) ) ) 
 REPRESENTATION_ITEM ( '' )  SURFACE ( )  );
#95 = FACE_OUTER_BOUND ( 'NONE', #744, .T. ) ;
#96 = VERTEX_POINT ( 'NONE', #4583 ) ;
#97 = DIRECTION ( 'NONE',  ( -1.000000000000000000, 0.000000000000000000, 0.000000000000000000 ) ) ;
#98 = ORIENTED_EDGE ( 'NONE', *, *, #4130, .F. ) ;
#99 = EDGE_LOOP ( 'NONE', ( #3632, #5120, #4140, #4607 ) ) ;
#100 = CARTESIAN_POINT ( 'NONE',  ( -32.65999999999998238, -76.62358845603067437, 15.10502636940942800 ) ) ;
#101 = LINE ( 'NONE', #3795, #3948 ) ;
#102 = ORIENTED_EDGE ( 'NONE', *, *, #2163, .F. ) ;
#103 = CARTESIAN_POINT ( 'NONE',  ( 30.97861320796314288, -78.93453988810092881, -34.76366711040672186 ) ) ;
#104 = CARTESIAN_POINT ( 'NONE',  ( -25.65999999999997883, -91.94834808253654046, 18.09673155287556767 ) ) ;
#105 = DIRECTION ( 'NONE',  ( -1.000000000000000000, 0.000000000000000000, 0.000000000000000000 ) ) ;
#106 = FACE_OUTER_BOUND ( 'NONE', #2694, .T. ) ;
#107 = ORIENTED_EDGE ( 'NONE', *, *, #1464, .F. ) ;
#108 = EDGE_CURVE ( 'NONE', #314, #1897, #792, .T. ) ;
#109 = ORIENTED_EDGE ( 'NONE', *, *, #4437, .F. ) ;
#110 = FACE_OUTER_BOUND ( 'NONE', #2639, .T. ) ;
#111 = CARTESIAN_POINT ( 'NONE',  ( -29.66000000000000725, -76.44999999999998863, -8.830414978919627345 ) ) ;
#112 = CARTESIAN_POINT ( 'NONE',  ( -29.67776632074084731, -76.81528430751863823, 33.60742662444733497 ) ) ;
#113 = VERTEX_POINT ( 'NONE', #3241 ) ;
#114 = CARTESIAN_POINT ( 'NONE',  ( -25.80000000000000426, -91.94834808253654046, 15.10000000000000142 ) ) ;
#115 = FACE_OUTER_BOUND ( 'NONE', #2448, .T. ) ;
#116 = CARTESIAN_POINT ( 'NONE',  ( -25.66000000210485155, -76.09486705255119432, 37.44962456646109672 ) ) ;
#117 = ORIENTED_EDGE ( 'NONE', *, *, #2094, .T. ) ;
#118 = EDGE_CURVE ( 'NONE', #1312, #2994, #3995, .T. ) ;
#119 = LINE ( 'NONE', #2254, #5078 ) ;
#120 = ORIENTED_EDGE ( 'NONE', *, *, #442, .F. ) ;
#121 = CARTESIAN_POINT ( 'NONE',  ( -32.65999999999998238, -47.24127269365999382, 45.56696368325219026 ) ) ;
#122 = VERTEX_POINT ( 'NONE', #3435 ) ;
#123 = CARTESIAN_POINT ( 'NONE',  ( 29.65999999999999659, -76.44999999999998863, 29.35147186257609064 ) ) ;
#124 = EDGE_CURVE ( 'NONE', #768, #3540, #1950, .T. ) ;
#125 = AXIS2_PLACEMENT_3D ( 'NONE', #1231, #2902, #1313 ) ;
#126 = CIRCLE ( 'NONE', #826, 2.000000000000001776 ) ;
#127 = FACE_OUTER_BOUND ( 'NONE', #4014, .T. ) ;
#128 = CARTESIAN_POINT ( 'NONE',  ( -32.65999999999998948, -78.99867108302339602, -1.985717280240162363 ) ) ;
#129 = FACE_OUTER_BOUND ( 'NONE', #2012, .T. ) ;
#130 = LINE ( 'NONE', #160, #5468 ) ;
#131 = AXIS2_PLACEMENT_3D ( 'NONE', #3546, #981, #4357 ) ;
#132 = ORIENTED_EDGE ( 'NONE', *, *, #124, .T. ) ;
#133 = DIRECTION ( 'NONE',  ( -1.000000000000000000, -4.822023056331055878E-17, 0.000000000000000000 ) ) ;
#134 = AXIS2_PLACEMENT_3D ( 'NONE', #1367, #2260, #4321 ) ;
#135 = CARTESIAN_POINT ( 'NONE',  ( -29.81158263610775450, -77.39828817400652383, -30.40435612266377774 ) ) ;
#136 = CARTESIAN_POINT ( 'NONE',  ( 25.66000000000000014, -85.45000000000000284, 26.35474030970052439 ) ) ;
#137 = ADVANCED_FACE ( 'NONE', ( #1064 ), #2828, .F. ) ;
#138 = ORIENTED_EDGE ( 'NONE', *, *, #1255, .T. ) ;
#139 = CIRCLE ( 'NONE', #3928, 1.649999999999998579 ) ;
#140 = DIRECTION ( 'NONE',  ( 4.999203100797713916E-17, -0.000000000000000000, 1.000000000000000000 ) ) ;
#141 = FACE_OUTER_BOUND ( 'NONE', #1237, .T. ) ;
#142 = ORIENTED_EDGE ( 'NONE', *, *, #4017, .F. ) ;
#143 = FACE_OUTER_BOUND ( 'NONE', #5003, .T. ) ;
#144 = ORIENTED_EDGE ( 'NONE', *, *, #3471, .T. ) ;
#145 = CIRCLE ( 'NONE', #4995, 2.999999999999999112 ) ;
#146 = EDGE_CURVE ( 'NONE', #3872, #768, #4523, .T. ) ;
#147 = ORIENTED_EDGE ( 'NONE', *, *, #1696, .F. ) ;
#148 = CARTESIAN_POINT ( 'NONE',  ( 32.65999999999999659, -76.44999999999998863, -5.720183209558447501 ) ) ;
#149 = CARTESIAN_POINT ( 'NONE',  ( -28.25705004966522793, -79.04514870999756226, 16.57971867486377704 ) ) ;
#150 = CARTESIAN_POINT ( 'NONE',  ( 26.83358845603067522, -76.62358845603067437, 15.10502636940942978 ) ) ;
#151 = VECTOR ( 'NONE', #3470, 1000.000000000000000 ) ;
#152 = ADVANCED_FACE ( 'NONE', ( #4907 ), #1915, .T. ) ;
#153 = EDGE_CURVE ( 'NONE', #1969, #700, #384, .T. ) ;
#154 = CYLINDRICAL_SURFACE ( 'NONE', #2138, 5.000000000000003553 ) ;
#155 = VECTOR ( 'NONE', #3562, 1000.000000000000000 ) ;
#156 = CYLINDRICAL_SURFACE ( 'NONE', #1885, 1.649999999999998579 ) ;
#157 = CARTESIAN_POINT ( 'NONE',  ( 0.000000000000000000, -12.45000000000000284, 29.35147186257609064 ) ) ;
#158 = VERTEX_POINT ( 'NONE', #4251 ) ;
#159 = CARTESIAN_POINT ( 'NONE',  ( 31.97016917986602991, -79.45000000000000284, 41.03126989044981343 ) ) ;
#160 = CARTESIAN_POINT ( 'NONE',  ( -29.66000000000001080, 1.000000000000000000, -32.00000000000000000 ) ) ;
#161 = CIRCLE ( 'NONE', #4392, 1.649999999999998579 ) ;
#162 = VERTEX_POINT ( 'NONE', #5418 ) ;
#163 = CARTESIAN_POINT ( 'NONE',  ( 28.66000000000000014, -79.44973883731488229, 17.85865328844423061 ) ) ;
#164 = CYLINDRICAL_SURFACE ( 'NONE', #131, 2.000000000000001776 ) ;
#165 = DIRECTION ( 'NONE',  ( -0.000000000000000000, -1.000000000000000000, -0.000000000000000000 ) ) ;
#166 = CARTESIAN_POINT ( 'NONE',  ( 25.90720488025603885, -76.65622916342263693, 29.34474878766286210 ) ) ;
#167 = EDGE_LOOP ( 'NONE', ( #4936, #1042, #1249, #4330, #3744 ) ) ;
#168 = CARTESIAN_POINT ( 'NONE',  ( 26.29124910358169132, -43.47460653082482196, 37.40000000000000568 ) ) ;
#169 = ORIENTED_EDGE ( 'NONE', *, *, #3552, .F. ) ;
#170 = CARTESIAN_POINT ( 'NONE',  ( -32.37767543898339540, -79.45000000000001705, 41.08309145117490857 ) ) ;
#171 = CARTESIAN_POINT ( 'NONE',  ( 29.66000000000000014, -65.34395145777230596, 33.39999999999999858 ) ) ;
#172 = EDGE_CURVE ( 'NONE', #1337, #3758, #4085, .T. ) ;
#173 = FACE_OUTER_BOUND ( 'NONE', #1233, .T. ) ;
#174 = EDGE_LOOP ( 'NONE', ( #3085, #855, #461, #3039 ) ) ;
#175 = CARTESIAN_POINT ( 'NONE',  ( 32.66000000000000369, -79.44999999999998863, 26.35147186257609064 ) ) ;
#176 = DIRECTION ( 'NONE',  ( 0.000000000000000000, 1.000000000000000000, 0.000000000000000000 ) ) ;
#177 = DIRECTION ( 'NONE',  ( 0.000000000000000000, 0.000000000000000000, 1.000000000000000000 ) ) ;
#178 = DIRECTION ( 'NONE',  ( 1.000000000000000000, 0.000000000000000000, 0.000000000000000000 ) ) ;
#179 = CARTESIAN_POINT ( 'NONE',  ( -32.65999999999997527, -79.43831274719003943, -4.121882476333683876 ) ) ;
#180 = ORIENTED_EDGE ( 'NONE', *, *, #1975, .F. ) ;
#181 = DIRECTION ( 'NONE',  ( 5.672195538593293487E-17, -0.6942372417107872673, -0.7197462415475317510 ) ) ;
#182 = CARTESIAN_POINT ( 'NONE',  ( -25.66000000000000369, -61.73080979773242660, 37.40000000000000568 ) ) ;
#183 = EDGE_CURVE ( 'NONE', #1337, #5142, #2528, .T. ) ;
#184 = ORIENTED_EDGE ( 'NONE', *, *, #3705, .T. ) ;
#185 = CARTESIAN_POINT ( 'NONE',  ( 31.34355237501249647, -58.67284031474716954, 18.10000000000000142 ) ) ;
#186 = FACE_OUTER_BOUND ( 'NONE', #471, .T. ) ;
#187 = DIRECTION ( 'NONE',  ( 0.000000000000000000, 0.000000000000000000, -1.000000000000000000 ) ) ;
#188 = CARTESIAN_POINT ( 'NONE',  ( 17.79999999999999005, -24.37000000000000099, -28.80000000000000782 ) ) ;
#189 = EDGE_CURVE ( 'NONE', #4613, #4474, #645, .T. ) ;
#190 = ORIENTED_EDGE ( 'NONE', *, *, #4470, .T. ) ;
#191 = FACE_BOUND ( 'NONE', #5380, .T. ) ;
#192 = CARTESIAN_POINT ( 'NONE',  ( -29.66000000000000725, -18.45000000000000284, 15.10000000000000142 ) ) ;
#193 = CARTESIAN_POINT ( 'NONE',  ( -30.25725615698349458, -78.24913584312001547, 35.31379773037861014 ) ) ;
#194 = VERTEX_POINT ( 'NONE', #5050 ) ;
#195 = ORIENTED_EDGE ( 'NONE', *, *, #5220, .T. ) ;
#196 = CARTESIAN_POINT ( 'NONE',  ( 32.65999999999999659, -46.55605434390730579, 32.46273216848485532 ) ) ;
#197 = DIRECTION ( 'NONE',  ( 0.000000000000000000, 0.000000000000000000, -1.000000000000000000 ) ) ;
#198 = DIRECTION ( 'NONE',  ( 1.961247570352523610E-16, -1.000000000000000000, 0.000000000000000000 ) ) ;
#199 = ADVANCED_FACE ( 'NONE', ( #463 ), #2844, .T. ) ;
#200 = CARTESIAN_POINT ( 'NONE',  ( -29.65999999999998238, -59.84097600872410538, 18.09999999999999787 ) ) ;
#201 = VECTOR ( 'NONE', #3538, 1000.000000000000000 ) ;
#202 = CARTESIAN_POINT ( 'NONE',  ( 29.65999999999999659, -12.45000000000000284, -1.482763639696601920E-15 ) ) ;
#203 = CARTESIAN_POINT ( 'NONE',  ( 19.44999999999998863, -24.37000000000000099, -23.33309524416879555 ) ) ;
#204 = ORIENTED_EDGE ( 'NONE', *, *, #2568, .F. ) ;
#205 = CARTESIAN_POINT ( 'NONE',  ( -32.65999999999998948, -58.62573516591340450, 33.76419139715113715 ) ) ;
#206 = CARTESIAN_POINT ( 'NONE',  ( -30.01069394365882559, -77.27165572534799765, -3.831394015318595692 ) ) ;
#207 = AXIS2_PLACEMENT_3D ( 'NONE', #451, #2479, #4125 ) ;
#208 = AXIS2_PLACEMENT_3D ( 'NONE', #2041, #3739, #177 ) ;
#209 = VERTEX_POINT ( 'NONE', #5022 ) ;
#210 = CARTESIAN_POINT ( 'NONE',  ( 32.65999999999999659, -57.99028999168073994, 20.01868748177362889 ) ) ;
#211 = CARTESIAN_POINT ( 'NONE',  ( -29.66000000000001080, -71.44999999999998863, -40.00000000000000000 ) ) ;
#212 = ADVANCED_FACE ( 'NONE', ( #851 ), #3833, .T. ) ;
#213 = AXIS2_PLACEMENT_3D ( 'NONE', #4590, #446, #4170 ) ;
#214 = CARTESIAN_POINT ( 'NONE',  ( 32.08705909532054790, -79.39478160815789920, -38.24625274152977994 ) ) ;
#215 = CIRCLE ( 'NONE', #4364, 2.000000000000001776 ) ;
#216 = DIRECTION ( 'NONE',  ( -9.998406201595429065E-17, 0.000000000000000000, -1.000000000000000000 ) ) ;
#217 = CIRCLE ( 'NONE', #5073, 12.00000000000000355 ) ;
#218 = CARTESIAN_POINT ( 'NONE',  ( 25.78840539658382625, -41.14666835525972743, 37.40000000000000568 ) ) ;
#219 = ADVANCED_FACE ( 'NONE', ( #2494 ), #1726, .T. ) ;
#220 = CARTESIAN_POINT ( 'NONE',  ( -40.65999999999998238, -79.44999999999998863, 45.39999999999999858 ) ) ;
#221 = CARTESIAN_POINT ( 'NONE',  ( -26.19003588364001800, -77.29248999612788396, 37.84697725994400486 ) ) ;
#222 = VERTEX_POINT ( 'NONE', #3414 ) ;
#223 = VECTOR ( 'NONE', #988, 1000.000000000000000 ) ;
#224 = ORIENTED_EDGE ( 'NONE', *, *, #2604, .T. ) ;
#225 = ORIENTED_EDGE ( 'NONE', *, *, #4468, .T. ) ;
#226 = CARTESIAN_POINT ( 'NONE',  ( 32.65999999999999659, -46.83106453214637810, 31.80550109143336712 ) ) ;
#227 = CARTESIAN_POINT ( 'NONE',  ( 29.65999999999999659, -69.94387132699132792, 29.35147186257609064 ) ) ;
#228 = CARTESIAN_POINT ( 'NONE',  ( 32.66000000000000369, -58.97701901627345933, 33.39999999999999858 ) ) ;
#229 =( BOUNDED_CURVE ( )  B_SPLINE_CURVE ( 3, ( #2922, #1657, #2506, #830 ),
 .UNSPECIFIED., .F., .T. ) 
 B_SPLINE_CURVE_WITH_KNOTS ( ( 4, 4 ),
 ( 1.570796326794896114, 3.141592653589793116 ),
 .UNSPECIFIED. ) 
 CURVE ( )  GEOMETRIC_REPRESENTATION_ITEM ( )  RATIONAL_B_SPLINE_CURVE ( ( 1.000000000000000000, 0.8047378541243649375, 0.8047378541243649375, 1.000000000000000000 ) ) 
 REPRESENTATION_ITEM ( '' )  );
#230 = DIRECTION ( 'NONE',  ( 0.000000000000000000, -1.000000000000000000, 0.000000000000000000 ) ) ;
#231 = EDGE_CURVE ( 'NONE', #1673, #2800, #2510, .T. ) ;
#232 = ORIENTED_EDGE ( 'NONE', *, *, #1880, .F. ) ;
#233 = CARTESIAN_POINT ( 'NONE',  ( 29.65999999999999659, -18.45000000000000284, 29.35147186257609064 ) ) ;
#234 = CARTESIAN_POINT ( 'NONE',  ( 38.65999999999999659, -79.44999999999998863, -41.90924142217968296 ) ) ;
#235 = VERTEX_POINT ( 'NONE', #4990 ) ;
#236 = CIRCLE ( 'NONE', #3309, 4.000000000000002665 ) ;
#237 = VERTEX_POINT ( 'NONE', #5135 ) ;
#238 = CARTESIAN_POINT ( 'NONE',  ( 0.000000000000000000, -12.45000000000000284, 0.000000000000000000 ) ) ;
#239 = CARTESIAN_POINT ( 'NONE',  ( 30.09875067179175190, -79.45000000000000284, -4.808769664566845847 ) ) ;
#240 = AXIS2_PLACEMENT_3D ( 'NONE', #3871, #1760, #1737 ) ;
#241 = EDGE_LOOP ( 'NONE', ( #2833, #3730, #1352, #1093 ) ) ;
#242 = LINE ( 'NONE', #4461, #2047 ) ;
#243 = EDGE_CURVE ( 'NONE', #1111, #932, #2309, .T. ) ;
#244 = LINE ( 'NONE', #5328, #2574 ) ;
#245 = LINE ( 'NONE', #1458, #4999 ) ;
#246 = VECTOR ( 'NONE', #13, 1000.000000000000000 ) ;
#247 = CARTESIAN_POINT ( 'NONE',  ( 30.87407714700547245, -78.86224163802579312, 36.91514088077559563 ) ) ;
#248 = DIRECTION ( 'NONE',  ( 0.000000000000000000, -1.000000000000000000, 0.000000000000000000 ) ) ;
#249 = PLANE ( 'NONE',  #3373 ) ;
#250 = CARTESIAN_POINT ( 'NONE',  ( -30.44563092425252293, -78.48392247270761857, 35.81169698698187887 ) ) ;
#251 = EDGE_LOOP ( 'NONE', ( #344, #5270, #2346, #4997 ) ) ;
#252 = ORIENTED_EDGE ( 'NONE', *, *, #2059, .F. ) ;
#253 = LINE ( 'NONE', #2809, #402 ) ;
#254 = EDGE_CURVE ( 'NONE', #4063, #3342, #4441, .T. ) ;
#255 = ADVANCED_FACE ( 'NONE', ( #4750 ), #3074, .F. ) ;
#256 = ORIENTED_EDGE ( 'NONE', *, *, #1446, .T. ) ;
#257 = CARTESIAN_POINT ( 'NONE',  ( 32.65999999999999659, -46.45107401847246820, 32.92169369827014691 ) ) ;
#258 = CARTESIAN_POINT ( 'NONE',  ( 26.65999999999999659, 0.000000000000000000, 18.10000000000000142 ) ) ;
#259 = CARTESIAN_POINT ( 'NONE',  ( 33.80000000000000426, 4.209999999999991971, -37.78336146153467467 ) ) ;
#260 = EDGE_CURVE ( 'NONE', #2300, #3173, #1348, .T. ) ;
#261 = ORIENTED_EDGE ( 'NONE', *, *, #4119, .F. ) ;
#262 = DIRECTION ( 'NONE',  ( 4.999203100797714533E-17, 0.000000000000000000, 1.000000000000000000 ) ) ;
#263 = LINE ( 'NONE', #4484, #3500 ) ;
#264 = ORIENTED_EDGE ( 'NONE', *, *, #1341, .F. ) ;
#265 = CARTESIAN_POINT ( 'NONE',  ( 39.83157287525381207, -79.44999999999998863, -41.08081429743349133 ) ) ;
#266 = CARTESIAN_POINT ( 'NONE',  ( 26.83358845603067522, -76.62358845603067437, 15.10502636940942800 ) ) ;
#267 =( BOUNDED_CURVE ( )  B_SPLINE_CURVE ( 3, ( #3616, #310, #4064, #1519 ),
 .UNSPECIFIED., .F., .T. ) 
 B_SPLINE_CURVE_WITH_KNOTS ( ( 4, 4 ),
 ( 4.712388980384689674, 6.283185307179586232 ),
 .UNSPECIFIED. ) 
 CURVE ( )  GEOMETRIC_REPRESENTATION_ITEM ( )  RATIONAL_B_SPLINE_CURVE ( ( 1.000000000000000000, 0.8047378541243649375, 0.8047378541243649375, 1.000000000000000000 ) ) 
 REPRESENTATION_ITEM ( '' )  );
#268 = DIRECTION ( 'NONE',  ( -1.000000000000000000, 0.000000000000000000, 0.000000000000000000 ) ) ;
#269 = DIRECTION ( 'NONE',  ( 1.000000000000000000, 1.156482317317871478E-16, 0.000000000000000000 ) ) ;
#270 = CARTESIAN_POINT ( 'NONE',  ( 31.91716538570930339, -57.29607201215112866, 35.72182549950188246 ) ) ;
#271 = CARTESIAN_POINT ( 'NONE',  ( -25.66000000000000369, -75.44999999999998863, 41.40000000000000568 ) ) ;
#272 = ADVANCED_FACE ( 'NONE', ( #4796 ), #3522, .F. ) ;
#273 = CARTESIAN_POINT ( 'NONE',  ( 26.91334579614235878, -77.95225129009206455, 38.27665410966914550 ) ) ;
#274 = FACE_OUTER_BOUND ( 'NONE', #2055, .T. ) ;
#275 = FACE_OUTER_BOUND ( 'NONE', #2165, .T. ) ;
#276 = CARTESIAN_POINT ( 'NONE',  ( -30.76954400135305079, -78.92098350007759677, 39.26234815182756677 ) ) ;
#277 = ORIENTED_EDGE ( 'NONE', *, *, #3976, .F. ) ;
#278 = CARTESIAN_POINT ( 'NONE',  ( -32.61048738945916625, -81.44975484412958622, -41.90924142217968296 ) ) ;
#279 = VERTEX_POINT ( 'NONE', #3099 ) ;
#280 = DIRECTION ( 'NONE',  ( -1.000000000000000000, 0.000000000000000000, 0.000000000000000000 ) ) ;
#281 = ADVANCED_FACE ( 'NONE', ( #110 ), #4721, .T. ) ;
#282 = LINE ( 'NONE', #2784, #2674 ) ;
#283 = CARTESIAN_POINT ( 'NONE',  ( 40.66000000000000369, -81.44958813554596588, -41.90924142217968296 ) ) ;
#284 = ORIENTED_EDGE ( 'NONE', *, *, #4106, .T. ) ;
#285 = DIRECTION ( 'NONE',  ( 0.000000000000000000, 0.7197462415475317510, -0.6942372417107872673 ) ) ;
#286 = CARTESIAN_POINT ( 'NONE',  ( -30.88759529225669098, -66.98638786427666503, 26.94424949480857023 ) ) ;
#287 = EDGE_CURVE ( 'NONE', #2626, #4381, #2687, .T. ) ;
#288 = ORIENTED_EDGE ( 'NONE', *, *, #351, .T. ) ;
#289 = CARTESIAN_POINT ( 'NONE',  ( -2.883153121418986053, -79.25575706773700801, 40.16378439994871741 ) ) ;
#290 = CARTESIAN_POINT ( 'NONE',  ( -33.69410037990462570, -79.44999999999998863, -3.182076811473967481 ) ) ;
#291 = B_SPLINE_CURVE_WITH_KNOTS ( 'NONE', 3,
 ( #4588, #29, #4614, #2999, #2141, #497, #5114, #2115, #3394, #4232, #905, #1329, #4695, #1277, #2893, #4644, #2583, #5055 ),
 .UNSPECIFIED., .F., .F.,
 ( 4, 2, 2, 2, 2, 2, 2, 2, 4 ),
 ( 9.200118014513999128E-05, 0.003007764608469463627, 0.004465646322631614332, 0.005923528036793765904, 0.007381409750955916609, 0.008839291465118068181, 0.009568232322199124451, 0.01029717317928018072, 0.01175505489344226204 ),
 .UNSPECIFIED. ) ;
#292 = EDGE_LOOP ( 'NONE', ( #2000, #5281, #1755, #987 ) ) ;
#293 = CARTESIAN_POINT ( 'NONE',  ( 25.66000000000000014, 3.000000000000000000, -32.00000000000000000 ) ) ;
#294 = CARTESIAN_POINT ( 'NONE',  ( -27.81160951619441590, -78.15273977736035249, -35.62856949843374110 ) ) ;
#295 = CARTESIAN_POINT ( 'NONE',  ( 29.66000000000000014, -65.34395145777230596, 33.39999999999999858 ) ) ;
#296 = CARTESIAN_POINT ( 'NONE',  ( 29.53598947637457783, -77.61406275333315818, -34.80222670803184570 ) ) ;
#297 = VECTOR ( 'NONE', #2447, 1000.000000000000114 ) ;
#298 = ORIENTED_EDGE ( 'NONE', *, *, #1496, .T. ) ;
#299 = CARTESIAN_POINT ( 'NONE',  ( 29.77393881343868642, -77.27727972229277498, 33.95066332060347492 ) ) ;
#300 = VECTOR ( 'NONE', #3152, 1000.000000000000000 ) ;
#301 = VECTOR ( 'NONE', #3602, 1000.000000000000000 ) ;
#302 = CARTESIAN_POINT ( 'NONE',  ( 33.80000000000000426, -79.44999999999998863, -35.78336146153467467 ) ) ;
#303 = CARTESIAN_POINT ( 'NONE',  ( -31.91716538570928918, -57.29607201215114287, 35.72182549950187536 ) ) ;
#304 = ORIENTED_EDGE ( 'NONE', *, *, #2882, .F. ) ;
#305 = AXIS2_PLACEMENT_3D ( 'NONE', #3590, #2723, #3140 ) ;
#306 = DIRECTION ( 'NONE',  ( -2.850957430653865361E-17, -0.6942372417107872673, -0.7197462415475317510 ) ) ;
#307 = VECTOR ( 'NONE', #5136, 1000.000000000000114 ) ;
#308 = CIRCLE ( 'NONE', #5348, 4.000000000000003553 ) ;
#309 = ORIENTED_EDGE ( 'NONE', *, *, #3488, .T. ) ;
#310 = CARTESIAN_POINT ( 'NONE',  ( 39.83157287525380497, -79.44999999999998863, 44.57157287525381406 ) ) ;
#311 = LINE ( 'NONE', #746, #44 ) ;
#312 = CARTESIAN_POINT ( 'NONE',  ( -29.66000000000000725, -56.36771859448808897, 15.10000000000000142 ) ) ;
#313 = CARTESIAN_POINT ( 'NONE',  ( -35.26960092775185984, -43.24007473010243530, 37.40000000000348024 ) ) ;
#314 = VERTEX_POINT ( 'NONE', #4387 ) ;
#315 = DIRECTION ( 'NONE',  ( 1.000000000000000000, 0.000000000000000000, 0.000000000000000000 ) ) ;
#316 = CARTESIAN_POINT ( 'NONE',  ( -29.66000000000000369, -69.12749048485750336, 29.24452392914305676 ) ) ;
#317 = ORIENTED_EDGE ( 'NONE', *, *, #403, .F. ) ;
#318 = CYLINDRICAL_SURFACE ( 'NONE', #3649, 4.000000000000003553 ) ;
#319 = CYLINDRICAL_SURFACE ( 'NONE', #3587, 3.000000000000002665 ) ;
#320 = EDGE_CURVE ( 'NONE', #3192, #1824, #2271, .T. ) ;
#321 = EDGE_CURVE ( 'NONE', #1600, #4562, #1391, .T. ) ;
#322 = CARTESIAN_POINT ( 'NONE',  ( 31.34355237501249647, -58.67284031474716954, 18.10000000000000142 ) ) ;
#323 = CIRCLE ( 'NONE', #4025, 5.000000000000000888 ) ;
#324 = CARTESIAN_POINT ( 'NONE',  ( -29.92244730124885876, -79.08685070778621196, -37.59116015373055575 ) ) ;
#325 = DIRECTION ( 'NONE',  ( -1.000000000000000000, 0.000000000000000000, 0.000000000000000000 ) ) ;
#326 = CARTESIAN_POINT ( 'NONE',  ( 29.24178293735960921, -75.44147435559597170, -33.02154969151837349 ) ) ;
#327 = VECTOR ( 'NONE', #400, 1000.000000000000000 ) ;
#328 = ORIENTED_EDGE ( 'NONE', *, *, #53, .F. ) ;
#329 = CARTESIAN_POINT ( 'NONE',  ( 26.52194588243893136, -77.63735699194535300, 38.04842773013633206 ) ) ;
#330 = CYLINDRICAL_SURFACE ( 'NONE', #651, 3.000000000000002665 ) ;
#331 = AXIS2_PLACEMENT_3D ( 'NONE', #2310, #3089, #1799 ) ;
#332 = LINE ( 'NONE', #4116, #1213 ) ;
#333 = EDGE_LOOP ( 'NONE', ( #232, #11 ) ) ;
#334 = VERTEX_POINT ( 'NONE', #185 ) ;
#335 = ORIENTED_EDGE ( 'NONE', *, *, #3368, .T. ) ;
#336 = CYLINDRICAL_SURFACE ( 'NONE', #1387, 2.000000000000001776 ) ;
#337 = LINE ( 'NONE', #2445, #2585 ) ;
#338 = FACE_OUTER_BOUND ( 'NONE', #4558, .T. ) ;
#339 = DIRECTION ( 'NONE',  ( 0.000000000000000000, 0.000000000000000000, -1.000000000000000000 ) ) ;
#340 = CARTESIAN_POINT ( 'NONE',  ( -33.81436404623571690, -43.57239829822898969, 37.39999999999999858 ) ) ;
#341 = EDGE_CURVE ( 'NONE', #1317, #5210, #570, .T. ) ;
#342 = CYLINDRICAL_SURFACE ( 'NONE', #1440, 21.30000000000000071 ) ;
#343 = CARTESIAN_POINT ( 'NONE',  ( 25.66000000000000014, -65.34395145777230596, 33.39999999999999858 ) ) ;
#344 = ORIENTED_EDGE ( 'NONE', *, *, #968, .F. ) ;
#345 = CARTESIAN_POINT ( 'NONE',  ( -32.26719329519927015, -79.42982877469664516, -38.79980132569988882 ) ) ;
#346 = CARTESIAN_POINT ( 'NONE',  ( -33.16212027479603819, -79.44999999999998863, -1.919657515403432546 ) ) ;
#347 = DIRECTION ( 'NONE',  ( 1.000000000000000000, 0.000000000000000000, 0.000000000000000000 ) ) ;
#348 = DIRECTION ( 'NONE',  ( 0.000000000000000000, 0.000000000000000000, 1.000000000000000000 ) ) ;
#349 = CARTESIAN_POINT ( 'NONE',  ( -25.80000000000000426, -18.45000000000000284, 29.35147186257609064 ) ) ;
#350 = CARTESIAN_POINT ( 'NONE',  ( 29.65999999999999304, -74.78333333333333144, -32.72752525690952297 ) ) ;
#351 = EDGE_CURVE ( 'NONE', #4002, #4848, #4087, .T. ) ;
#352 = VERTEX_POINT ( 'NONE', #5271 ) ;
#353 = EDGE_LOOP ( 'NONE', ( #4160, #492, #4034, #4937 ) ) ;
#354 = CARTESIAN_POINT ( 'NONE',  ( 28.31882875866579141, -78.69787305622480744, 39.06224697939875057 ) ) ;
#355 = B_SPLINE_CURVE_WITH_KNOTS ( 'NONE', 3,
 ( #3963, #3907, #3492, #617, #4383, #5239, #205, #4407 ),
 .UNSPECIFIED., .F., .F.,
 ( 4, 2, 2, 4 ),
 ( 0.000000000000000000, 0.0007525354564143967593, 0.001505070912828793519, 0.003010141825657603083 ),
 .UNSPECIFIED. ) ;
#356 = DIRECTION ( 'NONE',  ( -0.000000000000000000, -0.000000000000000000, -1.000000000000000000 ) ) ;
#357 = DIRECTION ( 'NONE',  ( -0.000000000000000000, -1.000000000000000000, -0.000000000000000000 ) ) ;
#358 = EDGE_CURVE ( 'NONE', #3758, #1111, #4871, .T. ) ;
#359 = EDGE_LOOP ( 'NONE', ( #3327, #3417, #4445, #5008, #1085, #4665 ) ) ;
#360 = EDGE_LOOP ( 'NONE', ( #2655, #3594, #4968, #3638 ) ) ;
#361 = CARTESIAN_POINT ( 'NONE',  ( -19.45000000000000995, -24.36999999999999744, -23.33309524416879555 ) ) ;
#362 = CARTESIAN_POINT ( 'NONE',  ( 33.80000000000000426, -79.44999999999998863, -35.78336146153467467 ) ) ;
#363 = CARTESIAN_POINT ( 'NONE',  ( -30.78220008844690980, -78.07505888058400956, -1.984563096465248533 ) ) ;
#364 = ORIENTED_EDGE ( 'NONE', *, *, #3071, .F. ) ;
#365 = FACE_BOUND ( 'NONE', #544, .T. ) ;
#366 = CARTESIAN_POINT ( 'NONE',  ( -32.46857798851111454, -47.38061341368470636, 30.90033262794131375 ) ) ;
#367 = EDGE_LOOP ( 'NONE', ( #364, #4896, #3718, #4292 ) ) ;
#368 = CARTESIAN_POINT ( 'NONE',  ( 33.80000000000000426, -79.44999999999998863, -35.78336146153467467 ) ) ;
#369 = CARTESIAN_POINT ( 'NONE',  ( -30.28797080843625977, -67.33148951844410135, 27.83541382673160669 ) ) ;
#370 = EDGE_CURVE ( 'NONE', #4111, #4734, #1989, .T. ) ;
#371 = VERTEX_POINT ( 'NONE', #5299 ) ;
#372 = CARTESIAN_POINT ( 'NONE',  ( 29.66000000000000014, -69.31357864228010612, 29.28451313940796297 ) ) ;
#373 = DIRECTION ( 'NONE',  ( 0.009902522107425863751, 0.9999509688259280438, 0.000000000000000000 ) ) ;
#374 = DIRECTION ( 'NONE',  ( -1.000000000000000000, 0.000000000000000000, 0.000000000000000000 ) ) ;
#375 = CARTESIAN_POINT ( 'NONE',  ( -32.65999999999998948, -47.21951984579549588, 31.21182676185742721 ) ) ;
#376 = DIRECTION ( 'NONE',  ( -0.000000000000000000, -1.000000000000000000, -0.000000000000000000 ) ) ;
#377 = CARTESIAN_POINT ( 'NONE',  ( 30.19329567075097387, -78.16914937986597067, -32.05411492643001026 ) ) ;
#378 = VERTEX_POINT ( 'NONE', #4077 ) ;
#379 = ORIENTED_EDGE ( 'NONE', *, *, #1403, .F. ) ;
#380 = EDGE_CURVE ( 'NONE', #3177, #836, #1887, .T. ) ;
#381 = CARTESIAN_POINT ( 'NONE',  ( 30.53170471141370257, -78.75821444736743615, 38.98742895632732797 ) ) ;
#382 = DIRECTION ( 'NONE',  ( 0.000000000000000000, 0.000000000000000000, -1.000000000000000000 ) ) ;
#383 = AXIS2_PLACEMENT_3D ( 'NONE', #3664, #1990, #3233 ) ;
#384 = CIRCLE ( 'NONE', #1076, 2.000000000000001776 ) ;
#385 = CARTESIAN_POINT ( 'NONE',  ( -29.66000000000001080, 3.000000000000000000, -32.00000000000000000 ) ) ;
#386 = ORIENTED_EDGE ( 'NONE', *, *, #1371, .T. ) ;
#387 = FACE_OUTER_BOUND ( 'NONE', #633, .T. ) ;
#388 = VECTOR ( 'NONE', #133, 1000.000000000000000 ) ;
#389 = EDGE_CURVE ( 'NONE', #3916, #759, #242, .T. ) ;
#390 = ADVANCED_FACE ( 'NONE', ( #5327 ), #1508, .T. ) ;
#391 = CARTESIAN_POINT ( 'NONE',  ( -29.92444281362048386, -47.57581351855777996, 37.20346575176617421 ) ) ;
#392 = ORIENTED_EDGE ( 'NONE', *, *, #153, .T. ) ;
#393 = DIRECTION ( 'NONE',  ( 1.000000000000000000, 0.000000000000000000, 0.000000000000000000 ) ) ;
#394 = AXIS2_PLACEMENT_3D ( 'NONE', #4247, #4603, #811 ) ;
#395 = ORIENTED_EDGE ( 'NONE', *, *, #231, .T. ) ;
#396 = CARTESIAN_POINT ( 'NONE',  ( -33.19353132902047321, -43.38793612592745319, 37.39999999999999858 ) ) ;
#397 = DIRECTION ( 'NONE',  ( -9.998406201595427833E-17, 0.000000000000000000, -1.000000000000000000 ) ) ;
#398 = ORIENTED_EDGE ( 'NONE', *, *, #3381, .T. ) ;
#399 = CARTESIAN_POINT ( 'NONE',  ( 32.65999999999999659, -47.71381429244775774, 26.35147186257609064 ) ) ;
#400 = DIRECTION ( 'NONE',  ( -0.000000000000000000, -0.000000000000000000, -1.000000000000000000 ) ) ;
#401 = CARTESIAN_POINT ( 'NONE',  ( 25.80000000000000426, -85.45000000000000284, 15.10000000000000142 ) ) ;
#402 = VECTOR ( 'NONE', #1949, 1000.000000000000000 ) ;
#403 = EDGE_CURVE ( 'NONE', #3874, #605, #1533, .T. ) ;
#404 = CARTESIAN_POINT ( 'NONE',  ( 25.65999999999640124, -64.30596362797297161, 37.40000000000000568 ) ) ;
#405 = CYLINDRICAL_SURFACE ( 'NONE', #3462, 2.999999999999999112 ) ;
#406 = DIRECTION ( 'NONE',  ( 0.000000000000000000, 0.000000000000000000, 1.000000000000000000 ) ) ;
#407 = DIRECTION ( 'NONE',  ( 0.000000000000000000, 0.000000000000000000, -1.000000000000000000 ) ) ;
#408 = CARTESIAN_POINT ( 'NONE',  ( 29.15595612717178398, -75.85315822482544945, -33.25140740228698633 ) ) ;
#409 = ORIENTED_EDGE ( 'NONE', *, *, #1532, .F. ) ;
#410 = ADVANCED_FACE ( 'NONE', ( #1117 ), #2321, .T. ) ;
#411 = DIRECTION ( 'NONE',  ( 0.000000000000000000, 1.000000000000000000, 0.000000000000000000 ) ) ;
#412 = FACE_OUTER_BOUND ( 'NONE', #2032, .T. ) ;
#413 = CYLINDRICAL_SURFACE ( 'NONE', #3766, 2.000000000000001776 ) ;
#414 = PRODUCT_DEFINITION_SHAPE ( 'NONE', 'NONE',  #4307 ) ;
#415 = ORIENTED_EDGE ( 'NONE', *, *, #1864, .T. ) ;
#416 = CARTESIAN_POINT ( 'NONE',  ( -29.65999999999997883, -73.73476165531383231, 18.10000000000000142 ) ) ;
#417 = VECTOR ( 'NONE', #5294, 1000.000000000000000 ) ;
#418 = CARTESIAN_POINT ( 'NONE',  ( -32.65999999999998238, -47.24127269365999382, 45.56696368325219026 ) ) ;
#419 = DIRECTION ( 'NONE',  ( 0.000000000000000000, 0.000000000000000000, -1.000000000000000000 ) ) ;
#420 = CARTESIAN_POINT ( 'NONE',  ( -26.66562710035997696, -44.58715465002111245, 37.40000000000000568 ) ) ;
#421 = EDGE_CURVE ( 'NONE', #1299, #222, #2736, .T. ) ;
#422 = FACE_OUTER_BOUND ( 'NONE', #3024, .T. ) ;
#423 = AXIS2_PLACEMENT_3D ( 'NONE', #2189, #3437, #5132 ) ;
#424 = B_SPLINE_CURVE_WITH_KNOTS ( 'NONE', 3,
 ( #4045, #2427, #3684, #2013, #4128, #1556, #3230, #4074, #3706, #5409, #1606, #1113, #2730, #2373, #4841, #289, #4427, #5324, #642, #4924, #2316, #1055 ),
 .UNSPECIFIED., .F., .F.,
 ( 4, 2, 2, 2, 2, 2, 2, 2, 2, 2, 4 ),
 ( 0.005493044382654585847, 0.005837238033458765074, 0.006181431684262943434, 0.006869818985871306224, 0.007558206287479669015, 0.008246593589088031806, 0.008934980890696393729, 0.009623368192304757388, 0.009967561843108947023, 0.01031175549391313839, 0.01100014279552151419 ),
 .UNSPECIFIED. ) ;
#425 = VERTEX_POINT ( 'NONE', #2376 ) ;
#426 = B_SPLINE_CURVE_WITH_KNOTS ( 'NONE', 3,
 ( #92, #2921, #1681, #2174, #4313, #4615, #2116, #524, #3869, #827, #1280, #883, #2503, #5087, #1759, #5056, #470, #3362, #1356, #2144, #3000, #3447 ),
 .UNSPECIFIED., .F., .F.,
 ( 4, 2, 2, 2, 2, 2, 2, 2, 2, 2, 4 ),
 ( 0.000000000000000000, 8.979464829911862692E-05, 0.0001795892965982372538, 0.0003591785931964740198, 0.0007183571863929155135, 0.001436714372785798501, 0.002873428745571574884, 0.003591785931964446704, 0.004310143118357319392, 0.005028500304750192079, 0.005746857491143063899 ),
 .UNSPECIFIED. ) ;
#427 = EDGE_LOOP ( 'NONE', ( #2230, #443, #2482, #731 ) ) ;
#428 = CARTESIAN_POINT ( 'NONE',  ( 30.63063748266074171, -67.08988941418736829, 27.30801525162418386 ) ) ;
#429 = CARTESIAN_POINT ( 'NONE',  ( -31.14151166082250199, -56.37516610821421637, 37.39999999999999858 ) ) ;
#430 = EDGE_CURVE ( 'NONE', #5389, #3122, #5020, .T. ) ;
#431 = CARTESIAN_POINT ( 'NONE',  ( -38.65999999999998238, -81.44999999999998863, 45.39999999999999858 ) ) ;
#432 = DIRECTION ( 'NONE',  ( 0.000000000000000000, 1.000000000000000000, 0.000000000000000000 ) ) ;
#433 = CARTESIAN_POINT ( 'NONE',  ( 26.41657310855208607, -76.90042537306686654, -34.14029187375461305 ) ) ;
#434 = CARTESIAN_POINT ( 'NONE',  ( 29.77568869503194549, -77.28690798060827660, 33.95714598785266247 ) ) ;
#435 = CARTESIAN_POINT ( 'NONE',  ( 30.80547423336880186, -78.85529986259959401, -35.40526031692841258 ) ) ;
#436 = ORIENTED_EDGE ( 'NONE', *, *, #5290, .F. ) ;
#437 = VERTEX_POINT ( 'NONE', #2766 ) ;
#438 = ORIENTED_EDGE ( 'NONE', *, *, #3662, .F. ) ;
#439 = CARTESIAN_POINT ( 'NONE',  ( 31.02493626763360268, -78.96694194374315146, 37.29932289203681961 ) ) ;
#440 = CARTESIAN_POINT ( 'NONE',  ( 25.66000000000000014, -71.44999999999998863, -32.00000000000000000 ) ) ;
#441 = CARTESIAN_POINT ( 'NONE',  ( -29.73571069988527782, -77.13969734830683933, 33.82722559231587667 ) ) ;
#442 = EDGE_CURVE ( 'NONE', #3879, #1432, #4107, .T. ) ;
#443 = ORIENTED_EDGE ( 'NONE', *, *, #421, .F. ) ;
#444 = CARTESIAN_POINT ( 'NONE',  ( 30.82486182709589073, -78.83049022390126481, -34.26305221338818541 ) ) ;
#445 = CARTESIAN_POINT ( 'NONE',  ( -38.65999999999998238, -79.44999999999998863, 43.39999999999999147 ) ) ;
#446 = DIRECTION ( 'NONE',  ( 1.000000000000000000, 0.000000000000000000, 0.000000000000000000 ) ) ;
#447 = CARTESIAN_POINT ( 'NONE',  ( -29.66000000000001080, -71.44999999999998863, -28.00000000000000000 ) ) ;
#448 = EDGE_CURVE ( 'NONE', #334, #5285, #2302, .T. ) ;
#449 = B_SPLINE_CURVE_WITH_KNOTS ( 'NONE', 3,
 ( #3303, #5000, #4836, #4965, #771, #1225, #2836, #2895, #1050, #2003, #5262, #797, #3698, #391, #2060, #1598, #1445, #3268, #3119, #4940 ),
 .UNSPECIFIED., .F., .F.,
 ( 4, 2, 2, 2, 2, 2, 2, 2, 2, 4 ),
 ( 0.000000000000000000, 0.0008104369125474941574, 0.001620873825094988315, 0.002431310737642482581, 0.003241747650189976630, 0.004052184562737470679, 0.004862621475284965161, 0.005673058387832459644, 0.006078276844106211656, 0.006483495300379963668 ),
 .UNSPECIFIED. ) ;
#450 = ORIENTED_EDGE ( 'NONE', *, *, #1217, .T. ) ;
#451 = CARTESIAN_POINT ( 'NONE',  ( 25.65999999999999659, -38.71630092818489999, 33.39999999999999858 ) ) ;
#452 = ORIENTED_EDGE ( 'NONE', *, *, #1502, .F. ) ;
#453 = PLANE ( 'NONE',  #5337 ) ;
#454 = CARTESIAN_POINT ( 'NONE',  ( -25.80000000000000426, -91.94834808253654046, 29.35147186257609064 ) ) ;
#455 = EDGE_CURVE ( 'NONE', #4519, #3399, #870, .T. ) ;
#456 = FACE_OUTER_BOUND ( 'NONE', #4473, .T. ) ;
#457 = DIRECTION ( 'NONE',  ( 1.589498154119685395E-16, 0.000000000000000000, -1.000000000000000000 ) ) ;
#458 = FACE_OUTER_BOUND ( 'NONE', #1180, .T. ) ;
#459 = CYLINDRICAL_SURFACE ( 'NONE', #649, 2.000000000000001776 ) ;
#460 = CARTESIAN_POINT ( 'NONE',  ( -32.57681900125925267, -79.46765822243719413, -41.90924142217968296 ) ) ;
#461 = ORIENTED_EDGE ( 'NONE', *, *, #2982, .T. ) ;
#462 = ORIENTED_EDGE ( 'NONE', *, *, #3481, .T. ) ;
#463 = FACE_OUTER_BOUND ( 'NONE', #3333, .T. ) ;
#464 = CARTESIAN_POINT ( 'NONE',  ( 19.44999999999846096, -65.45000000000145235, -32.00000000000000000 ) ) ;
#465 = CARTESIAN_POINT ( 'NONE',  ( -29.65999999999999659, -5.817060293665584831E-15, 3.273440777303974826E-15 ) ) ;
#466 = ORIENTED_EDGE ( 'NONE', *, *, #602, .F. ) ;
#467 = CARTESIAN_POINT ( 'NONE',  ( 29.76555432204516194, -77.25090618302517953, -30.15279937272554278 ) ) ;
#468 = ADVANCED_FACE ( 'NONE', ( #456 ), #965, .T. ) ;
#469 = CIRCLE ( 'NONE', #644, 4.000000000000003553 ) ;
#470 = CARTESIAN_POINT ( 'NONE',  ( -28.25869136893760469, -79.04679464598477523, 27.86908533133480859 ) ) ;
#471 = EDGE_LOOP ( 'NONE', ( #5452, #328, #4960, #436 ) ) ;
#472 = CARTESIAN_POINT ( 'NONE',  ( -25.66000000000000369, -75.94999999999998863, 37.43137303340311917 ) ) ;
#473 = AXIS2_PLACEMENT_3D ( 'NONE', #148, #1364, #5177 ) ;
#474 = DIRECTION ( 'NONE',  ( 0.000000000000000000, -0.6942372417107872673, -0.7197462415475317510 ) ) ;
#475 = AXIS2_PLACEMENT_3D ( 'NONE', #4328, #5211, #1377 ) ;
#476 = VECTOR ( 'NONE', #879, 1000.000000000000000 ) ;
#477 = ORIENTED_EDGE ( 'NONE', *, *, #2023, .T. ) ;
#478 = DIRECTION ( 'NONE',  ( 0.000000000000000000, 0.000000000000000000, 1.000000000000000000 ) ) ;
#479 = ORIENTED_EDGE ( 'NONE', *, *, #2790, .F. ) ;
#480 = CARTESIAN_POINT ( 'NONE',  ( 29.66000000000000014, -47.24127269365998671, 45.56696368325218316 ) ) ;
#481 = CARTESIAN_POINT ( 'NONE',  ( -28.56445195422292116, -56.08580974271526287, 37.40000000000000568 ) ) ;
#482 = VECTOR ( 'NONE', #181, 1000.000000000000114 ) ;
#483 = CARTESIAN_POINT ( 'NONE',  ( -32.66000000000001791, -79.44999999999998863, -33.00840200237134781 ) ) ;
#484 = FACE_OUTER_BOUND ( 'NONE', #1595, .T. ) ;
#485 = CARTESIAN_POINT ( 'NONE',  ( 25.80000000000000426, -1.000000000000000888, 32.99999999999999289 ) ) ;
#486 = COLOUR_RGB ( '',0.7921568627450980005, 0.8196078431372548767, 0.9333333333333333481 ) ;
#487 = CARTESIAN_POINT ( 'NONE',  ( -25.66000000000001080, 1.000000000000000000, -32.00000000000000000 ) ) ;
#488 = CARTESIAN_POINT ( 'NONE',  ( 31.04456923401672697, -79.10020598641509082, -37.01419730156447230 ) ) ;
#489 = ORIENTED_EDGE ( 'NONE', *, *, #957, .F. ) ;
#490 = ADVANCED_FACE ( 'NONE', ( #4600 ), #3822, .T. ) ;
#491 = EDGE_CURVE ( 'NONE', #4381, #1600, #3073, .T. ) ;
#492 = ORIENTED_EDGE ( 'NONE', *, *, #4430, .T. ) ;
#493 = ORIENTED_EDGE ( 'NONE', *, *, #5353, .F. ) ;
#494 = CARTESIAN_POINT ( 'NONE',  ( 26.55383735014166646, -77.33355756504967360, 15.22786812324903849 ) ) ;
#495 = CARTESIAN_POINT ( 'NONE',  ( 32.57681900125933083, -79.44967050843658285, -39.92739313772111132 ) ) ;
#496 = EDGE_LOOP ( 'NONE', ( #2927, #5465, #5225, #4136 ) ) ;
#497 = CARTESIAN_POINT ( 'NONE',  ( -28.98445821453043436, -78.76361419000673436, -36.74017261136763324 ) ) ;
#498 = DIRECTION ( 'NONE',  ( 0.000000000000000000, 1.000000000000000000, 0.000000000000000000 ) ) ;
#499 = VECTOR ( 'NONE', #4016, 1000.000000000000000 ) ;
#500 = DIRECTION ( 'NONE',  ( 1.000000000000000000, 0.000000000000000000, -0.000000000000000000 ) ) ;
#501 = EDGE_LOOP ( 'NONE', ( #850, #225, #1475, #2439 ) ) ;
#502 = CARTESIAN_POINT ( 'NONE',  ( -28.65999999999998238, -79.44999999999998863, 26.35147186257609064 ) ) ;
#503 = AXIS2_PLACEMENT_3D ( 'NONE', #1623, #4139, #1220 ) ;
#504 = ORIENTED_EDGE ( 'NONE', *, *, #1144, .F. ) ;
#505 = CARTESIAN_POINT ( 'NONE',  ( 29.65999999999999659, 3.000000000000000000, -32.00000000000000000 ) ) ;
#506 = VECTOR ( 'NONE', #4948, 1000.000000000000000 ) ;
#507 = EDGE_LOOP ( 'NONE', ( #4073, #1672, #3554, #2426, #3712, #4748, #1070, #1102 ) ) ;
#508 = CARTESIAN_POINT ( 'NONE',  ( -29.29253719846295212, -63.72555530281452008, 37.39999999999637481 ) ) ;
#509 = EDGE_CURVE ( 'NONE', #1565, #605, #5446, .T. ) ;
#510 = EDGE_LOOP ( 'NONE', ( #2722, #288, #2360, #5282 ) ) ;
#511 = FACE_OUTER_BOUND ( 'NONE', #367, .T. ) ;
#512 = CARTESIAN_POINT ( 'NONE',  ( 26.78808347315919747, -77.34638897841890071, -34.57728284862562873 ) ) ;
#513 = DIRECTION ( 'NONE',  ( 1.000000000000000000, 0.000000000000000000, -0.000000000000000000 ) ) ;
#514 = LINE ( 'NONE', #2656, #1185 ) ;
#515 = CARTESIAN_POINT ( 'NONE',  ( 31.32533911268162896, -79.14269166257625443, -35.87878743618804123 ) ) ;
#516 = ORIENTED_EDGE ( 'NONE', *, *, #3040, .T. ) ;
#517 = EDGE_LOOP ( 'NONE', ( #41, #3384, #5187, #4585, #2925 ) ) ;
#518 = CARTESIAN_POINT ( 'NONE',  ( 31.03017195658924621, -56.91869029108624289, 36.63776727533598887 ) ) ;
#519 = CARTESIAN_POINT ( 'NONE',  ( 25.80000000000000426, -1.000000000000000888, -28.80000000000000782 ) ) ;
#520 = EDGE_CURVE ( 'NONE', #4586, #4500, #3646, .T. ) ;
#521 = DIRECTION ( 'NONE',  ( 0.000000000000000000, 1.000000000000000000, 0.000000000000000000 ) ) ;
#522 = ORIENTED_EDGE ( 'NONE', *, *, #91, .T. ) ;
#523 = FACE_OUTER_BOUND ( 'NONE', #4655, .T. ) ;
#524 = CARTESIAN_POINT ( 'NONE',  ( -26.06500467983664393, -76.83208562130157304, 29.32833268646747626 ) ) ;
#525 = ADVANCED_FACE ( 'NONE', ( #2432 ), #4131, .T. ) ;
#526 = DIRECTION ( 'NONE',  ( 1.000000000000000000, -0.000000000000000000, -0.000000000000000000 ) ) ;
#527 = CARTESIAN_POINT ( 'NONE',  ( -25.80000000000000426, -1.000000000000000888, -28.80000000000000782 ) ) ;
#528 = ORIENTED_EDGE ( 'NONE', *, *, #4639, .F. ) ;
#529 = CARTESIAN_POINT ( 'NONE',  ( -32.59071464127733009, -67.49975783856665146, 24.60842326389384382 ) ) ;
#530 = ORIENTED_EDGE ( 'NONE', *, *, #4809, .T. ) ;
#531 = DIRECTION ( 'NONE',  ( 1.000000000000000000, 0.000000000000000000, 0.000000000000000000 ) ) ;
#532 = LINE ( 'NONE', #1417, #3321 ) ;
#533 = CARTESIAN_POINT ( 'NONE',  ( 26.65999999999999659, -76.44999999999998863, 15.10000000000000142 ) ) ;
#534 = EDGE_CURVE ( 'NONE', #4093, #5063, #2580, .T. ) ;
#535 = DIRECTION ( 'NONE',  ( 0.000000000000000000, 0.000000000000000000, 1.000000000000000000 ) ) ;
#536 = LINE ( 'NONE', #3906, #1900 ) ;
#537 = EDGE_LOOP ( 'NONE', ( #5417, #3612, #1648, #1384 ) ) ;
#538 = CYLINDRICAL_SURFACE ( 'NONE', #558, 5.000000000000003553 ) ;
#539 = CARTESIAN_POINT ( 'NONE',  ( 21.09999999999845954, -65.45000000000145235, -32.00000000000000000 ) ) ;
#540 = ORIENTED_EDGE ( 'NONE', *, *, #4809, .F. ) ;
#541 = CARTESIAN_POINT ( 'NONE',  ( 25.66000000000000014, 3.000000000000000000, 33.39999999999999858 ) ) ;
#542 = CARTESIAN_POINT ( 'NONE',  ( 2.772367731364832054E-15, -69.94387132699132792, 29.35147186257609064 ) ) ;
#543 = CARTESIAN_POINT ( 'NONE',  ( 0.000000000000000000, -1.000000000000000000, -27.80000000000000426 ) ) ;
#544 = EDGE_LOOP ( 'NONE', ( #2542, #2119 ) ) ;
#545 = CYLINDRICAL_SURFACE ( 'NONE', #1552, 1.649999999999998579 ) ;
#546 = EDGE_CURVE ( 'NONE', #1154, #3862, #1279, .T. ) ;
#547 = DIRECTION ( 'NONE',  ( 0.009902522109563039604, -0.9999509688259067275, 0.000000000000000000 ) ) ;
#548 = CARTESIAN_POINT ( 'NONE',  ( -28.50850273512414290, -76.52995114706777713, 15.20210428045410112 ) ) ;
#549 = DIRECTION ( 'NONE',  ( 1.000000000000000000, 4.822023056331056494E-17, -0.000000000000000000 ) ) ;
#550 = EDGE_CURVE ( 'NONE', #5311, #3916, #4710, .T. ) ;
#551 = EDGE_CURVE ( 'NONE', #1581, #4063, #3090, .T. ) ;
#552 = DIRECTION ( 'NONE',  ( 0.000000000000000000, 0.000000000000000000, -1.000000000000000000 ) ) ;
#553 = AXIS2_PLACEMENT_3D ( 'NONE', #940, #915, #97 ) ;
#554 = ORIENTED_EDGE ( 'NONE', *, *, #3951, .T. ) ;
#555 = CARTESIAN_POINT ( 'NONE',  ( 0.000000000000000000, -76.44999999999998863, 18.10000000000000142 ) ) ;
#556 = AXIS2_PLACEMENT_3D ( 'NONE', #2024, #2864, #3884 ) ;
#557 = CARTESIAN_POINT ( 'NONE',  ( -28.65999999999998238, -55.11878564658970703, 37.40000000000000568 ) ) ;
#558 = AXIS2_PLACEMENT_3D ( 'NONE', #2631, #2210, #3541 ) ;
#559 = VECTOR ( 'NONE', #4049, 1000.000000000000000 ) ;
#560 = CARTESIAN_POINT ( 'NONE',  ( 31.48158942247530234, -79.21299489514169068, -33.86832712077338670 ) ) ;
#561 = CARTESIAN_POINT ( 'NONE',  ( 29.66000000000000014, -75.44999999999998863, 37.40000000000000568 ) ) ;
#562 = CARTESIAN_POINT ( 'NONE',  ( -32.66000000000001791, -79.44999999999998863, -5.720183209558414639 ) ) ;
#563 = ORIENTED_EDGE ( 'NONE', *, *, #5146, .F. ) ;
#564 = LINE ( 'NONE', #5188, #1875 ) ;
#565 = CARTESIAN_POINT ( 'NONE',  ( -30.61410370077848953, -79.44999999999998863, -4.005625663922102397 ) ) ;
#566 = ORIENTED_EDGE ( 'NONE', *, *, #4135, .F. ) ;
#567 = VECTOR ( 'NONE', #3282, 1000.000000000000000 ) ;
#568 = VECTOR ( 'NONE', #2636, 1000.000000000000000 ) ;
#569 = ORIENTED_EDGE ( 'NONE', *, *, #1127, .F. ) ;
#570 = LINE ( 'NONE', #1381, #3469 ) ;
#571 = CIRCLE ( 'NONE', #5444, 3.000000000000002665 ) ;
#572 = CARTESIAN_POINT ( 'NONE',  ( -25.66000000000001080, -74.78333333333333144, -32.72752525690953007 ) ) ;
#573 = DIRECTION ( 'NONE',  ( -4.999203100797714533E-17, 0.000000000000000000, -1.000000000000000000 ) ) ;
#574 = CARTESIAN_POINT ( 'NONE',  ( 28.25705004966523859, -79.04514870999751963, 27.87175318771232213 ) ) ;
#575 = ORIENTED_EDGE ( 'NONE', *, *, #4994, .F. ) ;
#576 = ORIENTED_EDGE ( 'NONE', *, *, #653, .F. ) ;
#577 = EDGE_CURVE ( 'NONE', #2696, #759, #5156, .T. ) ;
#578 = DIRECTION ( 'NONE',  ( 0.000000000000000000, 0.000000000000000000, -1.000000000000000000 ) ) ;
#579 = ORIENTED_EDGE ( 'NONE', *, *, #2262, .F. ) ;
#580 = CARTESIAN_POINT ( 'NONE',  ( -29.66767127104542467, -76.69557080610037758, 33.55099222772495438 ) ) ;
#581 = ORIENTED_EDGE ( 'NONE', *, *, #1464, .T. ) ;
#582 = VERTEX_POINT ( 'NONE', #3880 ) ;
#583 = LINE ( 'NONE', #5227, #2680 ) ;
#584 =( BOUNDED_CURVE ( )  B_SPLINE_CURVE ( 3, ( #3539, #3984, #1448, #2629 ),
 .UNSPECIFIED., .F., .T. ) 
 B_SPLINE_CURVE_WITH_KNOTS ( ( 4, 4 ),
 ( 0.7673595983865904024, 1.570796326794897668 ),
 .UNSPECIFIED. ) 
 CURVE ( )  GEOMETRIC_REPRESENTATION_ITEM ( )  RATIONAL_B_SPLINE_CURVE ( ( 1.000000000000000000, 0.9469269812996559121, 0.9469269812996559121, 1.000000000000000000 ) ) 
 REPRESENTATION_ITEM ( '' )  );
#585 = VECTOR ( 'NONE', #3121, 1000.000000000000000 ) ;
#586 = VERTEX_POINT ( 'NONE', #3537 ) ;
#587 = CARTESIAN_POINT ( 'NONE',  ( -32.65999999999997527, -67.70530238691279123, 24.35100525621680490 ) ) ;
#588 = ADVANCED_FACE ( 'NONE', ( #5207 ), #1419, .F. ) ;
#589 = CARTESIAN_POINT ( 'NONE',  ( -25.81014668593438799, -76.50873330177516607, 15.10046035882399984 ) ) ;
#590 = VECTOR ( 'NONE', #4465, 1000.000000000000000 ) ;
#591 = DIRECTION ( 'NONE',  ( 0.000000000000000000, 1.000000000000000000, 0.000000000000000000 ) ) ;
#592 = CARTESIAN_POINT ( 'NONE',  ( -32.65999999999998238, -47.37229328092606551, 31.02683104736100006 ) ) ;
#593 = CARTESIAN_POINT ( 'NONE',  ( 38.65999999999999659, -79.44999999999998863, -39.90924142217967585 ) ) ;
#594 = EDGE_CURVE ( 'NONE', #3399, #2858, #2627, .T. ) ;
#595 = CARTESIAN_POINT ( 'NONE',  ( 26.20057967392473941, -77.33781171477062344, 37.85727320221498360 ) ) ;
#596 = CARTESIAN_POINT ( 'NONE',  ( 30.75381747192929893, -77.81411039292358112, -2.584421003546168105 ) ) ;
#597 = ORIENTED_EDGE ( 'NONE', *, *, #491, .F. ) ;
#598 = CARTESIAN_POINT ( 'NONE',  ( 32.66000000000000369, -67.78463260234873644, 24.26876013744372784 ) ) ;
#599 = DIRECTION ( 'NONE',  ( -1.961247570352523610E-16, 1.000000000000000000, 0.000000000000000000 ) ) ;
#600 = CARTESIAN_POINT ( 'NONE',  ( 26.38978891798372928, -77.16782804320882860, 29.26933199830268251 ) ) ;
#601 = CARTESIAN_POINT ( 'NONE',  ( 28.23810219481003614, -47.49806301706443890, 37.40000000000000568 ) ) ;
#602 = EDGE_CURVE ( 'NONE', #4474, #162, #3852, .T. ) ;
#603 = VERTEX_POINT ( 'NONE', #4323 ) ;
#604 = CARTESIAN_POINT ( 'NONE',  ( -32.66000000000000369, -79.44999999999998863, 41.40000000000000568 ) ) ;
#605 = VERTEX_POINT ( 'NONE', #2988 ) ;
#606 = ORIENTED_EDGE ( 'NONE', *, *, #3918, .T. ) ;
#607 = VERTEX_POINT ( 'NONE', #1372 ) ;
#608 = DIRECTION ( 'NONE',  ( 0.000000000000000000, 0.000000000000000000, -1.000000000000000000 ) ) ;
#609 = ORIENTED_EDGE ( 'NONE', *, *, #4354, .T. ) ;
#610 = CARTESIAN_POINT ( 'NONE',  ( -32.66000000000001080, -79.44999999999998863, 26.35147186257609064 ) ) ;
#611 = CARTESIAN_POINT ( 'NONE',  ( 26.65999999999999659, -55.67284031474716954, 15.10000000000000142 ) ) ;
#612 =( BOUNDED_CURVE ( )  B_SPLINE_CURVE ( 3, ( #3499, #1407, #5170, #3052 ),
 .UNSPECIFIED., .F., .F. ) 
 B_SPLINE_CURVE_WITH_KNOTS ( ( 4, 4 ),
 ( 4.712388980384689674, 6.283185307179586232 ),
 .UNSPECIFIED. ) 
 CURVE ( )  GEOMETRIC_REPRESENTATION_ITEM ( )  RATIONAL_B_SPLINE_CURVE ( ( 1.000000000000000000, 0.8047378541243649375, 0.8047378541243649375, 1.000000000000000000 ) ) 
 REPRESENTATION_ITEM ( '' )  );
#613 = ADVANCED_FACE ( 'NONE', ( #5128 ), #154, .F. ) ;
#614 = CARTESIAN_POINT ( 'NONE',  ( 31.11343283583235220, -58.67284031474717665, 17.80621035313297895 ) ) ;
#615 = DIRECTION ( 'NONE',  ( 0.000000000000000000, -3.469446951953614189E-15, -1.000000000000000000 ) ) ;
#616 = CARTESIAN_POINT ( 'NONE',  ( 32.61218747458178058, -58.29335953449601959, 34.13677518030048930 ) ) ;
#617 = CARTESIAN_POINT ( 'NONE',  ( -32.36595714340943886, -57.70201541452655647, 34.92146371293461016 ) ) ;
#618 = CARTESIAN_POINT ( 'NONE',  ( -32.66000000000000369, -79.44999999999998863, -5.720183209558409310 ) ) ;
#619 = VERTEX_POINT ( 'NONE', #2650 ) ;
#620 = EDGE_CURVE ( 'NONE', #1338, #1714, #1830, .T. ) ;
#621 = VERTEX_POINT ( 'NONE', #533 ) ;
#622 = CARTESIAN_POINT ( 'NONE',  ( 32.41204503584715013, -58.33818232869251830, 19.49203907498744570 ) ) ;
#623 = CARTESIAN_POINT ( 'NONE',  ( 25.38578643762690490, -2.527095087882868789E-16, -28.38578643762690490 ) ) ;
#624 = CARTESIAN_POINT ( 'NONE',  ( -29.66000000000000369, -45.46796755945138102, 29.35147186257609064 ) ) ;
#625 = CARTESIAN_POINT ( 'NONE',  ( 25.81014668593434536, -76.50873330177518028, 29.35101150375209400 ) ) ;
#626 = CARTESIAN_POINT ( 'NONE',  ( 31.34534907150674599, -42.05384096036516439, 37.39999999999999147 ) ) ;
#627 = CARTESIAN_POINT ( 'NONE',  ( -30.79949803949774534, -78.80531976246869874, 36.72449395866605926 ) ) ;
#628 = VERTEX_POINT ( 'NONE', #483 ) ;
#629 = ORIENTED_EDGE ( 'NONE', *, *, #421, .T. ) ;
#630 = ORIENTED_EDGE ( 'NONE', *, *, #3167, .F. ) ;
#631 = DIRECTION ( 'NONE',  ( 0.000000000000000000, -1.000000000000000000, 0.000000000000000000 ) ) ;
#632 = ADVANCED_FACE ( 'NONE', ( #2598 ), #3277, .T. ) ;
#633 = EDGE_LOOP ( 'NONE', ( #822, #1269, #2697, #5276 ) ) ;
#634 = CARTESIAN_POINT ( 'NONE',  ( -17.80000000000001137, -24.36999999999999744, -28.80000000000000782 ) ) ;
#635 = DIRECTION ( 'NONE',  ( -1.000000000000000000, 0.000000000000000000, 0.000000000000000000 ) ) ;
#636 = DIRECTION ( 'NONE',  ( 1.000000000000000000, 0.000000000000000000, 0.000000000000000000 ) ) ;
#637 = DIRECTION ( 'NONE',  ( 0.000000000000000000, -1.000000000000000000, 0.000000000000000000 ) ) ;
#638 = AXIS2_PLACEMENT_3D ( 'NONE', #4492, #3180, #348 ) ;
#639 = LINE ( 'NONE', #233, #4262 ) ;
#640 = CARTESIAN_POINT ( 'NONE',  ( -22.50000000000001421, -7.812238329577776419, -28.80000000000000782 ) ) ;
#641 = ORIENTED_EDGE ( 'NONE', *, *, #1762, .T. ) ;
#642 = CARTESIAN_POINT ( 'NONE',  ( -2.975620780506522678, -79.37122844212512973, 40.60180505761991299 ) ) ;
#643 =( BOUNDED_CURVE ( )  B_SPLINE_CURVE ( 3, ( #4046, #3628, #1170, #1607 ),
 .UNSPECIFIED., .F., .T. ) 
 B_SPLINE_CURVE_WITH_KNOTS ( ( 4, 4 ),
 ( 1.570796326794896558, 3.141592653589794004 ),
 .UNSPECIFIED. ) 
 CURVE ( )  GEOMETRIC_REPRESENTATION_ITEM ( )  RATIONAL_B_SPLINE_CURVE ( ( 1.000000000000000000, 0.8047378541243648264, 0.8047378541243648264, 1.000000000000000000 ) ) 
 REPRESENTATION_ITEM ( '' )  );
#644 = AXIS2_PLACEMENT_3D ( 'NONE', #1553, #1077, #1138 ) ;
#645 = CIRCLE ( 'NONE', #913, 8.000000000000000000 ) ;
#646 = ORIENTED_EDGE ( 'NONE', *, *, #691, .T. ) ;
#647 = DIRECTION ( 'NONE',  ( -0.000000000000000000, -0.000000000000000000, -1.000000000000000000 ) ) ;
#648 = CARTESIAN_POINT ( 'NONE',  ( -29.14396047100009568, -75.99902922892600543, -33.34292698412848921 ) ) ;
#649 = AXIS2_PLACEMENT_3D ( 'NONE', #2460, #376, #2044 ) ;
#650 = CARTESIAN_POINT ( 'NONE',  ( 25.80000000000000426, -12.45000000000000284, 23.35147186257609420 ) ) ;
#651 = AXIS2_PLACEMENT_3D ( 'NONE', #5304, #2863, #4908 ) ;
#652 = CARTESIAN_POINT ( 'NONE',  ( 0.000000000000000000, -76.44999999999998863, 26.35147186257609064 ) ) ;
#653 = EDGE_CURVE ( 'NONE', #1886, #3988, #4346, .T. ) ;
#654 = EDGE_CURVE ( 'NONE', #1338, #3136, #4754, .T. ) ;
#655 = ORIENTED_EDGE ( 'NONE', *, *, #2202, .F. ) ;
#656 = VECTOR ( 'NONE', #5032, 1000.000000000000000 ) ;
#657 = AXIS2_PLACEMENT_3D ( 'NONE', #104, #1831, #535 ) ;
#658 = CARTESIAN_POINT ( 'NONE',  ( 30.79949803949773823, -78.80531976246871295, 36.72449395866606636 ) ) ;
#659 = CARTESIAN_POINT ( 'NONE',  ( 32.65999999999999659, -40.04381027818466521, 38.62459126614432137 ) ) ;
#660 = CARTESIAN_POINT ( 'NONE',  ( -30.69841766870984756, -79.31581405091377235, 40.35034597609907792 ) ) ;
#661 = EDGE_CURVE ( 'NONE', #3173, #1400, #4684, .T. ) ;
#662 = ORIENTED_EDGE ( 'NONE', *, *, #2568, .T. ) ;
#663 = AXIS2_PLACEMENT_3D ( 'NONE', #4759, #964, #4447 ) ;
#664 = VERTEX_POINT ( 'NONE', #3904 ) ;
#665 = DIRECTION ( 'NONE',  ( 0.000000000000000000, 0.000000000000000000, 1.000000000000000000 ) ) ;
#666 = ORIENTED_EDGE ( 'NONE', *, *, #534, .T. ) ;
#667 = DIRECTION ( 'NONE',  ( -1.000000000000000000, 0.000000000000000000, 0.000000000000000000 ) ) ;
#668 = FACE_OUTER_BOUND ( 'NONE', #4343, .T. ) ;
#669 = ORIENTED_EDGE ( 'NONE', *, *, #957, .T. ) ;
#670 = CARTESIAN_POINT ( 'NONE',  ( -2.862293735361733284E-15, -79.44999999999998863, 40.99999999999998579 ) ) ;
#671 = CARTESIAN_POINT ( 'NONE',  ( -30.47384165895780583, -67.18595793261194160, 27.54333434445598172 ) ) ;
#672 = ADVANCED_FACE ( 'NONE', ( #77 ), #4359, .T. ) ;
#673 = ORIENTED_EDGE ( 'NONE', *, *, #2362, .T. ) ;
#674 = AXIS2_PLACEMENT_3D ( 'NONE', #203, #1374, #3043 ) ;
#675 = ORIENTED_EDGE ( 'NONE', *, *, #4682, .F. ) ;
#676 = FACE_OUTER_BOUND ( 'NONE', #2511, .T. ) ;
#677 = CARTESIAN_POINT ( 'NONE',  ( -30.89368369244889934, -79.44999999999997442, -3.639807782391364377 ) ) ;
#678 = AXIS2_PLACEMENT_3D ( 'NONE', #4053, #3076, #2824 ) ;
#679 = ORIENTED_EDGE ( 'NONE', *, *, #4338, .F. ) ;
#680 = CARTESIAN_POINT ( 'NONE',  ( -29.86068764794357833, -79.23228781557479294, 16.95585645837583399 ) ) ;
#681 = CARTESIAN_POINT ( 'NONE',  ( -31.01524152756521957, -78.96528877888761144, -34.88590434586370037 ) ) ;
#682 = DIRECTION ( 'NONE',  ( -0.000000000000000000, -1.000000000000000000, -0.000000000000000000 ) ) ;
#683 = CARTESIAN_POINT ( 'NONE',  ( 27.89695669756956775, -78.68403652784981261, 28.36371778880448602 ) ) ;
#684 = EDGE_CURVE ( 'NONE', #113, #1843, #1822, .T. ) ;
#685 = CARTESIAN_POINT ( 'NONE',  ( 25.66000000000000014, -75.94999999999998863, 37.43137303340312627 ) ) ;
#686 = DIRECTION ( 'NONE',  ( 0.000000000000000000, 0.000000000000000000, -1.000000000000000000 ) ) ;
#687 = ORIENTED_EDGE ( 'NONE', *, *, #5175, .T. ) ;
#688 = CARTESIAN_POINT ( 'NONE',  ( -28.84485129089314270, -78.88643226770845729, 39.34966144612801742 ) ) ;
#689 = ORIENTED_EDGE ( 'NONE', *, *, #3007, .F. ) ;
#690 = CARTESIAN_POINT ( 'NONE',  ( -21.10000000000001563, -65.44999999999998863, -28.80000000000000782 ) ) ;
#691 = EDGE_CURVE ( 'NONE', #700, #1969, #126, .T. ) ;
#692 = ORIENTED_EDGE ( 'NONE', *, *, #1899, .T. ) ;
#693 = DIRECTION ( 'NONE',  ( 0.000000000000000000, 0.000000000000000000, -1.000000000000000000 ) ) ;
#694 = DIRECTION ( 'NONE',  ( -0.000000000000000000, -0.000000000000000000, 1.000000000000000000 ) ) ;
#695 = CARTESIAN_POINT ( 'NONE',  ( -31.64021016906220396, -46.40216322445482433, 31.18261700045126972 ) ) ;
#696 = ORIENTED_EDGE ( 'NONE', *, *, #1496, .F. ) ;
#697 = CARTESIAN_POINT ( 'NONE',  ( 0.000000000000000000, 3.000000000000000000, -21.30000000000000071 ) ) ;
#698 = DIRECTION ( 'NONE',  ( 1.000000000000000000, 0.000000000000000000, 0.000000000000000000 ) ) ;
#699 = ORIENTED_EDGE ( 'NONE', *, *, #1975, .T. ) ;
#700 = VERTEX_POINT ( 'NONE', #5233 ) ;
#701 = CARTESIAN_POINT ( 'NONE',  ( 40.66000000000000369, -85.45000000000000284, -41.90924142217968296 ) ) ;
#702 = LINE ( 'NONE', #2072, #2343 ) ;
#703 = EDGE_CURVE ( 'NONE', #4193, #158, #1530, .T. ) ;
#704 = CARTESIAN_POINT ( 'NONE',  ( -29.68204982029888939, -79.44999999999998863, 18.10000000000000142 ) ) ;
#705 = CARTESIAN_POINT ( 'NONE',  ( -30.50535362743670120, -78.74260199258816328, -36.61697393096572739 ) ) ;
#706 = FACE_OUTER_BOUND ( 'NONE', #4341, .T. ) ;
#707 = CARTESIAN_POINT ( 'NONE',  ( 29.69239393789546000, -76.94789320416712997, -29.68307670231456896 ) ) ;
#708 = ORIENTED_EDGE ( 'NONE', *, *, #1666, .F. ) ;
#709 = ORIENTED_EDGE ( 'NONE', *, *, #1513, .T. ) ;
#710 = B_SPLINE_CURVE_WITH_KNOTS ( 'NONE', 3,
 ( #3811, #4673, #3027, #4233 ),
 .UNSPECIFIED., .F., .F.,
 ( 4, 4 ),
 ( 0.006528839527154097107, 0.007177559836974397797 ),
 .UNSPECIFIED. ) ;
#711 = DIRECTION ( 'NONE',  ( 1.000000000000000000, 0.000000000000000000, 0.000000000000000000 ) ) ;
#712 = CARTESIAN_POINT ( 'NONE',  ( -31.03007775871443386, -56.91865148938250485, 36.63784073920867712 ) ) ;
#713 = ORIENTED_EDGE ( 'NONE', *, *, #4808, .T. ) ;
#714 = DIRECTION ( 'NONE',  ( 1.000000000000000000, 0.000000000000000000, -3.961059142905700045E-17 ) ) ;
#715 = FACE_BOUND ( 'NONE', #2424, .T. ) ;
#716 = DIRECTION ( 'NONE',  ( -0.000000000000000000, 0.9090593428863101844, 0.4166666666666656305 ) ) ;
#717 = EDGE_CURVE ( 'NONE', #789, #334, #904, .T. ) ;
#718 = EDGE_CURVE ( 'NONE', #2462, #5399, #337, .T. ) ;
#719 = CARTESIAN_POINT ( 'NONE',  ( 32.58385942676613212, -49.52663383511541895, 28.74454142006794655 ) ) ;
#720 = CARTESIAN_POINT ( 'NONE',  ( 0.000000000000000000, -91.94834808253654046, 29.35147186257609064 ) ) ;
#721 = CARTESIAN_POINT ( 'NONE',  ( 33.80000000000000426, 4.209999999999991971, -33.78336146153466757 ) ) ;
#722 = ORIENTED_EDGE ( 'NONE', *, *, #3705, .F. ) ;
#723 = FACE_OUTER_BOUND ( 'NONE', #3614, .T. ) ;
#724 = LINE ( 'NONE', #5325, #1218 ) ;
#725 = CARTESIAN_POINT ( 'NONE',  ( 25.80000000000000426, -76.44999999999998863, 15.10000000000000142 ) ) ;
#726 = CARTESIAN_POINT ( 'NONE',  ( -27.97399862283355532, -78.25313272622649663, -35.78672780655753627 ) ) ;
#727 = DIRECTION ( 'NONE',  ( -1.000000000000000000, 0.000000000000000000, 0.000000000000000000 ) ) ;
#728 = CARTESIAN_POINT ( 'NONE',  ( 29.89086352989006201, -77.60957541789721859, -30.79556723973094279 ) ) ;
#729 = CIRCLE ( 'NONE', #3021, 2.999999999999999112 ) ;
#730 = VECTOR ( 'NONE', #1261, 1000.000000000000000 ) ;
#731 = ORIENTED_EDGE ( 'NONE', *, *, #1899, .F. ) ;
#732 = ORIENTED_EDGE ( 'NONE', *, *, #3419, .T. ) ;
#733 = CARTESIAN_POINT ( 'NONE',  ( 26.19003588364001089, -77.29248999612788396, 37.84697725994400486 ) ) ;
#734 = AXIS2_PLACEMENT_3D ( 'NONE', #1309, #1035, #573 ) ;
#735 = AXIS2_PLACEMENT_3D ( 'NONE', #302, #4554, #5363 ) ;
#736 = DIRECTION ( 'NONE',  ( -4.999203100797713916E-17, 0.000000000000000000, -1.000000000000000000 ) ) ;
#737 = CARTESIAN_POINT ( 'NONE',  ( -32.65999999999998238, -67.78463260234875065, 24.26876013744372784 ) ) ;
#738 = EDGE_CURVE ( 'NONE', #3306, #1244, #449, .T. ) ;
#739 = ORIENTED_EDGE ( 'NONE', *, *, #1127, .T. ) ;
#740 = ORIENTED_EDGE ( 'NONE', *, *, #3507, .F. ) ;
#741 = VECTOR ( 'NONE', #4235, 1000.000000000000114 ) ;
#742 = CARTESIAN_POINT ( 'NONE',  ( -25.66000000000000369, -75.44999999999998863, 41.40000000000000568 ) ) ;
#743 = CARTESIAN_POINT ( 'NONE',  ( 29.66000000000000369, -56.48869990236185856, 15.20683591901547871 ) ) ;
#744 = EDGE_LOOP ( 'NONE', ( #1258, #142, #4254, #5226 ) ) ;
#745 = LINE ( 'NONE', #1629, #297 ) ;
#746 = CARTESIAN_POINT ( 'NONE',  ( 32.65999999999999659, -40.04381027818466521, 38.62459126614432137 ) ) ;
#747 = CYLINDRICAL_SURFACE ( 'NONE', #3118, 1.000000000000000888 ) ;
#748 = EDGE_CURVE ( 'NONE', #1714, #2700, #2403, .T. ) ;
#749 = CARTESIAN_POINT ( 'NONE',  ( 29.65999999999999659, 0.000000000000000000, 26.35147186257609064 ) ) ;
#750 = CARTESIAN_POINT ( 'NONE',  ( 25.80000000000000426, -85.45000000000000284, 29.35147186257609064 ) ) ;
#751 = CARTESIAN_POINT ( 'NONE',  ( 32.65999999999999659, 0.000000000000000000, -1.324826234809761816E-15 ) ) ;
#752 = CARTESIAN_POINT ( 'NONE',  ( 19.44999999999846096, -65.45000000000145235, -28.80000000000000782 ) ) ;
#753 = EDGE_CURVE ( 'NONE', #2622, #4597, #4448, .T. ) ;
#754 = DIRECTION ( 'NONE',  ( 0.000000000000000000, 1.000000000000000000, 0.000000000000000000 ) ) ;
#755 = VECTOR ( 'NONE', #3014, 1000.000000000000000 ) ;
#756 = CARTESIAN_POINT ( 'NONE',  ( -32.08416181507422493, -79.44856973458996663, -39.12039194470948189 ) ) ;
#757 = CARTESIAN_POINT ( 'NONE',  ( -25.66000000000000369, -75.44999999999998863, 33.40000000000000568 ) ) ;
#758 = CARTESIAN_POINT ( 'NONE',  ( 26.01369281844950621, -76.25844827071087195, -33.60290408154826025 ) ) ;
#759 = VERTEX_POINT ( 'NONE', #200 ) ;
#760 = VECTOR ( 'NONE', #4314, 1000.000000000000000 ) ;
#761 = ORIENTED_EDGE ( 'NONE', *, *, #72, .F. ) ;
#762 = CARTESIAN_POINT ( 'NONE',  ( 27.49313882228986827, -78.32290955151111689, 38.60584849389432094 ) ) ;
#763 = LINE ( 'NONE', #4115, #4005 ) ;
#764 = AXIS2_PLACEMENT_3D ( 'NONE', #3283, #4925, #1142 ) ;
#765 = FACE_OUTER_BOUND ( 'NONE', #2390, .T. ) ;
#766 = ORIENTED_EDGE ( 'NONE', *, *, #3006, .T. ) ;
#767 = ORIENTED_EDGE ( 'NONE', *, *, #3060, .F. ) ;
#768 = VERTEX_POINT ( 'NONE', #1877 ) ;
#769 = FACE_OUTER_BOUND ( 'NONE', #21, .T. ) ;
#770 = ADVANCED_FACE ( 'NONE', ( #3564 ), #2726, .F. ) ;
#771 = CARTESIAN_POINT ( 'NONE',  ( -32.44123877485889551, -46.52669003470242615, 34.73168620904971959 ) ) ;
#772 = CARTESIAN_POINT ( 'NONE',  ( 29.65999999999999659, -71.44999999999998863, -28.00000000000000000 ) ) ;
#773 = CARTESIAN_POINT ( 'NONE',  ( -31.34534907151039818, -42.05384096036744523, 37.40000000000000568 ) ) ;
#774 = CARTESIAN_POINT ( 'NONE',  ( 32.54063301640034211, -49.43547060646019986, 28.81060021431231988 ) ) ;
#775 = ORIENTED_EDGE ( 'NONE', *, *, #2563, .F. ) ;
#776 = CARTESIAN_POINT ( 'NONE',  ( -40.65999999999998238, -81.44999999999998863, 45.39999999999999858 ) ) ;
#777 = CARTESIAN_POINT ( 'NONE',  ( -25.66000000000000369, -38.71630092818491420, 37.40000000000000568 ) ) ;
#778 = ORIENTED_EDGE ( 'NONE', *, *, #2772, .F. ) ;
#779 = DIRECTION ( 'NONE',  ( 1.000000000000000000, 0.000000000000000000, -5.480158779375505821E-17 ) ) ;
#780 = DIRECTION ( 'NONE',  ( 0.9999509688259279327, -0.009902522107425724973, 0.000000000000000000 ) ) ;
#781 = EDGE_CURVE ( 'NONE', #352, #4082, #710, .T. ) ;
#782 = CARTESIAN_POINT ( 'NONE',  ( 25.66000000000000014, -61.73080979773241239, 37.39999999999999147 ) ) ;
#783 = CARTESIAN_POINT ( 'NONE',  ( 1.626022623406598644, -78.17931139619980740, 38.47115070046805130 ) ) ;
#784 = CARTESIAN_POINT ( 'NONE',  ( 32.57681900122649665, -79.44967050843678180, -39.92739313774384868 ) ) ;
#785 = CARTESIAN_POINT ( 'NONE',  ( 26.64124671975550385, -77.18931781050834218, -34.41207701064939073 ) ) ;
#786 = ADVANCED_FACE ( 'NONE', ( #1308 ), #1251, .T. ) ;
#787 = EDGE_CURVE ( 'NONE', #1819, #3122, #3785, .T. ) ;
#788 = ORIENTED_EDGE ( 'NONE', *, *, #2117, .F. ) ;
#789 = VERTEX_POINT ( 'NONE', #908 ) ;
#790 = CARTESIAN_POINT ( 'NONE',  ( 31.10150536645127772, -79.01496700653461858, 37.49360020729938725 ) ) ;
#791 = FACE_OUTER_BOUND ( 'NONE', #2807, .T. ) ;
#792 = LINE ( 'NONE', #819, #2040 ) ;
#793 = CARTESIAN_POINT ( 'NONE',  ( -28.81673132140072013, -56.07896839769341568, 37.40000000000000568 ) ) ;
#794 = ORIENTED_EDGE ( 'NONE', *, *, #2790, .T. ) ;
#795 = ORIENTED_EDGE ( 'NONE', *, *, #2430, .T. ) ;
#796 = CARTESIAN_POINT ( 'NONE',  ( 29.65999999999999659, -76.44999999999998863, -29.09128788536428445 ) ) ;
#797 = CARTESIAN_POINT ( 'NONE',  ( -30.62406416511268858, -47.30479910924826470, 36.89410598679156550 ) ) ;
#798 = CARTESIAN_POINT ( 'NONE',  ( -29.66000000000000014, -77.33479024811718716, -3.686262909053712455 ) ) ;
#799 = CARTESIAN_POINT ( 'NONE',  ( -29.66000000000000369, -39.65181118665427817, 33.13010386303282218 ) ) ;
#800 = CARTESIAN_POINT ( 'NONE',  ( 31.84355078505178582, -48.44945258833136137, 29.26573911620470270 ) ) ;
#801 = ORIENTED_EDGE ( 'NONE', *, *, #2840, .F. ) ;
#802 = CARTESIAN_POINT ( 'NONE',  ( -28.65999999999998238, -79.44999999999998863, 26.35474030970052794 ) ) ;
#803 = CARTESIAN_POINT ( 'NONE',  ( -29.71818657166363664, -77.04956206046774980, 33.76296573639127985 ) ) ;
#804 = ORIENTED_EDGE ( 'NONE', *, *, #4017, .T. ) ;
#805 = DIRECTION ( 'NONE',  ( 0.000000000000000000, 0.000000000000000000, -1.000000000000000000 ) ) ;
#806 = DIRECTION ( 'NONE',  ( 0.000000000000000000, 1.000000000000000000, 0.000000000000000000 ) ) ;
#807 = ADVANCED_FACE ( 'NONE', ( #1330 ), #4256, .F. ) ;
#808 = CARTESIAN_POINT ( 'NONE',  ( 29.71194201713745642, -63.74604138944056331, 33.86099949280090726 ) ) ;
#809 = CARTESIAN_POINT ( 'NONE',  ( 0.000000000000000000, -85.45000000000000284, -28.80000000000000782 ) ) ;
#810 = CARTESIAN_POINT ( 'NONE',  ( -34.66000000000000369, -50.53956432671152044, 48.74835839364921952 ) ) ;
#811 = DIRECTION ( 'NONE',  ( -1.000000000000000000, -1.961247570352523364E-16, 0.000000000000000000 ) ) ;
#812 = CARTESIAN_POINT ( 'NONE',  ( 29.81158263611619574, -77.39828817403237338, -30.40435612271065224 ) ) ;
#813 = ORIENTED_EDGE ( 'NONE', *, *, #3238, .F. ) ;
#814 = VERTEX_POINT ( 'NONE', #4286 ) ;
#815 = DIRECTION ( 'NONE',  ( -1.000000000000000000, 0.000000000000000000, -0.000000000000000000 ) ) ;
#816 = EDGE_CURVE ( 'NONE', #1338, #1518, #3, .T. ) ;
#817 = CARTESIAN_POINT ( 'NONE',  ( 32.61048738945781622, -81.44975484412962885, -41.90924142217968296 ) ) ;
#818 = EDGE_CURVE ( 'NONE', #1156, #1886, #426, .T. ) ;
#819 = CARTESIAN_POINT ( 'NONE',  ( -32.65999999999998238, -40.04381027818467231, 38.62459126614432847 ) ) ;
#820 = CYLINDRICAL_SURFACE ( 'NONE', #2786, 2.000000000000001776 ) ;
#821 = VERTEX_POINT ( 'NONE', #3756 ) ;
#822 = ORIENTED_EDGE ( 'NONE', *, *, #1632, .F. ) ;
#823 =( BOUNDED_CURVE ( )  B_SPLINE_CURVE ( 3, ( #270, #3710, #1209, #295 ),
 .UNSPECIFIED., .F., .T. ) 
 B_SPLINE_CURVE_WITH_KNOTS ( ( 4, 4 ),
 ( 3.722241937355828867, 4.712388980384689674 ),
 .UNSPECIFIED. ) 
 CURVE ( )  GEOMETRIC_REPRESENTATION_ITEM ( )  RATIONAL_B_SPLINE_CURVE ( ( 1.000000000000000000, 0.9199558549410229435, 0.9199558549410229435, 1.000000000000000000 ) ) 
 REPRESENTATION_ITEM ( '' )  );
#824 = FACE_BOUND ( 'NONE', #4450, .T. ) ;
#825 = AXIS2_PLACEMENT_3D ( 'NONE', #2541, #3765, #2454 ) ;
#826 = AXIS2_PLACEMENT_3D ( 'NONE', #4561, #1193, #4530 ) ;
#827 = CARTESIAN_POINT ( 'NONE',  ( -26.39062848617074053, -77.16868001103448194, 29.26912585485084506 ) ) ;
#828 = EDGE_CURVE ( 'NONE', #59, #2956, #4204, .T. ) ;
#829 = VERTEX_POINT ( 'NONE', #445 ) ;
#830 = CARTESIAN_POINT ( 'NONE',  ( 29.65999999999999659, -58.67284031474716954, 18.10000000000000142 ) ) ;
#831 = AXIS2_PLACEMENT_3D ( 'NONE', #3574, #66, #5119 ) ;
#832 = DIRECTION ( 'NONE',  ( -1.000000000000000000, -0.000000000000000000, 4.999203100797713916E-17 ) ) ;
#833 = CIRCLE ( 'NONE', #2942, 12.00000000000000355 ) ;
#834 = CARTESIAN_POINT ( 'NONE',  ( 25.66000000000000014, -12.45000000000000284, 18.09673155287557123 ) ) ;
#835 = CIRCLE ( 'NONE', #1369, 21.30000000000000071 ) ;
#836 = VERTEX_POINT ( 'NONE', #5461 ) ;
#837 = CARTESIAN_POINT ( 'NONE',  ( -25.80000000000000426, -12.45000000000000284, 0.000000000000000000 ) ) ;
#838 = VERTEX_POINT ( 'NONE', #4730 ) ;
#839 = CARTESIAN_POINT ( 'NONE',  ( 32.25495027450248386, -67.16294380044061541, 25.19547277979705413 ) ) ;
#840 = CARTESIAN_POINT ( 'NONE',  ( -29.66000000000000369, -64.54494747882833394, 33.63051386704218970 ) ) ;
#841 = VECTOR ( 'NONE', #4124, 1000.000000000000000 ) ;
#842 = CARTESIAN_POINT ( 'NONE',  ( 31.94204969821969797, -57.26484524116968799, 35.73083447057577899 ) ) ;
#843 = ADVANCED_FACE ( 'NONE', ( #1656 ), #3824, .T. ) ;
#844 = CARTESIAN_POINT ( 'NONE',  ( -2.862293865172895737E-15, -77.55713075057050787, 37.99999999999998579 ) ) ;
#845 = DIRECTION ( 'NONE',  ( -1.000000000000000000, 0.000000000000000000, -0.000000000000000000 ) ) ;
#846 = FACE_OUTER_BOUND ( 'NONE', #4200, .T. ) ;
#847 = CARTESIAN_POINT ( 'NONE',  ( -32.57681900125955110, -79.44967050843656864, -39.92739313771880205 ) ) ;
#848 = ORIENTED_EDGE ( 'NONE', *, *, #989, .T. ) ;
#849 = VECTOR ( 'NONE', #1909, 1000.000000000000000 ) ;
#850 = ORIENTED_EDGE ( 'NONE', *, *, #2080, .F. ) ;
#851 = FACE_OUTER_BOUND ( 'NONE', #3832, .T. ) ;
#852 = CARTESIAN_POINT ( 'NONE',  ( -31.48157522813392717, -79.21302533630674247, -33.86825166962419331 ) ) ;
#853 = DIRECTION ( 'NONE',  ( 0.000000000000000000, 0.000000000000000000, 1.000000000000000000 ) ) ;
#854 = CIRCLE ( 'NONE', #240, 5.999999999999998224 ) ;
#855 = ORIENTED_EDGE ( 'NONE', *, *, #358, .T. ) ;
#856 = CARTESIAN_POINT ( 'NONE',  ( 32.65999999999999659, -79.44999999999998863, 12.17476137696186989 ) ) ;
#857 = AXIS2_PLACEMENT_3D ( 'NONE', #4153, #4599, #2349 ) ;
#858 = CARTESIAN_POINT ( 'NONE',  ( 0.000000000000000000, -91.94834808253654046, 15.10000000000000142 ) ) ;
#859 = EDGE_LOOP ( 'NONE', ( #3642, #4431, #3886, #4946 ) ) ;
#860 = CARTESIAN_POINT ( 'NONE',  ( 32.45472873479834419, -79.44999999999998863, -38.47399203381743860 ) ) ;
#861 = LINE ( 'NONE', #3340, #741 ) ;
#862 = DIRECTION ( 'NONE',  ( 0.000000000000000000, 0.000000000000000000, 1.000000000000000000 ) ) ;
#863 = EDGE_CURVE ( 'NONE', #2622, #3758, #4803, .T. ) ;
#864 = VERTEX_POINT ( 'NONE', #3476 ) ;
#865 = VERTEX_POINT ( 'NONE', #1894 ) ;
#866 = CARTESIAN_POINT ( 'NONE',  ( -32.65999999999998238, -67.78463260234875065, 24.26876013744371718 ) ) ;
#867 = ORIENTED_EDGE ( 'NONE', *, *, #2296, .T. ) ;
#868 = LINE ( 'NONE', #2037, #4722 ) ;
#869 = CARTESIAN_POINT ( 'NONE',  ( -29.66000000000000369, -18.45000000000000284, 23.35147186257609420 ) ) ;
#870 = LINE ( 'NONE', #1691, #3022 ) ;
#871 = CARTESIAN_POINT ( 'NONE',  ( -40.65999999999996817, -81.44999999999998863, -41.90924142217968296 ) ) ;
#872 = LINE ( 'NONE', #2185, #1207 ) ;
#873 = LINE ( 'NONE', #2161, #5246 ) ;
#874 = FACE_OUTER_BOUND ( 'NONE', #5256, .T. ) ;
#875 = EDGE_CURVE ( 'NONE', #2113, #1654, #4365, .T. ) ;
#876 = ORIENTED_EDGE ( 'NONE', *, *, #1236, .T. ) ;
#877 = ORIENTED_EDGE ( 'NONE', *, *, #5083, .T. ) ;
#878 = CARTESIAN_POINT ( 'NONE',  ( 32.66000000000000369, -79.44999999999998863, 41.40000000000000568 ) ) ;
#879 = DIRECTION ( 'NONE',  ( -1.000000000000000000, -0.000000000000000000, -0.000000000000000000 ) ) ;
#880 = FACE_OUTER_BOUND ( 'NONE', #1809, .T. ) ;
#881 = ORIENTED_EDGE ( 'NONE', *, *, #3142, .F. ) ;
#882 = CARTESIAN_POINT ( 'NONE',  ( 30.00651383247576121, -77.86832801179498631, -31.31726302944106521 ) ) ;
#883 = CARTESIAN_POINT ( 'NONE',  ( -27.03479337915179670, -77.81910346244765719, 29.04309175809178001 ) ) ;
#884 = ORIENTED_EDGE ( 'NONE', *, *, #2913, .F. ) ;
#885 = CARTESIAN_POINT ( 'NONE',  ( -32.66000000000001791, -79.44999999999998863, -40.00000000000000000 ) ) ;
#886 = VERTEX_POINT ( 'NONE', #3105 ) ;
#887 = CARTESIAN_POINT ( 'NONE',  ( -31.34355237501248936, -66.94387132699134213, 26.35147186257609064 ) ) ;
#888 = EDGE_CURVE ( 'NONE', #3540, #3613, #4970, .T. ) ;
#889 = EDGE_CURVE ( 'NONE', #4848, #2994, #5174, .T. ) ;
#890 = VERTEX_POINT ( 'NONE', #1065 ) ;
#891 = CARTESIAN_POINT ( 'NONE',  ( 32.63240852047438523, -67.58317791820270770, 24.49469413560148823 ) ) ;
#892 = CARTESIAN_POINT ( 'NONE',  ( 0.000000000000000000, -176.7474391754774388, 32.99999999999999289 ) ) ;
#893 = CARTESIAN_POINT ( 'NONE',  ( -32.66000000000001080, -79.44999999999998863, 26.35147186257609064 ) ) ;
#894 = CYLINDRICAL_SURFACE ( 'NONE', #4007, 1.000000000000000888 ) ;
#895 = DIRECTION ( 'NONE',  ( 0.000000000000000000, -1.000000000000000000, 0.000000000000000000 ) ) ;
#896 = LINE ( 'NONE', #1694, #3828 ) ;
#897 = CARTESIAN_POINT ( 'NONE',  ( 32.08416181335618944, -79.44857003063982859, -39.12039194593246094 ) ) ;
#898 = ORIENTED_EDGE ( 'NONE', *, *, #3168, .T. ) ;
#899 = ORIENTED_EDGE ( 'NONE', *, *, #2133, .F. ) ;
#900 = CARTESIAN_POINT ( 'NONE',  ( 31.27495890673137424, -79.18237798904792157, 39.84010931880394679 ) ) ;
#901 = PLANE ( 'NONE',  #4886 ) ;
#902 = CARTESIAN_POINT ( 'NONE',  ( -20.79670890685869011, 0.000000000000000000, 16.37742799230606394 ) ) ;
#903 = ORIENTED_EDGE ( 'NONE', *, *, #260, .F. ) ;
#904 = B_SPLINE_CURVE_WITH_KNOTS ( 'NONE', 3,
 ( #2870, #743, #3722, #1159, #2028, #3169, #5430, #1627, #2416, #4013, #4167, #4121, #5292, #4143, #614, #4404 ),
 .UNSPECIFIED., .F., .F.,
 ( 4, 2, 2, 2, 2, 2, 2, 4 ),
 ( 0.000000000000000000, 0.0005614698952246191402, 0.001122939790449238280, 0.001684409685673857312, 0.002245879580898476561, 0.002807349476123095159, 0.003368819371347714624, 0.004491759161796955724 ),
 .UNSPECIFIED. ) ;
#905 = CARTESIAN_POINT ( 'NONE',  ( -26.78808347315925786, -77.34638897841895755, -34.57728284862568557 ) ) ;
#906 = AXIS2_PLACEMENT_3D ( 'NONE', #3945, #954, #3128 ) ;
#907 = CIRCLE ( 'NONE', #5062, 4.999999999999997335 ) ;
#908 = CARTESIAN_POINT ( 'NONE',  ( 29.65999999999999659, -56.30313299945838423, 15.16695872316813087 ) ) ;
#909 = ADVANCED_FACE ( 'NONE', ( #2741 ), #4442, .F. ) ;
#910 = CARTESIAN_POINT ( 'NONE',  ( -29.65999999999997883, -75.35302552672658294, 16.42227476530751673 ) ) ;
#911 = CIRCLE ( 'NONE', #4528, 3.000000000000002665 ) ;
#912 = DIRECTION ( 'NONE',  ( 1.000000000000000000, 0.000000000000000000, -3.961059142905700045E-17 ) ) ;
#913 = AXIS2_PLACEMENT_3D ( 'NONE', #1300, #5082, #1270 ) ;
#914 = VECTOR ( 'NONE', #2411, 1000.000000000000000 ) ;
#915 = DIRECTION ( 'NONE',  ( -1.961247570352523610E-16, 1.000000000000000000, 0.000000000000000000 ) ) ;
#916 = EDGE_LOOP ( 'NONE', ( #4386, #1289, #1750, #1131 ) ) ;
#917 = DIRECTION ( 'NONE',  ( -4.999203100797713916E-17, 0.000000000000000000, -1.000000000000000000 ) ) ;
#918 = CARTESIAN_POINT ( 'NONE',  ( -2.862293735361733284E-15, -79.44999999999998863, 40.99999999999998579 ) ) ;
#919 = CIRCLE ( 'NONE', #1354, 6.000000000000000000 ) ;
#920 = ADVANCED_FACE ( 'NONE', ( #115 ), #3057, .F. ) ;
#921 = CARTESIAN_POINT ( 'NONE',  ( -29.66000000000000369, -76.44999999999998863, 41.40000000000000568 ) ) ;
#922 = FACE_OUTER_BOUND ( 'NONE', #1571, .T. ) ;
#923 = CARTESIAN_POINT ( 'NONE',  ( 25.75558132771531206, -75.64844571188292832, -33.17424043797615951 ) ) ;
#924 = AXIS2_PLACEMENT_3D ( 'NONE', #1286, #2176, #3873 ) ;
#925 = CARTESIAN_POINT ( 'NONE',  ( 25.69305679711500190, -76.33653474600832567, 37.49491545509573598 ) ) ;
#926 = LINE ( 'NONE', #1346, #3226 ) ;
#927 = ADVANCED_FACE ( 'NONE', ( #2641, #4339, #3971, #2221, #141, #191, #1865 ), #2357, .T. ) ;
#928 = ORIENTED_EDGE ( 'NONE', *, *, #3071, .T. ) ;
#929 = CARTESIAN_POINT ( 'NONE',  ( 25.85500526780350583, -76.58669596756210751, 15.10302379508036452 ) ) ;
#930 = LINE ( 'NONE', #3889, #3031 ) ;
#931 = DIRECTION ( 'NONE',  ( 1.000000000000000000, 0.000000000000000000, -0.000000000000000000 ) ) ;
#932 = VERTEX_POINT ( 'NONE', #1151 ) ;
#933 = DIRECTION ( 'NONE',  ( -1.000000000000000000, 0.000000000000000000, 0.000000000000000000 ) ) ;
#934 = CARTESIAN_POINT ( 'NONE',  ( 32.46857798851003452, -47.38061341368656088, 30.90033262793869895 ) ) ;
#935 = ORIENTED_EDGE ( 'NONE', *, *, #3898, .F. ) ;
#936 = CARTESIAN_POINT ( 'NONE',  ( -29.66000000000000014, -42.66050567258095327, 32.26209091318114730 ) ) ;
#937 = VERTEX_POINT ( 'NONE', #1187 ) ;
#938 = CYLINDRICAL_SURFACE ( 'NONE', #4194, 4.000000000000000000 ) ;
#939 = ADVANCED_FACE ( 'NONE', ( #3670 ), #330, .F. ) ;
#940 = CARTESIAN_POINT ( 'NONE',  ( -26.65999999999997527, -91.94834808253654046, 26.35147186257609064 ) ) ;
#941 = VECTOR ( 'NONE', #176, 1000.000000000000000 ) ;
#942 = ORIENTED_EDGE ( 'NONE', *, *, #4257, .T. ) ;
#943 = CARTESIAN_POINT ( 'NONE',  ( -27.76336668463186541, -78.55005720601724306, 15.94939213162182767 ) ) ;
#944 = LINE ( 'NONE', #2282, #155 ) ;
#945 = DIRECTION ( 'NONE',  ( -9.998406201595427833E-17, 0.000000000000000000, -1.000000000000000000 ) ) ;
#946 = CARTESIAN_POINT ( 'NONE',  ( -29.66000000000000369, -12.45000000000000284, 23.35147186257609420 ) ) ;
#947 = DIRECTION ( 'NONE',  ( 0.000000000000000000, 0.000000000000000000, -1.000000000000000000 ) ) ;
#948 = CARTESIAN_POINT ( 'NONE',  ( 25.89868607867442662, -76.87082614403769298, 37.65701461037289732 ) ) ;
#949 = CARTESIAN_POINT ( 'NONE',  ( 30.86735030423583126, -78.85924386340582259, -35.07151983772007497 ) ) ;
#950 = EDGE_CURVE ( 'NONE', #4415, #4112, #3557, .T. ) ;
#951 = ORIENTED_EDGE ( 'NONE', *, *, #1092, .F. ) ;
#952 = ORIENTED_EDGE ( 'NONE', *, *, #2263, .F. ) ;
#953 = DIRECTION ( 'NONE',  ( -1.000000000000000000, -4.822023056331056494E-17, 0.000000000000000000 ) ) ;
#954 = DIRECTION ( 'NONE',  ( 1.000000000000000000, 2.925652181618734909E-16, 0.000000000000000000 ) ) ;
#955 = DIRECTION ( 'NONE',  ( -1.103655015948744232E-16, -6.938394782661024771E-33, -1.000000000000000000 ) ) ;
#956 = EDGE_CURVE ( 'NONE', #1200, #1304, #3297, .T. ) ;
#957 = EDGE_CURVE ( 'NONE', #582, #3672, #5332, .T. ) ;
#958 = ORIENTED_EDGE ( 'NONE', *, *, #2734, .T. ) ;
#959 = CARTESIAN_POINT ( 'NONE',  ( 32.65999999999999659, -79.44999999999998863, -1.632739732720532999E-15 ) ) ;
#960 = DIRECTION ( 'NONE',  ( -1.000000000000000000, 0.000000000000000000, -0.000000000000000000 ) ) ;
#961 = ORIENTED_EDGE ( 'NONE', *, *, #1880, .T. ) ;
#962 = LINE ( 'NONE', #3842, #760 ) ;
#963 = VERTEX_POINT ( 'NONE', #1126 ) ;
#964 = DIRECTION ( 'NONE',  ( -1.000000000000000000, -1.961247570352523610E-16, 1.103655015948744232E-16 ) ) ;
#965 =( BOUNDED_SURFACE ( )  B_SPLINE_SURFACE ( 3, 2, ( 
 ( #2126, #4185, #2104 ),
 ( #2074, #1292, #404 ),
 ( #808, #2962, #5075 ),
 ( #1641, #1719, #5476 ),
 ( #3376, #3708, #2015 ),
 ( #2518, #2485, #3771 ),
 ( #15, #4984, #47 ),
 ( #4661, #1667, #2546 ),
 ( #2883, #3405, #5411 ),
 ( #842, #2852, #4244 ) ),
 .UNSPECIFIED., .F., .F., .F. ) 
 B_SPLINE_SURFACE_WITH_KNOTS ( ( 4, 2, 2, 2, 4 ),
 ( 3, 3 ),
 ( 1.570796326794896558, 1.819818308116655015, 2.068840289438413471, 2.317862270760172372, 2.566884252081930828 ),
 ( 0.000000000000000000, 1.000000000000000000 ),
 .UNSPECIFIED. ) 
 GEOMETRIC_REPRESENTATION_ITEM ( )  RATIONAL_B_SPLINE_SURFACE ( (
 ( 1.000000000000000000, 0.7071067811865475727, 1.000000000000000000),
 ( 1.000000000000000000, 0.7274841034592031130, 1.000000000000000000),
 ( 1.000000000000000000, 0.7469657721528825123, 1.000000000000000000),
 ( 1.000000000000000000, 0.7834584115179697994, 1.000000000000000000),
 ( 1.000000000000000000, 0.8004678901422608295, 1.000000000000000000),
 ( 1.000000000000000000, 0.8314896527046231611, 1.000000000000000000),
 ( 1.000000000000000000, 0.8455028953709748940, 1.000000000000000000),
 ( 1.000000000000000000, 0.8701465898844411573, 1.000000000000000000),
 ( 1.000000000000000000, 0.8807792435677093135, 1.000000000000000000),
 ( 1.000000000000000000, 0.8895809737297509789, 1.000000000000000000) ) ) 
 REPRESENTATION_ITEM ( '' )  SURFACE ( )  );
#966 = ORIENTED_EDGE ( 'NONE', *, *, #2151, .T. ) ;
#967 = DIRECTION ( 'NONE',  ( 0.000000000000000000, 1.000000000000000000, 0.000000000000000000 ) ) ;
#968 = EDGE_CURVE ( 'NONE', #969, #4988, #3634, .T. ) ;
#969 = VERTEX_POINT ( 'NONE', #3184 ) ;
#970 = CARTESIAN_POINT ( 'NONE',  ( 29.65999999999999304, -78.20735931288071185, 29.35147186257609420 ) ) ;
#971 = CARTESIAN_POINT ( 'NONE',  ( 28.81923872464258807, -49.87305301709035632, 28.43418358770845700 ) ) ;
#972 = DIRECTION ( 'NONE',  ( 1.000000000000000000, 0.000000000000000000, -9.998406201595427833E-17 ) ) ;
#973 = CYLINDRICAL_SURFACE ( 'NONE', #657, 2.999999999999999112 ) ;
#974 = DIRECTION ( 'NONE',  ( 0.000000000000000000, -1.000000000000000000, 0.000000000000000000 ) ) ;
#975 = ADVANCED_FACE ( 'NONE', ( #274 ), #2312, .T. ) ;
#976 = CARTESIAN_POINT ( 'NONE',  ( 25.66000000000000014, -12.45000000000000284, 26.35474030970052439 ) ) ;
#977 = CARTESIAN_POINT ( 'NONE',  ( 31.48794432902354146, -79.45000000000000284, -2.998778467177625195 ) ) ;
#978 = ORIENTED_EDGE ( 'NONE', *, *, #5251, .T. ) ;
#979 = ORIENTED_EDGE ( 'NONE', *, *, #1804, .T. ) ;
#980 = CARTESIAN_POINT ( 'NONE',  ( 28.65999999999999304, -56.02371670659665881, 37.40000000000000568 ) ) ;
#981 = DIRECTION ( 'NONE',  ( 7.947490770598426974E-17, 0.000000000000000000, -1.000000000000000000 ) ) ;
#982 = CARTESIAN_POINT ( 'NONE',  ( -29.66000000000000369, 3.000000000000000000, 33.39999999999999858 ) ) ;
#983 = EDGE_CURVE ( 'NONE', #1337, #4597, #215, .T. ) ;
#984 = CARTESIAN_POINT ( 'NONE',  ( 29.65999999999999659, -39.65181118665550741, 33.13010386303367483 ) ) ;
#985 = ORIENTED_EDGE ( 'NONE', *, *, #888, .F. ) ;
#986 = CARTESIAN_POINT ( 'NONE',  ( -22.50000000000001421, -7.812238329577775531, -32.00000000000000000 ) ) ;
#987 = ORIENTED_EDGE ( 'NONE', *, *, #2169, .F. ) ;
#988 = DIRECTION ( 'NONE',  ( -0.000000000000000000, -0.000000000000000000, -1.000000000000000000 ) ) ;
#989 = EDGE_CURVE ( 'NONE', #864, #5389, #4497, .T. ) ;
#990 = ORIENTED_EDGE ( 'NONE', *, *, #1817, .F. ) ;
#991 = CARTESIAN_POINT ( 'NONE',  ( 17.79999999999846239, -65.45000000000145235, -32.00000000000000000 ) ) ;
#992 = VECTOR ( 'NONE', #3344, 1000.000000000000000 ) ;
#993 = CARTESIAN_POINT ( 'NONE',  ( -26.55234099583820040, -77.33203842796004324, 15.22750774979773070 ) ) ;
#994 = AXIS2_PLACEMENT_3D ( 'NONE', #3959, #591, #2264 ) ;
#995 = CARTESIAN_POINT ( 'NONE',  ( 29.65999999999999304, -51.12302786500575280, 27.13827976007879883 ) ) ;
#996 =( BOUNDED_CURVE ( )  B_SPLINE_CURVE ( 3, ( #1039, #4031, #1066, #5305 ),
 .UNSPECIFIED., .F., .T. ) 
 B_SPLINE_CURVE_WITH_KNOTS ( ( 4, 4 ),
 ( 4.712388980384689674, 5.535195307482933202 ),
 .UNSPECIFIED. ) 
 CURVE ( )  GEOMETRIC_REPRESENTATION_ITEM ( )  RATIONAL_B_SPLINE_CURVE ( ( 1.000000000000000000, 0.9443737373840175309, 0.9443737373840175309, 1.000000000000000000 ) ) 
 REPRESENTATION_ITEM ( '' )  );
#997 = AXIS2_PLACEMENT_3D ( 'NONE', #1161, #4649, #3723 ) ;
#998 = AXIS2_PLACEMENT_3D ( 'NONE', #4630, #754, #4220 ) ;
#999 = CARTESIAN_POINT ( 'NONE',  ( -29.65999999999998238, -40.04381027818467231, 38.62459126614432847 ) ) ;
#1000 = DIRECTION ( 'NONE',  ( -0.000000000000000000, 0.000000000000000000, 1.000000000000000000 ) ) ;
#1001 = LINE ( 'NONE', #2683, #585 ) ;
#1002 = DIRECTION ( 'NONE',  ( 0.000000000000000000, 1.000000000000000000, 0.000000000000000000 ) ) ;
#1003 = CARTESIAN_POINT ( 'NONE',  ( 32.46261618080934852, -79.45000000000000284, -2.249979653192542450 ) ) ;
#1004 = ORIENTED_EDGE ( 'NONE', *, *, #3761, .T. ) ;
#1005 = AXIS2_PLACEMENT_3D ( 'NONE', #1284, #2537, #5433 ) ;
#1006 = AXIS2_PLACEMENT_3D ( 'NONE', #4424, #1906, #3593 ) ;
#1007 = EDGE_CURVE ( 'NONE', #158, #4193, #5165, .T. ) ;
#1008 = ORIENTED_EDGE ( 'NONE', *, *, #1696, .T. ) ;
#1009 = DIRECTION ( 'NONE',  ( -4.999203100797713916E-17, 0.000000000000000000, -1.000000000000000000 ) ) ;
#1010 = VECTOR ( 'NONE', #4506, 1000.000000000000000 ) ;
#1011 = CARTESIAN_POINT ( 'NONE',  ( -26.01369281842823256, -76.25844827066926257, -33.60290408151713848 ) ) ;
#1012 = FACE_OUTER_BOUND ( 'NONE', #1994, .T. ) ;
#1013 = DIRECTION ( 'NONE',  ( 1.000000000000000000, 0.000000000000000000, 0.000000000000000000 ) ) ;
#1014 = ORIENTED_EDGE ( 'NONE', *, *, #3738, .T. ) ;
#1015 = CARTESIAN_POINT ( 'NONE',  ( 25.66000000000000014, 1.000000000000000000, -30.00000000000000000 ) ) ;
#1016 = CARTESIAN_POINT ( 'NONE',  ( -31.54542320023215041, -79.28342302848932377, 40.14632786306427903 ) ) ;
#1017 = ADVANCED_FACE ( 'NONE', ( #1096 ), #2022, .T. ) ;
#1018 = CIRCLE ( 'NONE', #1466, 4.000000000000003553 ) ;
#1019 = ORIENTED_EDGE ( 'NONE', *, *, #1784, .T. ) ;
#1020 = CARTESIAN_POINT ( 'NONE',  ( 32.59464364360137978, -79.44961559594355549, -39.92134299537656972 ) ) ;
#1021 = ORIENTED_EDGE ( 'NONE', *, *, #3781, .T. ) ;
#1022 = CARTESIAN_POINT ( 'NONE',  ( 22.49999999999998579, -7.812238329577784413, 16.37742799230606394 ) ) ;
#1023 = CARTESIAN_POINT ( 'NONE',  ( -28.41735931288069139, -68.18651201411061891, 29.35147186257609420 ) ) ;
#1024 = EDGE_CURVE ( 'NONE', #3917, #5287, #2441, .T. ) ;
#1025 = AXIS2_PLACEMENT_3D ( 'NONE', #343, #2371, #2398 ) ;
#1026 = CARTESIAN_POINT ( 'NONE',  ( 32.27245609094089929, -79.43020525713995994, -33.19262966948256377 ) ) ;
#1027 = CARTESIAN_POINT ( 'NONE',  ( 34.66000000000000369, -50.53956432671151333, 48.74835839364921952 ) ) ;
#1028 = CARTESIAN_POINT ( 'NONE',  ( 25.66000000000000014, -76.44999999999998863, 33.46274606680622554 ) ) ;
#1029 = ORIENTED_EDGE ( 'NONE', *, *, #2392, .F. ) ;
#1030 = CARTESIAN_POINT ( 'NONE',  ( -25.80000000000000426, -12.45000000000000284, 21.10000000000000142 ) ) ;
#1031 = CARTESIAN_POINT ( 'NONE',  ( 30.61410370078058207, -79.44999999999998863, -4.005625663922424806 ) ) ;
#1032 = ORIENTED_EDGE ( 'NONE', *, *, #430, .T. ) ;
#1033 = CARTESIAN_POINT ( 'NONE',  ( 27.34018626317901379, -78.12544891443967288, 15.58313185514198729 ) ) ;
#1034 = CARTESIAN_POINT ( 'NONE',  ( -26.65999999999997527, -91.94834808253654046, 29.35147186257609064 ) ) ;
#1035 = DIRECTION ( 'NONE',  ( 1.000000000000000000, 0.000000000000000000, -4.999203100797713916E-17 ) ) ;
#1036 = CARTESIAN_POINT ( 'NONE',  ( 27.02549529155406560, -77.80915318261293123, 29.03177321622622031 ) ) ;
#1037 = EDGE_CURVE ( 'NONE', #2582, #1849, #763, .T. ) ;
#1038 = DIRECTION ( 'NONE',  ( 0.000000000000000000, 0.000000000000000000, 1.000000000000000000 ) ) ;
#1039 = CARTESIAN_POINT ( 'NONE',  ( 29.65999999999999659, -42.62134251766303095, 29.35147186257609064 ) ) ;
#1040 = CARTESIAN_POINT ( 'NONE',  ( -31.10150536645138786, -79.01496700653466121, 37.49360020729938725 ) ) ;
#1041 = B_SPLINE_CURVE_WITH_KNOTS ( 'NONE', 3,
 ( #1326, #3806, #3357, #1349, #1702, #852, #3415, #5111, #1675, #3389 ),
 .UNSPECIFIED., .F., .F.,
 ( 4, 2, 2, 2, 4 ),
 ( 9.813077866773594792E-18, 0.0006369366408439443728, 0.001273873281687878771, 0.001910809922531813169, 0.002547746563375753205 ),
 .UNSPECIFIED. ) ;
#1042 = ORIENTED_EDGE ( 'NONE', *, *, #1640, .F. ) ;
#1043 = ORIENTED_EDGE ( 'NONE', *, *, #1371, .F. ) ;
#1044 = SURFACE_STYLE_FILL_AREA ( #2304 ) ;
#1045 = CARTESIAN_POINT ( 'NONE',  ( -28.65999999999998238, -76.44999999999998863, 26.35147186257609064 ) ) ;
#1046 = CARTESIAN_POINT ( 'NONE',  ( -25.80000000000000426, -1.000000000000000888, 0.000000000000000000 ) ) ;
#1047 = LINE ( 'NONE', #557, #2525 ) ;
#1048 = ADVANCED_FACE ( 'NONE', ( #1996 ), #3693, .F. ) ;
#1049 = EDGE_CURVE ( 'NONE', #5285, #194, #2890, .T. ) ;
#1050 = CARTESIAN_POINT ( 'NONE',  ( -31.63208550272539199, -46.88901173734328154, 36.08956677379357103 ) ) ;
#1051 = LINE ( 'NONE', #2727, #3817 ) ;
#1052 = CARTESIAN_POINT ( 'NONE',  ( -29.65999999999997883, -66.94387132699134213, 26.35147186257609064 ) ) ;
#1053 = EDGE_LOOP ( 'NONE', ( #5402, #32, #5206, #3261 ) ) ;
#1054 = ORIENTED_EDGE ( 'NONE', *, *, #1403, .T. ) ;
#1055 = CARTESIAN_POINT ( 'NONE',  ( -2.973213749463702538, -79.44999999999998863, 41.40000000000000568 ) ) ;
#1056 = CARTESIAN_POINT ( 'NONE',  ( 32.88347269138431983, -79.44999999999998863, -4.367611666584081398 ) ) ;
#1057 = EDGE_LOOP ( 'NONE', ( #117, #4782, #4699, #3236, #3146, #1004, #2114, #4840, #5138 ) ) ;
#1058 = EDGE_LOOP ( 'NONE', ( #3009, #1287, #309, #264 ) ) ;
#1059 = CARTESIAN_POINT ( 'NONE',  ( -32.24815049024959279, -76.86010109202787532, 15.11873462476605567 ) ) ;
#1060 = CARTESIAN_POINT ( 'NONE',  ( -29.14634799232546669, -76.43921816939771929, -33.64742298616202731 ) ) ;
#1061 = CARTESIAN_POINT ( 'NONE',  ( -26.20057835784283284, -77.33781010630657704, 37.85727237832556824 ) ) ;
#1062 = CARTESIAN_POINT ( 'NONE',  ( 25.80000000000000426, -1.000000000000000888, 32.99999999999999289 ) ) ;
#1063 = EDGE_LOOP ( 'NONE', ( #3079, #3252, #1870, #1845, #3792, #1896 ) ) ;
#1064 = FACE_OUTER_BOUND ( 'NONE', #353, .T. ) ;
#1065 = CARTESIAN_POINT ( 'NONE',  ( 29.65999999999999659, -76.44999999999998863, -5.720183209558440396 ) ) ;
#1066 = CARTESIAN_POINT ( 'NONE',  ( 30.22445398348513734, -46.37993157273376710, 29.35147186257609064 ) ) ;
#1067 = CARTESIAN_POINT ( 'NONE',  ( -29.31316733708477429, -76.35125710505154473, 37.31747455420759252 ) ) ;
#1068 = ORIENTED_EDGE ( 'NONE', *, *, #2810, .T. ) ;
#1069 = ORIENTED_EDGE ( 'NONE', *, *, #2042, .T. ) ;
#1070 = ORIENTED_EDGE ( 'NONE', *, *, #753, .F. ) ;
#1071 = CARTESIAN_POINT ( 'NONE',  ( 25.80000000000000426, -12.45000000000000284, 21.10000000000000142 ) ) ;
#1072 = EDGE_CURVE ( 'NONE', #4854, #5425, #3609, .T. ) ;
#1073 = CARTESIAN_POINT ( 'NONE',  ( 32.65999999999999659, -46.42293213100863625, 33.39999999999999858 ) ) ;
#1074 = LINE ( 'NONE', #1046, #1282 ) ;
#1075 = VECTOR ( 'NONE', #2105, 1000.000000000000000 ) ;
#1076 = AXIS2_PLACEMENT_3D ( 'NONE', #1325, #411, #2464 ) ;
#1077 = DIRECTION ( 'NONE',  ( 0.000000000000000000, 1.000000000000000000, -0.000000000000000000 ) ) ;
#1078 = DIRECTION ( 'NONE',  ( -1.000000000000000000, 0.000000000000000000, 0.000000000000000000 ) ) ;
#1079 = ORIENTED_EDGE ( 'NONE', *, *, #1082, .T. ) ;
#1080 = CARTESIAN_POINT ( 'NONE',  ( 40.66000000000000369, -80.27842712474618736, -41.90924142217969006 ) ) ;
#1081 = CARTESIAN_POINT ( 'NONE',  ( -29.73133633421091560, -76.86967151894680228, -4.755459170448967932 ) ) ;
#1082 = EDGE_CURVE ( 'NONE', #4283, #1379, #3199, .T. ) ;
#1083 = AXIS2_PLACEMENT_3D ( 'NONE', #1848, #5145, #71 ) ;
#1084 = AXIS2_PLACEMENT_3D ( 'NONE', #2908, #5102, #4546 ) ;
#1085 = ORIENTED_EDGE ( 'NONE', *, *, #1893, .T. ) ;
#1086 = CARTESIAN_POINT ( 'NONE',  ( -31.34005453955021636, -77.58178201195822510, 15.31722943643855572 ) ) ;
#1087 = CARTESIAN_POINT ( 'NONE',  ( 28.65999999999999659, -85.45000000000000284, 18.09673155287557478 ) ) ;
#1088 = AXIS2_PLACEMENT_3D ( 'NONE', #2823, #1587, #4109 ) ;
#1089 = CARTESIAN_POINT ( 'NONE',  ( -19.45000000000000995, -24.36999999999999744, -23.33309524416879555 ) ) ;
#1090 = AXIS2_PLACEMENT_3D ( 'NONE', #1568, #248, #3239 ) ;
#1091 = CARTESIAN_POINT ( 'NONE',  ( 27.47936355059715652, -78.26509463289139035, 28.74746559080744035 ) ) ;
#1092 = EDGE_CURVE ( 'NONE', #4510, #1646, #2497, .T. ) ;
#1093 = ORIENTED_EDGE ( 'NONE', *, *, #380, .F. ) ;
#1094 = VECTOR ( 'NONE', #2905, 1000.000000000000000 ) ;
#1095 = DIRECTION ( 'NONE',  ( 0.000000000000000000, 0.7197462415475317510, -0.6942372417107872673 ) ) ;
#1096 = FACE_OUTER_BOUND ( 'NONE', #1725, .T. ) ;
#1097 = CARTESIAN_POINT ( 'NONE',  ( -32.32190757473659914, -79.43573903905948441, 40.55665166847595771 ) ) ;
#1098 = ORIENTED_EDGE ( 'NONE', *, *, #5291, .T. ) ;
#1099 = CIRCLE ( 'NONE', #4368, 21.30000000000000071 ) ;
#1100 = ORIENTED_EDGE ( 'NONE', *, *, #4733, .T. ) ;
#1101 = CARTESIAN_POINT ( 'NONE',  ( 32.65999999999999659, -78.99966053714773295, -1.987879886157815745 ) ) ;
#1102 = ORIENTED_EDGE ( 'NONE', *, *, #4088, .T. ) ;
#1103 = FACE_BOUND ( 'NONE', #3531, .T. ) ;
#1104 = ORIENTED_EDGE ( 'NONE', *, *, #3315, .T. ) ;
#1105 = DIRECTION ( 'NONE',  ( -1.000000000000000000, -0.000000000000000000, 4.999203100797713916E-17 ) ) ;
#1106 = EDGE_CURVE ( 'NONE', #4429, #1438, #4396, .T. ) ;
#1107 = CARTESIAN_POINT ( 'NONE',  ( -30.32596581519522871, -49.69216404261765518, 37.40000000000000568 ) ) ;
#1108 = AXIS2_PLACEMENT_3D ( 'NONE', #5158, #1294, #2966 ) ;
#1109 = CARTESIAN_POINT ( 'NONE',  ( 32.65999999999999659, -47.53814601644157989, 30.85488423168237304 ) ) ;
#1110 = CARTESIAN_POINT ( 'NONE',  ( -29.73073828301268406, -68.43982093385001519, 28.95379122119123849 ) ) ;
#1111 = VERTEX_POINT ( 'NONE', #440 ) ;
#1112 = VECTOR ( 'NONE', #845, 1000.000000000000000 ) ;
#1113 = CARTESIAN_POINT ( 'NONE',  ( -2.359945977709234199, -78.75356809650953949, 39.13703223011628296 ) ) ;
#1114 = CARTESIAN_POINT ( 'NONE',  ( 32.61048738945781622, -81.44975484412961464, -39.90924142217967585 ) ) ;
#1115 = ORIENTED_EDGE ( 'NONE', *, *, #1446, .F. ) ;
#1116 = VECTOR ( 'NONE', #1078, 1000.000000000000000 ) ;
#1117 = FACE_OUTER_BOUND ( 'NONE', #1590, .T. ) ;
#1118 = CARTESIAN_POINT ( 'NONE',  ( -32.31440891336243482, -79.44938668786572578, -38.94420176204796036 ) ) ;
#1119 = ADVANCED_FACE ( 'NONE', ( #4609 ), #3433, .T. ) ;
#1120 = CARTESIAN_POINT ( 'NONE',  ( 26.65999999999999659, -69.94387132699132792, 29.35147186257609064 ) ) ;
#1121 = CARTESIAN_POINT ( 'NONE',  ( 30.58211836426780295, -78.61604699975472954, -33.44285424762765047 ) ) ;
#1122 = CIRCLE ( 'NONE', #764, 2.000000000000001776 ) ;
#1123 = EDGE_LOOP ( 'NONE', ( #5113, #1461 ) ) ;
#1124 = CARTESIAN_POINT ( 'NONE',  ( 29.33262144168786278, -76.25797275140240572, 37.31364495062987885 ) ) ;
#1125 = EDGE_CURVE ( 'NONE', #789, #890, #2973, .T. ) ;
#1126 = CARTESIAN_POINT ( 'NONE',  ( 26.65999999999999659, -69.94387132699132792, 29.35147186257609064 ) ) ;
#1127 = EDGE_CURVE ( 'NONE', #628, #2154, #1041, .T. ) ;
#1128 = LINE ( 'NONE', #2804, #1355 ) ;
#1129 = CARTESIAN_POINT ( 'NONE',  ( -31.49357990841715349, -79.21935616040933326, 38.48345325757610169 ) ) ;
#1130 = VERTEX_POINT ( 'NONE', #4669 ) ;
#1131 = ORIENTED_EDGE ( 'NONE', *, *, #3471, .F. ) ;
#1132 = LINE ( 'NONE', #4527, #5341 ) ;
#1133 = DIRECTION ( 'NONE',  ( 0.000000000000000000, 0.000000000000000000, -1.000000000000000000 ) ) ;
#1134 = CARTESIAN_POINT ( 'NONE',  ( -22.50000000000001421, -3.812238329577774643, -28.80000000000000782 ) ) ;
#1135 =( NAMED_UNIT ( * ) PLANE_ANGLE_UNIT ( ) SI_UNIT ( $, .RADIAN. ) );
#1136 = CARTESIAN_POINT ( 'NONE',  ( -31.11746147209534996, -50.21129245235211869, 37.40000000000000568 ) ) ;
#1137 = EDGE_CURVE ( 'NONE', #122, #1849, #3388, .T. ) ;
#1138 = DIRECTION ( 'NONE',  ( 0.000000000000000000, 0.000000000000000000, 1.000000000000000000 ) ) ;
#1139 = CARTESIAN_POINT ( 'NONE',  ( -30.57458848014760733, -67.12604620790993692, 27.39280996168240634 ) ) ;
#1140 = ORIENTED_EDGE ( 'NONE', *, *, #5072, .F. ) ;
#1141 = DIRECTION ( 'NONE',  ( 0.000000000000000000, -1.000000000000000000, 0.000000000000000000 ) ) ;
#1142 = DIRECTION ( 'NONE',  ( 1.000000000000000000, 0.000000000000000000, 0.000000000000000000 ) ) ;
#1143 = CARTESIAN_POINT ( 'NONE',  ( 25.81049208435389986, -76.50965820332629619, 15.10047648132502118 ) ) ;
#1144 = EDGE_CURVE ( 'NONE', #4988, #1978, #2143, .T. ) ;
#1145 = CARTESIAN_POINT ( 'NONE',  ( -26.30230132421934286, -76.74317386343878411, -33.99804419229532471 ) ) ;
#1146 = CARTESIAN_POINT ( 'NONE',  ( -29.66000000000000369, -65.34395145777230596, 33.39999999999999858 ) ) ;
#1147 = CARTESIAN_POINT ( 'NONE',  ( 32.52347925705029752, -46.48790716733196859, 34.47052515412771356 ) ) ;
#1148 = EDGE_LOOP ( 'NONE', ( #1833, #2677, #2134, #462, #2998 ) ) ;
#1149 = EDGE_LOOP ( 'NONE', ( #884, #4587, #958, #3115, #1069, #4237 ) ) ;
#1150 = CARTESIAN_POINT ( 'NONE',  ( 29.29689575192815454, -76.56116826350563542, 37.34807673284803542 ) ) ;
#1151 = CARTESIAN_POINT ( 'NONE',  ( 25.66000000000000014, -74.78333333333333144, -32.72752525690953007 ) ) ;
#1152 = CARTESIAN_POINT ( 'NONE',  ( -32.57681900122680219, -79.44967050843678180, -39.92739313774397658 ) ) ;
#1153 = CARTESIAN_POINT ( 'NONE',  ( -30.79456276777934320, -78.80563076434270897, 36.71244640456590957 ) ) ;
#1154 = VERTEX_POINT ( 'NONE', #5484 ) ;
#1155 = ORIENTED_EDGE ( 'NONE', *, *, #3238, .T. ) ;
#1156 = VERTEX_POINT ( 'NONE', #26 ) ;
#1157 = DIRECTION ( 'NONE',  ( -0.000000000000000000, -0.000000000000000000, -1.000000000000000000 ) ) ;
#1158 = EDGE_CURVE ( 'NONE', #1479, #1299, #4691, .T. ) ;
#1159 = CARTESIAN_POINT ( 'NONE',  ( 29.70297726023249041, -57.01095916705045852, 15.40849131236394953 ) ) ;
#1160 = EDGE_LOOP ( 'NONE', ( #317, #1104, #1021, #2491 ) ) ;
#1161 = CARTESIAN_POINT ( 'NONE',  ( 29.66000000000000014, -18.45000000000000284, 23.35147186257609420 ) ) ;
#1162 = CARTESIAN_POINT ( 'NONE',  ( -29.66000000000000014, -79.44999999999998863, 41.40000000000000568 ) ) ;
#1163 = DIRECTION ( 'NONE',  ( 1.000000000000000000, 0.000000000000000000, 0.000000000000000000 ) ) ;
#1164 = CARTESIAN_POINT ( 'NONE',  ( -34.11349104678458133, -43.60449481923800619, 37.40000000000001279 ) ) ;
#1165 = ADVANCED_FACE ( 'NONE', ( #412 ), #2136, .F. ) ;
#1166 = CARTESIAN_POINT ( 'NONE',  ( -30.95067303143480686, -79.44999999999997442, 13.24933848805028980 ) ) ;
#1167 = CARTESIAN_POINT ( 'NONE',  ( 27.65999999999999659, 3.000000000000000000, 33.39999999999999858 ) ) ;
#1168 = ORIENTED_EDGE ( 'NONE', *, *, #520, .T. ) ;
#1169 = DIRECTION ( 'NONE',  ( 0.000000000000000000, 0.000000000000000000, -1.000000000000000000 ) ) ;
#1170 = CARTESIAN_POINT ( 'NONE',  ( -25.80000000000000426, -0.4142135623730957006, -28.80000000000000782 ) ) ;
#1171 = ORIENTED_EDGE ( 'NONE', *, *, #3191, .T. ) ;
#1172 = VECTOR ( 'NONE', #1239, 1000.000000000000000 ) ;
#1173 = CARTESIAN_POINT ( 'NONE',  ( 32.29081259447128360, -58.42110728044750800, 19.31705734830616805 ) ) ;
#1174 = CARTESIAN_POINT ( 'NONE',  ( -30.44693313492138387, -78.47772945630076435, -32.97278545887882473 ) ) ;
#1175 = CARTESIAN_POINT ( 'NONE',  ( 0.000000000000000000, -18.45000000000000284, 23.35147186257609420 ) ) ;
#1176 = CARTESIAN_POINT ( 'NONE',  ( 25.73558585618336991, -75.55783387306297527, -33.12205113474016116 ) ) ;
#1177 = AXIS2_PLACEMENT_3D ( 'NONE', #1227, #4966, #4563 ) ;
#1178 = VECTOR ( 'NONE', #4432, 1000.000000000000000 ) ;
#1179 = ADVANCED_FACE ( 'NONE', ( #3836 ), #2086, .F. ) ;
#1180 = EDGE_LOOP ( 'NONE', ( #3363, #1032, #699 ) ) ;
#1181 =( BOUNDED_CURVE ( )  B_SPLINE_CURVE ( 3, ( #1956, #2284, #1166, #1878 ),
 .UNSPECIFIED., .F., .T. ) 
 B_SPLINE_CURVE_WITH_KNOTS ( ( 4, 4 ),
 ( 4.806338000327329496, 5.871668461112093951 ),
 .UNSPECIFIED. ) 
 CURVE ( )  GEOMETRIC_REPRESENTATION_ITEM ( )  RATIONAL_B_SPLINE_CURVE ( ( 1.000000000000000000, 0.9076377632210876900, 0.9076377632210876900, 1.000000000000000000 ) ) 
 REPRESENTATION_ITEM ( '' )  );
#1182 = ORIENTED_EDGE ( 'NONE', *, *, #4639, .T. ) ;
#1183 = VERTEX_POINT ( 'NONE', #86 ) ;
#1184 = CARTESIAN_POINT ( 'NONE',  ( 29.93158057888163981, -77.70202098674002400, 34.42196087754157929 ) ) ;
#1185 = VECTOR ( 'NONE', #3044, 1000.000000000000000 ) ;
#1186 = VECTOR ( 'NONE', #2949, 1000.000000000000000 ) ;
#1187 = CARTESIAN_POINT ( 'NONE',  ( 29.66000000000000014, -76.62358845603067437, 15.10502636940942445 ) ) ;
#1188 = DIRECTION ( 'NONE',  ( 0.000000000000000000, 0.000000000000000000, 1.000000000000000000 ) ) ;
#1189 = ORIENTED_EDGE ( 'NONE', *, *, #3313, .F. ) ;
#1190 = EDGE_LOOP ( 'NONE', ( #5451, #554, #3654, #3162, #1221 ) ) ;
#1191 = AXIS2_PLACEMENT_3D ( 'NONE', #238, #1141, #1527 ) ;
#1192 = CARTESIAN_POINT ( 'NONE',  ( 32.65999999999999659, -79.45000000000001705, -5.321180181138759124 ) ) ;
#1193 = DIRECTION ( 'NONE',  ( 0.000000000000000000, 1.000000000000000000, 0.000000000000000000 ) ) ;
#1194 = ORIENTED_EDGE ( 'NONE', *, *, #863, .F. ) ;
#1195 = FACE_OUTER_BOUND ( 'NONE', #1494, .T. ) ;
#1196 = ADVANCED_FACE ( 'NONE', ( #791 ), #901, .F. ) ;
#1197 = LINE ( 'NONE', #2030, #4536 ) ;
#1198 = DIRECTION ( 'NONE',  ( 1.000000000000000000, -0.000000000000000000, 0.000000000000000000 ) ) ;
#1199 = CARTESIAN_POINT ( 'NONE',  ( -32.66000000000001080, -79.44999999999998863, 41.40000000000000568 ) ) ;
#1200 = VERTEX_POINT ( 'NONE', #4334 ) ;
#1201 = FACE_OUTER_BOUND ( 'NONE', #2777, .T. ) ;
#1202 = CARTESIAN_POINT ( 'NONE',  ( 25.80000000000000426, -12.45000000000000284, 15.10000000000000142 ) ) ;
#1203 = ADVANCED_FACE ( 'NONE', ( #3523 ), #164, .T. ) ;
#1204 = VERTEX_POINT ( 'NONE', #3498 ) ;
#1205 = CARTESIAN_POINT ( 'NONE',  ( 32.47561670219862151, -67.34671672055384306, 24.84406982692379273 ) ) ;
#1206 = CARTESIAN_POINT ( 'NONE',  ( -33.87276921602119728, -79.44999999999998863, -3.071880407558201576 ) ) ;
#1207 = VECTOR ( 'NONE', #4246, 1000.000000000000000 ) ;
#1208 = LINE ( 'NONE', #3407, #4436 ) ;
#1209 = CARTESIAN_POINT ( 'NONE',  ( 29.66000000000000369, -62.03002223874516829, 34.35607363607665121 ) ) ;
#1210 = CARTESIAN_POINT ( 'NONE',  ( 25.66000000506406309, -75.18323671358062654, -32.91082067072412087 ) ) ;
#1211 = B_SPLINE_CURVE_WITH_KNOTS ( 'NONE', 3,
 ( #4225, #5107, #2573, #4272, #488, #3858, #82, #435, #949, #2632 ),
 .UNSPECIFIED., .F., .F.,
 ( 4, 2, 2, 2, 4 ),
 ( 0.000000000000000000, 0.0009904674386012333239, 0.001980934877202472719, 0.002971402315803711898, 0.003961869754404951510 ),
 .UNSPECIFIED. ) ;
#1212 = VERTEX_POINT ( 'NONE', #3075 ) ;
#1213 = VECTOR ( 'NONE', #1594, 1000.000000000000000 ) ;
#1214 = ORIENTED_EDGE ( 'NONE', *, *, #183, .T. ) ;
#1215 = CARTESIAN_POINT ( 'NONE',  ( 32.26473392545192809, -79.44999999999998863, 41.18872138601022215 ) ) ;
#1216 = DIRECTION ( 'NONE',  ( 0.000000000000000000, -0.6942372417107872673, -0.7197462415475317510 ) ) ;
#1217 = EDGE_CURVE ( 'NONE', #2492, #5210, #2293, .T. ) ;
#1218 = VECTOR ( 'NONE', #4544, 1000.000000000000000 ) ;
#1219 = CARTESIAN_POINT ( 'NONE',  ( -32.65999999999998238, -76.62358845603067437, 15.10502636940942800 ) ) ;
#1220 = DIRECTION ( 'NONE',  ( 0.000000000000000000, 0.000000000000000000, 1.000000000000000000 ) ) ;
#1221 = ORIENTED_EDGE ( 'NONE', *, *, #1661, .F. ) ;
#1222 = ORIENTED_EDGE ( 'NONE', *, *, #5326, .F. ) ;
#1223 =( BOUNDED_CURVE ( )  B_SPLINE_CURVE ( 3, ( #4243, #1316, #5100, #3374 ),
 .UNSPECIFIED., .F., .T. ) 
 B_SPLINE_CURVE_WITH_KNOTS ( ( 4, 4 ),
 ( 3.553109499657281400, 4.712388980384689674 ),
 .UNSPECIFIED. ) 
 CURVE ( )  GEOMETRIC_REPRESENTATION_ITEM ( )  RATIONAL_B_SPLINE_CURVE ( ( 1.000000000000000000, 0.8911066843560503381, 0.8911066843560503381, 1.000000000000000000 ) ) 
 REPRESENTATION_ITEM ( '' )  );
#1224 = CARTESIAN_POINT ( 'NONE',  ( 29.66000000000000369, -76.63465315696795699, -29.28877103540565940 ) ) ;
#1225 = CARTESIAN_POINT ( 'NONE',  ( -32.23092964436953878, -46.62370086987972684, 35.22198142329514070 ) ) ;
#1226 = EDGE_CURVE ( 'NONE', #4438, #3095, #833, .T. ) ;
#1227 = CARTESIAN_POINT ( 'NONE',  ( 33.80000000000000426, 4.209999999999991971, -35.78336146153467467 ) ) ;
#1228 = CARTESIAN_POINT ( 'NONE',  ( -25.78840539658314057, -41.14666835526069377, 37.40000000000000568 ) ) ;
#1229 = CARTESIAN_POINT ( 'NONE',  ( 0.000000000000000000, -1.000000000000000888, 31.99999999999999289 ) ) ;
#1230 = ORIENTED_EDGE ( 'NONE', *, *, #5237, .F. ) ;
#1231 = CARTESIAN_POINT ( 'NONE',  ( -19.45000000000000995, -24.36999999999999744, -32.00000000000000000 ) ) ;
#1232 = CARTESIAN_POINT ( 'NONE',  ( -25.74577360289490002, -76.51380985637278798, 37.54142248349904065 ) ) ;
#1233 = EDGE_LOOP ( 'NONE', ( #3452, #2806, #4144, #2971 ) ) ;
#1234 = DIRECTION ( 'NONE',  ( 5.672195538593291022E-17, -0.6942372417107872673, -0.7197462415475318620 ) ) ;
#1235 = CARTESIAN_POINT ( 'NONE',  ( 40.65999999999999659, -81.44999999999998863, 45.39999999999999858 ) ) ;
#1236 = EDGE_CURVE ( 'NONE', #4734, #3399, #60, .T. ) ;
#1237 = EDGE_LOOP ( 'NONE', ( #169, #3159, #2152, #1043 ) ) ;
#1238 = EDGE_CURVE ( 'NONE', #963, #3203, #1781, .T. ) ;
#1239 = DIRECTION ( 'NONE',  ( -1.000000000000000000, 0.000000000000000000, -0.000000000000000000 ) ) ;
#1240 = CARTESIAN_POINT ( 'NONE',  ( 25.66000000000000014, 3.000000000000000000, -30.00000000000000000 ) ) ;
#1241 = CARTESIAN_POINT ( 'NONE',  ( 29.19616842626808406, -76.74565453355197064, -33.89496800884354144 ) ) ;
#1242 = ORIENTED_EDGE ( 'NONE', *, *, #1502, .T. ) ;
#1243 = ADVANCED_FACE ( 'NONE', ( #186 ), #5169, .F. ) ;
#1244 = VERTEX_POINT ( 'NONE', #2272 ) ;
#1245 = DIRECTION ( 'NONE',  ( -1.000000000000000000, 0.000000000000000000, 0.000000000000000000 ) ) ;
#1246 = DIRECTION ( 'NONE',  ( 0.000000000000000000, 0.6942372417107872673, 0.7197462415475317510 ) ) ;
#1247 = LINE ( 'NONE', #1219, #2664 ) ;
#1248 = CARTESIAN_POINT ( 'NONE',  ( 33.80000000000000426, 4.209999999999991971, -35.78336146153467467 ) ) ;
#1249 = ORIENTED_EDGE ( 'NONE', *, *, #4211, .F. ) ;
#1250 = CARTESIAN_POINT ( 'NONE',  ( -32.66000000000001080, -76.44999999999998863, -5.720183209558419968 ) ) ;
#1251 = PLANE ( 'NONE',  #3737 ) ;
#1252 = DIRECTION ( 'NONE',  ( -1.000000000000000000, 0.000000000000000000, 9.998406201595440159E-17 ) ) ;
#1253 = CARTESIAN_POINT ( 'NONE',  ( -22.50000000000001421, -7.812238329577775531, 16.37742799230606394 ) ) ;
#1254 = DIRECTION ( 'NONE',  ( -0.000000000000000000, 0.000000000000000000, 1.000000000000000000 ) ) ;
#1255 = EDGE_CURVE ( 'NONE', #378, #1130, #930, .T. ) ;
#1256 = EDGE_LOOP ( 'NONE', ( #1054, #3186, #540 ) ) ;
#1257 = CARTESIAN_POINT ( 'NONE',  ( 0.000000000000000000, -12.45000000000000284, 0.000000000000000000 ) ) ;
#1258 = ORIENTED_EDGE ( 'NONE', *, *, #950, .T. ) ;
#1259 = CARTESIAN_POINT ( 'NONE',  ( -32.65999999999998238, -47.24127269365999382, 45.56696368325219026 ) ) ;
#1260 = CARTESIAN_POINT ( 'NONE',  ( -30.34374462026761776, -57.50560967762626063, 37.40000000000000568 ) ) ;
#1261 = DIRECTION ( 'NONE',  ( -1.000000000000000000, 0.000000000000000000, -0.000000000000000000 ) ) ;
#1262 = CARTESIAN_POINT ( 'NONE',  ( 0.2318757982045447363, -77.56826209873166533, 38.00683706551212993 ) ) ;
#1263 = CARTESIAN_POINT ( 'NONE',  ( -33.80000000000000426, 3.000000000000002665, -35.78336146153467467 ) ) ;
#1264 = CARTESIAN_POINT ( 'NONE',  ( -33.80000000000000426, 4.209999999999991971, -33.78336146153466757 ) ) ;
#1265 = CARTESIAN_POINT ( 'NONE',  ( 29.54579126277618428, -78.97196480850740841, -37.25252495750783055 ) ) ;
#1266 = EDGE_CURVE ( 'NONE', #1978, #4988, #3272, .T. ) ;
#1267 = ORIENTED_EDGE ( 'NONE', *, *, #53, .T. ) ;
#1268 = EDGE_LOOP ( 'NONE', ( #9, #409 ) ) ;
#1269 = ORIENTED_EDGE ( 'NONE', *, *, #551, .T. ) ;
#1270 = DIRECTION ( 'NONE',  ( 0.000000000000000000, 0.000000000000000000, -1.000000000000000000 ) ) ;
#1271 = CARTESIAN_POINT ( 'NONE',  ( -29.66000000000000369, -18.45000000000000284, 21.10000000000000142 ) ) ;
#1272 = CIRCLE ( 'NONE', #3194, 1.649999999999998579 ) ;
#1273 = DIRECTION ( 'NONE',  ( -9.998406201595427833E-17, 0.000000000000000000, -1.000000000000000000 ) ) ;
#1274 = EDGE_CURVE ( 'NONE', #3095, #2297, #4751, .T. ) ;
#1275 = ORIENTED_EDGE ( 'NONE', *, *, #4605, .F. ) ;
#1276 = ORIENTED_EDGE ( 'NONE', *, *, #2392, .T. ) ;
#1277 = CARTESIAN_POINT ( 'NONE',  ( -26.08992444378540654, -76.40398940998180422, -33.71457599422495832 ) ) ;
#1278 = CIRCLE ( 'NONE', #997, 5.999999999999998224 ) ;
#1279 = CIRCLE ( 'NONE', #208, 5.999999999999998224 ) ;
#1280 = CARTESIAN_POINT ( 'NONE',  ( -26.55383735014160962, -77.33355756504963097, 29.22360373932706423 ) ) ;
#1281 = CARTESIAN_POINT ( 'NONE',  ( 29.66000000000000014, -76.44999999999998863, 18.10000000000000142 ) ) ;
#1282 = VECTOR ( 'NONE', #694, 1000.000000000000000 ) ;
#1283 = B_SPLINE_CURVE_WITH_KNOTS ( 'NONE', 3,
 ( #372, #2880, #3794, #4598, #1315, #3818, #4264, #3402, #428, #1689, #4217, #4680, #5099, #2986, #839, #1205, #2102, #891, #12, #2456 ),
 .UNSPECIFIED., .F., .F.,
 ( 4, 2, 2, 2, 2, 2, 2, 2, 2, 4 ),
 ( 0.000000000000000000, 0.0008972860559199161189, 0.001794572111839832238, 0.002691858167759748031, 0.003589144223679664476, 0.004486430279599586124, 0.005383716335519509073, 0.006281002391439431155, 0.006729645419399398268, 0.007178288447359363646 ),
 .UNSPECIFIED. ) ;
#1284 = CARTESIAN_POINT ( 'NONE',  ( 0.000000000000000000, -79.44999999999998863, 0.000000000000000000 ) ) ;
#1285 = AXIS2_PLACEMENT_3D ( 'NONE', #3716, #1971, #5394 ) ;
#1286 = CARTESIAN_POINT ( 'NONE',  ( -40.65999999999996817, -81.44999999999998863, -39.90924142217967585 ) ) ;
#1287 = ORIENTED_EDGE ( 'NONE', *, *, #1007, .F. ) ;
#1288 = DIRECTION ( 'NONE',  ( 0.000000000000000000, 1.000000000000000000, 0.000000000000000000 ) ) ;
#1289 = ORIENTED_EDGE ( 'NONE', *, *, #5219, .F. ) ;
#1290 = LINE ( 'NONE', #480, #1800 ) ;
#1291 = DIRECTION ( 'NONE',  ( 0.000000000000000000, 0.000000000000000000, 1.000000000000000000 ) ) ;
#1292 = CARTESIAN_POINT ( 'NONE',  ( 29.43588069790133233, -64.56711223019331669, 37.39999999999999858 ) ) ;
#1293 = DIRECTION ( 'NONE',  ( -1.000000000000000000, 0.000000000000000000, 0.000000000000000000 ) ) ;
#1294 = DIRECTION ( 'NONE',  ( 0.000000000000000000, 1.000000000000000000, 0.000000000000000000 ) ) ;
#1295 = CARTESIAN_POINT ( 'NONE',  ( 30.79457045097906587, -78.80563688810916290, 36.71246608289860092 ) ) ;
#1296 = CARTESIAN_POINT ( 'NONE',  ( -32.61048738945630987, -81.44975484412957201, -41.90924142217968296 ) ) ;
#1297 = ORIENTED_EDGE ( 'NONE', *, *, #1485, .F. ) ;
#1298 = AXIS2_PLACEMENT_3D ( 'NONE', #2, #1707, #1679 ) ;
#1299 = VERTEX_POINT ( 'NONE', #4388 ) ;
#1300 = CARTESIAN_POINT ( 'NONE',  ( 29.66000000000000014, -75.44999999999998863, 41.40000000000000568 ) ) ;
#1301 = CARTESIAN_POINT ( 'NONE',  ( -29.66000000000000369, 1.000000000000000000, 37.40000000000000568 ) ) ;
#1302 = DIRECTION ( 'NONE',  ( 0.000000000000000000, 0.000000000000000000, 1.000000000000000000 ) ) ;
#1303 = TOROIDAL_SURFACE ( 'NONE', #2879, 2.000000000000000000, 2.000000000000000000 ) ;
#1304 = VERTEX_POINT ( 'NONE', #1406 ) ;
#1305 = CARTESIAN_POINT ( 'NONE',  ( 30.38947589207322864, -78.42124687978622433, -32.77463545248163967 ) ) ;
#1306 = ADVANCED_FACE ( 'NONE', ( #1426 ), #1860, .F. ) ;
#1307 = ADVANCED_FACE ( 'NONE', ( #2660 ), #3641, .T. ) ;
#1308 = FACE_OUTER_BOUND ( 'NONE', #3764, .T. ) ;
#1309 = CARTESIAN_POINT ( 'NONE',  ( 25.66000000000000014, -75.44999999999998863, 41.40000000000000568 ) ) ;
#1310 = ORIENTED_EDGE ( 'NONE', *, *, #1632, .T. ) ;
#1311 = DIRECTION ( 'NONE',  ( 2.105727161795421162E-16, -0.7197462415475317510, 0.6942372417107872673 ) ) ;
#1312 = VERTEX_POINT ( 'NONE', #1087 ) ;
#1313 = DIRECTION ( 'NONE',  ( -1.000000000000000000, 0.000000000000000000, 0.000000000000000000 ) ) ;
#1314 = ORIENTED_EDGE ( 'NONE', *, *, #1718, .T. ) ;
#1315 = CARTESIAN_POINT ( 'NONE',  ( 29.85048550960687308, -67.98689550301210716, 28.64313802417408539 ) ) ;
#1316 = CARTESIAN_POINT ( 'NONE',  ( 30.78220008844690980, -78.07505888058403798, -1.984563096465260745 ) ) ;
#1317 = VERTEX_POINT ( 'NONE', #3151 ) ;
#1318 = DIRECTION ( 'NONE',  ( 0.000000000000000000, -0.000000000000000000, 1.000000000000000000 ) ) ;
#1319 = CARTESIAN_POINT ( 'NONE',  ( 0.5660302229579420308, -77.63900508278068457, 38.05183328583688507 ) ) ;
#1320 = DIRECTION ( 'NONE',  ( 0.000000000000000000, -1.000000000000000000, 0.000000000000000000 ) ) ;
#1321 = DIRECTION ( 'NONE',  ( 1.000000000000000000, 0.000000000000000000, -9.998406201595427833E-17 ) ) ;
#1322 = CARTESIAN_POINT ( 'NONE',  ( 30.75051109945582439, -78.91123082495980157, -37.02260242792246459 ) ) ;
#1323 = EDGE_CURVE ( 'NONE', #4510, #4753, #244, .T. ) ;
#1324 = ORIENTED_EDGE ( 'NONE', *, *, #3951, .F. ) ;
#1325 = CARTESIAN_POINT ( 'NONE',  ( -33.80000000000000426, -85.45000000000000284, -35.78336146153467467 ) ) ;
#1326 = CARTESIAN_POINT ( 'NONE',  ( -32.66000000000001791, -79.44999999999998863, -33.00840200237134781 ) ) ;
#1327 = FACE_OUTER_BOUND ( 'NONE', #2904, .T. ) ;
#1328 = ORIENTED_EDGE ( 'NONE', *, *, #4468, .F. ) ;
#1329 = CARTESIAN_POINT ( 'NONE',  ( -26.41657310855214291, -76.90042537306693760, -34.14029187375466989 ) ) ;
#1330 = FACE_OUTER_BOUND ( 'NONE', #4865, .T. ) ;
#1331 = ORIENTED_EDGE ( 'NONE', *, *, #260, .T. ) ;
#1332 = CARTESIAN_POINT ( 'NONE',  ( -28.41735931288070560, -48.98827495916187758, 29.35147186257609064 ) ) ;
#1333 = CARTESIAN_POINT ( 'NONE',  ( -25.89868543942214885, -76.87082494154398660, 37.65701416176882788 ) ) ;
#1334 = ADVANCED_FACE ( 'NONE', ( #3603 ), #4872, .T. ) ;
#1335 = DIRECTION ( 'NONE',  ( 1.000000000000000000, 0.000000000000000000, 0.000000000000000000 ) ) ;
#1336 = CYLINDRICAL_SURFACE ( 'NONE', #4267, 2.999999999999999112 ) ;
#1337 = VERTEX_POINT ( 'NONE', #4132 ) ;
#1338 = VERTEX_POINT ( 'NONE', #2377 ) ;
#1339 = DIRECTION ( 'NONE',  ( -1.000000000000000000, 0.000000000000000000, 0.000000000000000000 ) ) ;
#1340 = CARTESIAN_POINT ( 'NONE',  ( -29.91651874313242132, -62.19737109725811308, 34.30779323505279166 ) ) ;
#1341 = EDGE_CURVE ( 'NONE', #4500, #4586, #1437, .T. ) ;
#1342 = DIRECTION ( 'NONE',  ( -4.999203100797713916E-17, 0.000000000000000000, -1.000000000000000000 ) ) ;
#1343 = DIRECTION ( 'NONE',  ( 1.000000000000000000, -0.000000000000000000, -0.000000000000000000 ) ) ;
#1344 = CARTESIAN_POINT ( 'NONE',  ( 32.57681900122649665, -79.44967050843678180, -39.92739313774384868 ) ) ;
#1345 = LINE ( 'NONE', #1644, #2495 ) ;
#1346 = CARTESIAN_POINT ( 'NONE',  ( -29.66000000000000014, -79.44999999999998863, 41.40000000000000568 ) ) ;
#1347 = ORIENTED_EDGE ( 'NONE', *, *, #1266, .F. ) ;
#1348 = LINE ( 'NONE', #3497, #4964 ) ;
#1349 = CARTESIAN_POINT ( 'NONE',  ( -31.92752736748363773, -79.36455168112574654, -33.43004824383837814 ) ) ;
#1350 = CARTESIAN_POINT ( 'NONE',  ( -30.02389105828213545, -77.89907158223731187, 34.68444294312647003 ) ) ;
#1351 = ADVANCED_FACE ( 'NONE', ( #5356 ), #2016, .F. ) ;
#1352 = ORIENTED_EDGE ( 'NONE', *, *, #5007, .F. ) ;
#1353 = CARTESIAN_POINT ( 'NONE',  ( 28.65999999999999659, -79.44999821954169761, 18.09673155287557478 ) ) ;
#1354 = AXIS2_PLACEMENT_3D ( 'NONE', #4405, #2682, #615 ) ;
#1355 = VECTOR ( 'NONE', #5024, 1000.000000000000000 ) ;
#1356 = CARTESIAN_POINT ( 'NONE',  ( -28.52585035100311828, -79.31480805074463092, 27.27116842719250656 ) ) ;
#1357 = CARTESIAN_POINT ( 'NONE',  ( -24.80000000000000426, 0.000000000000000000, -27.80000000000000426 ) ) ;
#1358 = AXIS2_PLACEMENT_3D ( 'NONE', #2306, #3643, #4810 ) ;
#1359 = FACE_OUTER_BOUND ( 'NONE', #496, .T. ) ;
#1360 =( BOUNDED_SURFACE ( )  B_SPLINE_SURFACE ( 3, 2, ( 
 ( #4516, #350, #4954 ),
 ( #2018, #4110, #1210 ),
 ( #707, #1588, #1176 ),
 ( #2408, #326, #2857 ),
 ( #812, #3325, #758 ),
 ( #728, #408, #1992 ),
 ( #3291, #4987, #2886 ),
 ( #4903, #4578, #785 ),
 ( #377, #1241, #4158 ),
 ( #2045, #2912, #2079 ),
 ( #3775, #1538, #3211 ),
 ( #1121, #296, #2799 ),
 ( #2379, #5358, #3802 ),
 ( #1378, #3827, #3045 ),
 ( #19, #3410, #2992 ),
 ( #515, #1671, #1265 ),
 ( #5044, #1322, #3352 ),
 ( #2162, #1695, #3461 ),
 ( #1723, #897, #3380 ),
 ( #2130, #2523, #2936 ) ),
 .UNSPECIFIED., .F., .F., .T. ) 
 B_SPLINE_SURFACE_WITH_KNOTS ( ( 4, 2, 2, 2, 2, 2, 2, 2, 2, 4 ),
 ( 3, 3 ),
 ( 0.000000000000000000, 0.001946537437062095637, 0.002919806155593143455, 0.003893074874124191273, 0.005839612311186286910, 0.006812881029717334294, 0.007786149748248382546, 0.009732687185310479050, 0.01167922462237257382, 0.01557229949649676509 ),
 ( 0.000000000000000000, 1.000000000000000000 ),
 .UNSPECIFIED. ) 
 GEOMETRIC_REPRESENTATION_ITEM ( )  RATIONAL_B_SPLINE_SURFACE ( (
 ( 1.000000000000000000, 0.7071067811865472397, 1.000000000000000000),
 ( 1.000000000000000000, 0.7197525100490506089, 1.000000000000000000),
 ( 1.000000000000000000, 0.7356975286812329484, 1.000000000000000000),
 ( 1.000000000000000000, 0.7619764670305259058, 1.000000000000000000),
 ( 1.000000000000000000, 0.7711815287360215265, 1.000000000000000000),
 ( 1.000000000000000000, 0.7898270635084128077, 1.000000000000000000),
 ( 1.000000000000000000, 0.7992026051044692769, 1.000000000000000000),
 ( 1.000000000000000000, 0.8271029283803962295, 1.000000000000000000),
 ( 1.000000000000000000, 0.8453829252591164023, 1.000000000000000000),
 ( 1.000000000000000000, 0.8713377926628571579, 1.000000000000000000),
 ( 1.000000000000000000, 0.8797571437262418081, 1.000000000000000000),
 ( 1.000000000000000000, 0.8957548069998323426, 1.000000000000000000),
 ( 1.000000000000000000, 0.9033711194677558343, 1.000000000000000000),
 ( 1.000000000000000000, 0.9250211735486625342, 1.000000000000000000),
 ( 1.000000000000000000, 0.9378555435522335504, 1.000000000000000000),
 ( 1.000000000000000000, 0.9601219804129152990, 1.000000000000000000),
 ( 1.000000000000000000, 0.9695910012895204710, 1.000000000000000000),
 ( 1.000000000000000000, 0.9922846230975107540, 1.000000000000000000),
 ( 1.000000000000000000, 0.9998887556528734954, 1.000000000000000000),
 ( 1.000000000000000000, 0.9999993668764829424, 1.000000000000000000) ) ) 
 REPRESENTATION_ITEM ( '' )  SURFACE ( )  );
#1361 = EDGE_CURVE ( 'NONE', #1565, #4336, #1939, .T. ) ;
#1362 = AXIS2_PLACEMENT_3D ( 'NONE', #3894, #2692, #4393 ) ;
#1363 = EDGE_LOOP ( 'NONE', ( #5036, #576, #4201, #2808 ) ) ;
#1364 = DIRECTION ( 'NONE',  ( -2.023844055306275469E-15, -0.000000000000000000, -1.000000000000000000 ) ) ;
#1365 = ORIENTED_EDGE ( 'NONE', *, *, #3347, .T. ) ;
#1366 = ORIENTED_EDGE ( 'NONE', *, *, #577, .T. ) ;
#1367 = CARTESIAN_POINT ( 'NONE',  ( -32.65999999999997527, -69.94387132699134213, 26.35147186257609064 ) ) ;
#1368 = FACE_OUTER_BOUND ( 'NONE', #1160, .T. ) ;
#1369 = AXIS2_PLACEMENT_3D ( 'NONE', #3174, #4511, #3204 ) ;
#1370 = EDGE_CURVE ( 'NONE', #2195, #1337, #1208, .T. ) ;
#1371 = EDGE_CURVE ( 'NONE', #4895, #4208, #3287, .T. ) ;
#1372 = CARTESIAN_POINT ( 'NONE',  ( -25.66000000000000369, 3.000000000000000000, 35.39999999999999858 ) ) ;
#1373 = CARTESIAN_POINT ( 'NONE',  ( -25.80000000000000426, -85.45000000000000284, 0.000000000000000000 ) ) ;
#1374 = DIRECTION ( 'NONE',  ( -0.000000000000000000, -0.000000000000000000, -1.000000000000000000 ) ) ;
#1375 = CIRCLE ( 'NONE', #4454, 4.000000000000001776 ) ;
#1376 = ORIENTED_EDGE ( 'NONE', *, *, #748, .F. ) ;
#1377 = DIRECTION ( 'NONE',  ( 0.000000000000000000, 0.000000000000000000, -1.000000000000000000 ) ) ;
#1378 = CARTESIAN_POINT ( 'NONE',  ( 30.86569797138999860, -78.86150975655411344, -34.39835500412456071 ) ) ;
#1379 = VERTEX_POINT ( 'NONE', #2884 ) ;
#1380 = ORIENTED_EDGE ( 'NONE', *, *, #3047, .F. ) ;
#1381 = CARTESIAN_POINT ( 'NONE',  ( -32.65999999999998238, -48.98827495916188468, 29.35147186257609064 ) ) ;
#1382 = DIRECTION ( 'NONE',  ( 0.000000000000000000, 0.000000000000000000, -1.000000000000000000 ) ) ;
#1383 = DIRECTION ( 'NONE',  ( -3.961059142905700045E-17, 0.000000000000000000, -1.000000000000000000 ) ) ;
#1384 = ORIENTED_EDGE ( 'NONE', *, *, #2493, .F. ) ;
#1385 = CYLINDRICAL_SURFACE ( 'NONE', #1724, 1.000000000000000888 ) ;
#1386 = CARTESIAN_POINT ( 'NONE',  ( 29.65999999999999304, -38.71630092818489999, 37.39999999999999858 ) ) ;
#1387 = AXIS2_PLACEMENT_3D ( 'NONE', #2002, #1625, #1926 ) ;
#1388 = CARTESIAN_POINT ( 'NONE',  ( 9.203291093141308110, -12.88410537944184675, 16.37742799230606394 ) ) ;
#1389 = DIRECTION ( 'NONE',  ( 0.000000000000000000, 0.000000000000000000, -1.000000000000000000 ) ) ;
#1390 = VECTOR ( 'NONE', #1613, 1000.000000000000000 ) ;
#1391 = B_SPLINE_CURVE_WITH_KNOTS ( 'NONE', 3,
 ( #980, #2659, #1455, #2635, #518, #2192, #4356, #5167 ),
 .UNSPECIFIED., .F., .F.,
 ( 4, 2, 2, 4 ),
 ( -1.597543468161873162E-05, 0.002006153709075400929, 0.003017218280953901967, 0.004028282852832410811 ),
 .UNSPECIFIED. ) ;
#1392 = EDGE_CURVE ( 'NONE', #4821, #1413, #5234, .T. ) ;
#1393 = CARTESIAN_POINT ( 'NONE',  ( 27.65999999999999659, 3.000000000000000000, -1.382779577680647605E-15 ) ) ;
#1394 = PRODUCT_DEFINITION_FORMATION_WITH_SPECIFIED_SOURCE ( 'ANY', '', #2468, .NOT_KNOWN. ) ;
#1395 = CARTESIAN_POINT ( 'NONE',  ( -26.14580920449878221, -76.91591582677300210, 15.13516970802945849 ) ) ;
#1396 = DIRECTION ( 'NONE',  ( 0.000000000000000000, 0.000000000000000000, 1.000000000000000000 ) ) ;
#1397 = DIRECTION ( 'NONE',  ( 0.000000000000000000, -1.000000000000000000, 0.000000000000000000 ) ) ;
#1398 = DIRECTION ( 'NONE',  ( 0.000000000000000000, 0.7197462415475317510, -0.6942372417107872673 ) ) ;
#1399 = DIRECTION ( 'NONE',  ( -3.598157642531920944E-17, -0.6942372417107872673, -0.7197462415475317510 ) ) ;
#1400 = VERTEX_POINT ( 'NONE', #3740 ) ;
#1401 = CARTESIAN_POINT ( 'NONE',  ( 28.50850273512414645, -76.52995114706776292, 15.20210428045408868 ) ) ;
#1402 = CARTESIAN_POINT ( 'NONE',  ( 33.09752698877213817, -79.44999999999998863, -3.900185063022471699 ) ) ;
#1403 = EDGE_CURVE ( 'NONE', #2335, #96, #3083, .T. ) ;
#1404 = EDGE_LOOP ( 'NONE', ( #3004, #1222 ) ) ;
#1405 = DIRECTION ( 'NONE',  ( 1.000000000000000000, 0.000000000000000000, -4.999203100797713916E-17 ) ) ;
#1406 = CARTESIAN_POINT ( 'NONE',  ( -17.80000000000001847, -65.44999999999998863, -32.00000000000000000 ) ) ;
#1407 = CARTESIAN_POINT ( 'NONE',  ( -25.38578643762690845, -5.429140806177446840E-16, 32.58578643762690064 ) ) ;
#1408 = EDGE_CURVE ( 'NONE', #2300, #2778, #1643, .T. ) ;
#1409 = CARTESIAN_POINT ( 'NONE',  ( 32.87378311070313686, -43.24122368465700816, 37.40000000000200231 ) ) ;
#1410 = ORIENTED_EDGE ( 'NONE', *, *, #2642, .F. ) ;
#1411 = CARTESIAN_POINT ( 'NONE',  ( -40.65999999999998238, -81.44999999999998863, 45.39999999999999858 ) ) ;
#1412 = ORIENTED_EDGE ( 'NONE', *, *, #983, .F. ) ;
#1413 = VERTEX_POINT ( 'NONE', #1611 ) ;
#1414 = CARTESIAN_POINT ( 'NONE',  ( 32.65999999999999659, -79.44999999999998863, -38.55832092069798733 ) ) ;
#1415 = CARTESIAN_POINT ( 'NONE',  ( 28.65999999999999659, -79.44999999999998863, 18.10000000000000142 ) ) ;
#1416 = DIRECTION ( 'NONE',  ( 0.000000000000000000, 0.000000000000000000, -1.000000000000000000 ) ) ;
#1417 = CARTESIAN_POINT ( 'NONE',  ( 29.66000000000000014, -47.24127269365998671, 45.56696368325218316 ) ) ;
#1418 = ADVANCED_FACE ( 'NONE', ( #2459 ), #405, .F. ) ;
#1419 = PLANE ( 'NONE',  #4622 ) ;
#1420 = FACE_OUTER_BOUND ( 'NONE', #1806, .T. ) ;
#1421 = DIRECTION ( 'NONE',  ( -1.000000000000000000, 0.000000000000000000, -0.000000000000000000 ) ) ;
#1422 = ORIENTED_EDGE ( 'NONE', *, *, #4130, .T. ) ;
#1423 = CARTESIAN_POINT ( 'NONE',  ( -30.21868172846264855, -77.46376855929877081, -3.389772745425660982 ) ) ;
#1424 = ORIENTED_EDGE ( 'NONE', *, *, #828, .T. ) ;
#1425 = DIRECTION ( 'NONE',  ( 0.000000000000000000, -1.000000000000000000, 0.000000000000000000 ) ) ;
#1426 = FACE_OUTER_BOUND ( 'NONE', #4567, .T. ) ;
#1427 = ADVANCED_FACE ( 'NONE', ( #484 ), #894, .F. ) ;
#1428 = LINE ( 'NONE', #982, #3920 ) ;
#1429 = CARTESIAN_POINT ( 'NONE',  ( -19.45000000000001705, -65.44999999999998863, -28.80000000000000782 ) ) ;
#1430 = CARTESIAN_POINT ( 'NONE',  ( 26.66562710035866601, -44.58715465002243405, 37.40000000000000568 ) ) ;
#1431 = EDGE_CURVE ( 'NONE', #3988, #2395, #5420, .T. ) ;
#1432 = VERTEX_POINT ( 'NONE', #48 ) ;
#1433 = CARTESIAN_POINT ( 'NONE',  ( -26.64733013235276715, -77.74637666554171744, 38.12231708681731845 ) ) ;
#1434 = ORIENTED_EDGE ( 'NONE', *, *, #3893, .F. ) ;
#1435 = ORIENTED_EDGE ( 'NONE', *, *, #189, .T. ) ;
#1436 = CARTESIAN_POINT ( 'NONE',  ( -25.80000000000000426, -91.94834808253654046, 29.35147186257609064 ) ) ;
#1437 = CIRCLE ( 'NONE', #638, 2.000000000000001776 ) ;
#1438 = VERTEX_POINT ( 'NONE', #1692 ) ;
#1439 = CARTESIAN_POINT ( 'NONE',  ( -31.62310029984134729, -66.95952249008584545, 25.99840992697831155 ) ) ;
#1440 = AXIS2_PLACEMENT_3D ( 'NONE', #5096, #2876, #2984 ) ;
#1441 = FACE_OUTER_BOUND ( 'NONE', #360, .T. ) ;
#1442 = VECTOR ( 'NONE', #2237, 1000.000000000000114 ) ;
#1443 = CARTESIAN_POINT ( 'NONE',  ( -40.65999999999996817, -81.44999999999998863, -41.90924142217968296 ) ) ;
#1444 = VECTOR ( 'NONE', #356, 1000.000000000000000 ) ;
#1445 = CARTESIAN_POINT ( 'NONE',  ( -29.17299634999508484, -47.85344860071874962, 37.36903863652045743 ) ) ;
#1446 = EDGE_CURVE ( 'NONE', #1183, #24, #2570, .T. ) ;
#1447 = DIRECTION ( 'NONE',  ( -0.000000000000000000, -1.000000000000000000, -0.000000000000000000 ) ) ;
#1448 = CARTESIAN_POINT ( 'NONE',  ( 27.48583027532428957, -48.53964456777206493, 29.35147186257609420 ) ) ;
#1449 = EDGE_LOOP ( 'NONE', ( #563, #4127, #3281, #5068 ) ) ;
#1450 = CARTESIAN_POINT ( 'NONE',  ( 9.203291093141308110, -12.88410537944184497, -28.80000000000000782 ) ) ;
#1451 = CARTESIAN_POINT ( 'NONE',  ( -29.66000000000000369, -76.65985988191310696, -5.237765738323075126 ) ) ;
#1452 = VECTOR ( 'NONE', #4860, 1000.000000000000000 ) ;
#1453 = AXIS2_PLACEMENT_3D ( 'NONE', #2076, #432, #5447 ) ;
#1454 = EDGE_LOOP ( 'NONE', ( #4719, #5021 ) ) ;
#1455 = CARTESIAN_POINT ( 'NONE',  ( 29.92320105773630345, -56.48059375518158021, 37.24699459025277548 ) ) ;
#1456 = CARTESIAN_POINT ( 'NONE',  ( 0.000000000000000000, -18.45000000000000284, 21.10000000000000142 ) ) ;
#1457 = CARTESIAN_POINT ( 'NONE',  ( 19.44999999999846096, -65.45000000000145235, -23.33309524416879555 ) ) ;
#1458 = CARTESIAN_POINT ( 'NONE',  ( 29.65999999999999659, -76.44999999999998863, -32.00000000000000000 ) ) ;
#1459 = CARTESIAN_POINT ( 'NONE',  ( 28.55320762644183930, -47.92174408434991761, 37.40000000000000568 ) ) ;
#1460 = CARTESIAN_POINT ( 'NONE',  ( -25.92585723106110152, -76.91515967602444448, 37.67533166035448033 ) ) ;
#1461 = ORIENTED_EDGE ( 'NONE', *, *, #703, .T. ) ;
#1462 = ORIENTED_EDGE ( 'NONE', *, *, #738, .T. ) ;
#1463 = CARTESIAN_POINT ( 'NONE',  ( -32.65999999999998238, -62.73465103598690717, 15.10000000000000853 ) ) ;
#1464 = EDGE_CURVE ( 'NONE', #3306, #2443, #1480, .T. ) ;
#1465 = EDGE_CURVE ( 'NONE', #3320, #2582, #3490, .T. ) ;
#1466 = AXIS2_PLACEMENT_3D ( 'NONE', #2571, #2548, #406 ) ;
#1467 = CARTESIAN_POINT ( 'NONE',  ( -31.19395936051465057, -79.16716822992154334, -37.30436017473395793 ) ) ;
#1468 = CARTESIAN_POINT ( 'NONE',  ( 29.65999999999999659, -71.44999999999998863, -40.00000000000000000 ) ) ;
#1469 = FACE_BOUND ( 'NONE', #4541, .T. ) ;
#1470 = AXIS2_PLACEMENT_3D ( 'NONE', #385, #5052, #1273 ) ;
#1471 = CARTESIAN_POINT ( 'NONE',  ( -29.66000000000000369, -75.44999999999998863, 41.40000000000000568 ) ) ;
#1472 = CIRCLE ( 'NONE', #4826, 2.999999999999999112 ) ;
#1473 = CARTESIAN_POINT ( 'NONE',  ( 22.49999999999998579, -7.812238329577785301, -32.00000000000000000 ) ) ;
#1474 = CARTESIAN_POINT ( 'NONE',  ( 33.80000000000000426, -79.44999999999998863, -33.78336146153466757 ) ) ;
#1475 = ORIENTED_EDGE ( 'NONE', *, *, #1072, .T. ) ;
#1476 = ORIENTED_EDGE ( 'NONE', *, *, #2502, .F. ) ;
#1477 = CARTESIAN_POINT ( 'NONE',  ( 27.01726135714127253, -78.03783407377412118, 38.33744019640550249 ) ) ;
#1478 = CARTESIAN_POINT ( 'NONE',  ( 33.16212027479603819, -79.45000000000000284, -1.919657515403458303 ) ) ;
#1479 = VERTEX_POINT ( 'NONE', #4814 ) ;
#1480 = B_SPLINE_CURVE_WITH_KNOTS ( 'NONE', 3,
 ( #3799, #3377, #4269, #5076, #4245, #5413, #4156, #375, #592, #2265 ),
 .UNSPECIFIED., .F., .F.,
 ( 4, 2, 2, 2, 4 ),
 ( 0.000000000000000000, 0.0007066237969203697285, 0.001413247593840739457, 0.002119871390761108969, 0.002826495187681478914 ),
 .UNSPECIFIED. ) ;
#1481 = CARTESIAN_POINT ( 'NONE',  ( -30.09809083988666245, -78.90917426049756500, 16.36881740535676855 ) ) ;
#1482 = CARTESIAN_POINT ( 'NONE',  ( -31.85368240493333047, -79.44904603279368871, -39.29618828406220388 ) ) ;
#1483 = CARTESIAN_POINT ( 'NONE',  ( -31.27865088267984461, -79.39970230236352222, 40.66167258691956476 ) ) ;
#1484 = CARTESIAN_POINT ( 'NONE',  ( 28.44643789953164514, -79.23511756491137703, 27.48688909169587902 ) ) ;
#1485 = EDGE_CURVE ( 'NONE', #1797, #1969, #4347, .T. ) ;
#1486 = ORIENTED_EDGE ( 'NONE', *, *, #4507, .T. ) ;
#1487 = CARTESIAN_POINT ( 'NONE',  ( 29.49917746557992615, -75.95610903884414711, 37.36788619321125537 ) ) ;
#1488 = CARTESIAN_POINT ( 'NONE',  ( 31.64021016906093919, -46.40216322445430563, 31.18261700045028562 ) ) ;
#1489 = CARTESIAN_POINT ( 'NONE',  ( -29.59141929880066968, -77.68011520897671573, 37.84608640764587761 ) ) ;
#1490 = ORIENTED_EDGE ( 'NONE', *, *, #1370, .T. ) ;
#1491 = EDGE_LOOP ( 'NONE', ( #479, #204, #2478 ) ) ;
#1492 = ORIENTED_EDGE ( 'NONE', *, *, #1274, .T. ) ;
#1493 = CARTESIAN_POINT ( 'NONE',  ( -29.66000000000000725, -56.36771859448808897, 15.10000000000000142 ) ) ;
#1494 = EDGE_LOOP ( 'NONE', ( #2363, #4373, #4227, #4486 ) ) ;
#1495 = LINE ( 'NONE', #3269, #3728 ) ;
#1496 = EDGE_CURVE ( 'NONE', #4848, #621, #1772, .T. ) ;
#1497 = LINE ( 'NONE', #4890, #1452 ) ;
#1498 = CARTESIAN_POINT ( 'NONE',  ( -29.65999999999998238, -67.78463260234875065, 24.26876013744372074 ) ) ;
#1499 = CARTESIAN_POINT ( 'NONE',  ( 31.76492875813741179, -79.31734018766377403, -33.56957078199485522 ) ) ;
#1500 = DIRECTION ( 'NONE',  ( -2.850957430653865361E-17, -0.6942372417107872673, -0.7197462415475317510 ) ) ;
#1501 = CARTESIAN_POINT ( 'NONE',  ( -34.66000000000000369, -36.74551864513313859, 35.44319655574729921 ) ) ;
#1502 = EDGE_CURVE ( 'NONE', #2190, #2626, #5235, .T. ) ;
#1503 = EDGE_LOOP ( 'NONE', ( #3979, #4460, #398, #2414 ) ) ;
#1504 = ORIENTED_EDGE ( 'NONE', *, *, #753, .T. ) ;
#1505 = DIRECTION ( 'NONE',  ( -7.196315285063841888E-17, -0.6942372417107872673, -0.7197462415475317510 ) ) ;
#1506 = CARTESIAN_POINT ( 'NONE',  ( 32.68853453368488005, -79.44999999999998863, -5.160256835124927832 ) ) ;
#1507 = ORIENTED_EDGE ( 'NONE', *, *, #3240, .F. ) ;
#1508 = PLANE ( 'NONE',  #5155 ) ;
#1509 = CARTESIAN_POINT ( 'NONE',  ( -29.86394053714919750, -78.12229701215458988, -35.48019858587534969 ) ) ;
#1510 = CARTESIAN_POINT ( 'NONE',  ( -29.65999999999998238, -59.84097600872410538, 18.09999999999999787 ) ) ;
#1511 = CARTESIAN_POINT ( 'NONE',  ( 29.69676011579905506, -76.93326559117737418, 33.68284496664364269 ) ) ;
#1512 = CARTESIAN_POINT ( 'NONE',  ( 17.79999999999999005, -24.37000000000000099, -23.33309524416879555 ) ) ;
#1513 = EDGE_CURVE ( 'NONE', #1714, #3867, #4875, .T. ) ;
#1514 = CARTESIAN_POINT ( 'NONE',  ( -32.66000000000001791, -76.44999999999998863, -41.90924142217968296 ) ) ;
#1515 = CARTESIAN_POINT ( 'NONE',  ( -30.10992451423938832, -78.37390311491128614, 38.48888699087770249 ) ) ;
#1516 = ORIENTED_EDGE ( 'NONE', *, *, #4061, .F. ) ;
#1517 = CARTESIAN_POINT ( 'NONE',  ( 32.65999999999999659, -79.31919502606432104, -2.932290914603527643 ) ) ;
#1518 = VERTEX_POINT ( 'NONE', #1802 ) ;
#1519 = CARTESIAN_POINT ( 'NONE',  ( 40.65999999999999659, -81.44999999999998863, 45.39999999999999858 ) ) ;
#1520 = DIRECTION ( 'NONE',  ( -1.000000000000000000, 0.000000000000000000, 0.000000000000000000 ) ) ;
#1521 = CARTESIAN_POINT ( 'NONE',  ( -28.23810219481015693, -47.49806301706610157, 37.40000000000000568 ) ) ;
#1522 = ADVANCED_FACE ( 'NONE', ( #127 ), #2184, .F. ) ;
#1523 = VECTOR ( 'NONE', #4616, 1000.000000000000000 ) ;
#1524 = DIRECTION ( 'NONE',  ( -1.000000000000000000, 0.000000000000000000, -0.000000000000000000 ) ) ;
#1525 = CARTESIAN_POINT ( 'NONE',  ( -31.34355237501248936, -66.94387132699134213, 26.35147186257609064 ) ) ;
#1526 = ORIENTED_EDGE ( 'NONE', *, *, #546, .T. ) ;
#1527 = DIRECTION ( 'NONE',  ( 0.000000000000000000, -0.000000000000000000, -1.000000000000000000 ) ) ;
#1528 = FACE_OUTER_BOUND ( 'NONE', #1063, .T. ) ;
#1529 = AXIS2_PLACEMENT_3D ( 'NONE', #5106, #3801, #1321 ) ;
#1530 = CIRCLE ( 'NONE', #4096, 2.000000000000001776 ) ;
#1531 = ADVANCED_FACE ( 'NONE', ( #922 ), #3960, .T. ) ;
#1532 = EDGE_CURVE ( 'NONE', #1200, #3783, #2590, .T. ) ;
#1533 = LINE ( 'NONE', #3208, #1873 ) ;
#1534 = CARTESIAN_POINT ( 'NONE',  ( -30.19329567072251308, -78.16914937982461709, -32.05411492632065062 ) ) ;
#1535 = VECTOR ( 'NONE', #682, 1000.000000000000000 ) ;
#1536 = CYLINDRICAL_SURFACE ( 'NONE', #1088, 2.999999999999999112 ) ;
#1537 = VECTOR ( 'NONE', #4933, 1000.000000000000000 ) ;
#1538 = CARTESIAN_POINT ( 'NONE',  ( 29.40030914766044745, -77.33722711639059355, -34.48330867381402953 ) ) ;
#1539 = AXIS2_PLACEMENT_3D ( 'NONE', #258, #4452, #2340 ) ;
#1540 = CARTESIAN_POINT ( 'NONE',  ( 30.08314148496846485, -77.98975142761406687, 34.84463417427566867 ) ) ;
#1541 = CARTESIAN_POINT ( 'NONE',  ( 0.000000000000000000, -176.7474391754774388, -28.80000000000000782 ) ) ;
#1542 = DIRECTION ( 'NONE',  ( -0.000000000000000000, -0.000000000000000000, 1.000000000000000000 ) ) ;
#1543 = CARTESIAN_POINT ( 'NONE',  ( -30.21168398772366359, -78.47587359674069774, 38.61023322246073519 ) ) ;
#1544 = VECTOR ( 'NONE', #2591, 1000.000000000000000 ) ;
#1545 = VERTEX_POINT ( 'NONE', #3882 ) ;
#1546 = CARTESIAN_POINT ( 'NONE',  ( -32.58804193487910794, -81.44958813554642063, -41.90924142217968296 ) ) ;
#1547 = CARTESIAN_POINT ( 'NONE',  ( 32.65999999999999659, -46.95087761913032409, 31.59846824268365495 ) ) ;
#1548 = DIRECTION ( 'NONE',  ( -1.000000000000000000, 0.000000000000000000, 0.000000000000000000 ) ) ;
#1549 =( LENGTH_UNIT ( ) NAMED_UNIT ( * ) SI_UNIT ( .MILLI., .METRE. ) );
#1550 = CARTESIAN_POINT ( 'NONE',  ( -35.46914804845327751, -42.89635708855786334, 37.39999999999999858 ) ) ;
#1551 = EDGE_CURVE ( 'NONE', #2395, #605, #2208, .T. ) ;
#1552 = AXIS2_PLACEMENT_3D ( 'NONE', #4312, #3055, #933 ) ;
#1553 = CARTESIAN_POINT ( 'NONE',  ( -25.66000000000000369, -65.34395145777230596, 33.39999999999999858 ) ) ;
#1554 = CARTESIAN_POINT ( 'NONE',  ( -28.65999999999998593, -48.03653567936055424, 37.40000000000000568 ) ) ;
#1555 = TOROIDAL_SURFACE ( 'NONE', #5360, 8.000000000000000000, 4.000000000000000000 ) ;
#1556 = CARTESIAN_POINT ( 'NONE',  ( -0.8861362910641411572, -77.74908488299594467, 38.12555933631515614 ) ) ;
#1557 = CARTESIAN_POINT ( 'NONE',  ( 32.59926500607927125, -81.44964370878099658, -41.90924142217968296 ) ) ;
#1558 = CIRCLE ( 'NONE', #3859, 2.000000000000001776 ) ;
#1559 = DIRECTION ( 'NONE',  ( -1.961247570352523610E-16, 1.000000000000000000, 0.000000000000000000 ) ) ;
#1560 = CARTESIAN_POINT ( 'NONE',  ( -30.58211836422057317, -78.61604699970922638, -33.44285424746985314 ) ) ;
#1561 = CARTESIAN_POINT ( 'NONE',  ( 32.66000000000000369, -81.44999999999998863, -39.90924142217967585 ) ) ;
#1562 = CARTESIAN_POINT ( 'NONE',  ( 31.05601273691074837, -47.13073540425535413, 36.61332289178876920 ) ) ;
#1563 = EDGE_CURVE ( 'NONE', #2668, #3135, #3113, .T. ) ;
#1564 =( BOUNDED_CURVE ( )  B_SPLINE_CURVE ( 3, ( #3848, #2543, #2959, #74 ),
 .UNSPECIFIED., .F., .T. ) 
 B_SPLINE_CURVE_WITH_KNOTS ( ( 4, 4 ),
 ( 4.712388980384689674, 4.770284136279101084 ),
 .UNSPECIFIED. ) 
 CURVE ( )  GEOMETRIC_REPRESENTATION_ITEM ( )  RATIONAL_B_SPLINE_CURVE ( ( 1.000000000000000000, 0.9997206987481398466, 0.9997206987481398466, 1.000000000000000000 ) ) 
 REPRESENTATION_ITEM ( '' )  );
#1565 = VERTEX_POINT ( 'NONE', #3120 ) ;
#1566 = ORIENTED_EDGE ( 'NONE', *, *, #950, .F. ) ;
#1567 = CARTESIAN_POINT ( 'NONE',  ( 29.33012582936454038, -76.92115205788194032, 37.45162584481897738 ) ) ;
#1568 = CARTESIAN_POINT ( 'NONE',  ( 0.000000000000000000, -12.88410537944184675, 16.37742799230606394 ) ) ;
#1569 = CARTESIAN_POINT ( 'NONE',  ( -33.80000000000000426, -79.44999999999998863, -33.78336146153466757 ) ) ;
#1570 = EDGE_CURVE ( 'NONE', #4816, #279, #5208, .T. ) ;
#1571 = EDGE_LOOP ( 'NONE', ( #3369, #581, #3577, #2620, #5441, #2887, #1933, #180, #1923, #1752 ) ) ;
#1572 = ORIENTED_EDGE ( 'NONE', *, *, #5182, .F. ) ;
#1573 = CARTESIAN_POINT ( 'NONE',  ( -25.66000000000001080, -76.45000000000000284, -29.09128788536429155 ) ) ;
#1574 = DIRECTION ( 'NONE',  ( -0.000000000000000000, 1.000000000000000000, -0.000000000000000000 ) ) ;
#1575 = CARTESIAN_POINT ( 'NONE',  ( -21.10000000000001563, -65.44999999999998863, -32.00000000000000000 ) ) ;
#1576 = FACE_OUTER_BOUND ( 'NONE', #4054, .T. ) ;
#1577 = CARTESIAN_POINT ( 'NONE',  ( 0.000000000000000000, 0.000000000000000000, 0.000000000000000000 ) ) ;
#1578 = CARTESIAN_POINT ( 'NONE',  ( -29.66000000000000369, -51.28921125663579517, 20.36511162104075012 ) ) ;
#1579 = CYLINDRICAL_SURFACE ( 'NONE', #1730, 5.000000000000003553 ) ;
#1580 = EDGE_CURVE ( 'NONE', #664, #886, #919, .T. ) ;
#1581 = VERTEX_POINT ( 'NONE', #3854 ) ;
#1582 = EDGE_LOOP ( 'NONE', ( #2979, #4683, #4026, #3966, #1958 ) ) ;
#1583 = PLANE ( 'NONE',  #3558 ) ;
#1584 = LINE ( 'NONE', #1235, #1825 ) ;
#1585 = CARTESIAN_POINT ( 'NONE',  ( -32.65999999999998238, -76.62358845603067437, 15.10502636940942800 ) ) ;
#1586 = CARTESIAN_POINT ( 'NONE',  ( -31.48676312906003361, -79.21654688359963359, -36.38674023066508312 ) ) ;
#1587 = DIRECTION ( 'NONE',  ( -1.000000000000000000, 0.000000000000000000, 0.000000000000000000 ) ) ;
#1588 = CARTESIAN_POINT ( 'NONE',  ( 29.38413803688962744, -75.07982498993472120, -32.84728825258159191 ) ) ;
#1589 = ORIENTED_EDGE ( 'NONE', *, *, #3625, .T. ) ;
#1590 = EDGE_LOOP ( 'NONE', ( #2765, #3265, #1617, #3808 ) ) ;
#1591 = ADVANCED_FACE ( 'NONE', ( #78 ), #156, .F. ) ;
#1592 = CARTESIAN_POINT ( 'NONE',  ( 25.66000000210484799, -76.09486705255103800, 37.44962456646108251 ) ) ;
#1593 = CARTESIAN_POINT ( 'NONE',  ( 29.66000000000000014, -58.41707727964123364, 40.58139471039704915 ) ) ;
#1594 = DIRECTION ( 'NONE',  ( -1.000000000000000000, -0.000000000000000000, 0.000000000000000000 ) ) ;
#1595 = EDGE_LOOP ( 'NONE', ( #713, #2132, #1828, #3072 ) ) ;
#1596 = DIRECTION ( 'NONE',  ( -1.000000000000000000, 6.938893903907227115E-14, 0.000000000000000000 ) ) ;
#1597 = ADVANCED_FACE ( 'NONE', ( #1420 ), #3013, .T. ) ;
#1598 = CARTESIAN_POINT ( 'NONE',  ( -29.29953827626123797, -47.80745740590083415, 37.35061222481250809 ) ) ;
#1599 = DIRECTION ( 'NONE',  ( -1.000000000000000000, -4.822023056331056494E-17, 0.000000000000000000 ) ) ;
#1600 = VERTEX_POINT ( 'NONE', #4298 ) ;
#1601 = CARTESIAN_POINT ( 'NONE',  ( 29.66000000000000014, -69.94387132699132792, 26.35147186257609064 ) ) ;
#1602 = DIRECTION ( 'NONE',  ( -1.000000000000000000, 0.000000000000000000, -0.000000000000000000 ) ) ;
#1603 = ORIENTED_EDGE ( 'NONE', *, *, #1236, .F. ) ;
#1604 = CARTESIAN_POINT ( 'NONE',  ( -39.83157287525378365, -79.44999999999998863, 44.57157287525381406 ) ) ;
#1605 = CARTESIAN_POINT ( 'NONE',  ( 0.000000000000000000, -75.44999999999998863, 41.40000000000000568 ) ) ;
#1606 = CARTESIAN_POINT ( 'NONE',  ( -2.091786649307837198, -78.52934746562164037, 38.84027257666413391 ) ) ;
#1607 = CARTESIAN_POINT ( 'NONE',  ( -25.80000000000000426, -1.000000000000000888, -28.80000000000000782 ) ) ;
#1608 = ADVANCED_FACE ( 'NONE', ( #511 ), #973, .F. ) ;
#1609 = AXIS2_PLACEMENT_3D ( 'NONE', #1853, #1000, #178 ) ;
#1610 = AXIS2_PLACEMENT_3D ( 'NONE', #3856, #80, #2187 ) ;
#1611 = CARTESIAN_POINT ( 'NONE',  ( -2.973213749463702538, -79.44999999999998863, 41.40000000000000568 ) ) ;
#1612 = FACE_OUTER_BOUND ( 'NONE', #3788, .T. ) ;
#1613 = DIRECTION ( 'NONE',  ( -1.000000000000000000, -2.925652181618734909E-16, 0.000000000000000000 ) ) ;
#1614 = AXIS2_PLACEMENT_3D ( 'NONE', #3035, #2676, #2621 ) ;
#1615 = VECTOR ( 'NONE', #3515, 1000.000000000000114 ) ;
#1616 = ORIENTED_EDGE ( 'NONE', *, *, #3060, .T. ) ;
#1617 = ORIENTED_EDGE ( 'NONE', *, *, #4625, .F. ) ;
#1618 = CARTESIAN_POINT ( 'NONE',  ( 31.87111767435238363, -79.43336221224141980, 40.97832583425433484 ) ) ;
#1619 = AXIS2_PLACEMENT_3D ( 'NONE', #1561, #1918, #3234 ) ;
#1620 = AXIS2_PLACEMENT_3D ( 'NONE', #2529, #2916, #2578 ) ;
#1621 = CARTESIAN_POINT ( 'NONE',  ( -32.65999999999998238, -40.04381027818467231, 38.62459126614432847 ) ) ;
#1622 = DIRECTION ( 'NONE',  ( 1.589498154119685395E-16, 0.000000000000000000, -1.000000000000000000 ) ) ;
#1623 = CARTESIAN_POINT ( 'NONE',  ( -25.66000000000000369, -38.71630092818491420, 33.40000000000000568 ) ) ;
#1624 = EDGE_LOOP ( 'NONE', ( #5381, #3396, #2868, #438, #3911 ) ) ;
#1625 = DIRECTION ( 'NONE',  ( -0.000000000000000000, -1.000000000000000000, -0.000000000000000000 ) ) ;
#1626 = CIRCLE ( 'NONE', #4723, 2.999999999999999112 ) ;
#1627 = CARTESIAN_POINT ( 'NONE',  ( 29.97590004863957347, -57.88278212722337912, 16.06328448031269218 ) ) ;
#1628 = AXIS2_PLACEMENT_3D ( 'NONE', #834, #3424, #3003 ) ;
#1629 = CARTESIAN_POINT ( 'NONE',  ( -32.65999999999998238, -40.04381027818467231, 38.62459126614432847 ) ) ;
#1630 = CARTESIAN_POINT ( 'NONE',  ( 24.80000000000000426, 0.000000000000000000, -27.80000000000000426 ) ) ;
#1631 = EDGE_CURVE ( 'NONE', #5243, #1204, #3796, .T. ) ;
#1632 = EDGE_CURVE ( 'NONE', #1581, #2207, #2407, .T. ) ;
#1633 = DIRECTION ( 'NONE',  ( 1.000000000000000000, 0.000000000000000000, -4.999203100797713916E-17 ) ) ;
#1634 = ORIENTED_EDGE ( 'NONE', *, *, #3315, .F. ) ;
#1635 = LINE ( 'NONE', #837, #992 ) ;
#1636 = CARTESIAN_POINT ( 'NONE',  ( -29.69676011579929309, -76.93326559117927843, 33.68284496664464456 ) ) ;
#1637 = ORIENTED_EDGE ( 'NONE', *, *, #602, .T. ) ;
#1638 = DIRECTION ( 'NONE',  ( -2.850957430653865977E-17, -0.6942372417107872673, -0.7197462415475318620 ) ) ;
#1639 = CARTESIAN_POINT ( 'NONE',  ( -32.24520424231534577, -78.35233248531852723, -1.347177665681608794 ) ) ;
#1640 = EDGE_CURVE ( 'NONE', #1654, #963, #2397, .T. ) ;
#1641 = CARTESIAN_POINT ( 'NONE',  ( 29.91651874313240000, -62.19737109725372903, 34.30779323505746703 ) ) ;
#1642 = AXIS2_PLACEMENT_3D ( 'NONE', #5426, #2747, #665 ) ;
#1643 = LINE ( 'NONE', #871, #4704 ) ;
#1644 = CARTESIAN_POINT ( 'NONE',  ( -2.862293735361733284E-15, 4.209999999999991971, 38.99999999999998579 ) ) ;
#1645 = CARTESIAN_POINT ( 'NONE',  ( 28.91811953903707888, -47.94554211847171388, 37.40000000000000568 ) ) ;
#1646 = VERTEX_POINT ( 'NONE', #1473 ) ;
#1647 = VECTOR ( 'NONE', #2770, 1000.000000000000000 ) ;
#1648 = ORIENTED_EDGE ( 'NONE', *, *, #4675, .F. ) ;
#1649 = CARTESIAN_POINT ( 'NONE',  ( 30.76954400135405265, -78.92098350007765362, 39.26234815182557725 ) ) ;
#1650 = CARTESIAN_POINT ( 'NONE',  ( 32.61243608511897207, -79.45571786232856937, -41.90924142217967585 ) ) ;
#1651 = CIRCLE ( 'NONE', #5364, 1.649999999999998579 ) ;
#1652 = CARTESIAN_POINT ( 'NONE',  ( 0.000000000000000000, -76.44999999999998863, 18.10000000000000142 ) ) ;
#1653 = ADVANCED_FACE ( 'NONE', ( #4015 ), #2758, .T. ) ;
#1654 = VERTEX_POINT ( 'NONE', #1908 ) ;
#1655 = DIRECTION ( 'NONE',  ( 0.000000000000000000, 0.000000000000000000, -1.000000000000000000 ) ) ;
#1656 = FACE_OUTER_BOUND ( 'NONE', #1976, .T. ) ;
#1657 = CARTESIAN_POINT ( 'NONE',  ( 28.41735931288070915, -57.43019962762788566, 15.10000000000000142 ) ) ;
#1658 = ORIENTED_EDGE ( 'NONE', *, *, #2820, .F. ) ;
#1659 = CARTESIAN_POINT ( 'NONE',  ( 0.000000000000000000, -12.88410537944184675, -32.00000000000000000 ) ) ;
#1660 = CARTESIAN_POINT ( 'NONE',  ( -30.00651383247566528, -77.86832801179480157, -31.31726302944063534 ) ) ;
#1661 = EDGE_CURVE ( 'NONE', #1843, #2171, #1983, .T. ) ;
#1662 = ORIENTED_EDGE ( 'NONE', *, *, #1485, .T. ) ;
#1663 = FACE_OUTER_BOUND ( 'NONE', #1924, .T. ) ;
#1664 = LINE ( 'NONE', #3734, #1094 ) ;
#1665 = CARTESIAN_POINT ( 'NONE',  ( 29.66000000000000014, -38.71630092818489999, 33.39999999999999858 ) ) ;
#1666 = EDGE_CURVE ( 'NONE', #4283, #3441, #2845, .T. ) ;
#1667 = CARTESIAN_POINT ( 'NONE',  ( 30.34374462026764974, -57.50560967762933728, 37.40000000000001279 ) ) ;
#1668 = CARTESIAN_POINT ( 'NONE',  ( 2.975739265937315636, -79.37141076285011820, 40.60271172099464820 ) ) ;
#1669 = CARTESIAN_POINT ( 'NONE',  ( 27.67202063608593932, -78.07189580245770344, -35.49447818868962656 ) ) ;
#1670 = CARTESIAN_POINT ( 'NONE',  ( -29.66000000000000369, -12.45000000000000284, 23.35147186257609420 ) ) ;
#1671 = CARTESIAN_POINT ( 'NONE',  ( 30.50535362754929380, -78.74260199266986149, -36.61697393116078558 ) ) ;
#1672 = ORIENTED_EDGE ( 'NONE', *, *, #1836, .T. ) ;
#1673 = VERTEX_POINT ( 'NONE', #1934 ) ;
#1674 = CARTESIAN_POINT ( 'NONE',  ( 30.10992451423937766, -78.37390311491326145, 38.48888699087869725 ) ) ;
#1675 = CARTESIAN_POINT ( 'NONE',  ( -31.04914224549174051, -78.98226968818308080, -34.56852069744812894 ) ) ;
#1676 = DIRECTION ( 'NONE',  ( -0.000000000000000000, -1.000000000000000000, -0.000000000000000000 ) ) ;
#1677 = ORIENTED_EDGE ( 'NONE', *, *, #4376, .F. ) ;
#1678 = ORIENTED_EDGE ( 'NONE', *, *, #2894, .F. ) ;
#1679 = DIRECTION ( 'NONE',  ( -1.000000000000000000, 0.000000000000000000, -0.000000000000000000 ) ) ;
#1680 = B_SPLINE_CURVE_WITH_KNOTS ( 'NONE', 3,
 ( #3647, #5375, #3249, #719, #774, #1932, #2367, #2874, #800, #4565, #2477, #4069 ),
 .UNSPECIFIED., .F., .F.,
 ( 4, 2, 2, 2, 2, 4 ),
 ( 0.000000000000000000, 0.0003534339863308614432, 0.0007068679726617228863, 0.001413735945323424739, 0.002120603917985126700, 0.002827471890646828662 ),
 .UNSPECIFIED. ) ;
#1681 = CARTESIAN_POINT ( 'NONE',  ( -25.81049208435389986, -76.50965820332618250, 29.35099538125108154 ) ) ;
#1682 = LINE ( 'NONE', #2475, #1703 ) ;
#1683 = ORIENTED_EDGE ( 'NONE', *, *, #620, .F. ) ;
#1684 = CARTESIAN_POINT ( 'NONE',  ( -25.66000000000000369, -38.71630092818492841, 37.40000000000000568 ) ) ;
#1685 = DIRECTION ( 'NONE',  ( 0.000000000000000000, 0.000000000000000000, -1.000000000000000000 ) ) ;
#1686 = ORIENTED_EDGE ( 'NONE', *, *, #1746, .T. ) ;
#1687 = DIRECTION ( 'NONE',  ( 0.000000000000000000, -1.000000000000000000, 0.000000000000000000 ) ) ;
#1688 = VERTEX_POINT ( 'NONE', #4863 ) ;
#1689 = CARTESIAN_POINT ( 'NONE',  ( 30.97295961732614700, -66.97240003935058894, 26.83162433884824338 ) ) ;
#1690 = DIRECTION ( 'NONE',  ( 1.000000000000000000, 2.925652181618734909E-16, -0.000000000000000000 ) ) ;
#1691 = CARTESIAN_POINT ( 'NONE',  ( 0.000000000000000000, 0.000000000000000000, -27.80000000000000426 ) ) ;
#1692 = CARTESIAN_POINT ( 'NONE',  ( 25.66000000000000014, -38.71630092818489999, 37.40000000000000568 ) ) ;
#1693 = DIRECTION ( 'NONE',  ( 0.000000000000000000, 0.000000000000000000, 1.000000000000000000 ) ) ;
#1694 = CARTESIAN_POINT ( 'NONE',  ( 32.66000000000000369, -47.24127269365998671, 45.56696368325218316 ) ) ;
#1695 = CARTESIAN_POINT ( 'NONE',  ( 31.51558963973630156, -79.30941748694763760, -38.25159857915749484 ) ) ;
#1696 = EDGE_CURVE ( 'NONE', #2297, #5482, #4101, .T. ) ;
#1697 = EDGE_CURVE ( 'NONE', #586, #2190, #3623, .T. ) ;
#1698 = EDGE_LOOP ( 'NONE', ( #1700, #2557, #4551, #579, #1881 ) ) ;
#1699 = AXIS2_PLACEMENT_3D ( 'NONE', #2135, #3356, #5454 ) ;
#1700 = ORIENTED_EDGE ( 'NONE', *, *, #4675, .T. ) ;
#1701 = CARTESIAN_POINT ( 'NONE',  ( -26.77578222737174229, -76.56578222737175565, 15.10167592455763597 ) ) ;
#1702 = CARTESIAN_POINT ( 'NONE',  ( -31.76618851197844506, -79.31776829187806754, -33.56833329713918346 ) ) ;
#1703 = VECTOR ( 'NONE', #2872, 1000.000000000000000 ) ;
#1704 = VECTOR ( 'NONE', #1318, 1000.000000000000000 ) ;
#1705 = CARTESIAN_POINT ( 'NONE',  ( 25.80000000000000426, -18.45000000000000284, 29.35147186257609064 ) ) ;
#1706 = ORIENTED_EDGE ( 'NONE', *, *, #816, .F. ) ;
#1707 = DIRECTION ( 'NONE',  ( 0.000000000000000000, 0.000000000000000000, -1.000000000000000000 ) ) ;
#1708 = CARTESIAN_POINT ( 'NONE',  ( 32.25220323066389483, -47.16510740647458277, 30.96250643983974982 ) ) ;
#1709 =( BOUNDED_CURVE ( )  B_SPLINE_CURVE ( 3, ( #4697, #2618, #936, #1788 ),
 .UNSPECIFIED., .F., .T. ) 
 B_SPLINE_CURVE_WITH_KNOTS ( ( 4, 4 ),
 ( 0.4115168460674931694, 1.570796326794897890 ),
 .UNSPECIFIED. ) 
 CURVE ( )  GEOMETRIC_REPRESENTATION_ITEM ( )  RATIONAL_B_SPLINE_CURVE ( ( 1.000000000000000000, 0.8911066843560511153, 0.8911066843560511153, 1.000000000000000000 ) ) 
 REPRESENTATION_ITEM ( '' )  );
#1710 = DIRECTION ( 'NONE',  ( -1.000000000000000000, 0.000000000000000000, 0.000000000000000000 ) ) ;
#1711 = VECTOR ( 'NONE', #5466, 1000.000000000000000 ) ;
#1712 = AXIS2_PLACEMENT_3D ( 'NONE', #2559, #2534, #3421 ) ;
#1713 = DIRECTION ( 'NONE',  ( 1.000000000000000000, 0.000000000000000000, 0.000000000000000000 ) ) ;
#1714 = VERTEX_POINT ( 'NONE', #4893 ) ;
#1715 = PLANE ( 'NONE',  #825 ) ;
#1716 = ORIENTED_EDGE ( 'NONE', *, *, #654, .T. ) ;
#1717 = CARTESIAN_POINT ( 'NONE',  ( -29.76768945679541645, -54.84836676800070876, 37.40000000000000568 ) ) ;
#1718 = EDGE_CURVE ( 'NONE', #4816, #5066, #639, .T. ) ;
#1719 = CARTESIAN_POINT ( 'NONE',  ( 29.20524782989706125, -62.05046874253983447, 37.40000000000000568 ) ) ;
#1720 = CARTESIAN_POINT ( 'NONE',  ( 2.091353441971143923, -78.52897227194000607, 38.83973155748317652 ) ) ;
#1721 = CARTESIAN_POINT ( 'NONE',  ( -32.66000000000001080, -79.44999999999998863, -38.55832092069799444 ) ) ;
#1722 = FACE_OUTER_BOUND ( 'NONE', #4648, .T. ) ;
#1723 = CARTESIAN_POINT ( 'NONE',  ( 32.31440891376814761, -79.44938668787986558, -38.94420176230173070 ) ) ;
#1724 = AXIS2_PLACEMENT_3D ( 'NONE', #4728, #3919, #2614 ) ;
#1725 = EDGE_LOOP ( 'NONE', ( #1910, #3229, #1783, #5034 ) ) ;
#1726 = CYLINDRICAL_SURFACE ( 'NONE', #3729, 4.000000000000003553 ) ;
#1727 = CARTESIAN_POINT ( 'NONE',  ( 32.61246899057905324, -79.44967640078387205, -39.91529205181102924 ) ) ;
#1728 = EDGE_CURVE ( 'NONE', #4795, #2338, #4154, .T. ) ;
#1729 = CARTESIAN_POINT ( 'NONE',  ( -25.66000000000001080, 1.000000000000000000, -32.00000000000000000 ) ) ;
#1730 = AXIS2_PLACEMENT_3D ( 'NONE', #1501, #4043, #3171 ) ;
#1731 = ORIENTED_EDGE ( 'NONE', *, *, #3212, .F. ) ;
#1732 = CARTESIAN_POINT ( 'NONE',  ( -32.66000000000001080, -76.44999999999998863, 3.265479465441067575E-15 ) ) ;
#1733 = CIRCLE ( 'NONE', #3056, 1.649999999999998579 ) ;
#1734 = CARTESIAN_POINT ( 'NONE',  ( 34.89264468021972476, -43.48251322357043591, 37.40000000000000568 ) ) ;
#1735 = EDGE_CURVE ( 'NONE', #1824, #603, #1626, .T. ) ;
#1736 = VERTEX_POINT ( 'NONE', #4837 ) ;
#1737 = DIRECTION ( 'NONE',  ( 0.000000000000000000, 0.000000000000000000, 1.000000000000000000 ) ) ;
#1738 = CARTESIAN_POINT ( 'NONE',  ( -31.96962222751811211, -79.45000000000001705, 41.03097753210155219 ) ) ;
#1739 = VERTEX_POINT ( 'NONE', #697 ) ;
#1740 = CARTESIAN_POINT ( 'NONE',  ( -32.61048738945916625, -81.44975484412958622, -41.90924142217968296 ) ) ;
#1741 =( BOUNDED_CURVE ( )  B_SPLINE_CURVE ( 3, ( #2661, #2689, #624, #3524 ),
 .UNSPECIFIED., .F., .F. ) 
 B_SPLINE_CURVE_WITH_KNOTS ( ( 4, 4 ),
 ( 0.4115168460674925588, 1.570796326794896558 ),
 .UNSPECIFIED. ) 
 CURVE ( )  GEOMETRIC_REPRESENTATION_ITEM ( )  RATIONAL_B_SPLINE_CURVE ( ( 1.000000000000000000, 0.8911066843560512263, 0.8911066843560512263, 1.000000000000000000 ) ) 
 REPRESENTATION_ITEM ( '' )  );
#1742 = DIRECTION ( 'NONE',  ( 0.000000000000000000, 1.000000000000000000, 0.000000000000000000 ) ) ;
#1743 = LINE ( 'NONE', #5151, #4975 ) ;
#1744 = DIRECTION ( 'NONE',  ( 0.000000000000000000, 0.000000000000000000, -1.000000000000000000 ) ) ;
#1745 = DIRECTION ( 'NONE',  ( -1.000000000000000000, 0.000000000000000000, 0.000000000000000000 ) ) ;
#1746 = EDGE_CURVE ( 'NONE', #3081, #3999, #2319, .T. ) ;
#1747 = CARTESIAN_POINT ( 'NONE',  ( 19.44999999999998863, -24.37000000000000099, -23.33309524416879555 ) ) ;
#1748 = DIRECTION ( 'NONE',  ( 1.000000000000000000, 0.000000000000000000, 0.000000000000000000 ) ) ;
#1749 = FACE_OUTER_BOUND ( 'NONE', #99, .T. ) ;
#1750 = ORIENTED_EDGE ( 'NONE', *, *, #5340, .F. ) ;
#1751 = ORIENTED_EDGE ( 'NONE', *, *, #509, .F. ) ;
#1752 = ORIENTED_EDGE ( 'NONE', *, *, #2963, .F. ) ;
#1753 = CARTESIAN_POINT ( 'NONE',  ( 26.06500467983670433, -76.83208562130162989, 15.12313917610862468 ) ) ;
#1754 = LINE ( 'NONE', #1729, #4471 ) ;
#1755 = ORIENTED_EDGE ( 'NONE', *, *, #2151, .F. ) ;
#1756 = CARTESIAN_POINT ( 'NONE',  ( 30.67530806780279562, -78.70878106951849418, -33.76503363219801201 ) ) ;
#1757 = EDGE_CURVE ( 'NONE', #5389, #4331, #1181, .T. ) ;
#1758 = B_SPLINE_CURVE_WITH_KNOTS ( 'NONE', 3,
 ( #472, #3129, #1890, #1861, #1333, #1061, #4824, #3423, #2247, #5273, #3548, #4412, #2738, #1483, #1738, #3002 ),
 .UNSPECIFIED., .F., .F.,
 ( 4, 2, 2, 2, 2, 2, 2, 4 ),
 ( 0.000000000000000000, 0.0005871110538993519652, 0.001174222107798703930, 0.002348444215597407861, 0.003522666323396111791, 0.004696888431194815722, 0.007045332646792244399, 0.009393776862389673077 ),
 .UNSPECIFIED. ) ;
#1759 = CARTESIAN_POINT ( 'NONE',  ( -27.90071005735724441, -78.68780076905805743, 28.35943885635809281 ) ) ;
#1760 = DIRECTION ( 'NONE',  ( 1.000000000000000000, -0.000000000000000000, -0.000000000000000000 ) ) ;
#1761 = CARTESIAN_POINT ( 'NONE',  ( -29.66000000000001080, -76.44999999999998863, -29.09128788536428800 ) ) ;
#1762 = EDGE_CURVE ( 'NONE', #1545, #4213, #1051, .T. ) ;
#1763 = ADVANCED_FACE ( 'NONE', ( #3651 ), #3595, .F. ) ;
#1764 = ORIENTED_EDGE ( 'NONE', *, *, #2429, .F. ) ;
#1765 = DIRECTION ( 'NONE',  ( -4.999203100797713916E-17, 0.000000000000000000, -1.000000000000000000 ) ) ;
#1766 = ORIENTED_EDGE ( 'NONE', *, *, #550, .F. ) ;
#1767 = ORIENTED_EDGE ( 'NONE', *, *, #5123, .T. ) ;
#1768 = LINE ( 'NONE', #1022, #2318 ) ;
#1769 = DIRECTION ( 'NONE',  ( 1.000000000000000000, 0.000000000000000000, 0.000000000000000000 ) ) ;
#1770 = ORIENTED_EDGE ( 'NONE', *, *, #1392, .T. ) ;
#1771 = CARTESIAN_POINT ( 'NONE',  ( -32.66000000000001791, -76.44999999999998863, -39.90924142217967585 ) ) ;
#1772 = LINE ( 'NONE', #3042, #4172 ) ;
#1773 = CARTESIAN_POINT ( 'NONE',  ( 25.99453725855439146, -76.22252163402826852, -33.57524146358175443 ) ) ;
#1774 = VERTEX_POINT ( 'NONE', #3170 ) ;
#1775 = FACE_BOUND ( 'NONE', #1, .T. ) ;
#1776 = CARTESIAN_POINT ( 'NONE',  ( -32.61246843994069167, -79.44967639533088288, -39.91529223320966224 ) ) ;
#1777 = EDGE_CURVE ( 'NONE', #2019, #586, #469, .T. ) ;
#1778 = ORIENTED_EDGE ( 'NONE', *, *, #3648, .T. ) ;
#1779 = ORIENTED_EDGE ( 'NONE', *, *, #5147, .T. ) ;
#1780 = CARTESIAN_POINT ( 'NONE',  ( 25.66000000000000014, -61.48571808808854655, 37.40000000000000568 ) ) ;
#1781 = LINE ( 'NONE', #542, #568 ) ;
#1782 = CARTESIAN_POINT ( 'NONE',  ( -29.91166398471939658, -77.68503655640064665, 34.37205110577335176 ) ) ;
#1783 = ORIENTED_EDGE ( 'NONE', *, *, #3337, .F. ) ;
#1784 = EDGE_CURVE ( 'NONE', #1438, #5243, #2752, .T. ) ;
#1785 = LINE ( 'NONE', #5173, #4739 ) ;
#1786 = AXIS2_PLACEMENT_3D ( 'NONE', #5016, #2520, #3772 ) ;
#1787 = DIRECTION ( 'NONE',  ( -1.000000000000000000, -4.822023056331056494E-17, -0.000000000000000000 ) ) ;
#1788 = CARTESIAN_POINT ( 'NONE',  ( -29.66000000000000369, -38.71630092818491420, 33.39999999999999858 ) ) ;
#1789 = AXIS2_PLACEMENT_3D ( 'NONE', #5293, #1500, #285 ) ;
#1790 = CARTESIAN_POINT ( 'NONE',  ( 25.65999999999999659, -71.44999999999998863, -28.00000000000000000 ) ) ;
#1791 = B_SPLINE_CURVE_WITH_KNOTS ( 'NONE', 3,
 ( #1761, #4236, #2065, #2955, #3762, #2562, #1660, #3032, #3449, #3790, #4259, #3341 ),
 .UNSPECIFIED., .F., .F.,
 ( 4, 2, 2, 2, 2, 4 ),
 ( 0.000000000000000000, 0.0007998844636661602090, 0.001599768927332320418, 0.003199537854664633463, 0.004799306781996946075, 0.006399075709329259988 ),
 .UNSPECIFIED. ) ;
#1792 = AXIS2_PLACEMENT_3D ( 'NONE', #2294, #165, #187 ) ;
#1793 = ORIENTED_EDGE ( 'NONE', *, *, #5175, .F. ) ;
#1794 = CARTESIAN_POINT ( 'NONE',  ( -32.64498671767685778, -67.63286156501797564, 24.43544914827142733 ) ) ;
#1795 = ADVANCED_FACE ( 'NONE', ( #3703 ), #2123, .T. ) ;
#1796 = ADVANCED_FACE ( 'NONE', ( #1201 ), #4178, .F. ) ;
#1797 = VERTEX_POINT ( 'NONE', #2957 ) ;
#1798 = FACE_OUTER_BOUND ( 'NONE', #1053, .T. ) ;
#1799 = DIRECTION ( 'NONE',  ( 0.000000000000000000, 0.000000000000000000, -1.000000000000000000 ) ) ;
#1800 = VECTOR ( 'NONE', #1638, 1000.000000000000114 ) ;
#1801 = CARTESIAN_POINT ( 'NONE',  ( 34.65999999999999659, -36.74551864513312438, 35.44319655574728500 ) ) ;
#1802 = CARTESIAN_POINT ( 'NONE',  ( -29.66000000000000369, -69.94387132699134213, 29.35147186257609064 ) ) ;
#1803 = LINE ( 'NONE', #3491, #4900 ) ;
#1804 = EDGE_CURVE ( 'NONE', #664, #3320, #1635, .T. ) ;
#1805 = VECTOR ( 'NONE', #306, 1000.000000000000114 ) ;
#1806 = EDGE_LOOP ( 'NONE', ( #20, #4485, #3514 ) ) ;
#1807 = CARTESIAN_POINT ( 'NONE',  ( 29.66000000000000014, -73.73476165531381810, 18.09999999999999432 ) ) ;
#1808 = CARTESIAN_POINT ( 'NONE',  ( 29.65999999999999659, -76.65985988191143008, -5.237765738321630948 ) ) ;
#1809 = EDGE_LOOP ( 'NONE', ( #2782, #2867, #3008, #1973 ) ) ;
#1810 = VERTEX_POINT ( 'NONE', #4656 ) ;
#1811 = DIRECTION ( 'NONE',  ( -1.000000000000000000, 0.000000000000000000, 0.000000000000000000 ) ) ;
#1812 = CARTESIAN_POINT ( 'NONE',  ( -29.66000000000001080, -76.70715109031645795, -29.36630624131825229 ) ) ;
#1813 = LINE ( 'NONE', #3807, #1818 ) ;
#1814 = LINE ( 'NONE', #114, #3495 ) ;
#1815 = AXIS2_PLACEMENT_3D ( 'NONE', #1879, #974, #3937 ) ;
#1816 = CARTESIAN_POINT ( 'NONE',  ( 31.09227899711672904, -45.47617098612776232, 31.44976717408647104 ) ) ;
#1817 = EDGE_CURVE ( 'NONE', #3667, #1843, #3468, .T. ) ;
#1818 = VECTOR ( 'NONE', #1383, 1000.000000000000000 ) ;
#1819 = VERTEX_POINT ( 'NONE', #866 ) ;
#1820 = DIRECTION ( 'NONE',  ( 1.927470528863119295E-16, 1.000000000000000000, -0.000000000000000000 ) ) ;
#1821 = AXIS2_PLACEMENT_3D ( 'NONE', #1652, #2865, #4556 ) ;
#1822 = B_SPLINE_CURVE_WITH_KNOTS ( 'NONE', 3,
 ( #103, #3489, #3065, #4765, #560, #1499, #5401, #1026, #2473, #3143 ),
 .UNSPECIFIED., .F., .F.,
 ( 4, 2, 2, 2, 4 ),
 ( 0.004632173116908175695, 0.005268519796924718210, 0.005904866476941261592, 0.006541213156957804975, 0.007177559836974347490 ),
 .UNSPECIFIED. ) ;
#1823 = DIRECTION ( 'NONE',  ( 1.000000000000000000, 0.000000000000000000, -4.999203100797713916E-17 ) ) ;
#1824 = VERTEX_POINT ( 'NONE', #3816 ) ;
#1825 = VECTOR ( 'NONE', #4512, 1000.000000000000000 ) ;
#1826 = CARTESIAN_POINT ( 'NONE',  ( -25.90720488025607438, -76.65622916342267956, 15.10672307491322641 ) ) ;
#1827 = DIRECTION ( 'NONE',  ( -0.000000000000000000, 0.000000000000000000, 1.000000000000000000 ) ) ;
#1828 = ORIENTED_EDGE ( 'NONE', *, *, #5088, .F. ) ;
#1829 = ADVANCED_FACE ( 'NONE', ( #40 ), #1715, .T. ) ;
#1830 = LINE ( 'NONE', #921, #3383 ) ;
#1831 = DIRECTION ( 'NONE',  ( 0.000000000000000000, 1.000000000000000000, 0.000000000000000000 ) ) ;
#1832 = DIRECTION ( 'NONE',  ( -9.998406201595427833E-17, 0.000000000000000000, -1.000000000000000000 ) ) ;
#1833 = ORIENTED_EDGE ( 'NONE', *, *, #4289, .F. ) ;
#1834 = CARTESIAN_POINT ( 'NONE',  ( 27.31636061622860012, -78.22182975849098341, 38.50644571008275818 ) ) ;
#1835 = FACE_OUTER_BOUND ( 'NONE', #73, .T. ) ;
#1836 = EDGE_CURVE ( 'NONE', #5149, #4495, #10, .T. ) ;
#1837 = ORIENTED_EDGE ( 'NONE', *, *, #1728, .T. ) ;
#1838 = DIRECTION ( 'NONE',  ( 0.000000000000000000, 1.000000000000000000, 0.000000000000000000 ) ) ;
#1839 = CARTESIAN_POINT ( 'NONE',  ( -29.66000000000001080, -76.44999999999998863, -29.09128788536428800 ) ) ;
#1840 = FACE_OUTER_BOUND ( 'NONE', #3018, .T. ) ;
#1841 = DIRECTION ( 'NONE',  ( 0.000000000000000000, -1.000000000000000000, 0.000000000000000000 ) ) ;
#1842 = CARTESIAN_POINT ( 'NONE',  ( 30.34724574707759714, -40.56000570327321242, 37.39999999999999858 ) ) ;
#1843 = VERTEX_POINT ( 'NONE', #3371 ) ;
#1844 = CARTESIAN_POINT ( 'NONE',  ( -32.66000000000000369, -79.44999999999998863, 41.40000000000000568 ) ) ;
#1845 = ORIENTED_EDGE ( 'NONE', *, *, #1735, .F. ) ;
#1846 = DIRECTION ( 'NONE',  ( 0.000000000000000000, 1.000000000000000000, 0.000000000000000000 ) ) ;
#1847 = EDGE_CURVE ( 'NONE', #3804, #2594, #5067, .T. ) ;
#1848 = CARTESIAN_POINT ( 'NONE',  ( 25.66000000000000014, 1.000000000000000000, 33.39999999999999858 ) ) ;
#1849 = VERTEX_POINT ( 'NONE', #3731 ) ;
#1850 = CARTESIAN_POINT ( 'NONE',  ( -27.89695669756955354, -78.68403652784981261, 16.08775407377161670 ) ) ;
#1851 = DIRECTION ( 'NONE',  ( 0.000000000000000000, 1.000000000000000000, 0.000000000000000000 ) ) ;
#1852 = CARTESIAN_POINT ( 'NONE',  ( -29.66000000000000725, -78.20735931288071185, 29.35147186257609420 ) ) ;
#1853 = CARTESIAN_POINT ( 'NONE',  ( -19.45000000000001705, -65.44999999999998863, -28.80000000000000782 ) ) ;
#1854 = DIRECTION ( 'NONE',  ( 2.168404344971009608E-16, 0.9921567416492216296, -0.1250000000000000555 ) ) ;
#1855 = ORIENTED_EDGE ( 'NONE', *, *, #1024, .F. ) ;
#1856 = CARTESIAN_POINT ( 'NONE',  ( 28.26017092765620475, -78.67963221283254427, 39.03036045696341461 ) ) ;
#1857 = CARTESIAN_POINT ( 'NONE',  ( 31.08090128105683547, -77.97229739440797402, -2.220787075295377999 ) ) ;
#1858 = ORIENTED_EDGE ( 'NONE', *, *, #3347, .F. ) ;
#1859 = CARTESIAN_POINT ( 'NONE',  ( 28.52585035100315380, -79.31480805074468776, 17.18030343538360682 ) ) ;
#1860 = CYLINDRICAL_SURFACE ( 'NONE', #906, 3.000000000000002665 ) ;
#1861 = CARTESIAN_POINT ( 'NONE',  ( -25.81281468605081031, -76.70033108346781603, 37.59575221069809459 ) ) ;
#1862 = CARTESIAN_POINT ( 'NONE',  ( 28.63122297739685962, -79.42070489246110299, 26.82833956910571871 ) ) ;
#1863 = ADVANCED_FACE ( 'NONE', ( #1663 ), #342, .F. ) ;
#1864 = EDGE_CURVE ( 'NONE', #2033, #2612, #4978, .T. ) ;
#1865 = FACE_BOUND ( 'NONE', #2532, .T. ) ;
#1866 = CARTESIAN_POINT ( 'NONE',  ( -30.87407714700581707, -78.86224163802603471, 36.91514088077659750 ) ) ;
#1867 = ORIENTED_EDGE ( 'NONE', *, *, #455, .T. ) ;
#1868 = DIRECTION ( 'NONE',  ( -1.000000000000000000, 0.000000000000000000, 0.000000000000000000 ) ) ;
#1869 = VECTOR ( 'NONE', #3200, 1000.000000000000000 ) ;
#1870 = ORIENTED_EDGE ( 'NONE', *, *, #2469, .F. ) ;
#1871 = CARTESIAN_POINT ( 'NONE',  ( -31.57861077516194825, -79.28790977269946438, -37.82549632779020499 ) ) ;
#1872 = DIRECTION ( 'NONE',  ( 0.000000000000000000, -0.4166666666666658525, 0.9090593428863098513 ) ) ;
#1873 = VECTOR ( 'NONE', #4899, 1000.000000000000000 ) ;
#1874 = CARTESIAN_POINT ( 'NONE',  ( -25.66000000000000369, -65.34395145777227754, 37.40000000000000568 ) ) ;
#1875 = VECTOR ( 'NONE', #4350, 1000.000000000000000 ) ;
#1876 = VECTOR ( 'NONE', #1787, 1000.000000000000000 ) ;
#1877 = CARTESIAN_POINT ( 'NONE',  ( -32.57681900122680219, -79.44967050843678180, -39.92739313774397658 ) ) ;
#1878 = CARTESIAN_POINT ( 'NONE',  ( -32.65999999999998238, -79.44999999999998863, 12.17476137696188410 ) ) ;
#1879 = CARTESIAN_POINT ( 'NONE',  ( 33.80000000000000426, 3.000000000000002665, -35.78336146153467467 ) ) ;
#1880 = EDGE_CURVE ( 'NONE', #5063, #4093, #2490, .T. ) ;
#1881 = ORIENTED_EDGE ( 'NONE', *, *, #2734, .F. ) ;
#1882 = CARTESIAN_POINT ( 'NONE',  ( 26.83358845603067522, -76.62358845603067437, 15.10502636940942800 ) ) ;
#1883 = CARTESIAN_POINT ( 'NONE',  ( -31.48794432902213813, -79.44999999999997442, -2.998778467178504492 ) ) ;
#1884 = AXIS2_PLACEMENT_3D ( 'NONE', #2281, #3980, #917 ) ;
#1885 = AXIS2_PLACEMENT_3D ( 'NONE', #1747, #3091, #4766 ) ;
#1886 = VERTEX_POINT ( 'NONE', #802 ) ;
#1887 = LINE ( 'NONE', #2350, #559 ) ;
#1888 = VECTOR ( 'NONE', #549, 1000.000000000000000 ) ;
#1889 = CARTESIAN_POINT ( 'NONE',  ( 25.80000000000000426, -0.4142135623730957006, -28.80000000000000782 ) ) ;
#1890 = CARTESIAN_POINT ( 'NONE',  ( -25.69305670338874137, -76.33653420438461978, 37.49491534468837273 ) ) ;
#1891 = CARTESIAN_POINT ( 'NONE',  ( 26.86978480323974949, -77.65252851256653344, 29.10521997965850716 ) ) ;
#1892 = ORIENTED_EDGE ( 'NONE', *, *, #3313, .T. ) ;
#1893 = EDGE_CURVE ( 'NONE', #603, #4911, #2926, .T. ) ;
#1894 = CARTESIAN_POINT ( 'NONE',  ( 32.61048738945781622, -81.44975484412958622, -41.90924142217968296 ) ) ;
#1895 = CARTESIAN_POINT ( 'NONE',  ( -28.31882875866579496, -78.69787305622479323, 39.06224697939875057 ) ) ;
#1896 = ORIENTED_EDGE ( 'NONE', *, *, #2993, .F. ) ;
#1897 = VERTEX_POINT ( 'NONE', #2010 ) ;
#1898 = CARTESIAN_POINT ( 'NONE',  ( 25.66000000000000014, 3.000000000000000000, -28.00000000000000000 ) ) ;
#1899 = EDGE_CURVE ( 'NONE', #1736, #1810, #5035, .T. ) ;
#1900 = VECTOR ( 'NONE', #1832, 1000.000000000000000 ) ;
#1901 = CARTESIAN_POINT ( 'NONE',  ( 32.57681900122649665, -79.44967050843678180, -39.92739313774384868 ) ) ;
#1902 = ORIENTED_EDGE ( 'NONE', *, *, #3606, .T. ) ;
#1903 = PLANE ( 'NONE',  #4363 ) ;
#1904 = LINE ( 'NONE', #3591, #5097 ) ;
#1905 = AXIS2_PLACEMENT_3D ( 'NONE', #543, #3023, #2531 ) ;
#1906 = DIRECTION ( 'NONE',  ( 0.000000000000000000, -1.000000000000000000, 0.000000000000000000 ) ) ;
#1907 = AXIS2_PLACEMENT_3D ( 'NONE', #892, #2103, #1769 ) ;
#1908 = CARTESIAN_POINT ( 'NONE',  ( 26.65999999999999659, -47.71381429244775774, 29.35147186257609064 ) ) ;
#1909 = DIRECTION ( 'NONE',  ( 7.947490770598426974E-17, -0.000000000000000000, -1.000000000000000000 ) ) ;
#1910 = ORIENTED_EDGE ( 'NONE', *, *, #4048, .T. ) ;
#1911 = LINE ( 'NONE', #2818, #2056 ) ;
#1912 = CARTESIAN_POINT ( 'NONE',  ( 30.89368369244742496, -79.44999999999998863, -3.639807782392298741 ) ) ;
#1913 = EDGE_CURVE ( 'NONE', #5285, #814, #2513, .T. ) ;
#1914 = ORIENTED_EDGE ( 'NONE', *, *, #3850, .T. ) ;
#1915 =( BOUNDED_SURFACE ( )  B_SPLINE_SURFACE ( 3, 2, ( 
 ( #685, #3237, #3214 ),
 ( #1592, #3578, #4520 ),
 ( #2356, #3633, #2740 ),
 ( #3262, #5330, #1511 ),
 ( #2773, #1487, #3669 ),
 ( #4083, #4467, #299 ),
 ( #4113, #4055, #4932 ),
 ( #733, #1124, #2410 ),
 ( #1970, #3608, #1184 ),
 ( #329, #1150, #2802 ),
 ( #5362, #1995, #1540 ),
 ( #273, #1567, #4957 ),
 ( #1943, #2862, #4553 ),
 ( #762, #4439, #2440 ),
 ( #5278, #4849, #4137 ),
 ( #354, #3155, #658 ),
 ( #2328, #4028, #247 ),
 ( #1920, #1674, #439 ),
 ( #4690, #5483, #790 ),
 ( #3328, #381, #4668 ),
 ( #3386, #1649, #2553 ),
 ( #55, #900, #3778 ),
 ( #2050, #5110, #4196 ),
 ( #1618, #4581, #2972 ),
 ( #1215, #2940, #3749 ),
 ( #2577, #2020, #878 ) ),
 .UNSPECIFIED., .F., .F., .T. ) 
 B_SPLINE_SURFACE_WITH_KNOTS ( ( 4, 2, 2, 2, 2, 2, 2, 2, 2, 2, 2, 2, 4 ),
 ( 3, 3 ),
 ( 0.000000000000000000, 0.0008608527440851195325, 0.001721705488170239065, 0.002582558232255358598, 0.003443410976340478130, 0.004304263720425597663, 0.005165116464510717195, 0.006886821952680956260, 0.007747674696766075793, 0.008608527440851195325, 0.01033023292902143439, 0.01205193841719167346, 0.01377364390536191252 ),
 ( 0.000000000000000000, 1.000000000000000000 ),
 .UNSPECIFIED. ) 
 GEOMETRIC_REPRESENTATION_ITEM ( )  RATIONAL_B_SPLINE_SURFACE ( (
 ( 1.000000000000000000, 0.7071067811865475727, 1.000000000000000000),
 ( 1.000000000000000000, 0.7089357665501659911, 1.000000000000000000),
 ( 1.000000000000000000, 0.7123079953389307439, 1.000000000000000000),
 ( 1.000000000000000000, 0.7216343070841134688, 1.000000000000000000),
 ( 1.000000000000000000, 0.7275878040262209190, 1.000000000000000000),
 ( 1.000000000000000000, 0.7415677381130345580, 1.000000000000000000),
 ( 1.000000000000000000, 0.7496194131421582973, 1.000000000000000000),
 ( 1.000000000000000000, 0.7667252530592592041, 1.000000000000000000),
 ( 1.000000000000000000, 0.7758312387958267164, 1.000000000000000000),
 ( 1.000000000000000000, 0.7946356532756003732, 1.000000000000000000),
 ( 1.000000000000000000, 0.8043897229278158534, 1.000000000000000000),
 ( 1.000000000000000000, 0.8238016740014264538, 1.000000000000000000),
 ( 1.000000000000000000, 0.8334399775365348706, 1.000000000000000000),
 ( 1.000000000000000000, 0.8617629406363410682, 1.000000000000000000),
 ( 1.000000000000000000, 0.8798380249999419034, 1.000000000000000000),
 ( 1.000000000000000000, 0.9047808163293177275, 1.000000000000000000),
 ( 1.000000000000000000, 0.9127104548534427098, 1.000000000000000000),
 ( 1.000000000000000000, 0.9275285411175179240, 1.000000000000000000),
 ( 1.000000000000000000, 0.9344511740251184584, 1.000000000000000000),
 ( 1.000000000000000000, 0.9537253556252751618, 1.000000000000000000),
 ( 1.000000000000000000, 0.9645850827748886358, 1.000000000000000000),
 ( 1.000000000000000000, 0.9821481755079338738, 1.000000000000000000),
 ( 1.000000000000000000, 0.9888608239867253680, 1.000000000000000000),
 ( 1.000000000000000000, 0.9977640801454579211, 1.000000000000000000),
 ( 1.000000000000000000, 0.9999976551482733234, 1.000000000000000000),
 ( 1.000000000000000000, 1.000000000000000000, 1.000000000000000000) ) ) 
 REPRESENTATION_ITEM ( '' )  SURFACE ( )  );
#1916 = DIRECTION ( 'NONE',  ( 0.000000000000000000, 0.000000000000000000, 1.000000000000000000 ) ) ;
#1917 = CARTESIAN_POINT ( 'NONE',  ( -29.54579126259763200, -78.97196480844772282, -37.25252495734572733 ) ) ;
#1918 = DIRECTION ( 'NONE',  ( 1.000000000000000000, -0.000000000000000000, 0.000000000000000000 ) ) ;
#1919 = DIRECTION ( 'NONE',  ( -0.000000000000000000, 0.000000000000000000, 1.000000000000000000 ) ) ;
#1920 = CARTESIAN_POINT ( 'NONE',  ( 28.84485129089363653, -78.88643226770889783, 39.34966144612873507 ) ) ;
#1921 = DIRECTION ( 'NONE',  ( -2.850957430653865361E-17, -0.6942372417107872673, -0.7197462415475317510 ) ) ;
#1922 = CARTESIAN_POINT ( 'NONE',  ( -29.56669273171038981, -79.09661837766630299, 39.74130072712907236 ) ) ;
#1923 = ORIENTED_EDGE ( 'NONE', *, *, #787, .F. ) ;
#1924 = EDGE_LOOP ( 'NONE', ( #3601, #415, #740, #1140 ) ) ;
#1925 = EDGE_CURVE ( 'NONE', #829, #2300, #4361, .T. ) ;
#1926 = DIRECTION ( 'NONE',  ( 0.000000000000000000, 0.000000000000000000, -1.000000000000000000 ) ) ;
#1927 = ORIENTED_EDGE ( 'NONE', *, *, #5103, .T. ) ;
#1928 = DIRECTION ( 'NONE',  ( -1.000000000000000000, -0.000000000000000000, -1.096031755875101164E-16 ) ) ;
#1929 = LINE ( 'NONE', #4065, #5436 ) ;
#1930 = EDGE_CURVE ( 'NONE', #3860, #4977, #4175, .T. ) ;
#1931 = ADVANCED_FACE ( 'NONE', ( #173 ), #4735, .F. ) ;
#1932 = CARTESIAN_POINT ( 'NONE',  ( 32.39006934679901661, -49.16655259567729530, 28.98494908440602913 ) ) ;
#1933 = ORIENTED_EDGE ( 'NONE', *, *, #4904, .T. ) ;
#1934 = CARTESIAN_POINT ( 'NONE',  ( -26.65999999999997883, -76.44999999999998863, 15.10000000000000142 ) ) ;
#1935 = DIRECTION ( 'NONE',  ( -1.000000000000000000, -0.000000000000000000, -0.000000000000000000 ) ) ;
#1936 = ORIENTED_EDGE ( 'NONE', *, *, #3690, .F. ) ;
#1937 = LINE ( 'NONE', #1960, #506 ) ;
#1938 = DIRECTION ( 'NONE',  ( -1.000000000000000000, 0.000000000000000000, 0.000000000000000000 ) ) ;
#1939 = LINE ( 'NONE', #3630, #4537 ) ;
#1940 = CARTESIAN_POINT ( 'NONE',  ( 28.41735931288070560, -68.18651201411060470, 29.35147186257608709 ) ) ;
#1941 = CARTESIAN_POINT ( 'NONE',  ( 28.14374281600687766, -78.93152749015199277, 28.04913914181840795 ) ) ;
#1942 = ADVANCED_FACE ( 'NONE', ( #2646 ), #2593, .T. ) ;
#1943 = CARTESIAN_POINT ( 'NONE',  ( 27.05359770011114762, -78.04899181696391963, 38.35689886498762746 ) ) ;
#1944 = DIRECTION ( 'NONE',  ( 0.000000000000000000, 0.000000000000000000, 1.000000000000000000 ) ) ;
#1945 = CARTESIAN_POINT ( 'NONE',  ( -27.49313882228987538, -78.32290955151111689, 38.60584849389432094 ) ) ;
#1946 = EDGE_LOOP ( 'NONE', ( #5377, #3036, #98, #3659, #1324, #5390 ) ) ;
#1947 = EDGE_CURVE ( 'NONE', #2626, #4613, #3640, .T. ) ;
#1948 = EDGE_LOOP ( 'NONE', ( #284, #1435, #1637, #4291, #4716, #669 ) ) ;
#1949 = DIRECTION ( 'NONE',  ( -0.000000000000000000, -1.000000000000000000, -0.000000000000000000 ) ) ;
#1950 = B_SPLINE_CURVE_WITH_KNOTS ( 'NONE', 3,
 ( #1152, #2830, #5303, #3692 ),
 .UNSPECIFIED., .F., .F.,
 ( 4, 4 ),
 ( 1.185718710066886779E-16, 5.647057662648558696E-05 ),
 .UNSPECIFIED. ) ;
#1951 = LINE ( 'NONE', #3223, #3030 ) ;
#1952 = CARTESIAN_POINT ( 'NONE',  ( -30.71543164923873448, -49.97212317792411085, 37.40000000000000568 ) ) ;
#1953 = EDGE_CURVE ( 'NONE', #4415, #3260, #2177, .T. ) ;
#1954 = AXIS2_PLACEMENT_3D ( 'NONE', #4451, #608, #667 ) ;
#1955 = ORIENTED_EDGE ( 'NONE', *, *, #4067, .T. ) ;
#1956 = CARTESIAN_POINT ( 'NONE',  ( -29.68204982029888939, -79.44999999999998863, 18.10000000000000142 ) ) ;
#1957 = CARTESIAN_POINT ( 'NONE',  ( -29.70296765117786464, -68.60592230254196977, 29.04303828015028444 ) ) ;
#1958 = ORIENTED_EDGE ( 'NONE', *, *, #818, .T. ) ;
#1959 = CARTESIAN_POINT ( 'NONE',  ( -38.65999999999998238, -79.44999999999998863, 45.39999999999999858 ) ) ;
#1960 = CARTESIAN_POINT ( 'NONE',  ( 0.000000000000000000, 3.000000000000000000, -21.30000000000000071 ) ) ;
#1961 = CIRCLE ( 'NONE', #4798, 3.999999999999996447 ) ;
#1962 = AXIS2_PLACEMENT_3D ( 'NONE', #1771, #3457, #1745 ) ;
#1963 = EDGE_CURVE ( 'NONE', #3213, #1304, #1272, .T. ) ;
#1964 = CARTESIAN_POINT ( 'NONE',  ( 25.80000000000000426, -176.7474391754774388, 0.000000000000000000 ) ) ;
#1965 = CARTESIAN_POINT ( 'NONE',  ( -28.47329526601820504, -78.53457073241561659, -36.26557000277699672 ) ) ;
#1966 = AXIS2_PLACEMENT_3D ( 'NONE', #2829, #3263, #736 ) ;
#1967 = CARTESIAN_POINT ( 'NONE',  ( 30.39781231642035664, -47.39386967021233943, 37.01180997468839706 ) ) ;
#1968 = AXIS2_PLACEMENT_3D ( 'NONE', #2509, #5122, #1335 ) ;
#1969 = VERTEX_POINT ( 'NONE', #5228 ) ;
#1970 = CARTESIAN_POINT ( 'NONE',  ( 26.29368801790775478, -77.41069115118401101, 37.91098043857590483 ) ) ;
#1971 = DIRECTION ( 'NONE',  ( -1.000000000000000000, 0.000000000000000000, 0.000000000000000000 ) ) ;
#1972 = LINE ( 'NONE', #5025, #3133 ) ;
#1973 = ORIENTED_EDGE ( 'NONE', *, *, #3305, .F. ) ;
#1974 = CARTESIAN_POINT ( 'NONE',  ( -25.80000000000000426, -1.000000000000000888, 32.99999999999999289 ) ) ;
#1975 = EDGE_CURVE ( 'NONE', #3122, #4331, #3482, .T. ) ;
#1976 = EDGE_LOOP ( 'NONE', ( #5117, #3974, #3962, #2001, #5092 ) ) ;
#1977 = CARTESIAN_POINT ( 'NONE',  ( -30.92300971637045492, -78.89691079757875514, -34.91751611094117891 ) ) ;
#1978 = VERTEX_POINT ( 'NONE', #991 ) ;
#1979 = DIRECTION ( 'NONE',  ( -0.000000000000000000, -0.000000000000000000, -1.000000000000000000 ) ) ;
#1980 = CARTESIAN_POINT ( 'NONE',  ( 0.000000000000000000, 0.000000000000000000, 0.000000000000000000 ) ) ;
#1981 = CARTESIAN_POINT ( 'NONE',  ( -35.40238696055715906, -43.07484929333717361, 37.40000000000958380 ) ) ;
#1982 = TOROIDAL_SURFACE ( 'NONE', #5089, 2.000000000000000000, 2.000000000000000000 ) ;
#1983 = LINE ( 'NONE', #5263, #3559 ) ;
#1984 = LINE ( 'NONE', #721, #417 ) ;
#1985 = DIRECTION ( 'NONE',  ( 0.000000000000000000, -0.000000000000000000, 1.000000000000000000 ) ) ;
#1986 = CARTESIAN_POINT ( 'NONE',  ( 26.65999999999999659, -62.73465103598690717, 15.10000000000000142 ) ) ;
#1987 = EDGE_CURVE ( 'NONE', #1479, #5142, #4618, .T. ) ;
#1988 = CIRCLE ( 'NONE', #331, 2.000000000000001776 ) ;
#1989 = LINE ( 'NONE', #2292, #5429 ) ;
#1990 = DIRECTION ( 'NONE',  ( -1.961247570352523610E-16, 1.000000000000000000, 0.000000000000000000 ) ) ;
#1991 = DIRECTION ( 'NONE',  ( 0.000000000000000000, 0.000000000000000000, 1.000000000000000000 ) ) ;
#1992 = CARTESIAN_POINT ( 'NONE',  ( 26.19868156889845068, -76.58711731673514578, -33.86371149341280073 ) ) ;
#1993 = EDGE_CURVE ( 'NONE', #628, #4082, #911, .T. ) ;
#1994 = EDGE_LOOP ( 'NONE', ( #2512, #5221, #2711, #3392 ) ) ;
#1995 = CARTESIAN_POINT ( 'NONE',  ( 29.29966672835702823, -76.67777243057757630, 37.37452700017135498 ) ) ;
#1996 = FACE_OUTER_BOUND ( 'NONE', #3529, .T. ) ;
#1997 = UNCERTAINTY_MEASURE_WITH_UNIT (LENGTH_MEASURE( 1.000000000000000082E-05 ), #1549, 'distance_accuracy_value', 'NONE');
#1998 = CARTESIAN_POINT ( 'NONE',  ( 31.91716538570930339, -57.29607201215112866, 35.72182549950188246 ) ) ;
#1999 = ORIENTED_EDGE ( 'NONE', *, *, #4338, .T. ) ;
#2000 = ORIENTED_EDGE ( 'NONE', *, *, #1925, .T. ) ;
#2001 = ORIENTED_EDGE ( 'NONE', *, *, #1106, .F. ) ;
#2002 = CARTESIAN_POINT ( 'NONE',  ( -2.862293735361733284E-15, 4.209999999999991971, 40.99999999999998579 ) ) ;
#2003 = CARTESIAN_POINT ( 'NONE',  ( -31.26048020539658978, -47.04618652348015928, 36.45033840213593379 ) ) ;
#2004 = CYLINDRICAL_SURFACE ( 'NONE', #3910, 3.000000000000002665 ) ;
#2005 = ORIENTED_EDGE ( 'NONE', *, *, #2178, .F. ) ;
#2006 = CARTESIAN_POINT ( 'NONE',  ( -29.66000000000000014, -38.71630092818492130, 37.40000000000000568 ) ) ;
#2007 = EDGE_CURVE ( 'NONE', #2171, #890, #2843, .T. ) ;
#2008 = DIRECTION ( 'NONE',  ( 0.000000000000000000, 0.000000000000000000, -1.000000000000000000 ) ) ;
#2009 = VERTEX_POINT ( 'NONE', #1415 ) ;
#2010 = CARTESIAN_POINT ( 'NONE',  ( -32.65999999999998238, -78.42897497983091171, -1.170994976263356468 ) ) ;
#2011 = CARTESIAN_POINT ( 'NONE',  ( 32.17669687632601949, -57.46163328494341727, 35.31891809267716553 ) ) ;
#2012 = EDGE_LOOP ( 'NONE', ( #190, #1424, #2437, #675 ) ) ;
#2013 = CARTESIAN_POINT ( 'NONE',  ( -0.4554345723812990299, -77.60897114950441278, 38.03259253283471253 ) ) ;
#2014 = CARTESIAN_POINT ( 'NONE',  ( 32.57681900122649665, -81.44958813554598009, -41.90924142217968296 ) ) ;
#2015 = CARTESIAN_POINT ( 'NONE',  ( 26.39645268354036745, -60.28236062852952415, 37.40000000000000568 ) ) ;
#2016 = PLANE ( 'NONE',  #4958 ) ;
#2017 = CYLINDRICAL_SURFACE ( 'NONE', #4446, 5.999999999999998224 ) ;
#2018 = CARTESIAN_POINT ( 'NONE',  ( 29.65999999999999659, -76.70715109032013856, -29.36630624132562062 ) ) ;
#2019 = VERTEX_POINT ( 'NONE', #2153 ) ;
#2020 = CARTESIAN_POINT ( 'NONE',  ( 32.66000000000000369, -79.44999999999998863, 41.40000000000000568 ) ) ;
#2021 = EDGE_CURVE ( 'NONE', #4420, #4597, #3533, .T. ) ;
#2022 = PLANE ( 'NONE',  #1090 ) ;
#2023 = EDGE_CURVE ( 'NONE', #2471, #4795, #4091, .T. ) ;
#2024 = CARTESIAN_POINT ( 'NONE',  ( -19.45000000000001705, -65.44999999999998863, -23.33309524416879555 ) ) ;
#2025 = CARTESIAN_POINT ( 'NONE',  ( -31.51135457905922976, -57.11923571329258209, 36.22323543108083044 ) ) ;
#2026 = EDGE_LOOP ( 'NONE', ( #2301, #184, #1189, #3657 ) ) ;
#2027 = CARTESIAN_POINT ( 'NONE',  ( 32.65999999999999659, -79.44999999999998863, -5.720183209558447501 ) ) ;
#2028 = CARTESIAN_POINT ( 'NONE',  ( 29.73095838287575532, -57.17773196779464939, 15.49825197661947840 ) ) ;
#2029 = CARTESIAN_POINT ( 'NONE',  ( 32.65999999999999659, -79.44999999999998863, -38.55832092069798733 ) ) ;
#2030 = CARTESIAN_POINT ( 'NONE',  ( -40.65999999999996817, -85.45000000000000284, -41.90924142217968296 ) ) ;
#2031 = LINE ( 'NONE', #3308, #50 ) ;
#2032 = EDGE_LOOP ( 'NONE', ( #5230, #4550, #2875, #4044, #4883, #5191 ) ) ;
#2033 = VERTEX_POINT ( 'NONE', #4317 ) ;
#2034 = DIRECTION ( 'NONE',  ( -1.000000000000000000, -1.156482317317871478E-16, 0.000000000000000000 ) ) ;
#2035 = CARTESIAN_POINT ( 'NONE',  ( -29.80816941626157757, -68.13144276610124450, 28.74924923777203034 ) ) ;
#2036 = ORIENTED_EDGE ( 'NONE', *, *, #4833, .T. ) ;
#2037 = CARTESIAN_POINT ( 'NONE',  ( 25.80000000000000426, -85.45000000000000284, 0.000000000000000000 ) ) ;
#2038 = CARTESIAN_POINT ( 'NONE',  ( -32.69192304005299121, -78.43493464550481065, -1.157295136076173847 ) ) ;
#2039 = VECTOR ( 'NONE', #1447, 1000.000000000000000 ) ;
#2040 = VECTOR ( 'NONE', #2160, 1000.000000000000114 ) ;
#2041 = CARTESIAN_POINT ( 'NONE',  ( 25.80000000000000426, -18.45000000000000284, 21.10000000000000142 ) ) ;
#2042 = EDGE_CURVE ( 'NONE', #1819, #1545, #3438, .T. ) ;
#2043 = CARTESIAN_POINT ( 'NONE',  ( 2.883613046360317345, -79.25627227598870661, 40.16537022373493926 ) ) ;
#2044 = DIRECTION ( 'NONE',  ( 0.000000000000000000, 0.000000000000000000, -1.000000000000000000 ) ) ;
#2045 = CARTESIAN_POINT ( 'NONE',  ( 30.38108673391262116, -78.40360705752418369, -32.73900504618735852 ) ) ;
#2046 = AXIS2_PLACEMENT_3D ( 'NONE', #368, #1288, #3312 ) ;
#2047 = VECTOR ( 'NONE', #1559, 1000.000000000000000 ) ;
#2048 = EDGE_LOOP ( 'NONE', ( #2217, #4477, #3149, #2938 ) ) ;
#2049 = ORIENTED_EDGE ( 'NONE', *, *, #5374, .T. ) ;
#2050 = CARTESIAN_POINT ( 'NONE',  ( 31.08854429421351284, -79.36643496552709109, 40.55945209727990886 ) ) ;
#2051 = VECTOR ( 'NONE', #2330, 1000.000000000000000 ) ;
#2052 = CARTESIAN_POINT ( 'NONE',  ( 25.65999999999999659, -42.32944258822478645, 37.40000000000000568 ) ) ;
#2053 = CARTESIAN_POINT ( 'NONE',  ( -32.66000000000001080, -79.44999999999998863, 41.40000000000000568 ) ) ;
#2054 = ORIENTED_EDGE ( 'NONE', *, *, #4532, .T. ) ;
#2055 = EDGE_LOOP ( 'NONE', ( #1171, #54, #2241, #4282 ) ) ;
#2056 = VECTOR ( 'NONE', #1505, 1000.000000000000114 ) ;
#2057 = CYLINDRICAL_SURFACE ( 'NONE', #4382, 2.000000000000001776 ) ;
#2058 = B_SPLINE_CURVE_WITH_KNOTS ( 'NONE', 3,
 ( #5186, #2315, #3567, #4380, #128, #2654, #4348, #3145, #179, #4426, #5264, #562 ),
 .UNSPECIFIED., .F., .F.,
 ( 4, 2, 2, 2, 2, 4 ),
 ( 1.951563910473907981E-18, 0.0005956073761785316348, 0.001191214752357061318, 0.002382429504714119600, 0.003573644257071177666, 0.004764859009428235731 ),
 .UNSPECIFIED. ) ;
#2059 = EDGE_CURVE ( 'NONE', #4753, #838, #2565, .T. ) ;
#2060 = CARTESIAN_POINT ( 'NONE',  ( -29.67601406237885442, -47.66913962049139997, 37.27725419022450382 ) ) ;
#2061 = VECTOR ( 'NONE', #3620, 1000.000000000000000 ) ;
#2062 = CARTESIAN_POINT ( 'NONE',  ( 32.65999999999999659, -79.44999999999998863, -5.720183209558447501 ) ) ;
#2063 = VERTEX_POINT ( 'NONE', #3846 ) ;
#2064 = CARTESIAN_POINT ( 'NONE',  ( -27.65552637758921151, -46.59159154878261688, 37.40000000000000568 ) ) ;
#2065 = CARTESIAN_POINT ( 'NONE',  ( -29.67652615636890800, -76.80117686802338994, -29.49712514154234810 ) ) ;
#2066 = ADVANCED_FACE ( 'NONE', ( #5124 ), #1336, .F. ) ;
#2067 = ORIENTED_EDGE ( 'NONE', *, *, #5464, .F. ) ;
#2068 = DIRECTION ( 'NONE',  ( -1.000000000000000000, -4.822023056331056494E-17, 0.000000000000000000 ) ) ;
#2069 = CARTESIAN_POINT ( 'NONE',  ( -29.77393881343869353, -77.27727972229277498, 33.95066332060347492 ) ) ;
#2070 = ORIENTED_EDGE ( 'NONE', *, *, #3526, .F. ) ;
#2071 = DIRECTION ( 'NONE',  ( 0.000000000000000000, 1.000000000000000000, 0.000000000000000000 ) ) ;
#2072 = CARTESIAN_POINT ( 'NONE',  ( -29.66000000000001080, -79.44967050843678180, -39.92739313774374210 ) ) ;
#2073 = VERTEX_POINT ( 'NONE', #3193 ) ;
#2074 = CARTESIAN_POINT ( 'NONE',  ( 29.66000000000000369, -64.54494747882435490, 33.63051386704334078 ) ) ;
#2075 = AXIS2_PLACEMENT_3D ( 'NONE', #4998, #2472, #4166 ) ;
#2076 = CARTESIAN_POINT ( 'NONE',  ( -2.862293735361733284E-15, -79.44999999999998863, 40.99999999999998579 ) ) ;
#2077 = DIRECTION ( 'NONE',  ( 0.000000000000000000, 0.7197462415475317510, -0.6942372417107872673 ) ) ;
#2078 = LINE ( 'NONE', #2572, #3474 ) ;
#2079 = CARTESIAN_POINT ( 'NONE',  ( 27.34253571223412749, -77.82227764508671441, -35.15933669751807145 ) ) ;
#2080 = EDGE_CURVE ( 'NONE', #235, #4935, #4889, .T. ) ;
#2081 = VERTEX_POINT ( 'NONE', #634 ) ;
#2082 = VECTOR ( 'NONE', #526, 1000.000000000000000 ) ;
#2083 = ORIENTED_EDGE ( 'NONE', *, *, #3625, .F. ) ;
#2084 = ORIENTED_EDGE ( 'NONE', *, *, #2007, .T. ) ;
#2085 = DIRECTION ( 'NONE',  ( 0.000000000000000000, 0.000000000000000000, 1.000000000000000000 ) ) ;
#2086 = CYLINDRICAL_SURFACE ( 'NONE', #4184, 2.999999999999999112 ) ;
#2087 = VECTOR ( 'NONE', #5443, 1000.000000000000000 ) ;
#2088 = CARTESIAN_POINT ( 'NONE',  ( -31.72746984957842287, -57.21230992289799389, 35.98793926827632106 ) ) ;
#2089 = ORIENTED_EDGE ( 'NONE', *, *, #1361, .F. ) ;
#2090 = FACE_OUTER_BOUND ( 'NONE', #2026, .T. ) ;
#2091 = DIRECTION ( 'NONE',  ( 0.000000000000000000, 0.000000000000000000, 1.000000000000000000 ) ) ;
#2092 =( BOUNDED_CURVE ( )  B_SPLINE_CURVE ( 3, ( #3787, #798, #363, #4145 ),
 .UNSPECIFIED., .F., .T. ) 
 B_SPLINE_CURVE_WITH_KNOTS ( ( 4, 4 ),
 ( 1.570796326794895226, 2.730075807522300391 ),
 .UNSPECIFIED. ) 
 CURVE ( )  GEOMETRIC_REPRESENTATION_ITEM ( )  RATIONAL_B_SPLINE_CURVE ( ( 1.000000000000000000, 0.8911066843560508932, 0.8911066843560508932, 1.000000000000000000 ) ) 
 REPRESENTATION_ITEM ( '' )  );
#2093 = EDGE_LOOP ( 'NONE', ( #4409, #2750, #3278, #2204 ) ) ;
#2094 = EDGE_CURVE ( 'NONE', #1204, #2462, #3161, .T. ) ;
#2095 = DIRECTION ( 'NONE',  ( -1.000000000000000000, 0.000000000000000000, 0.000000000000000000 ) ) ;
#2096 = CYLINDRICAL_SURFACE ( 'NONE', #2767, 4.000000000000000000 ) ;
#2097 = ORIENTED_EDGE ( 'NONE', *, *, #2368, .T. ) ;
#2098 = CARTESIAN_POINT ( 'NONE',  ( 28.65999999999999659, -76.44999999999998863, 26.35147186257609064 ) ) ;
#2099 = EDGE_CURVE ( 'NONE', #3626, #1886, #4352, .T. ) ;
#2100 = ADVANCED_FACE ( 'NONE', ( #1103, #2751, #715, #4859, #5314 ), #5372, .F. ) ;
#2101 = VERTEX_POINT ( 'NONE', #2812 ) ;
#2102 = CARTESIAN_POINT ( 'NONE',  ( 32.53943936835225514, -67.41708882026605920, 24.72793650373902352 ) ) ;
#2103 = DIRECTION ( 'NONE',  ( -0.000000000000000000, 0.000000000000000000, 1.000000000000000000 ) ) ;
#2104 = CARTESIAN_POINT ( 'NONE',  ( 25.66000000000000369, -65.34395145777230596, 37.40000000000000568 ) ) ;
#2105 = DIRECTION ( 'NONE',  ( 0.000000000000000000, 1.000000000000000000, 0.000000000000000000 ) ) ;
#2106 = CARTESIAN_POINT ( 'NONE',  ( 28.98445821453029225, -78.76361419000666331, -36.74017261136753376 ) ) ;
#2107 = LINE ( 'NONE', #1264, #5432 ) ;
#2108 = DIRECTION ( 'NONE',  ( -1.000000000000000000, 0.000000000000000000, 0.000000000000000000 ) ) ;
#2109 = ORIENTED_EDGE ( 'NONE', *, *, #3648, .F. ) ;
#2110 = ORIENTED_EDGE ( 'NONE', *, *, #3240, .T. ) ;
#2111 = CARTESIAN_POINT ( 'NONE',  ( -32.66000000000001080, -76.44999999999998863, 3.265479465441067575E-15 ) ) ;
#2112 = EDGE_CURVE ( 'NONE', #2668, #4749, #4708, .T. ) ;
#2113 = VERTEX_POINT ( 'NONE', #3978 ) ;
#2114 = ORIENTED_EDGE ( 'NONE', *, *, #1049, .F. ) ;
#2115 = CARTESIAN_POINT ( 'NONE',  ( -27.98956302966056242, -78.27057857448946265, -35.80397575496315454 ) ) ;
#2116 = CARTESIAN_POINT ( 'NONE',  ( -25.94683600433305770, -76.70118518184619916, 29.34125922142406040 ) ) ;
#2117 = EDGE_CURVE ( 'NONE', #4420, #5142, #5428, .T. ) ;
#2118 = LINE ( 'NONE', #3812, #3198 ) ;
#2119 = ORIENTED_EDGE ( 'NONE', *, *, #4887, .T. ) ;
#2120 = CARTESIAN_POINT ( 'NONE',  ( -25.80000000000000426, -176.7474391754774388, 0.000000000000000000 ) ) ;
#2121 =( BOUNDED_CURVE ( )  B_SPLINE_CURVE ( 3, ( #175, #3957, #970, #123 ),
 .UNSPECIFIED., .F., .T. ) 
 B_SPLINE_CURVE_WITH_KNOTS ( ( 4, 4 ),
 ( 1.570796326794894782, 3.141592653589793116 ),
 .UNSPECIFIED. ) 
 CURVE ( )  GEOMETRIC_REPRESENTATION_ITEM ( )  RATIONAL_B_SPLINE_CURVE ( ( 1.000000000000000000, 0.8047378541243646044, 0.8047378541243646044, 1.000000000000000000 ) ) 
 REPRESENTATION_ITEM ( '' )  );
#2122 = ORIENTED_EDGE ( 'NONE', *, *, #3224, .T. ) ;
#2123 = PLANE ( 'NONE',  #2219 ) ;
#2124 = DIRECTION ( 'NONE',  ( 0.000000000000000000, 0.000000000000000000, -1.000000000000000000 ) ) ;
#2125 = ADVANCED_FACE ( 'NONE', ( #2364 ), #2339, .T. ) ;
#2126 = CARTESIAN_POINT ( 'NONE',  ( 29.66000000000000369, -65.34395145777230596, 33.39999999999999858 ) ) ;
#2127 = CARTESIAN_POINT ( 'NONE',  ( 3.004220521358922369, -79.45000000000001705, 41.16952559868661154 ) ) ;
#2128 = DIRECTION ( 'NONE',  ( -1.000000000000000000, 0.000000000000000000, 0.000000000000000000 ) ) ;
#2129 = CARTESIAN_POINT ( 'NONE',  ( -29.66000000000000369, -75.44999999999998863, 33.39999999999999858 ) ) ;
#2130 = CARTESIAN_POINT ( 'NONE',  ( 32.65463432732161664, -79.44999520158849293, -39.98360759614678273 ) ) ;
#2131 = VECTOR ( 'NONE', #4455, 1000.000000000000114 ) ;
#2132 = ORIENTED_EDGE ( 'NONE', *, *, #3168, .F. ) ;
#2133 = EDGE_CURVE ( 'NONE', #4795, #2551, #5101, .T. ) ;
#2134 = ORIENTED_EDGE ( 'NONE', *, *, #5412, .T. ) ;
#2135 = CARTESIAN_POINT ( 'NONE',  ( 25.66000000000000014, 1.000000000000000000, -28.00000000000000000 ) ) ;
#2136 = PLANE ( 'NONE',  #1620 ) ;
#2137 = VECTOR ( 'NONE', #3451, 1000.000000000000114 ) ;
#2138 = AXIS2_PLACEMENT_3D ( 'NONE', #1801, #2681, #4378 ) ;
#2139 = DIRECTION ( 'NONE',  ( -1.000000000000000000, -1.961247570352523610E-16, 1.103655015948744232E-16 ) ) ;
#2140 = ORIENTED_EDGE ( 'NONE', *, *, #5393, .F. ) ;
#2141 = CARTESIAN_POINT ( 'NONE',  ( -29.67834148917418702, -79.01366036361538647, -37.37198382276316977 ) ) ;
#2142 = VECTOR ( 'NONE', #2560, 1000.000000000000000 ) ;
#2143 = CIRCLE ( 'NONE', #4718, 1.649999999999998579 ) ;
#2144 = CARTESIAN_POINT ( 'NONE',  ( -28.63208156927522197, -79.42156904807835360, 26.82342983854577767 ) ) ;
#2145 = ORIENTED_EDGE ( 'NONE', *, *, #4354, .F. ) ;
#2146 = DIRECTION ( 'NONE',  ( 4.999203100797713916E-17, -0.000000000000000000, 1.000000000000000000 ) ) ;
#2147 = CIRCLE ( 'NONE', #5249, 2.999999999999999112 ) ;
#2148 = ORIENTED_EDGE ( 'NONE', *, *, #4318, .T. ) ;
#2149 = AXIS2_PLACEMENT_3D ( 'NONE', #5185, #3936, #5129 ) ;
#2150 = FACE_OUTER_BOUND ( 'NONE', #4192, .T. ) ;
#2151 = EDGE_CURVE ( 'NONE', #1212, #1774, #267, .T. ) ;
#2152 = ORIENTED_EDGE ( 'NONE', *, *, #2756, .T. ) ;
#2153 = CARTESIAN_POINT ( 'NONE',  ( -29.66000000000000369, -65.34395145777230596, 33.39999999999999858 ) ) ;
#2154 = VERTEX_POINT ( 'NONE', #4832 ) ;
#2155 = LINE ( 'NONE', #4152, #4189 ) ;
#2156 = CARTESIAN_POINT ( 'NONE',  ( -29.74954089411359703, -58.86706151560527189, 37.39999999999999858 ) ) ;
#2157 = DIRECTION ( 'NONE',  ( 1.000000000000000000, 0.000000000000000000, 0.000000000000000000 ) ) ;
#2158 = CARTESIAN_POINT ( 'NONE',  ( 2.781591826278849933, -79.14626019100593624, 39.85541659532846381 ) ) ;
#2159 = CARTESIAN_POINT ( 'NONE',  ( 28.64570981706134489, -78.61654692033252445, -36.42683378578693265 ) ) ;
#2160 = DIRECTION ( 'NONE',  ( 5.672195538593293487E-17, -0.6942372417107872673, -0.7197462415475317510 ) ) ;
#2161 = CARTESIAN_POINT ( 'NONE',  ( -17.80000000000001137, -24.36999999999999744, -23.33309524416879555 ) ) ;
#2162 = CARTESIAN_POINT ( 'NONE',  ( 31.97824979763456454, -79.39215606648120627, -37.91744703835973951 ) ) ;
#2163 = EDGE_CURVE ( 'NONE', #2154, #352, #5370, .T. ) ;
#2164 = EDGE_LOOP ( 'NONE', ( #739, #4397, #2417, #4518 ) ) ;
#2165 = EDGE_LOOP ( 'NONE', ( #903, #4768, #3673, #5366 ) ) ;
#2166 = CARTESIAN_POINT ( 'NONE',  ( 26.39062848617080803, -77.16868001103451036, 15.18234600772527187 ) ) ;
#2167 = CARTESIAN_POINT ( 'NONE',  ( 32.59464456239468433, -79.44961559311214216, -39.92134268338818970 ) ) ;
#2168 = DIRECTION ( 'NONE',  ( 0.000000000000000000, 1.000000000000000000, 0.000000000000000000 ) ) ;
#2169 = EDGE_CURVE ( 'NONE', #829, #1212, #1495, .T. ) ;
#2170 = AXIS2_PLACEMENT_3D ( 'NONE', #136, #4752, #1302 ) ;
#2171 = VERTEX_POINT ( 'NONE', #2062 ) ;
#2172 = FACE_BOUND ( 'NONE', #1404, .T. ) ;
#2173 = AXIS2_PLACEMENT_3D ( 'NONE', #2755, #1198, #5316 ) ;
#2174 = CARTESIAN_POINT ( 'NONE',  ( -25.83818642485092809, -76.56256805824149581, 29.34947601076737556 ) ) ;
#2175 = CARTESIAN_POINT ( 'NONE',  ( -29.66000000000000725, -75.94999999999998863, 37.43137303340312627 ) ) ;
#2176 = DIRECTION ( 'NONE',  ( -1.000000000000000000, 0.000000000000000000, 0.000000000000000000 ) ) ;
#2177 = LINE ( 'NONE', #3875, #3375 ) ;
#2178 = EDGE_CURVE ( 'NONE', #937, #4273, #729, .T. ) ;
#2179 = VERTEX_POINT ( 'NONE', #3304 ) ;
#2180 = CARTESIAN_POINT ( 'NONE',  ( -28.65999999999997883, -79.44973862796267383, 17.85846113111360012 ) ) ;
#2181 = CARTESIAN_POINT ( 'NONE',  ( -25.75349563084655102, -63.26810296671563094, 37.40000000000000568 ) ) ;
#2182 = B_SPLINE_CURVE_WITH_KNOTS ( 'NONE', 3,
 ( #2014, #2401, #1557, #2819 ),
 .UNSPECIFIED., .F., .F.,
 ( 4, 4 ),
 ( 0.000000000000000000, 3.366880095647098496E-05 ),
 .UNSPECIFIED. ) ;
#2183 = CARTESIAN_POINT ( 'NONE',  ( -30.90264068711929468, -79.44999999999998863, 28.10883117545680676 ) ) ;
#2184 = CYLINDRICAL_SURFACE ( 'NONE', #3017, 5.000000000000003553 ) ;
#2185 = CARTESIAN_POINT ( 'NONE',  ( 17.79999999999846239, -65.45000000000145235, -23.33309524416879555 ) ) ;
#2186 = EDGE_CURVE ( 'NONE', #1317, #314, #745, .T. ) ;
#2187 = DIRECTION ( 'NONE',  ( 0.000000000000000000, 0.000000000000000000, 1.000000000000000000 ) ) ;
#2188 = DIRECTION ( 'NONE',  ( 0.000000000000000000, 0.000000000000000000, 1.000000000000000000 ) ) ;
#2189 = CARTESIAN_POINT ( 'NONE',  ( -25.66000000000000369, 3.000000000000000000, 33.39999999999999858 ) ) ;
#2190 = VERTEX_POINT ( 'NONE', #3757 ) ;
#2191 = VERTEX_POINT ( 'NONE', #5002 ) ;
#2192 = CARTESIAN_POINT ( 'NONE',  ( 31.51137151397054836, -57.11924322907923823, 36.22321315567138811 ) ) ;
#2193 = CARTESIAN_POINT ( 'NONE',  ( -29.51995740587569372, -74.89770144526816864, -32.77994578838102058 ) ) ;
#2194 = CARTESIAN_POINT ( 'NONE',  ( 32.63029243367291343, -79.44985290647773013, -39.90924142217966875 ) ) ;
#2195 = VERTEX_POINT ( 'NONE', #772 ) ;
#2196 = CARTESIAN_POINT ( 'NONE',  ( -28.65999999999998238, -85.45000000000000284, 26.35474030970052794 ) ) ;
#2197 = ADVANCED_FACE ( 'NONE', ( #1195 ), #2004, .F. ) ;
#2198 = EDGE_CURVE ( 'NONE', #5458, #3412, #229, .T. ) ;
#2199 = DIRECTION ( 'NONE',  ( -0.000000000000000000, -1.000000000000000000, -0.000000000000000000 ) ) ;
#2200 = CARTESIAN_POINT ( 'NONE',  ( -29.66000000000000725, -76.44999999999998863, 33.46274606680623265 ) ) ;
#2201 = CARTESIAN_POINT ( 'NONE',  ( 25.66000000000000014, 1.000000000000000000, -32.00000000000000000 ) ) ;
#2202 = EDGE_CURVE ( 'NONE', #2668, #3758, #1682, .T. ) ;
#2203 = CARTESIAN_POINT ( 'NONE',  ( -32.55109095583095069, -67.43893390870415772, 24.69745077550935974 ) ) ;
#2204 = ORIENTED_EDGE ( 'NONE', *, *, #3125, .F. ) ;
#2205 = CARTESIAN_POINT ( 'NONE',  ( 32.66000000000000369, -81.44999999999998863, -41.90924142217968296 ) ) ;
#2206 = CARTESIAN_POINT ( 'NONE',  ( 29.65999999999999659, -51.88194998642468647, 26.35147186257608709 ) ) ;
#2207 = VERTEX_POINT ( 'NONE', #4207 ) ;
#2208 = LINE ( 'NONE', #1373, #3550 ) ;
#2209 = FACE_OUTER_BOUND ( 'NONE', #5255, .T. ) ;
#2210 = DIRECTION ( 'NONE',  ( 5.672195538593292254E-17, -0.6942372417107872673, -0.7197462415475317510 ) ) ;
#2211 = FACE_OUTER_BOUND ( 'NONE', #28, .T. ) ;
#2212 = EDGE_CURVE ( 'NONE', #2297, #1897, #2092, .T. ) ;
#2213 = ORIENTED_EDGE ( 'NONE', *, *, #4303, .F. ) ;
#2214 = DIRECTION ( 'NONE',  ( 0.000000000000000000, 1.000000000000000000, 0.000000000000000000 ) ) ;
#2215 = CARTESIAN_POINT ( 'NONE',  ( -29.38413803689742920, -75.07982498992542730, -32.84728825257488438 ) ) ;
#2216 = CARTESIAN_POINT ( 'NONE',  ( 25.66000000000000014, 1.000000000000000000, 33.39999999999999858 ) ) ;
#2217 = ORIENTED_EDGE ( 'NONE', *, *, #4276, .T. ) ;
#2218 = CARTESIAN_POINT ( 'NONE',  ( 40.66000000000001080, -81.44999999999998863, -41.90924142217968296 ) ) ;
#2219 = AXIS2_PLACEMENT_3D ( 'NONE', #1257, #1687, #4595 ) ;
#2220 = VECTOR ( 'NONE', #1622, 1000.000000000000000 ) ;
#2221 = FACE_BOUND ( 'NONE', #2811, .T. ) ;
#2222 = CARTESIAN_POINT ( 'NONE',  ( -29.65999999999998238, -51.88194998642470068, 26.35147186257608709 ) ) ;
#2223 = ORIENTED_EDGE ( 'NONE', *, *, #2637, .T. ) ;
#2224 = ADVANCED_FACE ( 'NONE', ( #3364 ), #5058, .F. ) ;
#2225 = CIRCLE ( 'NONE', #4717, 4.000000000000000000 ) ;
#2226 = SURFACE_SIDE_STYLE ('',( #1044 ) ) ;
#2227 = AXIS2_PLACEMENT_3D ( 'NONE', #4772, #1009, #1811 ) ;
#2228 = AXIS2_PLACEMENT_3D ( 'NONE', #5288, #3618, #1548 ) ;
#2229 = AXIS2_PLACEMENT_3D ( 'NONE', #2283, #2313, #3982 ) ;
#2230 = ORIENTED_EDGE ( 'NONE', *, *, #4605, .T. ) ;
#2231 = CARTESIAN_POINT ( 'NONE',  ( -19.45000000000001705, -65.44999999999998863, -32.00000000000000000 ) ) ;
#2232 = ORIENTED_EDGE ( 'NONE', *, *, #4419, .F. ) ;
#2233 = CYLINDRICAL_SURFACE ( 'NONE', #3924, 2.999999999999999112 ) ;
#2234 = LINE ( 'NONE', #3535, #941 ) ;
#2235 = ADVANCED_FACE ( 'NONE', ( #2952 ), #4234, .T. ) ;
#2236 = VECTOR ( 'NONE', #4942, 1000.000000000000000 ) ;
#2237 = DIRECTION ( 'NONE',  ( 5.672195538593291022E-17, -0.6942372417107872673, -0.7197462415475318620 ) ) ;
#2238 = DIRECTION ( 'NONE',  ( 0.000000000000000000, 0.000000000000000000, 1.000000000000000000 ) ) ;
#2239 = PLANE ( 'NONE',  #2606 ) ;
#2240 = VECTOR ( 'NONE', #4807, 1000.000000000000000 ) ;
#2241 = ORIENTED_EDGE ( 'NONE', *, *, #3746, .F. ) ;
#2242 = CARTESIAN_POINT ( 'NONE',  ( -32.65999999999998238, -40.04381027818467231, 38.62459126614432847 ) ) ;
#2243 = CARTESIAN_POINT ( 'NONE',  ( -33.09752698877137078, -79.44999999999998863, -3.900185063022398424 ) ) ;
#2244 = ORIENTED_EDGE ( 'NONE', *, *, #3721, .F. ) ;
#2245 = CARTESIAN_POINT ( 'NONE',  ( 28.44844998192917629, -79.23713624663579935, 16.96935212525655956 ) ) ;
#2246 = DIRECTION ( 'NONE',  ( 0.000000000000000000, 0.000000000000000000, -1.000000000000000000 ) ) ;
#2247 = CARTESIAN_POINT ( 'NONE',  ( -27.31635716186193719, -78.22182770730796619, 38.50644376313805139 ) ) ;
#2248 = CARTESIAN_POINT ( 'NONE',  ( -28.65999999999998238, -79.44999999999998863, 33.39999999999999858 ) ) ;
#2249 = VECTOR ( 'NONE', #3892, 1000.000000000000000 ) ;
#2250 = DIRECTION ( 'NONE',  ( -1.000000000000000000, 0.000000000000000000, 0.000000000000000000 ) ) ;
#2251 = AXIS2_PLACEMENT_3D ( 'NONE', #652, #4874, #4847 ) ;
#2252 = CARTESIAN_POINT ( 'NONE',  ( -29.47098645823442098, -77.42354277755100611, 37.68216123158470054 ) ) ;
#2253 = B_SPLINE_CURVE_WITH_KNOTS ( 'NONE', 3,
 ( #4270, #2934, #923, #1773, #4663, #3825, #433, #512, #5077, #1669, #2487, #2159, #2106, #4299, #5130, #3459, #4712, #1344 ),
 .UNSPECIFIED., .F., .F.,
 ( 4, 2, 2, 2, 2, 2, 2, 2, 4 ),
 ( 0.000000000000000000, 0.001460213755409854814, 0.002190320633114776691, 0.002920427510819698785, 0.004380641266229547311, 0.005840855021639395836, 0.007301068777049245229, 0.008761282532459094621, 0.01168171004327878473 ),
 .UNSPECIFIED. ) ;
#2254 = CARTESIAN_POINT ( 'NONE',  ( 28.65999999999999304, -79.44999999999998863, -29.90924142217967940 ) ) ;
#2255 = AXIS2_PLACEMENT_3D ( 'NONE', #2624, #5261, #3486 ) ;
#2256 = EDGE_LOOP ( 'NONE', ( #4195, #2719, #3219, #961 ) ) ;
#2257 = CARTESIAN_POINT ( 'NONE',  ( -32.03460307866058088, -67.06720532419947745, 25.48030463908051857 ) ) ;
#2258 = APPLICATION_CONTEXT ( 'automotive_design' ) ;
#2259 = ORIENTED_EDGE ( 'NONE', *, *, #3267, .T. ) ;
#2260 = DIRECTION ( 'NONE',  ( 1.000000000000000000, 2.925652181618734909E-16, 0.000000000000000000 ) ) ;
#2261 = DIRECTION ( 'NONE',  ( -1.000000000000000000, 0.000000000000000000, 0.000000000000000000 ) ) ;
#2262 = EDGE_CURVE ( 'NONE', #2983, #3306, #3339, .T. ) ;
#2263 = EDGE_CURVE ( 'NONE', #3667, #2338, #62, .T. ) ;
#2264 = DIRECTION ( 'NONE',  ( 0.000000000000000000, 0.000000000000000000, 1.000000000000000000 ) ) ;
#2265 = CARTESIAN_POINT ( 'NONE',  ( -32.65999999999998238, -47.53814601644158699, 30.85488423168238015 ) ) ;
#2266 = CARTESIAN_POINT ( 'NONE',  ( 29.65999999999999659, -12.45000000000000284, 21.10000000000000142 ) ) ;
#2267 = ORIENTED_EDGE ( 'NONE', *, *, #1697, .T. ) ;
#2268 = CARTESIAN_POINT ( 'NONE',  ( 29.91397452033574211, -79.18918410028726385, 39.92902132779734359 ) ) ;
#2269 = CARTESIAN_POINT ( 'NONE',  ( 32.80740812476326340, -79.44999999999997442, -2.059885834965029527 ) ) ;
#2270 = EDGE_LOOP ( 'NONE', ( #261, #4726 ) ) ;
#2271 = LINE ( 'NONE', #598, #388 ) ;
#2272 = CARTESIAN_POINT ( 'NONE',  ( -28.65999999999998593, -48.03653567936055424, 37.40000000000000568 ) ) ;
#2273 = CARTESIAN_POINT ( 'NONE',  ( -20.79670890685869011, 0.000000000000000000, -28.80000000000000782 ) ) ;
#2274 = PLANE ( 'NONE',  #678 ) ;
#2275 = DIRECTION ( 'NONE',  ( -0.9999509688259067275, -0.009902522109563039604, 1.460634262567695165E-12 ) ) ;
#2276 = CARTESIAN_POINT ( 'NONE',  ( -29.93835311970674340, -79.18091552046797688, 39.94172662876097490 ) ) ;
#2277 = DIRECTION ( 'NONE',  ( 5.480158779375505821E-17, 0.000000000000000000, 1.000000000000000000 ) ) ;
#2278 = EDGE_CURVE ( 'NONE', #5066, #3441, #1278, .T. ) ;
#2279 = CARTESIAN_POINT ( 'NONE',  ( -31.04284686432164619, -79.09920595151075418, -37.00948043926545949 ) ) ;
#2280 = EDGE_LOOP ( 'NONE', ( #1422, #4778, #3713, #1686, #3293, #4956 ) ) ;
#2281 = CARTESIAN_POINT ( 'NONE',  ( 29.65999999999999659, 3.000000000000000000, -32.00000000000000000 ) ) ;
#2282 = CARTESIAN_POINT ( 'NONE',  ( -40.65999999999996817, -79.44999999999998863, -41.90924142217968296 ) ) ;
#2283 = CARTESIAN_POINT ( 'NONE',  ( 25.66000000000000014, 3.000000000000000000, -28.00000000000000000 ) ) ;
#2284 = CARTESIAN_POINT ( 'NONE',  ( -29.85700978809687456, -79.44999999999997442, 15.42540433837741709 ) ) ;
#2285 = CARTESIAN_POINT ( 'NONE',  ( 32.44224128316150768, -57.84657284421462009, 34.71731042320545413 ) ) ;
#2286 = ORIENTED_EDGE ( 'NONE', *, *, #1465, .T. ) ;
#2287 = CARTESIAN_POINT ( 'NONE',  ( 29.65999999999999659, -75.35302552672658294, 16.42227476530750252 ) ) ;
#2288 = CARTESIAN_POINT ( 'NONE',  ( 32.80027757746301376, -79.44999999999998863, -4.623928899801642345 ) ) ;
#2289 = ADVANCED_FACE ( 'NONE', ( #2535 ), #5431, .F. ) ;
#2290 = ORIENTED_EDGE ( 'NONE', *, *, #3695, .T. ) ;
#2291 =( BOUNDED_SURFACE ( )  B_SPLINE_SURFACE ( 3, 2, ( 
 ( #4351, #4459, #618 ),
 ( #1451, #3964, #4408 ),
 ( #1081, #3148, #2317 ),
 ( #206, #565, #2762 ),
 ( #1423, #677, #3908 ),
 ( #3097, #1883, #2243 ),
 ( #5240, #3570, #5267 ),
 ( #4842, #4104, #3254 ),
 ( #1639, #5410, #290 ),
 ( #2038, #346, #1206 ) ),
 .UNSPECIFIED., .F., .F., .T. ) 
 B_SPLINE_SURFACE_WITH_KNOTS ( ( 4, 2, 2, 2, 4 ),
 ( 3, 3 ),
 ( 1.570796326794896558, 1.862355116197838667, 2.153913905600780776, 2.445472695003722663, 2.737031484406664994 ),
 ( 0.000000000000000000, 1.000000000000000000 ),
 .UNSPECIFIED. ) 
 GEOMETRIC_REPRESENTATION_ITEM ( )  RATIONAL_B_SPLINE_SURFACE ( (
 ( 1.000000000000000000, 0.7071067811865475727, 1.000000000000000000),
 ( 1.000000000000000000, 0.7318434608546871001, 1.000000000000000000),
 ( 1.000000000000000000, 0.7552550243255711226, 1.000000000000000000),
 ( 1.000000000000000000, 0.7983780559408970579, 1.000000000000000000),
 ( 1.000000000000000000, 0.8180871855351447008, 1.000000000000000000),
 ( 1.000000000000000000, 0.8530281059416030542, 1.000000000000000000),
 ( 1.000000000000000000, 0.8682616235045026443, 1.000000000000000000),
 ( 1.000000000000000000, 0.8937186333996703924, 1.000000000000000000),
 ( 1.000000000000000000, 0.9039459004242311746, 1.000000000000000000),
 ( 1.000000000000000000, 0.9114946192476786058, 1.000000000000000000) ) ) 
 REPRESENTATION_ITEM ( '' )  SURFACE ( )  );
#2292 = CARTESIAN_POINT ( 'NONE',  ( 25.80000000000000426, -1.000000000000000888, 0.000000000000000000 ) ) ;
#2293 = LINE ( 'NONE', #1034, #2496 ) ;
#2294 = CARTESIAN_POINT ( 'NONE',  ( 0.000000000000000000, 3.000000000000000000, 0.000000000000000000 ) ) ;
#2295 = CARTESIAN_POINT ( 'NONE',  ( 25.94628194504067409, -76.70055445511751202, 29.34131234065021587 ) ) ;
#2296 = EDGE_CURVE ( 'NONE', #1438, #1479, #2118, .T. ) ;
#2297 = VERTEX_POINT ( 'NONE', #2418 ) ;
#2298 = CARTESIAN_POINT ( 'NONE',  ( 29.65999999999999659, -47.71381429244775774, 29.35147186257609064 ) ) ;
#2299 = CARTESIAN_POINT ( 'NONE',  ( -30.19714819867208178, -78.16621539150126807, 35.15330821869745392 ) ) ;
#2300 = VERTEX_POINT ( 'NONE', #4941 ) ;
#2301 = ORIENTED_EDGE ( 'NONE', *, *, #2840, .T. ) ;
#2302 = B_SPLINE_CURVE_WITH_KNOTS ( 'NONE', 3,
 ( #322, #3686, #5385, #4410, #4951, #1173, #622, #3989, #210, #2932 ),
 .UNSPECIFIED., .F., .F.,
 ( 4, 2, 2, 2, 4 ),
 ( 0.004491759161796955724, 0.005163391483187554018, 0.005835023804578153180, 0.006506656125968752341, 0.007178288447359350635 ),
 .UNSPECIFIED. ) ;
#2303 = ORIENTED_EDGE ( 'NONE', *, *, #691, .F. ) ;
#2304 = FILL_AREA_STYLE ('',( #3059 ) ) ;
#2305 = ORIENTED_EDGE ( 'NONE', *, *, #4502, .T. ) ;
#2306 = CARTESIAN_POINT ( 'NONE',  ( 40.66000000000000369, -79.44999999999998863, -41.90924142217968296 ) ) ;
#2307 = VECTOR ( 'NONE', #3426, 1000.000000000000000 ) ;
#2308 = DIRECTION ( 'NONE',  ( -9.998406201595427833E-17, 0.000000000000000000, -1.000000000000000000 ) ) ;
#2309 = CIRCLE ( 'NONE', #3196, 8.000000000000000000 ) ;
#2310 = CARTESIAN_POINT ( 'NONE',  ( 32.57681900122649665, -81.44958813554596588, -39.90924142217967585 ) ) ;
#2311 = ADVANCED_FACE ( 'NONE', ( #338 ), #3699, .F. ) ;
#2312 = TOROIDAL_SURFACE ( 'NONE', #1966, 12.00000000000000000, 4.000000000000000000 ) ;
#2313 = DIRECTION ( 'NONE',  ( -0.000000000000000000, -1.000000000000000000, -0.000000000000000000 ) ) ;
#2314 = DIRECTION ( 'NONE',  ( -1.000000000000000000, -0.000000000000000000, 9.998406201595427833E-17 ) ) ;
#2315 = CARTESIAN_POINT ( 'NONE',  ( -32.65999999999998238, -78.56912547450342288, -1.316295149937414477 ) ) ;
#2316 = CARTESIAN_POINT ( 'NONE',  ( -3.004278362758954213, -79.45000000000000284, 41.16909566157198697 ) ) ;
#2317 = CARTESIAN_POINT ( 'NONE',  ( -32.68853453368495821, -79.44999999999998863, -5.160256835124930497 ) ) ;
#2318 = VECTOR ( 'NONE', #2703, 1000.000000000000000 ) ;
#2319 = CIRCLE ( 'NONE', #5437, 8.000000000000000000 ) ;
#2320 = ORIENTED_EDGE ( 'NONE', *, *, #863, .T. ) ;
#2321 = CYLINDRICAL_SURFACE ( 'NONE', #3104, 2.000000000000001776 ) ;
#2322 = VECTOR ( 'NONE', #397, 1000.000000000000000 ) ;
#2323 = CARTESIAN_POINT ( 'NONE',  ( -30.75051109932353910, -78.91123082487725071, -37.02260242771682641 ) ) ;
#2324 = ADVANCED_FACE ( 'NONE', ( #3990 ), #4003, .T. ) ;
#2325 = CARTESIAN_POINT ( 'NONE',  ( -25.80000000000000426, -85.45000000000000284, 29.35147186257609064 ) ) ;
#2326 = CARTESIAN_POINT ( 'NONE',  ( 25.80000000000000426, -76.44999999999998863, 29.35147186257609064 ) ) ;
#2327 = PRODUCT_RELATED_PRODUCT_CATEGORY ( 'part', '', ( #2468 ) ) ;
#2328 = CARTESIAN_POINT ( 'NONE',  ( 28.49284667659754788, -78.76428191102154130, 39.15757044027747469 ) ) ;
#2329 = EDGE_CURVE ( 'NONE', #1317, #1183, #1741, .T. ) ;
#2330 = DIRECTION ( 'NONE',  ( -0.000000000000000000, -0.000000000000000000, -1.000000000000000000 ) ) ;
#2331 = ADVANCED_FACE ( 'NONE', ( #1840 ), #4846, .F. ) ;
#2332 = CARTESIAN_POINT ( 'NONE',  ( -29.33012582936504486, -76.92115205788192611, 37.45162584481798973 ) ) ;
#2333 = ORIENTED_EDGE ( 'NONE', *, *, #2198, .F. ) ;
#2334 = ORIENTED_EDGE ( 'NONE', *, *, #4203, .T. ) ;
#2335 = VERTEX_POINT ( 'NONE', #2980 ) ;
#2336 = DIRECTION ( 'NONE',  ( 0.000000000000000000, -1.000000000000000000, 0.000000000000000000 ) ) ;
#2337 = AXIS2_PLACEMENT_3D ( 'NONE', #4632, #3800, #1693 ) ;
#2338 = VERTEX_POINT ( 'NONE', #214 ) ;
#2339 = PLANE ( 'NONE',  #1358 ) ;
#2340 = DIRECTION ( 'NONE',  ( 0.000000000000000000, 0.000000000000000000, 1.000000000000000000 ) ) ;
#2341 = TOROIDAL_SURFACE ( 'NONE', #4030, 2.000000000000000000, 2.000000000000000000 ) ;
#2342 = EDGE_CURVE ( 'NONE', #3203, #162, #4358, .T. ) ;
#2343 = VECTOR ( 'NONE', #4681, 1000.000000000000000 ) ;
#2344 = DIRECTION ( 'NONE',  ( 0.000000000000000000, 0.000000000000000000, -1.000000000000000000 ) ) ;
#2345 = LINE ( 'NONE', #4126, #4647 ) ;
#2346 = ORIENTED_EDGE ( 'NONE', *, *, #4147, .T. ) ;
#2347 = ORIENTED_EDGE ( 'NONE', *, *, #448, .T. ) ;
#2348 = DIRECTION ( 'NONE',  ( -1.589498154119685395E-16, -0.000000000000000000, 1.000000000000000000 ) ) ;
#2349 = DIRECTION ( 'NONE',  ( 0.000000000000000000, 0.000000000000000000, 1.000000000000000000 ) ) ;
#2350 = CARTESIAN_POINT ( 'NONE',  ( -7.715375880726712574E-16, -3.812238329577779528, -28.80000000000000782 ) ) ;
#2351 = EDGE_CURVE ( 'NONE', #3867, #3472, #1758, .T. ) ;
#2352 = CARTESIAN_POINT ( 'NONE',  ( -32.65105721652678739, -79.44998880369921324, -39.98633966660552375 ) ) ;
#2353 = CARTESIAN_POINT ( 'NONE',  ( 29.65999999999999659, -76.64141378175223451, 33.51901642947588300 ) ) ;
#2354 = DIRECTION ( 'NONE',  ( 1.000000000000000000, -0.000000000000000000, -0.000000000000000000 ) ) ;
#2355 = ORIENTED_EDGE ( 'NONE', *, *, #4257, .F. ) ;
#2356 = CARTESIAN_POINT ( 'NONE',  ( 25.67789963307609469, -76.23649927378700397, 37.47549611368582134 ) ) ;
#2357 = PLANE ( 'NONE',  #3285 ) ;
#2358 = CARTESIAN_POINT ( 'NONE',  ( -32.26473392545139518, -79.44999999999998863, 41.18872138600993082 ) ) ;
#2359 = ORIENTED_EDGE ( 'NONE', *, *, #5395, .F. ) ;
#2360 = ORIENTED_EDGE ( 'NONE', *, *, #889, .T. ) ;
#2361 = CARTESIAN_POINT ( 'NONE',  ( 29.65999999999999659, -40.04381027818466521, 38.62459126614432137 ) ) ;
#2362 = EDGE_CURVE ( 'NONE', #2191, #3320, #4967, .T. ) ;
#2363 = ORIENTED_EDGE ( 'NONE', *, *, #448, .F. ) ;
#2364 = FACE_OUTER_BOUND ( 'NONE', #3985, .T. ) ;
#2365 = EDGE_LOOP ( 'NONE', ( #2760, #109, #2791, #4479, #775 ) ) ;
#2366 = CARTESIAN_POINT ( 'NONE',  ( 32.66000000000000369, -67.78463260234873644, 24.26876013744372429 ) ) ;
#2367 = CARTESIAN_POINT ( 'NONE',  ( 32.26013620326742171, -48.98637248010808065, 29.07500281584193758 ) ) ;
#2368 = EDGE_CURVE ( 'NONE', #2700, #2019, #1428, .T. ) ;
#2369 = EDGE_LOOP ( 'NONE', ( #1999, #3568, #5011, #1276 ) ) ;
#2370 = DIRECTION ( 'NONE',  ( 0.000000000000000000, -1.000000000000000000, 0.000000000000000000 ) ) ;
#2371 = DIRECTION ( 'NONE',  ( 0.000000000000000000, 1.000000000000000000, 0.000000000000000000 ) ) ;
#2372 = ORIENTED_EDGE ( 'NONE', *, *, #5045, .T. ) ;
#2373 = CARTESIAN_POINT ( 'NONE',  ( -2.690555253714246309, -79.05598312453030019, 39.65688682471124338 ) ) ;
#2374 = DIRECTION ( 'NONE',  ( -1.000000000000000000, -1.156482317317871478E-16, 0.000000000000000000 ) ) ;
#2375 = ORIENTED_EDGE ( 'NONE', *, *, #520, .F. ) ;
#2376 = CARTESIAN_POINT ( 'NONE',  ( -21.10000000000000853, -24.36999999999999744, -28.80000000000000782 ) ) ;
#2377 = CARTESIAN_POINT ( 'NONE',  ( -29.66000000000000369, -76.44999999999998863, 29.35147186257609064 ) ) ;
#2378 = DIRECTION ( 'NONE',  ( 1.000000000000000000, -1.927470528863119295E-16, 0.000000000000000000 ) ) ;
#2379 = CARTESIAN_POINT ( 'NONE',  ( 30.65171369545784685, -78.68058532406762140, -33.68009171011671299 ) ) ;
#2380 = EDGE_CURVE ( 'NONE', #3939, #2594, #3946, .T. ) ;
#2381 = EDGE_LOOP ( 'NONE', ( #3360, #138, #4654, #3752 ) ) ;
#2382 = EDGE_LOOP ( 'NONE', ( #5166, #5, #4060, #5198 ) ) ;
#2383 = CARTESIAN_POINT ( 'NONE',  ( -34.66000000000000369, -36.74551864513313859, 35.44319655574729921 ) ) ;
#2384 = CARTESIAN_POINT ( 'NONE',  ( 0.000000000000000000, -79.44999999999998863, 18.10000000000000142 ) ) ;
#2385 = CARTESIAN_POINT ( 'NONE',  ( -32.36772757766262032, -79.45000000000001705, 40.67094459564869879 ) ) ;
#2386 = VERTEX_POINT ( 'NONE', #4434 ) ;
#2387 = ORIENTED_EDGE ( 'NONE', *, *, #5045, .F. ) ;
#2388 = ORIENTED_EDGE ( 'NONE', *, *, #3761, .F. ) ;
#2389 = CARTESIAN_POINT ( 'NONE',  ( -32.57681900122651086, -81.44958813554596588, -41.90924142217968296 ) ) ;
#2390 = EDGE_LOOP ( 'NONE', ( #4594, #2897, #3064, #1297 ) ) ;
#2391 = DIRECTION ( 'NONE',  ( 1.000000000000000000, -0.000000000000000000, 0.000000000000000000 ) ) ;
#2392 = EDGE_CURVE ( 'NONE', #3441, #3895, #4258, .T. ) ;
#2393 = DIRECTION ( 'NONE',  ( 1.000000000000000000, -0.000000000000000000, 0.000000000000000000 ) ) ;
#2394 = DIRECTION ( 'NONE',  ( 0.000000000000000000, 0.000000000000000000, -1.000000000000000000 ) ) ;
#2395 = VERTEX_POINT ( 'NONE', #2325 ) ;
#2396 = VECTOR ( 'NONE', #4844, 1000.000000000000000 ) ;
#2397 = LINE ( 'NONE', #5378, #45 ) ;
#2398 = DIRECTION ( 'NONE',  ( 0.000000000000000000, 0.000000000000000000, 1.000000000000000000 ) ) ;
#2399 = ADVANCED_FACE ( 'NONE', ( #3969 ), #3101, .F. ) ;
#2400 = PLANE ( 'NONE',  #1191 ) ;
#2401 = CARTESIAN_POINT ( 'NONE',  ( 32.58804193487865319, -81.44958813554598009, -41.90924142217968296 ) ) ;
#2402 = CIRCLE ( 'NONE', #3644, 2.000000000000001776 ) ;
#2403 = CIRCLE ( 'NONE', #4800, 8.000000000000000000 ) ;
#2404 = CARTESIAN_POINT ( 'NONE',  ( -31.86980100970277618, -77.13595019039559020, 15.16257894329712919 ) ) ;
#2405 = CARTESIAN_POINT ( 'NONE',  ( -30.65171369540878388, -78.68058532402335459, -33.68009170995267709 ) ) ;
#2406 = CARTESIAN_POINT ( 'NONE',  ( -29.66000000000001080, -71.44999999999998863, -40.00000000000000000 ) ) ;
#2407 = CIRCLE ( 'NONE', #5250, 2.000000000000001776 ) ;
#2408 = CARTESIAN_POINT ( 'NONE',  ( 29.77703918664423455, -77.28796348029248975, -30.21603130501916823 ) ) ;
#2409 = ORIENTED_EDGE ( 'NONE', *, *, #2278, .F. ) ;
#2410 = CARTESIAN_POINT ( 'NONE',  ( 29.88715823621200229, -77.60070571096741787, 34.29395451922970750 ) ) ;
#2411 = DIRECTION ( 'NONE',  ( -1.000000000000000000, -0.000000000000000000, -0.000000000000000000 ) ) ;
#2412 = ADVANCED_FACE ( 'NONE', ( #1012 ), #3397, .T. ) ;
#2413 = CARTESIAN_POINT ( 'NONE',  ( 33.80000000000000426, -85.45000000000000284, -37.78336146153467467 ) ) ;
#2414 = ORIENTED_EDGE ( 'NONE', *, *, #2882, .T. ) ;
#2415 = DIRECTION ( 'NONE',  ( 0.000000000000000000, 0.000000000000000000, -1.000000000000000000 ) ) ;
#2416 = CARTESIAN_POINT ( 'NONE',  ( 30.04590230807492901, -57.99820825875347197, 16.19690196469964150 ) ) ;
#2417 = ORIENTED_EDGE ( 'NONE', *, *, #781, .T. ) ;
#2418 = CARTESIAN_POINT ( 'NONE',  ( -29.66000000000000725, -76.44999999999998863, -5.720183209558419080 ) ) ;
#2419 = CYLINDRICAL_SURFACE ( 'NONE', #305, 2.000000000000001776 ) ;
#2420 = LINE ( 'NONE', #4592, #1010 ) ;
#2421 = CIRCLE ( 'NONE', #4817, 3.000000000000002665 ) ;
#2422 = DIRECTION ( 'NONE',  ( -0.000000000000000000, 1.000000000000000000, -0.000000000000000000 ) ) ;
#2423 = LINE ( 'NONE', #4569, #2517 ) ;
#2424 = EDGE_LOOP ( 'NONE', ( #4319, #4305 ) ) ;
#2425 = CIRCLE ( 'NONE', #3316, 2.000000000000001776 ) ;
#2426 = ORIENTED_EDGE ( 'NONE', *, *, #4625, .T. ) ;
#2427 = CARTESIAN_POINT ( 'NONE',  ( -0.1153976323155215256, -77.55713075057052208, 37.99999999999999289 ) ) ;
#2428 = LINE ( 'NONE', #1986, #2970 ) ;
#2429 = EDGE_CURVE ( 'NONE', #5066, #2063, #3843, .T. ) ;
#2430 = EDGE_CURVE ( 'NONE', #24, #2191, #4052, .T. ) ;
#2431 = AXIS2_PLACEMENT_3D ( 'NONE', #918, #3346, #1744 ) ;
#2432 = FACE_OUTER_BOUND ( 'NONE', #3598, .T. ) ;
#2433 = CARTESIAN_POINT ( 'NONE',  ( -32.64748009679874485, -79.44999253580481025, -39.98907173051571107 ) ) ;
#2434 = DIRECTION ( 'NONE',  ( 0.000000000000000000, 1.000000000000000000, -0.000000000000000000 ) ) ;
#2435 = CARTESIAN_POINT ( 'NONE',  ( 32.44125263549286586, -46.52668353181829275, 34.73164523852485530 ) ) ;
#2436 = APPLICATION_CONTEXT ( 'automotive_design' ) ;
#2437 = ORIENTED_EDGE ( 'NONE', *, *, #5083, .F. ) ;
#2438 = ORIENTED_EDGE ( 'NONE', *, *, #341, .T. ) ;
#2439 = ORIENTED_EDGE ( 'NONE', *, *, #4119, .T. ) ;
#2440 = CARTESIAN_POINT ( 'NONE',  ( 30.44563092425251583, -78.48392247270761857, 35.81169698698187887 ) ) ;
#2441 = LINE ( 'NONE', #4521, #1537 ) ;
#2442 = CARTESIAN_POINT ( 'NONE',  ( -33.80000000000000426, 4.209999999999991971, -35.78336146153467467 ) ) ;
#2443 = VERTEX_POINT ( 'NONE', #3258 ) ;
#2444 = DIRECTION ( 'NONE',  ( -0.000000000000000000, -1.000000000000000000, -0.000000000000000000 ) ) ;
#2445 = CARTESIAN_POINT ( 'NONE',  ( 32.65999999999999659, -55.11878564658969992, 33.39999999999999858 ) ) ;
#2446 = ORIENTED_EDGE ( 'NONE', *, *, #4746, .F. ) ;
#2447 = DIRECTION ( 'NONE',  ( 5.672195538593293487E-17, -0.6942372417107872673, -0.7197462415475317510 ) ) ;
#2448 = EDGE_LOOP ( 'NONE', ( #1242, #39, #5054, #516, #3899, #867, #2617, #629, #2148, #2049, #3901, #2267 ) ) ;
#2449 = LINE ( 'NONE', #1659, #3834 ) ;
#2450 = DIRECTION ( 'NONE',  ( 0.000000000000000000, 1.000000000000000000, 0.000000000000000000 ) ) ;
#2451 = CARTESIAN_POINT ( 'NONE',  ( -29.58043850662991048, -49.05661214091301758, 37.40000000000000568 ) ) ;
#2452 = ADVANCED_FACE ( 'NONE', ( #706 ), #2017, .F. ) ;
#2453 = ORIENTED_EDGE ( 'NONE', *, *, #3007, .T. ) ;
#2454 = DIRECTION ( 'NONE',  ( 0.000000000000000000, 0.6942372417107872673, 0.7197462415475317510 ) ) ;
#2455 = FACE_OUTER_BOUND ( 'NONE', #4216, .T. ) ;
#2456 = CARTESIAN_POINT ( 'NONE',  ( 32.66000000000000369, -67.78463260234873644, 24.26876013744372429 ) ) ;
#2457 = DIRECTION ( 'NONE',  ( 1.000000000000000000, 0.000000000000000000, 0.000000000000000000 ) ) ;
#2458 = CARTESIAN_POINT ( 'NONE',  ( 26.72166810359356859, -58.43247781328992119, 37.39999999999999147 ) ) ;
#2459 = FACE_OUTER_BOUND ( 'NONE', #167, .T. ) ;
#2460 = CARTESIAN_POINT ( 'NONE',  ( -33.80000000000000426, 4.209999999999991971, -35.78336146153467467 ) ) ;
#2461 = EDGE_CURVE ( 'NONE', #4562, #3672, #823, .T. ) ;
#2462 = VERTEX_POINT ( 'NONE', #4493 ) ;
#2463 = ORIENTED_EDGE ( 'NONE', *, *, #4289, .T. ) ;
#2464 = DIRECTION ( 'NONE',  ( 0.000000000000000000, 0.000000000000000000, 1.000000000000000000 ) ) ;
#2465 = CARTESIAN_POINT ( 'NONE',  ( 32.66000000000000369, -47.24127269365998671, 45.56696368325218316 ) ) ;
#2466 = CARTESIAN_POINT ( 'NONE',  ( 9.203291093141308110, -12.88410537944184675, -32.00000000000000000 ) ) ;
#2467 = DIRECTION ( 'NONE',  ( 2.891205793294677833E-16, -1.000000000000000000, 0.000000000000000000 ) ) ;
#2468 = PRODUCT ( 'camholder fcb', 'camholder fcb', '', ( #3165 ) ) ;
#2469 = EDGE_CURVE ( 'NONE', #603, #963, #2900, .T. ) ;
#2470 = ORIENTED_EDGE ( 'NONE', *, *, #3586, .F. ) ;
#2471 = VERTEX_POINT ( 'NONE', #3604 ) ;
#2472 = DIRECTION ( 'NONE',  ( 0.000000000000000000, 0.000000000000000000, -1.000000000000000000 ) ) ;
#2473 = CARTESIAN_POINT ( 'NONE',  ( 32.46026006527038277, -79.44999999999998863, -33.09045852569815338 ) ) ;
#2474 =( BOUNDED_SURFACE ( )  B_SPLINE_SURFACE ( 3, 2, ( 
 ( #52, #5162, #1296 ),
 ( #1776, #2968, #4635 ),
 ( #2550, #4248, #4745 ),
 ( #847, #460, #4688 ) ),
 .UNSPECIFIED., .F., .F., .T. ) 
 B_SPLINE_SURFACE_WITH_KNOTS ( ( 4, 4 ),
 ( 3, 3 ),
 ( -1.355252715606880543E-20, 3.366870569659834953E-05 ),
 ( 0.000000000000000000, 1.000000000000000000 ),
 .UNSPECIFIED. ) 
 GEOMETRIC_REPRESENTATION_ITEM ( )  RATIONAL_B_SPLINE_SURFACE ( (
 ( 1.000000000000000000, 0.7071067811829645500, 1.000000000000000000),
 ( 1.000000000000000000, 0.7081764235421124098, 1.000000000000000000),
 ( 1.000000000000000000, 0.7092436080791421071, 1.000000000000000000),
 ( 1.000000000000000000, 0.7103083336726245811, 1.000000000000000000) ) ) 
 REPRESENTATION_ITEM ( '' )  SURFACE ( )  );
#2475 = CARTESIAN_POINT ( 'NONE',  ( -29.66000000000001080, 1.000000000000000000, -32.00000000000000000 ) ) ;
#2476 = CARTESIAN_POINT ( 'NONE',  ( -32.87378311069740278, -43.24122368465719290, 37.39999999999999858 ) ) ;
#2477 = CARTESIAN_POINT ( 'NONE',  ( 31.40455319952441116, -47.90123709934815821, 29.35147186257630736 ) ) ;
#2478 = ORIENTED_EDGE ( 'NONE', *, *, #4276, .F. ) ;
#2479 = DIRECTION ( 'NONE',  ( 0.000000000000000000, 1.000000000000000000, 0.000000000000000000 ) ) ;
#2480 = CARTESIAN_POINT ( 'NONE',  ( -29.49917746557890652, -75.95610903884212917, 37.36788619321023930 ) ) ;
#2481 = ADVANCED_FACE ( 'NONE', ( #1612 ), #1536, .F. ) ;
#2482 = ORIENTED_EDGE ( 'NONE', *, *, #4068, .F. ) ;
#2483 = CARTESIAN_POINT ( 'NONE',  ( -29.66000000000000725, -91.94834808253654046, 15.10000000000000142 ) ) ;
#2484 = CARTESIAN_POINT ( 'NONE',  ( -25.65999999999640124, -64.30596362797172105, 37.40000000000000568 ) ) ;
#2485 = CARTESIAN_POINT ( 'NONE',  ( 29.52711337131013991, -59.62462209899694443, 37.40000000000000568 ) ) ;
#2486 = CARTESIAN_POINT ( 'NONE',  ( 3.007992069312034999, -79.43022897061875653, 40.94141388508617041 ) ) ;
#2487 = CARTESIAN_POINT ( 'NONE',  ( 27.98956302966044873, -78.27057857448940581, -35.80397575496307638 ) ) ;
#2488 = CARTESIAN_POINT ( 'NONE',  ( 29.73571140682754077, -77.13970052187183057, 33.82722805060501514 ) ) ;
#2489 = CARTESIAN_POINT ( 'NONE',  ( 28.65999999999999659, -48.03653567936055424, 37.40000000000000568 ) ) ;
#2490 = CIRCLE ( 'NONE', #125, 1.649999999999998579 ) ;
#2491 = ORIENTED_EDGE ( 'NONE', *, *, #509, .T. ) ;
#2492 = VERTEX_POINT ( 'NONE', #3688 ) ;
#2493 = EDGE_CURVE ( 'NONE', #2019, #5238, #4918, .T. ) ;
#2494 = FACE_OUTER_BOUND ( 'NONE', #517, .T. ) ;
#2495 = VECTOR ( 'NONE', #4687, 1000.000000000000000 ) ;
#2496 = VECTOR ( 'NONE', #599, 1000.000000000000000 ) ;
#2497 = LINE ( 'NONE', #4162, #3475 ) ;
#2498 = CARTESIAN_POINT ( 'NONE',  ( -29.90680982239070573, -56.47739118767209732, 37.21385799453061338 ) ) ;
#2499 = ORIENTED_EDGE ( 'NONE', *, *, #1226, .T. ) ;
#2500 = FACE_BOUND ( 'NONE', #2270, .T. ) ;
#2501 = EDGE_CURVE ( 'NONE', #4249, #5469, #5414, .T. ) ;
#2502 = EDGE_CURVE ( 'NONE', #1797, #4623, #2402, .T. ) ;
#2503 = CARTESIAN_POINT ( 'NONE',  ( -27.34018626317896050, -78.12544891443965867, 28.86834000743413498 ) ) ;
#2504 = AXIS2_PLACEMENT_3D ( 'NONE', #4288, #1311, #474 ) ;
#2505 = ORIENTED_EDGE ( 'NONE', *, *, #4764, .F. ) ;
#2506 = CARTESIAN_POINT ( 'NONE',  ( 29.66000000000000014, -58.67284031474717665, 16.34264068711928886 ) ) ;
#2507 = ORIENTED_EDGE ( 'NONE', *, *, #3746, .T. ) ;
#2508 = LINE ( 'NONE', #4591, #656 ) ;
#2509 = CARTESIAN_POINT ( 'NONE',  ( 19.44999999999998863, -24.37000000000000099, -28.80000000000000782 ) ) ;
#2510 =( BOUNDED_CURVE ( )  B_SPLINE_CURVE ( 3, ( #3805, #25, #1701, #2995 ),
 .UNSPECIFIED., .F., .F. ) 
 B_SPLINE_CURVE_WITH_KNOTS ( ( 4, 4 ),
 ( 1.570796326794896558, 1.628691482689311298 ),
 .UNSPECIFIED. ) 
 CURVE ( )  GEOMETRIC_REPRESENTATION_ITEM ( )  RATIONAL_B_SPLINE_CURVE ( ( 1.000000000000000000, 0.9997206987481398466, 0.9997206987481398466, 1.000000000000000000 ) ) 
 REPRESENTATION_ITEM ( '' )  );
#2511 = EDGE_LOOP ( 'NONE', ( #4784, #298, #4791, #88, #528, #1267 ) ) ;
#2512 = ORIENTED_EDGE ( 'NONE', *, *, #183, .F. ) ;
#2513 = LINE ( 'NONE', #4214, #2931 ) ;
#2514 = EDGE_LOOP ( 'NONE', ( #2834, #898, #2878, #2918, #1098, #1778, #673, #3483, #4369, #2359, #2552, #2213 ) ) ;
#2515 = CARTESIAN_POINT ( 'NONE',  ( 9.203291093141309887, -18.88410537944184853, -32.00000000000000000 ) ) ;
#2516 = CARTESIAN_POINT ( 'NONE',  ( -30.70955875214182029, -59.38978348356300074, 35.11778654541900124 ) ) ;
#2517 = VECTOR ( 'NONE', #5407, 1000.000000000000000 ) ;
#2518 = CARTESIAN_POINT ( 'NONE',  ( 30.46567305320926877, -60.04389061208384959, 34.92907564080570637 ) ) ;
#2519 = AXIS2_PLACEMENT_3D ( 'NONE', #1429, #1919, #1013 ) ;
#2520 = DIRECTION ( 'NONE',  ( 0.000000000000000000, 1.000000000000000000, 0.000000000000000000 ) ) ;
#2521 = FACE_OUTER_BOUND ( 'NONE', #4199, .T. ) ;
#2522 = DIRECTION ( 'NONE',  ( -0.000000000000000000, -1.000000000000000000, -0.000000000000000000 ) ) ;
#2523 = CARTESIAN_POINT ( 'NONE',  ( 32.65105721673176475, -79.44998880354266646, -39.98633966691570407 ) ) ;
#2524 = ORIENTED_EDGE ( 'NONE', *, *, #72, .T. ) ;
#2525 = VECTOR ( 'NONE', #198, 1000.000000000000000 ) ;
#2526 = ADVANCED_FACE ( 'NONE', ( #3665 ), #4548, .F. ) ;
#2527 = ORIENTED_EDGE ( 'NONE', *, *, #875, .F. ) ;
#2528 = LINE ( 'NONE', #4278, #30 ) ;
#2529 = CARTESIAN_POINT ( 'NONE',  ( -28.65999999999998238, -79.44999999999998863, 33.39999999999999858 ) ) ;
#2530 = VECTOR ( 'NONE', #806, 1000.000000000000000 ) ;
#2531 = DIRECTION ( 'NONE',  ( 0.000000000000000000, 0.000000000000000000, -1.000000000000000000 ) ) ;
#2532 = EDGE_LOOP ( 'NONE', ( #2795, #3532, #4180, #2892 ) ) ;
#2533 = FACE_BOUND ( 'NONE', #2381, .T. ) ;
#2534 = DIRECTION ( 'NONE',  ( -4.999203100797713916E-17, 0.000000000000000000, -1.000000000000000000 ) ) ;
#2535 = FACE_OUTER_BOUND ( 'NONE', #4906, .T. ) ;
#2536 = ORIENTED_EDGE ( 'NONE', *, *, #3881, .F. ) ;
#2537 = DIRECTION ( 'NONE',  ( 0.000000000000000000, -1.000000000000000000, 0.000000000000000000 ) ) ;
#2538 = EDGE_CURVE ( 'NONE', #3084, #2471, #4884, .T. ) ;
#2539 = DIRECTION ( 'NONE',  ( -3.961059142905700045E-17, 0.000000000000000000, -1.000000000000000000 ) ) ;
#2540 = ORIENTED_EDGE ( 'NONE', *, *, #3831, .F. ) ;
#2541 = CARTESIAN_POINT ( 'NONE',  ( 32.65999999999999659, -40.04381027818466521, 38.62459126614432137 ) ) ;
#2542 = ORIENTED_EDGE ( 'NONE', *, *, #2502, .T. ) ;
#2543 = CARTESIAN_POINT ( 'NONE',  ( 26.71790324302206798, -76.50790324302204226, 15.10000000000000142 ) ) ;
#2544 = CARTESIAN_POINT ( 'NONE',  ( 29.66000000000000014, -79.44999999999998863, 12.17476137696186989 ) ) ;
#2545 = ADVANCED_FACE ( 'NONE', ( #4577 ), #4928, .F. ) ;
#2546 = CARTESIAN_POINT ( 'NONE',  ( 28.56445195422294958, -56.08580974271522024, 37.40000000000000568 ) ) ;
#2547 = CARTESIAN_POINT ( 'NONE',  ( 2.361205813518418406, -78.75463451293484241, 39.13848823017811895 ) ) ;
#2548 = DIRECTION ( 'NONE',  ( 0.000000000000000000, 1.000000000000000000, 0.000000000000000000 ) ) ;
#2549 = CYLINDRICAL_SURFACE ( 'NONE', #394, 2.999999999999999112 ) ;
#2550 = CARTESIAN_POINT ( 'NONE',  ( -32.59464401349612928, -79.44961559482015900, -39.92134287157220740 ) ) ;
#2551 = VERTEX_POINT ( 'NONE', #784 ) ;
#2552 = ORIENTED_EDGE ( 'NONE', *, *, #4027, .F. ) ;
#2553 = CARTESIAN_POINT ( 'NONE',  ( 31.49357990841714638, -79.21935616040933326, 38.48345325757411217 ) ) ;
#2554 = CARTESIAN_POINT ( 'NONE',  ( 32.57681900122560137, -81.44958813554598009, -41.90924142217968296 ) ) ;
#2555 = DIRECTION ( 'NONE',  ( -0.000000000000000000, -0.000000000000000000, -1.000000000000000000 ) ) ;
#2556 = EDGE_CURVE ( 'NONE', #2700, #2190, #1961, .T. ) ;
#2557 = ORIENTED_EDGE ( 'NONE', *, *, #5374, .F. ) ;
#2558 = CYLINDRICAL_SURFACE ( 'NONE', #4466, 2.999999999999999112 ) ;
#2559 = CARTESIAN_POINT ( 'NONE',  ( 32.65999999999999659, -76.44999999999998863, -32.00000000000000000 ) ) ;
#2560 = DIRECTION ( 'NONE',  ( -0.000000000000000000, -1.000000000000000000, -0.000000000000000000 ) ) ;
#2561 = EDGE_LOOP ( 'NONE', ( #4740, #4362, #2453, #4570 ) ) ;
#2562 = CARTESIAN_POINT ( 'NONE',  ( -29.89503457682526033, -77.64667547614436671, -30.84188839754040146 ) ) ;
#2563 = EDGE_CURVE ( 'NONE', #759, #437, #5139, .T. ) ;
#2564 = ORIENTED_EDGE ( 'NONE', *, *, #389, .T. ) ;
#2565 = LINE ( 'NONE', #4261, #2307 ) ;
#2566 = CARTESIAN_POINT ( 'NONE',  ( -32.65999999999998238, -58.97701901627347354, 33.39999999999999858 ) ) ;
#2567 = CARTESIAN_POINT ( 'NONE',  ( -30.71356913755850471, -56.89256806046736159, 37.40000000000296154 ) ) ;
#2568 = EDGE_CURVE ( 'NONE', #4474, #1432, #3949, .T. ) ;
#2569 = CARTESIAN_POINT ( 'NONE',  ( -40.65999999999998238, -85.45000000000000284, 45.39999999999999858 ) ) ;
#2570 = LINE ( 'NONE', #4221, #1075 ) ;
#2571 = CARTESIAN_POINT ( 'NONE',  ( -25.66000000000000369, 1.000000000000000000, 33.39999999999999858 ) ) ;
#2572 = CARTESIAN_POINT ( 'NONE',  ( 40.66000000000001080, -81.44999999999998863, -41.90924142217968296 ) ) ;
#2573 = CARTESIAN_POINT ( 'NONE',  ( 31.58209764538341702, -79.28895978395716782, -37.83001148562333782 ) ) ;
#2574 = VECTOR ( 'NONE', #4078, 1000.000000000000000 ) ;
#2575 = ORIENTED_EDGE ( 'NONE', *, *, #2556, .F. ) ;
#2576 = ORIENTED_EDGE ( 'NONE', *, *, #3456, .F. ) ;
#2577 = CARTESIAN_POINT ( 'NONE',  ( 32.66000000000000369, -79.44999999999998863, 41.40000000000000568 ) ) ;
#2578 = DIRECTION ( 'NONE',  ( -1.096031755875101164E-16, 0.000000000000000000, 1.000000000000000000 ) ) ;
#2579 = AXIS2_PLACEMENT_3D ( 'NONE', #505, #1823, #1765 ) ;
#2580 = CIRCLE ( 'NONE', #5242, 1.649999999999998579 ) ;
#2581 = DIRECTION ( 'NONE',  ( -0.000000000000000000, 0.000000000000000000, -1.000000000000000000 ) ) ;
#2582 = VERTEX_POINT ( 'NONE', #1670 ) ;
#2583 = CARTESIAN_POINT ( 'NONE',  ( -25.66000000000001791, -75.23355965432770631, -32.93388615279858556 ) ) ;
#2584 = AXIS2_PLACEMENT_3D ( 'NONE', #4744, #3940, #3069 ) ;
#2585 = VECTOR ( 'NONE', #230, 1000.000000000000000 ) ;
#2586 = EDGE_CURVE ( 'NONE', #2207, #3342, #1345, .T. ) ;
#2587 = DIRECTION ( 'NONE',  ( 1.000000000000000000, 0.000000000000000000, -0.000000000000000000 ) ) ;
#2588 = CARTESIAN_POINT ( 'NONE',  ( 0.000000000000000000, -76.44999999999998863, 15.10000000000000142 ) ) ;
#2589 = CIRCLE ( 'NONE', #4633, 4.000000000000000000 ) ;
#2590 = CIRCLE ( 'NONE', #1609, 1.649999999999998579 ) ;
#2591 = DIRECTION ( 'NONE',  ( 0.000000000000000000, -1.000000000000000000, 0.000000000000000000 ) ) ;
#2592 = AXIS2_PLACEMENT_3D ( 'NONE', #4831, #4315, #3897 ) ;
#2593 = PLANE ( 'NONE',  #2579 ) ;
#2594 = VERTEX_POINT ( 'NONE', #4190 ) ;
#2595 = ORIENTED_EDGE ( 'NONE', *, *, #3760, .T. ) ;
#2596 = CARTESIAN_POINT ( 'NONE',  ( -29.66000000000001080, -76.44999999999998863, -29.09128788536428800 ) ) ;
#2597 = CARTESIAN_POINT ( 'NONE',  ( -26.12173373763915762, -61.25622197736020524, 37.40000000000000568 ) ) ;
#2598 = FACE_OUTER_BOUND ( 'NONE', #5349, .T. ) ;
#2599 = DIRECTION ( 'NONE',  ( -4.999203100797713916E-17, 0.000000000000000000, -1.000000000000000000 ) ) ;
#2600 = CARTESIAN_POINT ( 'NONE',  ( 0.000000000000000000, 3.000000000000000000, -30.00000000000000000 ) ) ;
#2601 = FACE_OUTER_BOUND ( 'NONE', #2561, .T. ) ;
#2602 = CARTESIAN_POINT ( 'NONE',  ( 25.66000000000000014, -76.14755509980398074, 37.45626263646568788 ) ) ;
#2603 = CARTESIAN_POINT ( 'NONE',  ( 22.49999999999998579, -3.812238329577783968, 16.37742799230606394 ) ) ;
#2604 = EDGE_CURVE ( 'NONE', #2081, #4093, #873, .T. ) ;
#2605 = ADVANCED_FACE ( 'NONE', ( #1722 ), #3409, .F. ) ;
#2606 = AXIS2_PLACEMENT_3D ( 'NONE', #157, #3516, #1421 ) ;
#2607 = ORIENTED_EDGE ( 'NONE', *, *, #4827, .T. ) ;
#2608 = CARTESIAN_POINT ( 'NONE',  ( 25.83818642485095296, -76.56256805824160949, 15.10199585180871296 ) ) ;
#2609 = CARTESIAN_POINT ( 'NONE',  ( -29.66000000000000725, -74.78333333333333144, -32.72752525690953007 ) ) ;
#2610 = LINE ( 'NONE', #3416, #151 ) ;
#2611 = CIRCLE ( 'NONE', #2519, 1.649999999999998579 ) ;
#2612 = VERTEX_POINT ( 'NONE', #4714 ) ;
#2613 = EDGE_CURVE ( 'NONE', #4623, #700, #2107, .T. ) ;
#2614 = DIRECTION ( 'NONE',  ( 1.000000000000000000, 0.000000000000000000, 0.000000000000000000 ) ) ;
#2615 = VECTOR ( 'NONE', #4302, 1000.000000000000000 ) ;
#2616 = CARTESIAN_POINT ( 'NONE',  ( 30.71543164923673430, -49.97212317792776304, 37.40000000000000568 ) ) ;
#2617 = ORIENTED_EDGE ( 'NONE', *, *, #1158, .T. ) ;
#2618 = CARTESIAN_POINT ( 'NONE',  ( -30.78220008844691336, -45.96046411868317705, 31.31004786640992421 ) ) ;
#2619 = DIRECTION ( 'NONE',  ( 0.000000000000000000, 0.000000000000000000, 1.000000000000000000 ) ) ;
#2620 = ORIENTED_EDGE ( 'NONE', *, *, #2186, .T. ) ;
#2621 = DIRECTION ( 'NONE',  ( -1.000000000000000000, 0.000000000000000000, 0.000000000000000000 ) ) ;
#2622 = VERTEX_POINT ( 'NONE', #1240 ) ;
#2623 = DIRECTION ( 'NONE',  ( 0.000000000000000000, 0.000000000000000000, 1.000000000000000000 ) ) ;
#2624 = CARTESIAN_POINT ( 'NONE',  ( -25.66000000000001080, 3.000000000000000000, -28.00000000000000000 ) ) ;
#2625 = EDGE_CURVE ( 'NONE', #3192, #3917, #896, .T. ) ;
#2626 = VERTEX_POINT ( 'NONE', #5079 ) ;
#2627 = LINE ( 'NONE', #5183, #1704 ) ;
#2628 = CARTESIAN_POINT ( 'NONE',  ( -25.66000000000001080, 1.000000000000000000, -28.00000000000000000 ) ) ;
#2629 = CARTESIAN_POINT ( 'NONE',  ( 26.65999999999999659, -47.71381429244775774, 29.35147186257609064 ) ) ;
#2630 = EDGE_LOOP ( 'NONE', ( #3847, #3413, #2633, #3696, #2347 ) ) ;
#2631 = CARTESIAN_POINT ( 'NONE',  ( -34.66000000000000369, -50.53956432671152044, 48.74835839364921952 ) ) ;
#2632 = CARTESIAN_POINT ( 'NONE',  ( 30.97861320796314288, -78.93453988810092881, -34.76366711040672186 ) ) ;
#2633 = ORIENTED_EDGE ( 'NONE', *, *, #1125, .F. ) ;
#2634 = ORIENTED_EDGE ( 'NONE', *, *, #2351, .F. ) ;
#2635 = CARTESIAN_POINT ( 'NONE',  ( 30.76242260143332885, -56.81020532219913832, 36.81739378436366650 ) ) ;
#2636 = DIRECTION ( 'NONE',  ( 1.000000000000000000, 4.822023056331056494E-17, -0.000000000000000000 ) ) ;
#2637 = EDGE_CURVE ( 'NONE', #4033, #789, #4621, .T. ) ;
#2638 = CARTESIAN_POINT ( 'NONE',  ( -29.66000000000000369, -76.44999999999998863, 33.46274606680623265 ) ) ;
#2639 = EDGE_LOOP ( 'NONE', ( #84, #3425, #2145, #4260 ) ) ;
#2640 = LINE ( 'NONE', #2218, #2249 ) ;
#2641 = FACE_BOUND ( 'NONE', #1454, .T. ) ;
#2642 = EDGE_CURVE ( 'NONE', #3999, #4438, #2225, .T. ) ;
#2643 = CARTESIAN_POINT ( 'NONE',  ( -26.65999999999998238, -48.98827495916188468, 29.35147186257609064 ) ) ;
#2644 = DIRECTION ( 'NONE',  ( 0.000000000000000000, 0.000000000000000000, -1.000000000000000000 ) ) ;
#2645 = EDGE_LOOP ( 'NONE', ( #1214, #2524, #2463, #1764, #5199, #708, #1079, #1182, #2223, #5473, #2036, #4226, #1490 ) ) ;
#2646 = FACE_OUTER_BOUND ( 'NONE', #1948, .T. ) ;
#2647 = CARTESIAN_POINT ( 'NONE',  ( -25.94628194504068475, -76.70055445511751202, 15.11015952192587974 ) ) ;
#2648 = CARTESIAN_POINT ( 'NONE',  ( -40.65999999999996817, -80.27842712474618736, -41.90924142217969006 ) ) ;
#2649 = VERTEX_POINT ( 'NONE', #3324 ) ;
#2650 = CARTESIAN_POINT ( 'NONE',  ( -24.80000000000000426, 0.000000000000000000, 31.99999999999999289 ) ) ;
#2651 = EDGE_CURVE ( 'NONE', #3084, #237, #2078, .T. ) ;
#2652 = DIRECTION ( 'NONE',  ( 0.000000000000000000, 0.1250000000000000278, 0.9921567416492215186 ) ) ;
#2653 =( BOUNDED_SURFACE ( )  B_SPLINE_SURFACE ( 3, 2, ( 
 ( #2200, #2175, #3923 ),
 ( #3896, #4367, #116 ),
 ( #580, #3732, #5440 ),
 ( #1636, #5010, #1232 ),
 ( #803, #2480, #4179 ),
 ( #2069, #3134, #1460 ),
 ( #3972, #3553, #4882 ),
 ( #4853, #2775, #221 ),
 ( #3530, #1067, #3217 ),
 ( #4909, #4805, #5224 ),
 ( #4498, #2718, #1433 ),
 ( #2299, #2332, #3106 ),
 ( #193, #5253, #3637 ),
 ( #250, #2252, #1945 ),
 ( #4057, #1489, #5306 ),
 ( #627, #4032, #1895 ),
 ( #1866, #4472, #4829 ),
 ( #2695, #1515, #688 ),
 ( #1040, #1543, #3185 ),
 ( #4416, #5334, #1922 ),
 ( #1129, #276, #2276 ),
 ( #2805, #4443, #660 ),
 ( #3953, #1016, #3581 ),
 ( #1097, #3610, #4395 ),
 ( #5280, #170, #2358 ),
 ( #1844, #604, #3157 ) ),
 .UNSPECIFIED., .F., .F., .T. ) 
 B_SPLINE_SURFACE_WITH_KNOTS ( ( 4, 2, 2, 2, 2, 2, 2, 2, 2, 2, 2, 2, 4 ),
 ( 3, 3 ),
 ( 0.000000000000000000, 0.0008608527440851192073, 0.001721705488170238415, 0.002582558232255357730, 0.003443410976340476829, 0.004304263720425595928, 0.005165116464510715460, 0.006886821952680953658, 0.007747674696766073191, 0.008608527440851191856, 0.01033023292902143092, 0.01205193841719166825, 0.01377364390536190732 ),
 ( 0.000000000000000000, 1.000000000000000000 ),
 .UNSPECIFIED. ) 
 GEOMETRIC_REPRESENTATION_ITEM ( )  RATIONAL_B_SPLINE_SURFACE ( (
 ( 1.000000000000000000, 0.7071067811865475727, 1.000000000000000000),
 ( 1.000000000000000000, 0.7089357665501778705, 1.000000000000000000),
 ( 1.000000000000000000, 0.7123079953389148677, 1.000000000000000000),
 ( 1.000000000000000000, 0.7216343070841293450, 1.000000000000000000),
 ( 1.000000000000000000, 0.7275878040263812352, 1.000000000000000000),
 ( 1.000000000000000000, 0.7415677381128737977, 1.000000000000000000),
 ( 1.000000000000000000, 0.7496194131421902718, 1.000000000000000000),
 ( 1.000000000000000000, 0.7667252530592272297, 1.000000000000000000),
 ( 1.000000000000000000, 0.7758312387957619904, 1.000000000000000000),
 ( 1.000000000000000000, 0.7946356532756637669, 1.000000000000000000),
 ( 1.000000000000000000, 0.8043897229278961225, 1.000000000000000000),
 ( 1.000000000000000000, 0.8238016740013459627, 1.000000000000000000),
 ( 1.000000000000000000, 0.8334399775365508578, 1.000000000000000000),
 ( 1.000000000000000000, 0.8617629406363092048, 1.000000000000000000),
 ( 1.000000000000000000, 0.8798380249999415703, 1.000000000000000000),
 ( 1.000000000000000000, 0.9047808163293173944, 1.000000000000000000),
 ( 1.000000000000000000, 0.9127104548534427098, 1.000000000000000000),
 ( 1.000000000000000000, 0.9275285411175179240, 1.000000000000000000),
 ( 1.000000000000000000, 0.9344511740251503218, 1.000000000000000000),
 ( 1.000000000000000000, 0.9537253556252116571, 1.000000000000000000),
 ( 1.000000000000000000, 0.9645850827748568834, 1.000000000000000000),
 ( 1.000000000000000000, 0.9821481755079658482, 1.000000000000000000),
 ( 1.000000000000000000, 0.9888608239867253680, 1.000000000000000000),
 ( 1.000000000000000000, 0.9977640801454579211, 1.000000000000000000),
 ( 1.000000000000000000, 0.9999976551482733234, 1.000000000000000000),
 ( 1.000000000000000000, 1.000000000000000000, 1.000000000000000000) ) ) 
 REPRESENTATION_ITEM ( '' )  SURFACE ( )  );
#2654 = CARTESIAN_POINT ( 'NONE',  ( -32.65999999999998238, -79.22962035450105134, -2.542079441367439241 ) ) ;
#2655 = ORIENTED_EDGE ( 'NONE', *, *, #1762, .F. ) ;
#2656 = CARTESIAN_POINT ( 'NONE',  ( -26.65999999999997527, -91.94834808253654046, 15.10000000000000142 ) ) ;
#2657 = LINE ( 'NONE', #2731, #2787 ) ;
#2658 = EDGE_LOOP ( 'NONE', ( #4760, #3107, #1683, #1716 ) ) ;
#2659 = CARTESIAN_POINT ( 'NONE',  ( 29.29570009279277087, -56.24781680887421231, 37.40000000000000568 ) ) ;
#2660 = FACE_OUTER_BOUND ( 'NONE', #4159, .T. ) ;
#2661 = CARTESIAN_POINT ( 'NONE',  ( -32.65999999999998238, -48.98827495916188468, 29.35147186257609064 ) ) ;
#2662 = CARTESIAN_POINT ( 'NONE',  ( 28.66000000000000725, -79.44973862796268804, 26.59301073146248484 ) ) ;
#2663 = AXIS2_PLACEMENT_3D ( 'NONE', #399, #2068, #4150 ) ;
#2664 = VECTOR ( 'NONE', #513, 1000.000000000000000 ) ;
#2665 = CARTESIAN_POINT ( 'NONE',  ( 25.65999999999999659, -38.71630092818489999, 37.40000000000000568 ) ) ;
#2666 = LINE ( 'NONE', #2588, #4820 ) ;
#2667 = EDGE_LOOP ( 'NONE', ( #978, #1310 ) ) ;
#2668 = VERTEX_POINT ( 'NONE', #487 ) ;
#2669 = CIRCLE ( 'NONE', #475, 2.999999999999999112 ) ;
#2670 = DIRECTION ( 'NONE',  ( 0.000000000000000000, 0.000000000000000000, -1.000000000000000000 ) ) ;
#2671 = VECTOR ( 'NONE', #3466, 1000.000000000000000 ) ;
#2672 = ADVANCED_FACE ( 'NONE', ( #81 ), #459, .F. ) ;
#2673 = ADVANCED_FACE ( 'NONE', ( #2911 ), #2549, .F. ) ;
#2674 = VECTOR ( 'NONE', #5373, 1000.000000000000000 ) ;
#2675 = ORIENTED_EDGE ( 'NONE', *, *, #321, .F. ) ;
#2676 = DIRECTION ( 'NONE',  ( 0.000000000000000000, 0.000000000000000000, -1.000000000000000000 ) ) ;
#2677 = ORIENTED_EDGE ( 'NONE', *, *, #1631, .T. ) ;
#2678 = CARTESIAN_POINT ( 'NONE',  ( -25.83731609982626054, -76.56115880649157646, 15.10194540085358383 ) ) ;
#2679 = CARTESIAN_POINT ( 'NONE',  ( 29.36547006916114455, -50.41928436160890925, 27.86788156066095468 ) ) ;
#2680 = VECTOR ( 'NONE', #1868, 1000.000000000000000 ) ;
#2681 = DIRECTION ( 'NONE',  ( -2.850957430653865361E-17, -0.6942372417107872673, -0.7197462415475317510 ) ) ;
#2682 = DIRECTION ( 'NONE',  ( -1.000000000000000000, -0.000000000000000000, -0.000000000000000000 ) ) ;
#2683 = CARTESIAN_POINT ( 'NONE',  ( -25.80000000000000426, -85.45000000000000284, 0.000000000000000000 ) ) ;
#2684 = CARTESIAN_POINT ( 'NONE',  ( 29.24246914848312784, -79.03093892424148237, 39.56704075407962051 ) ) ;
#2685 = CARTESIAN_POINT ( 'NONE',  ( 29.65999999999998593, -79.45000000000000284, -5.720183209558437731 ) ) ;
#2686 = ORIENTED_EDGE ( 'NONE', *, *, #2169, .T. ) ;
#2687 = LINE ( 'NONE', #1780, #2671 ) ;
#2688 = CARTESIAN_POINT ( 'NONE',  ( -29.20459621850700316, -75.57360891710303008, -33.09007745142299228 ) ) ;
#2689 = CARTESIAN_POINT ( 'NONE',  ( -30.78220008844691336, -47.84962494244655318, 29.35147186257609064 ) ) ;
#2690 = CARTESIAN_POINT ( 'NONE',  ( 25.80000000000001492, -76.48011942746821035, 29.35147186257609064 ) ) ;
#2691 = EDGE_CURVE ( 'NONE', #334, #3412, #3774, .T. ) ;
#2692 = DIRECTION ( 'NONE',  ( -4.999203100797713916E-17, 0.000000000000000000, -1.000000000000000000 ) ) ;
#2693 = AXIS2_PLACEMENT_3D ( 'NONE', #3001, #5118, #65 ) ;
#2694 = EDGE_LOOP ( 'NONE', ( #2290, #1867, #5424, #3221 ) ) ;
#2695 = CARTESIAN_POINT ( 'NONE',  ( -31.02493626763327228, -78.96694194374290987, 37.29932289203582485 ) ) ;
#2696 = VERTEX_POINT ( 'NONE', #4634 ) ;
#2697 = ORIENTED_EDGE ( 'NONE', *, *, #5268, .F. ) ;
#2698 =( LENGTH_UNIT ( ) NAMED_UNIT ( * ) SI_UNIT ( .MILLI., .METRE. ) );
#2699 = VECTOR ( 'NONE', #2374, 1000.000000000000000 ) ;
#2700 = VERTEX_POINT ( 'NONE', #2129 ) ;
#2701 = CARTESIAN_POINT ( 'NONE',  ( -30.79479715752624713, -78.91245879411293629, -36.06277274681301748 ) ) ;
#2702 = ADVANCED_FACE ( 'NONE', ( #846 ), #51, .F. ) ;
#2703 = DIRECTION ( 'NONE',  ( -0.000000000000000000, -0.000000000000000000, -1.000000000000000000 ) ) ;
#2704 = DIRECTION ( 'NONE',  ( 1.000000000000000000, 0.000000000000000000, 0.000000000000000000 ) ) ;
#2705 = DIRECTION ( 'NONE',  ( 0.000000000000000000, 0.000000000000000000, -1.000000000000000000 ) ) ;
#2706 = CARTESIAN_POINT ( 'NONE',  ( 25.80000000000000426, -12.45000000000000284, 29.35147186257609064 ) ) ;
#2707 = CARTESIAN_POINT ( 'NONE',  ( 32.66000000000000369, -58.97701901627345933, 33.39999999999999858 ) ) ;
#2708 = ADVANCED_FACE ( 'NONE', ( #3518 ), #538, .F. ) ;
#2709 = CARTESIAN_POINT ( 'NONE',  ( -40.65999999999996817, -81.44999999999998863, -41.90924142217968296 ) ) ;
#2710 = DIRECTION ( 'NONE',  ( -9.998406201595427833E-17, -0.000000000000000000, -1.000000000000000000 ) ) ;
#2711 = ORIENTED_EDGE ( 'NONE', *, *, #2021, .F. ) ;
#2712 = CARTESIAN_POINT ( 'NONE',  ( 27.03479337915184288, -77.81910346244765719, 15.40838010448433337 ) ) ;
#2713 = DIRECTION ( 'NONE',  ( 0.000000000000000000, -1.000000000000000000, 0.000000000000000000 ) ) ;
#2714 = DIRECTION ( 'NONE',  ( -1.000000000000000000, -0.000000000000000000, 0.000000000000000000 ) ) ;
#2715 = CARTESIAN_POINT ( 'NONE',  ( 25.85407296106530239, -76.58538001673800011, 29.34850899207525998 ) ) ;
#2716 = CARTESIAN_POINT ( 'NONE',  ( 33.19353132902696046, -43.38793612593138960, 37.40000000000182467 ) ) ;
#2717 = EDGE_CURVE ( 'NONE', #2009, #4002, #2669, .T. ) ;
#2718 = CARTESIAN_POINT ( 'NONE',  ( -29.29966672835652730, -76.67777243057759051, 37.37452700017237106 ) ) ;
#2719 = ORIENTED_EDGE ( 'NONE', *, *, #5393, .T. ) ;
#2720 = ORIENTED_EDGE ( 'NONE', *, *, #4994, .T. ) ;
#2721 = CARTESIAN_POINT ( 'NONE',  ( -30.88004649844887339, -78.87731765444627285, -35.07556341326871774 ) ) ;
#2722 = ORIENTED_EDGE ( 'NONE', *, *, #3830, .F. ) ;
#2723 = DIRECTION ( 'NONE',  ( 1.000000000000000000, 0.000000000000000000, 0.000000000000000000 ) ) ;
#2724 = DIRECTION ( 'NONE',  ( -1.000000000000000000, -0.000000000000000000, -1.096031755875101164E-16 ) ) ;
#2725 = EDGE_CURVE ( 'NONE', #1849, #664, #5266, .T. ) ;
#2726 = CYLINDRICAL_SURFACE ( 'NONE', #1006, 3.000000000000002665 ) ;
#2727 = CARTESIAN_POINT ( 'NONE',  ( -32.65999999999997527, -66.94387132699134213, 26.35147186257609064 ) ) ;
#2728 = CYLINDRICAL_SURFACE ( 'NONE', #1815, 3.000000000000002665 ) ;
#2729 = ORIENTED_EDGE ( 'NONE', *, *, #5283, .T. ) ;
#2730 = CARTESIAN_POINT ( 'NONE',  ( -2.480064372556552321, -78.86008657936760358, 39.29931740677478302 ) ) ;
#2731 = CARTESIAN_POINT ( 'NONE',  ( -28.65999999999998238, -79.44999999999998863, 18.09673155287556767 ) ) ;
#2732 = ORIENTED_EDGE ( 'NONE', *, *, #3103, .F. ) ;
#2733 = EDGE_CURVE ( 'NONE', #437, #1673, #514, .T. ) ;
#2734 = EDGE_CURVE ( 'NONE', #5238, #2983, #355, .T. ) ;
#2735 = ORIENTED_EDGE ( 'NONE', *, *, #2725, .T. ) ;
#2736 = LINE ( 'NONE', #4490, #301 ) ;
#2737 = CARTESIAN_POINT ( 'NONE',  ( -31.51558963958184734, -79.30941748689394899, -38.25159857889603643 ) ) ;
#2738 = CARTESIAN_POINT ( 'NONE',  ( -29.91396679928574187, -79.18918241784194834, 39.92901716790996858 ) ) ;
#2739 = CARTESIAN_POINT ( 'NONE',  ( 25.83731609982622857, -76.56115880649159067, 29.34952646172251534 ) ) ;
#2740 = CARTESIAN_POINT ( 'NONE',  ( 29.66767127104565205, -76.69557080610226762, 33.55099222772594914 ) ) ;
#2741 = FACE_OUTER_BOUND ( 'NONE', #3776, .T. ) ;
#2742 = CARTESIAN_POINT ( 'NONE',  ( -29.66000000000000369, -18.44999999999999574, 29.35147186257609064 ) ) ;
#2743 = CARTESIAN_POINT ( 'NONE',  ( 28.65999999999999659, -85.45000000000000284, 26.35474030970052084 ) ) ;
#2744 = ORIENTED_EDGE ( 'NONE', *, *, #1092, .T. ) ;
#2745 = ORIENTED_EDGE ( 'NONE', *, *, #455, .F. ) ;
#2746 = ORIENTED_EDGE ( 'NONE', *, *, #4318, .F. ) ;
#2747 = DIRECTION ( 'NONE',  ( -1.000000000000000000, 0.000000000000000000, 0.000000000000000000 ) ) ;
#2748 = AXIS2_PLACEMENT_3D ( 'NONE', #1456, #3051, #5216 ) ;
#2749 = AXIS2_PLACEMENT_3D ( 'NONE', #2383, #4496, #1095 ) ;
#2750 = ORIENTED_EDGE ( 'NONE', *, *, #5007, .T. ) ;
#2751 = FACE_BOUND ( 'NONE', #3359, .T. ) ;
#2752 = CIRCLE ( 'NONE', #207, 4.000000000000003553 ) ;
#2753 = CARTESIAN_POINT ( 'NONE',  ( -40.65999999999998238, -85.45000000000000284, 45.39999999999999858 ) ) ;
#2754 = AXIS2_PLACEMENT_3D ( 'NONE', #541, #2214, #3863 ) ;
#2755 = CARTESIAN_POINT ( 'NONE',  ( -29.66000000000001080, 1.000000000000000000, -30.00000000000000000 ) ) ;
#2756 = EDGE_CURVE ( 'NONE', #3748, #4208, #564, .T. ) ;
#2757 = VECTOR ( 'NONE', #4880, 1000.000000000000000 ) ;
#2758 = PLANE ( 'NONE',  #2856 ) ;
#2759 = CARTESIAN_POINT ( 'NONE',  ( -32.66000000000001791, -79.44999999999998863, -39.90924142217967585 ) ) ;
#2760 = ORIENTED_EDGE ( 'NONE', *, *, #389, .F. ) ;
#2761 = DIRECTION ( 'NONE',  ( 1.000000000000000000, 0.000000000000000000, -3.961059142905700045E-17 ) ) ;
#2762 = CARTESIAN_POINT ( 'NONE',  ( -32.80027757746294981, -79.44999999999998863, -4.623928899801606818 ) ) ;
#2763 = VECTOR ( 'NONE', #2348, 1000.000000000000000 ) ;
#2764 = VERTEX_POINT ( 'NONE', #1450 ) ;
#2765 = ORIENTED_EDGE ( 'NONE', *, *, #1158, .F. ) ;
#2766 = CARTESIAN_POINT ( 'NONE',  ( -26.65999999999998238, -62.73465103598690717, 15.10000000000000142 ) ) ;
#2767 = AXIS2_PLACEMENT_3D ( 'NONE', #1898, #631, #2644 ) ;
#2768 = CARTESIAN_POINT ( 'NONE',  ( -27.49617731513679431, -77.93757915421078053, -35.31519030579870844 ) ) ;
#2769 = CARTESIAN_POINT ( 'NONE',  ( -26.65999999999998238, -62.73465103598690717, 15.10000000000000142 ) ) ;
#2770 = DIRECTION ( 'NONE',  ( 1.096031755875101164E-16, 0.000000000000000000, -1.000000000000000000 ) ) ;
#2771 = ADVANCED_FACE ( 'NONE', ( #129 ), #4818, .F. ) ;
#2772 = EDGE_CURVE ( 'NONE', #5342, #5202, #22, .T. ) ;
#2773 = CARTESIAN_POINT ( 'NONE',  ( 25.79576866751048669, -76.64948907052948357, 37.58148286814291339 ) ) ;
#2774 = CARTESIAN_POINT ( 'NONE',  ( 29.66000000000000014, -18.45000000000000284, 21.10000000000000142 ) ) ;
#2775 = CARTESIAN_POINT ( 'NONE',  ( -29.33262144168786634, -76.25797275140243414, 37.31364495062988595 ) ) ;
#2776 = EDGE_CURVE ( 'NONE', #2443, #1317, #4769, .T. ) ;
#2777 = EDGE_LOOP ( 'NONE', ( #4636, #2527, #4149, #1858 ) ) ;
#2778 = VERTEX_POINT ( 'NONE', #2709 ) ;
#2779 = CARTESIAN_POINT ( 'NONE',  ( 32.65999999999998948, -78.69179315791430440, -1.473129037171025724 ) ) ;
#2780 = ADVANCED_BREP_SHAPE_REPRESENTATION ( 'camholder fcb', ( #3660, #3770 ), #2881 ) ;
#2781 = CIRCLE ( 'NONE', #2075, 1.649999999999998579 ) ;
#2782 = ORIENTED_EDGE ( 'NONE', *, *, #2380, .T. ) ;
#2783 = CARTESIAN_POINT ( 'NONE',  ( 32.65999999999999659, -46.63283118294481966, 32.23970043093776638 ) ) ;
#2784 = CARTESIAN_POINT ( 'NONE',  ( 22.49999999999998579, 0.000000000000000000, -28.80000000000000782 ) ) ;
#2785 = CARTESIAN_POINT ( 'NONE',  ( 29.65999999999999659, -58.67284031474716954, 18.10000000000000142 ) ) ;
#2786 = AXIS2_PLACEMENT_3D ( 'NONE', #1248, #4164, #4524 ) ;
#2787 = VECTOR ( 'NONE', #4384, 1000.000000000000000 ) ;
#2788 = CARTESIAN_POINT ( 'NONE',  ( 32.26719329519525559, -79.42982877469616199, -38.79980132568766038 ) ) ;
#2789 = LINE ( 'NONE', #4864, #1116 ) ;
#2790 = EDGE_CURVE ( 'NONE', #1432, #4355, #5108, .T. ) ;
#2791 = ORIENTED_EDGE ( 'NONE', *, *, #231, .F. ) ;
#2792 = ORIENTED_EDGE ( 'NONE', *, *, #1570, .T. ) ;
#2793 = LINE ( 'NONE', #1959, #2763 ) ;
#2794 = LINE ( 'NONE', #3735, #2699 ) ;
#2795 = ORIENTED_EDGE ( 'NONE', *, *, #1847, .T. ) ;
#2796 = DIRECTION ( 'NONE',  ( 0.000000000000000000, 0.000000000000000000, 1.000000000000000000 ) ) ;
#2797 = CARTESIAN_POINT ( 'NONE',  ( -29.61270506402913938, -77.74692023158500831, -34.96841893144222979 ) ) ;
#2798 = CARTESIAN_POINT ( 'NONE',  ( -29.66000000000000369, -62.03002223874518961, 34.35607363607664411 ) ) ;
#2799 = CARTESIAN_POINT ( 'NONE',  ( 27.81160951630159062, -78.15273977742826617, -35.62856949853770772 ) ) ;
#2800 = VERTEX_POINT ( 'NONE', #3885 ) ;
#2801 = ADVANCED_FACE ( 'NONE', ( #106, #1775 ), #3460, .F. ) ;
#2802 = CARTESIAN_POINT ( 'NONE',  ( 30.02940537840979474, -77.89630599308512160, 34.69685545988288311 ) ) ;
#2803 = DIRECTION ( 'NONE',  ( 1.000000000000000000, 0.000000000000000000, 0.000000000000000000 ) ) ;
#2804 = CARTESIAN_POINT ( 'NONE',  ( 0.000000000000000000, -18.45000000000000284, 15.10000000000000142 ) ) ;
#2805 = CARTESIAN_POINT ( 'NONE',  ( -31.81932185804710400, -79.33498347220358937, 39.30069195214399969 ) ) ;
#2806 = ORIENTED_EDGE ( 'NONE', *, *, #1217, .F. ) ;
#2807 = EDGE_LOOP ( 'NONE', ( #3504, #4316, #1855, #3054, #3068, #766, #5313 ) ) ;
#2808 = ORIENTED_EDGE ( 'NONE', *, *, #5291, .F. ) ;
#2809 = CARTESIAN_POINT ( 'NONE',  ( 28.65999999999999659, -79.44999999999998863, 18.09673155287557478 ) ) ;
#2810 = EDGE_CURVE ( 'NONE', #3260, #829, #2793, .T. ) ;
#2811 = EDGE_LOOP ( 'NONE', ( #2083, #1328 ) ) ;
#2812 = CARTESIAN_POINT ( 'NONE',  ( 17.79999999999846239, -65.45000000000145235, -28.80000000000000782 ) ) ;
#2813 = CARTESIAN_POINT ( 'NONE',  ( 19.44999999999846096, -65.45000000000145235, -23.33309524416879555 ) ) ;
#2814 = CARTESIAN_POINT ( 'NONE',  ( -32.25220323066456984, -47.16510740647539990, 30.96250643983952244 ) ) ;
#2815 = CARTESIAN_POINT ( 'NONE',  ( 29.66000000000000014, -38.71630092818489999, 33.39999999999999858 ) ) ;
#2816 = CARTESIAN_POINT ( 'NONE',  ( -30.04517958501592290, -67.61948914485112994, 28.25587045930464924 ) ) ;
#2817 = ORIENTED_EDGE ( 'NONE', *, *, #3714, .F. ) ;
#2818 = CARTESIAN_POINT ( 'NONE',  ( -29.66000000000000369, -65.08325693821416280, 33.67027345894268819 ) ) ;
#2819 = CARTESIAN_POINT ( 'NONE',  ( 32.61048738945781622, -81.44975484412958622, -41.90924142217968296 ) ) ;
#2820 = EDGE_CURVE ( 'NONE', #237, #4263, #4780, .T. ) ;
#2821 = CARTESIAN_POINT ( 'NONE',  ( -30.85463715260651441, -78.04229769397007033, 15.55146107620116069 ) ) ;
#2822 = CARTESIAN_POINT ( 'NONE',  ( -29.53598947632691818, -77.61406275324387138, -34.80222670792077366 ) ) ;
#2823 = CARTESIAN_POINT ( 'NONE',  ( 0.000000000000000000, -76.44999999999998863, 26.35147186257609064 ) ) ;
#2824 = DIRECTION ( 'NONE',  ( 0.000000000000000000, 0.000000000000000000, 1.000000000000000000 ) ) ;
#2825 = ORIENTED_EDGE ( 'NONE', *, *, #2651, .T. ) ;
#2826 = ORIENTED_EDGE ( 'NONE', *, *, #2651, .F. ) ;
#2827 = ORIENTED_EDGE ( 'NONE', *, *, #4310, .T. ) ;
#2828 = CYLINDRICAL_SURFACE ( 'NONE', #2749, 5.000000000000003553 ) ;
#2829 = CARTESIAN_POINT ( 'NONE',  ( 25.66000000000000014, -71.44999999999998863, -40.00000000000000000 ) ) ;
#2830 = CARTESIAN_POINT ( 'NONE',  ( -32.59464364362280264, -79.44961559594399603, -39.92134299543666032 ) ) ;
#2831 = FACE_OUTER_BOUND ( 'NONE', #4843, .T. ) ;
#2832 =( BOUNDED_CURVE ( )  B_SPLINE_CURVE ( 3, ( #5480, #4793, #182, #3493 ),
 .UNSPECIFIED., .F., .T. ) 
 B_SPLINE_CURVE_WITH_KNOTS ( ( 4, 4 ),
 ( 3.871320309816763228, 4.712388980384689674 ),
 .UNSPECIFIED. ) 
 CURVE ( )  GEOMETRIC_REPRESENTATION_ITEM ( )  RATIONAL_B_SPLINE_CURVE ( ( 1.000000000000000000, 0.9419139527835184156, 0.9419139527835184156, 1.000000000000000000 ) ) 
 REPRESENTATION_ITEM ( '' )  );
#2833 = ORIENTED_EDGE ( 'NONE', *, *, #3448, .T. ) ;
#2834 = ORIENTED_EDGE ( 'NONE', *, *, #2756, .F. ) ;
#2835 = DIRECTION ( 'NONE',  ( -1.000000000000000000, 0.000000000000000000, 0.000000000000000000 ) ) ;
#2836 = CARTESIAN_POINT ( 'NONE',  ( -32.10295316754780970, -46.68188595746839553, 35.45335126175748997 ) ) ;
#2837 = DIRECTION ( 'NONE',  ( -9.998406201595427833E-17, 0.000000000000000000, -1.000000000000000000 ) ) ;
#2838 = DIRECTION ( 'NONE',  ( 2.023844055306274779E-16, 1.000000000000000000, -0.000000000000000000 ) ) ;
#2839 = APPLICATION_PROTOCOL_DEFINITION ( 'draft international standard', 'automotive_design', 1998, #2258 ) ;
#2840 = EDGE_CURVE ( 'NONE', #352, #3540, #4114, .T. ) ;
#2841 = ADVANCED_FACE ( 'NONE', ( #4487 ), #4543, .T. ) ;
#2842 = DIRECTION ( 'NONE',  ( 0.000000000000000000, 1.000000000000000000, 0.000000000000000000 ) ) ;
#2843 = CIRCLE ( 'NONE', #473, 2.999999999999999112 ) ;
#2844 = TOROIDAL_SURFACE ( 'NONE', #5065, 5.000000000000000000, 2.000000000000000000 ) ;
#2845 = LINE ( 'NONE', #202, #4522 ) ;
#2846 = CARTESIAN_POINT ( 'NONE',  ( 32.36764822848650880, -57.70463570200807624, 34.91748086649089089 ) ) ;
#2847 = ORIENTED_EDGE ( 'NONE', *, *, #5395, .T. ) ;
#2848 = DIRECTION ( 'NONE',  ( 0.000000000000000000, 1.000000000000000000, 0.000000000000000000 ) ) ;
#2849 = LINE ( 'NONE', #5351, #2087 ) ;
#2850 = VECTOR ( 'NONE', #2935, 1000.000000000000000 ) ;
#2851 = VECTOR ( 'NONE', #2199, 1000.000000000000000 ) ;
#2852 = CARTESIAN_POINT ( 'NONE',  ( 31.14151166082251976, -56.37516610821418794, 37.39999999999999858 ) ) ;
#2853 = CARTESIAN_POINT ( 'NONE',  ( -31.97824979753437802, -79.39215606645701939, -37.91744703805831307 ) ) ;
#2854 = AXIS2_PLACEMENT_3D ( 'NONE', #751, #2761, #5350 ) ;
#2855 = DIRECTION ( 'NONE',  ( 0.000000000000000000, 0.000000000000000000, -1.000000000000000000 ) ) ;
#2856 = AXIS2_PLACEMENT_3D ( 'NONE', #720, #4508, #1524 ) ;
#2857 = CARTESIAN_POINT ( 'NONE',  ( 25.93309143495622493, -76.08683208049794189, -33.47735420341421531 ) ) ;
#2858 = VERTEX_POINT ( 'NONE', #4866 ) ;
#2859 = VERTEX_POINT ( 'NONE', #5296 ) ;
#2860 = PRESENTATION_LAYER_ASSIGNMENT (  '', '', ( #4727 ) ) ;
#2861 = ORIENTED_EDGE ( 'NONE', *, *, #3103, .T. ) ;
#2862 = CARTESIAN_POINT ( 'NONE',  ( 29.35702509292298501, -77.04728289858189783, 37.50145346832494653 ) ) ;
#2863 = DIRECTION ( 'NONE',  ( 0.000000000000000000, -1.000000000000000000, 0.000000000000000000 ) ) ;
#2864 = DIRECTION ( 'NONE',  ( -0.000000000000000000, -0.000000000000000000, -1.000000000000000000 ) ) ;
#2865 = DIRECTION ( 'NONE',  ( 1.000000000000000000, 0.000000000000000000, -0.000000000000000000 ) ) ;
#2866 = ADVANCED_FACE ( 'NONE', ( #676 ), #1583, .F. ) ;
#2867 = ORIENTED_EDGE ( 'NONE', *, *, #4764, .T. ) ;
#2868 = ORIENTED_EDGE ( 'NONE', *, *, #2637, .F. ) ;
#2869 = LINE ( 'NONE', #4142, #5172 ) ;
#2870 = CARTESIAN_POINT ( 'NONE',  ( 29.65999999999999659, -56.30313299945838423, 15.16695872316813087 ) ) ;
#2871 = ORIENTED_EDGE ( 'NONE', *, *, #124, .F. ) ;
#2872 = DIRECTION ( 'NONE',  ( 1.000000000000000000, -0.000000000000000000, 0.000000000000000000 ) ) ;
#2873 = CARTESIAN_POINT ( 'NONE',  ( -30.34724574707439260, -40.56000570327142185, 37.40000000000000568 ) ) ;
#2874 = CARTESIAN_POINT ( 'NONE',  ( 31.98734672135655899, -48.62800308432100849, 29.21526027081992183 ) ) ;
#2875 = ORIENTED_EDGE ( 'NONE', *, *, #5353, .T. ) ;
#2876 = DIRECTION ( 'NONE',  ( -0.000000000000000000, -1.000000000000000000, -0.000000000000000000 ) ) ;
#2877 = CARTESIAN_POINT ( 'NONE',  ( 25.66000000000000369, -65.34395145777230596, 37.40000000000000568 ) ) ;
#2878 = ORIENTED_EDGE ( 'NONE', *, *, #403, .T. ) ;
#2879 = AXIS2_PLACEMENT_3D ( 'NONE', #57, #2168, #3866 ) ;
#2880 = CARTESIAN_POINT ( 'NONE',  ( 29.66000000000000725, -69.01702383884061476, 29.22078532053942368 ) ) ;
#2881 =( GEOMETRIC_REPRESENTATION_CONTEXT ( 3 ) GLOBAL_UNCERTAINTY_ASSIGNED_CONTEXT ( ( #1997 ) ) GLOBAL_UNIT_ASSIGNED_CONTEXT ( ( #1549, #1135, #4505 ) ) REPRESENTATION_CONTEXT ( 'NONE', 'WORKASPACE' ) );
#2882 = EDGE_CURVE ( 'NONE', #209, #1400, #3253, .T. ) ;
#2883 = CARTESIAN_POINT ( 'NONE',  ( 31.59373884661837550, -57.69910017194558804, 35.60555126046570962 ) ) ;
#2884 = CARTESIAN_POINT ( 'NONE',  ( 29.65999999999999659, -18.45000000000000284, 15.10000000000000142 ) ) ;
#2885 = CARTESIAN_POINT ( 'NONE',  ( -30.47785278919860019, -59.11398396640254305, 35.19735512693352320 ) ) ;
#2886 = CARTESIAN_POINT ( 'NONE',  ( 26.30230132425459999, -76.74317386349132164, -33.99804419234153130 ) ) ;
#2887 = ORIENTED_EDGE ( 'NONE', *, *, #4186, .T. ) ;
#2888 = ORIENTED_EDGE ( 'NONE', *, *, #5283, .F. ) ;
#2889 = CARTESIAN_POINT ( 'NONE',  ( 32.65999999999999659, -76.44999999999998863, -39.90924142217967585 ) ) ;
#2890 = LINE ( 'NONE', #659, #4534 ) ;
#2891 = CARTESIAN_POINT ( 'NONE',  ( 9.203291093141304557, 2.660860852586744975E-15, -28.80000000000000782 ) ) ;
#2892 = ORIENTED_EDGE ( 'NONE', *, *, #4682, .T. ) ;
#2893 = CARTESIAN_POINT ( 'NONE',  ( -25.99453725855443764, -76.22252163402833958, -33.57524146358178996 ) ) ;
#2894 = EDGE_CURVE ( 'NONE', #96, #1413, #424, .T. ) ;
#2895 = CARTESIAN_POINT ( 'NONE',  ( -31.80209254423859022, -46.81519573717258709, 35.88946427199282851 ) ) ;
#2896 = CARTESIAN_POINT ( 'NONE',  ( -32.65999999999998238, -41.22499999999999432, 33.39999999999999858 ) ) ;
#2897 = ORIENTED_EDGE ( 'NONE', *, *, #2613, .T. ) ;
#2898 = CARTESIAN_POINT ( 'NONE',  ( -31.95195433119081585, -42.65052204031982797, 37.39999999999999858 ) ) ;
#2899 = DIRECTION ( 'NONE',  ( 0.000000000000000000, 0.000000000000000000, 1.000000000000000000 ) ) ;
#2900 =( BOUNDED_CURVE ( )  B_SPLINE_CURVE ( 3, ( #3210, #4902, #1940, #1120 ),
 .UNSPECIFIED., .F., .T. ) 
 B_SPLINE_CURVE_WITH_KNOTS ( ( 4, 4 ),
 ( 3.141592653589793116, 4.712388980384687009 ),
 .UNSPECIFIED. ) 
 CURVE ( )  GEOMETRIC_REPRESENTATION_ITEM ( )  RATIONAL_B_SPLINE_CURVE ( ( 1.000000000000000000, 0.8047378541243654926, 0.8047378541243654926, 1.000000000000000000 ) ) 
 REPRESENTATION_ITEM ( '' )  );
#2901 = ORIENTED_EDGE ( 'NONE', *, *, #2430, .F. ) ;
#2902 = DIRECTION ( 'NONE',  ( 0.000000000000000000, 0.000000000000000000, -1.000000000000000000 ) ) ;
#2903 = CARTESIAN_POINT ( 'NONE',  ( -26.83358845603068232, -76.62358845603067437, 15.10502636940942800 ) ) ;
#2904 = EDGE_LOOP ( 'NONE', ( #3353, #3676, #2595, #3202, #2564 ) ) ;
#2905 = DIRECTION ( 'NONE',  ( -1.000000000000000000, 0.000000000000000000, 0.000000000000000000 ) ) ;
#2906 = DIRECTION ( 'NONE',  ( 1.000000000000000000, 0.000000000000000000, 0.000000000000000000 ) ) ;
#2907 = ADVANCED_FACE ( 'NONE', ( #4018 ), #2400, .T. ) ;
#2908 = CARTESIAN_POINT ( 'NONE',  ( -40.65999999999996817, -81.44999999999998863, -39.90924142217967585 ) ) ;
#2909 = CARTESIAN_POINT ( 'NONE',  ( 1.943602479158863749, -78.41155959461278258, 38.70621758778631261 ) ) ;
#2910 = CYLINDRICAL_SURFACE ( 'NONE', #4557, 5.000000000000003553 ) ;
#2911 = FACE_OUTER_BOUND ( 'NONE', #2365, .T. ) ;
#2912 = CARTESIAN_POINT ( 'NONE',  ( 29.34140276684894388, -77.19218828600482141, -34.33000962443563253 ) ) ;
#2913 = EDGE_CURVE ( 'NONE', #2019, #2859, #1911, .T. ) ;
#2914 = EDGE_LOOP ( 'NONE', ( #2244, #3244, #813, #3176 ) ) ;
#2915 = DIRECTION ( 'NONE',  ( 0.000000000000000000, 0.000000000000000000, -1.000000000000000000 ) ) ;
#2916 = DIRECTION ( 'NONE',  ( -1.000000000000000000, 0.000000000000000000, -1.096031755875101164E-16 ) ) ;
#2917 = DIRECTION ( 'NONE',  ( 0.000000000000000000, 0.000000000000000000, -1.000000000000000000 ) ) ;
#2918 = ORIENTED_EDGE ( 'NONE', *, *, #1551, .F. ) ;
#2919 = ORIENTED_EDGE ( 'NONE', *, *, #594, .F. ) ;
#2920 = DIRECTION ( 'NONE',  ( 0.000000000000000000, -2.023844055306273103E-15, -1.000000000000000000 ) ) ;
#2921 = CARTESIAN_POINT ( 'NONE',  ( -25.80000000000051230, -76.48065771882613717, 29.35147186257610485 ) ) ;
#2922 = CARTESIAN_POINT ( 'NONE',  ( 26.65999999999999659, -55.67284031474716954, 15.10000000000000142 ) ) ;
#2923 = CARTESIAN_POINT ( 'NONE',  ( -25.80000000000000426, -12.45000000000000284, 23.35147186257609420 ) ) ;
#2924 = CARTESIAN_POINT ( 'NONE',  ( 29.65999999999999659, 0.000000000000000000, -1.174850141785830343E-15 ) ) ;
#2925 = ORIENTED_EDGE ( 'NONE', *, *, #321, .T. ) ;
#2926 = LINE ( 'NONE', #749, #3996 ) ;
#2927 = ORIENTED_EDGE ( 'NONE', *, *, #2642, .T. ) ;
#2928 = CYLINDRICAL_SURFACE ( 'NONE', #3478, 4.000000000000000000 ) ;
#2929 = CARTESIAN_POINT ( 'NONE',  ( -29.20524782990074186, -62.05046874254401956, 37.40000000000346603 ) ) ;
#2930 = EDGE_CURVE ( 'NONE', #1739, #2033, #835, .T. ) ;
#2931 = VECTOR ( 'NONE', #3279, 1000.000000000000000 ) ;
#2932 = CARTESIAN_POINT ( 'NONE',  ( 32.65999999999999659, -57.83207903938976102, 20.18271172513236777 ) ) ;
#2933 = CARTESIAN_POINT ( 'NONE',  ( 0.1151031393376543699, -77.55713075057050787, 37.99999999999998579 ) ) ;
#2934 = CARTESIAN_POINT ( 'NONE',  ( 25.65999999999998948, -75.23355965432767789, -32.93388615279857135 ) ) ;
#2935 = DIRECTION ( 'NONE',  ( -1.000000000000000000, -4.822023056331056494E-17, 0.000000000000000000 ) ) ;
#2936 = CARTESIAN_POINT ( 'NONE',  ( 32.64748009708378618, -79.44999253580471077, -39.98907173076452182 ) ) ;
#2937 = AXIS2_PLACEMENT_3D ( 'NONE', #976, #1002, #2188 ) ;
#2938 = ORIENTED_EDGE ( 'NONE', *, *, #3487, .F. ) ;
#2939 = EDGE_LOOP ( 'NONE', ( #4638, #696, #4444, #3727, #2817, #2005, #4295 ) ) ;
#2940 = CARTESIAN_POINT ( 'NONE',  ( 32.37767543898461753, -79.44999999999600959, 41.08309145117402750 ) ) ;
#2941 = VECTOR ( 'NONE', #1520, 1000.000000000000000 ) ;
#2942 = AXIS2_PLACEMENT_3D ( 'NONE', #211, #3467, #2246 ) ;
#2943 = DIRECTION ( 'NONE',  ( -1.000000000000000000, 0.000000000000000000, 0.000000000000000000 ) ) ;
#2944 = ADVANCED_FACE ( 'NONE', ( #723 ), #318, .T. ) ;
#2945 = LINE ( 'NONE', #737, #4215 ) ;
#2946 = ORIENTED_EDGE ( 'NONE', *, *, #2212, .F. ) ;
#2947 = CIRCLE ( 'NONE', #4806, 4.000000000000000000 ) ;
#2948 = DIRECTION ( 'NONE',  ( 9.998406201595427833E-17, 0.000000000000000000, 1.000000000000000000 ) ) ;
#2949 = DIRECTION ( 'NONE',  ( 2.891205793294678326E-16, -1.000000000000000000, 0.000000000000000000 ) ) ;
#2950 = ADVANCED_FACE ( 'NONE', ( #3318 ), #453, .F. ) ;
#2951 = AXIS2_PLACEMENT_3D ( 'NONE', #3556, #3160, #1389 ) ;
#2952 = FACE_OUTER_BOUND ( 'NONE', #2958, .T. ) ;
#2953 = ORIENTED_EDGE ( 'NONE', *, *, #4904, .F. ) ;
#2954 = CARTESIAN_POINT ( 'NONE',  ( -30.62003353908297854, -44.40677471174394242, 31.75828963092961743 ) ) ;
#2955 = CARTESIAN_POINT ( 'NONE',  ( -29.72918899947646310, -77.10938474919871055, -29.92909538490122401 ) ) ;
#2956 = VERTEX_POINT ( 'NONE', #2515 ) ;
#2957 = CARTESIAN_POINT ( 'NONE',  ( -33.80000000000000426, -79.44999999999998863, -37.78336146153467467 ) ) ;
#2958 = EDGE_LOOP ( 'NONE', ( #2387, #1155, #3521, #3188 ) ) ;
#2959 = CARTESIAN_POINT ( 'NONE',  ( 26.77578222737175651, -76.56578222737174144, 15.10167592455763952 ) ) ;
#2960 = CARTESIAN_POINT ( 'NONE',  ( 0.000000000000000000, -12.45000000000000284, 21.10000000000000142 ) ) ;
#2961 = AXIS2_PLACEMENT_3D ( 'NONE', #2990, #4686, #2128 ) ;
#2962 = CARTESIAN_POINT ( 'NONE',  ( 29.29253719846685300, -63.72555530281953651, 37.39999999999999858 ) ) ;
#2963 = EDGE_CURVE ( 'NONE', #2983, #1819, #5037, .T. ) ;
#2964 = AXIS2_PLACEMENT_3D ( 'NONE', #902, #931, #2581 ) ;
#2965 = DIRECTION ( 'NONE',  ( 0.000000000000000000, -1.000000000000000000, 0.000000000000000000 ) ) ;
#2966 = DIRECTION ( 'NONE',  ( 0.000000000000000000, 0.000000000000000000, 1.000000000000000000 ) ) ;
#2967 = DIRECTION ( 'NONE',  ( -1.000000000000000000, -0.000000000000000000, 4.999203100797713916E-17 ) ) ;
#2968 = CARTESIAN_POINT ( 'NONE',  ( -32.61243553439641829, -79.45571803772327257, -41.90924142217967585 ) ) ;
#2969 = ORIENTED_EDGE ( 'NONE', *, *, #816, .T. ) ;
#2970 = VECTOR ( 'NONE', #3685, 1000.000000000000000 ) ;
#2971 = ORIENTED_EDGE ( 'NONE', *, *, #3206, .F. ) ;
#2972 = CARTESIAN_POINT ( 'NONE',  ( 32.32190757473532017, -79.43573903905925704, 40.55665166847795433 ) ) ;
#2973 = LINE ( 'NONE', #5051, #307 ) ;
#2974 = CARTESIAN_POINT ( 'NONE',  ( -2.862293735361733284E-15, -79.44999999999998863, 37.99999999999998579 ) ) ;
#2975 = ORIENTED_EDGE ( 'NONE', *, *, #4517, .T. ) ;
#2976 = CARTESIAN_POINT ( 'NONE',  ( 30.25306192034951636, -78.25535101047229603, -32.28205407435667240 ) ) ;
#2977 = ADVANCED_FACE ( 'NONE', ( #4181 ), #2928, .T. ) ;
#2978 = DIRECTION ( 'NONE',  ( 5.672195538593291022E-17, -0.6942372417107872673, -0.7197462415475318620 ) ) ;
#2979 = ORIENTED_EDGE ( 'NONE', *, *, #2099, .F. ) ;
#2980 = CARTESIAN_POINT ( 'NONE',  ( 2.973213749463694988, -79.44999999999998863, 41.40000000000000568 ) ) ;
#2981 = LINE ( 'NONE', #4732, #4012 ) ;
#2982 = EDGE_CURVE ( 'NONE', #1111, #3999, #1664, .T. ) ;
#2983 = VERTEX_POINT ( 'NONE', #2566 ) ;
#2984 = DIRECTION ( 'NONE',  ( 0.000000000000000000, 0.000000000000000000, -1.000000000000000000 ) ) ;
#2985 = ORIENTED_EDGE ( 'NONE', *, *, #2212, .T. ) ;
#2986 = CARTESIAN_POINT ( 'NONE',  ( 32.07584900623832880, -67.08018505441427237, 25.42621362219580661 ) ) ;
#2987 = CARTESIAN_POINT ( 'NONE',  ( -31.59373884662248955, -57.69910017194726493, 35.60555126046013186 ) ) ;
#2988 = CARTESIAN_POINT ( 'NONE',  ( -25.80000000000000426, -85.45000000000000284, 32.99999999999999289 ) ) ;
#2989 = DIRECTION ( 'NONE',  ( -0.000000000000000000, 1.000000000000000000, -0.000000000000000000 ) ) ;
#2990 = CARTESIAN_POINT ( 'NONE',  ( 19.44999999999998863, -24.37000000000000099, -32.00000000000000000 ) ) ;
#2991 = CARTESIAN_POINT ( 'NONE',  ( 30.26479960997282248, -78.26986103395276473, 35.33623679858963129 ) ) ;
#2992 = CARTESIAN_POINT ( 'NONE',  ( 28.82223023128474537, -78.69600476716951221, -36.59060289732948945 ) ) ;
#2993 = EDGE_CURVE ( 'NONE', #582, #3192, #1283, .T. ) ;
#2994 = VERTEX_POINT ( 'NONE', #401 ) ;
#2995 = CARTESIAN_POINT ( 'NONE',  ( -26.83358845603068232, -76.62358845603067437, 15.10502636940942800 ) ) ;
#2996 = CARTESIAN_POINT ( 'NONE',  ( 32.63029243370389310, -79.44985290645684017, -41.90924142217968296 ) ) ;
#2997 = CARTESIAN_POINT ( 'NONE',  ( -30.26479516718208984, -78.26985510739132224, 35.33622498136525536 ) ) ;
#2998 = ORIENTED_EDGE ( 'NONE', *, *, #14, .F. ) ;
#2999 = CARTESIAN_POINT ( 'NONE',  ( -30.03478020816805838, -79.11677799259565802, -37.69155007657379741 ) ) ;
#3000 = CARTESIAN_POINT ( 'NONE',  ( -28.65999999999996817, -79.44973883731482545, 26.59281857413186501 ) ) ;
#3001 = CARTESIAN_POINT ( 'NONE',  ( 19.44999999999998863, -24.37000000000000099, -28.80000000000000782 ) ) ;
#3002 = CARTESIAN_POINT ( 'NONE',  ( -32.66000000000001080, -79.44999999999998863, 41.40000000000000568 ) ) ;
#3003 = DIRECTION ( 'NONE',  ( 0.000000000000000000, 0.000000000000000000, 1.000000000000000000 ) ) ;
#3004 = ORIENTED_EDGE ( 'NONE', *, *, #1963, .F. ) ;
#3005 = CARTESIAN_POINT ( 'NONE',  ( -25.65999999999998238, -91.94834808253654046, 26.35474030970052794 ) ) ;
#3006 = EDGE_CURVE ( 'NONE', #1824, #5342, #1290, .T. ) ;
#3007 = EDGE_CURVE ( 'NONE', #3783, #3213, #2155, .T. ) ;
#3008 = ORIENTED_EDGE ( 'NONE', *, *, #1255, .F. ) ;
#3009 = ORIENTED_EDGE ( 'NONE', *, *, #4391, .F. ) ;
#3010 = CYLINDRICAL_SURFACE ( 'NONE', #4098, 1.649999999999998579 ) ;
#3011 = CARTESIAN_POINT ( 'NONE',  ( -30.46567305320899877, -60.04389061208652123, 34.92907564080365290 ) ) ;
#3012 = CARTESIAN_POINT ( 'NONE',  ( -29.66000000000000369, -76.44999999999998863, 29.35147186257609064 ) ) ;
#3013 = PLANE ( 'NONE',  #4976 ) ;
#3014 = DIRECTION ( 'NONE',  ( 1.096031755875101164E-16, 0.000000000000000000, -1.000000000000000000 ) ) ;
#3015 = DIRECTION ( 'NONE',  ( -0.000000000000000000, -0.000000000000000000, -1.000000000000000000 ) ) ;
#3016 = CYLINDRICAL_SURFACE ( 'NONE', #423, 4.000000000000000000 ) ;
#3017 = AXIS2_PLACEMENT_3D ( 'NONE', #1027, #4379, #1398 ) ;
#3018 = EDGE_LOOP ( 'NONE', ( #5408, #1486, #1331, #5223 ) ) ;
#3019 = CARTESIAN_POINT ( 'NONE',  ( 25.90796353722827305, -76.65708971680166428, 15.10678726268845651 ) ) ;
#3020 = CARTESIAN_POINT ( 'NONE',  ( -29.15595612717741858, -75.85315822478132475, -33.25140740225943148 ) ) ;
#3021 = AXIS2_PLACEMENT_3D ( 'NONE', #1281, #5031, #419 ) ;
#3022 = VECTOR ( 'NONE', #3798, 1000.000000000000000 ) ;
#3023 = DIRECTION ( 'NONE',  ( 1.000000000000000000, -0.000000000000000000, 0.000000000000000000 ) ) ;
#3024 = EDGE_LOOP ( 'NONE', ( #2507, #4332, #3158, #3584 ) ) ;
#3025 = CARTESIAN_POINT ( 'NONE',  ( -25.66000000000001080, -71.44999999999998863, -32.00000000000000000 ) ) ;
#3026 = AXIS2_PLACEMENT_3D ( 'NONE', #4224, #2967, #407 ) ;
#3027 = CARTESIAN_POINT ( 'NONE',  ( -32.45637616348072640, -79.44999999999998863, -38.47466882521766962 ) ) ;
#3028 = EDGE_CURVE ( 'NONE', #621, #5202, #1564, .T. ) ;
#3029 = PLANE ( 'NONE',  #5184 ) ;
#3030 = VECTOR ( 'NONE', #2308, 1000.000000000000000 ) ;
#3031 = VECTOR ( 'NONE', #2713, 1000.000000000000000 ) ;
#3032 = CARTESIAN_POINT ( 'NONE',  ( -30.25306192034936714, -78.25535101047204023, -32.28205407435604712 ) ) ;
#3033 = CIRCLE ( 'NONE', #2951, 2.000000000000001776 ) ;
#3034 = ORIENTED_EDGE ( 'NONE', *, *, #5103, .F. ) ;
#3035 = CARTESIAN_POINT ( 'NONE',  ( 32.65999999999999659, -76.44999999999998863, -39.90924142217967585 ) ) ;
#3036 = ORIENTED_EDGE ( 'NONE', *, *, #2133, .T. ) ;
#3037 = CARTESIAN_POINT ( 'NONE',  ( -28.63122297739683830, -79.42070489246107456, 17.62313229347036980 ) ) ;
#3038 = DIRECTION ( 'NONE',  ( 0.000000000000000000, 1.000000000000000000, 0.000000000000000000 ) ) ;
#3039 = ORIENTED_EDGE ( 'NONE', *, *, #4709, .T. ) ;
#3040 = EDGE_CURVE ( 'NONE', #1600, #4429, #4659, .T. ) ;
#3041 = CARTESIAN_POINT ( 'NONE',  ( -28.65999999999998238, -79.44999999999998863, 26.35474030970052794 ) ) ;
#3042 = CARTESIAN_POINT ( 'NONE',  ( 29.66000000000000014, -76.44999999999998863, 15.10000000000000142 ) ) ;
#3043 = DIRECTION ( 'NONE',  ( -1.000000000000000000, 0.000000000000000000, 0.000000000000000000 ) ) ;
#3044 = DIRECTION ( 'NONE',  ( 1.961247570352523610E-16, -1.000000000000000000, -0.000000000000000000 ) ) ;
#3045 = CARTESIAN_POINT ( 'NONE',  ( 28.47329526615513728, -78.53457073248446818, -36.26557000290640076 ) ) ;
#3046 = ORIENTED_EDGE ( 'NONE', *, *, #1953, .T. ) ;
#3047 = EDGE_CURVE ( 'NONE', #2994, #4895, #868, .T. ) ;
#3048 = CIRCLE ( 'NONE', #2961, 1.649999999999998579 ) ;
#3049 = EDGE_LOOP ( 'NONE', ( #4996, #2232, #876, #2745 ) ) ;
#3050 = DIRECTION ( 'NONE',  ( 1.000000000000000000, 2.925652181618734909E-16, 0.000000000000000000 ) ) ;
#3051 = DIRECTION ( 'NONE',  ( 1.000000000000000000, 0.000000000000000000, 0.000000000000000000 ) ) ;
#3052 = CARTESIAN_POINT ( 'NONE',  ( -25.80000000000000426, -1.000000000000000888, 32.99999999999999289 ) ) ;
#3053 = AXIS2_PLACEMENT_3D ( 'NONE', #5274, #1841, #4390 ) ;
#3054 = ORIENTED_EDGE ( 'NONE', *, *, #2625, .F. ) ;
#3055 = DIRECTION ( 'NONE',  ( -0.000000000000000000, -0.000000000000000000, -1.000000000000000000 ) ) ;
#3056 = AXIS2_PLACEMENT_3D ( 'NONE', #4763, #4375, #2261 ) ;
#3057 = PLANE ( 'NONE',  #38 ) ;
#3058 = CARTESIAN_POINT ( 'NONE',  ( -29.65999999999998593, -50.18687440055448690, 28.10883117545680676 ) ) ;
#3059 = FILL_AREA_STYLE_COLOUR ( '', #486 ) ;
#3060 = EDGE_CURVE ( 'NONE', #5482, #122, #5442, .T. ) ;
#3061 = CARTESIAN_POINT ( 'NONE',  ( -32.41199001098232202, -67.27842175158733085, 24.95957838067260326 ) ) ;
#3062 = CARTESIAN_POINT ( 'NONE',  ( -26.06444342058088282, -76.83149747755247461, 15.12306295802883049 ) ) ;
#3063 = FACE_OUTER_BOUND ( 'NONE', #507, .T. ) ;
#3064 = ORIENTED_EDGE ( 'NONE', *, *, #153, .F. ) ;
#3065 = CARTESIAN_POINT ( 'NONE',  ( 31.13888149135977912, -79.03865347222476601, -34.38314997913390414 ) ) ;
#3066 = DIRECTION ( 'NONE',  ( 0.000000000000000000, 0.000000000000000000, 1.000000000000000000 ) ) ;
#3067 = DIRECTION ( 'NONE',  ( 0.000000000000000000, -1.000000000000000000, 0.000000000000000000 ) ) ;
#3068 = ORIENTED_EDGE ( 'NONE', *, *, #320, .T. ) ;
#3069 = DIRECTION ( 'NONE',  ( -2.891205793294677833E-16, 1.000000000000000000, 0.000000000000000000 ) ) ;
#3070 = CARTESIAN_POINT ( 'NONE',  ( 29.65999999999999659, -76.44999999999997442, -5.720183209558438620 ) ) ;
#3071 = EDGE_CURVE ( 'NONE', #371, #3484, #4802, .T. ) ;
#3072 = ORIENTED_EDGE ( 'NONE', *, *, #3695, .F. ) ;
#3073 =( BOUNDED_CURVE ( )  B_SPLINE_CURVE ( 3, ( #3322, #782, #2458, #5040 ),
 .UNSPECIFIED., .F., .T. ) 
 B_SPLINE_CURVE_WITH_KNOTS ( ( 4, 4 ),
 ( 1.570796326794896558, 2.411864997362826113 ),
 .UNSPECIFIED. ) 
 CURVE ( )  GEOMETRIC_REPRESENTATION_ITEM ( )  RATIONAL_B_SPLINE_CURVE ( ( 1.000000000000000000, 0.9419139527835179715, 0.9419139527835179715, 1.000000000000000000 ) ) 
 REPRESENTATION_ITEM ( '' )  );
#3074 = CYLINDRICAL_SURFACE ( 'NONE', #3914, 3.000000000000002665 ) ;
#3075 = CARTESIAN_POINT ( 'NONE',  ( 38.65999999999998948, -79.44999999999998863, 43.39999999999999147 ) ) ;
#3076 = DIRECTION ( 'NONE',  ( -1.000000000000000000, 0.000000000000000000, 0.000000000000000000 ) ) ;
#3077 = ADVANCED_FACE ( 'NONE', ( #1441 ), #3116, .F. ) ;
#3078 = ADVANCED_FACE ( 'NONE', ( #4785 ), #2233, .F. ) ;
#3079 = ORIENTED_EDGE ( 'NONE', *, *, #3391, .F. ) ;
#3080 = CARTESIAN_POINT ( 'NONE',  ( 29.22437830431249850, -48.70102157446864766, 37.40000000000000568 ) ) ;
#3081 = VERTEX_POINT ( 'NONE', #4374 ) ;
#3082 = DIRECTION ( 'NONE',  ( -1.000000000000000000, -0.000000000000000000, -0.000000000000000000 ) ) ;
#3083 = B_SPLINE_CURVE_WITH_KNOTS ( 'NONE', 3,
 ( #4576, #2127, #2486, #1668, #4985, #5104, #2043, #2158, #3823, #3349, #2547, #1720, #2909, #783, #16, #4601, #4187, #1319, #5041, #1262, #2933, #844 ),
 .UNSPECIFIED., .F., .F.,
 ( 4, 2, 2, 2, 2, 2, 2, 2, 2, 2, 4 ),
 ( 0.000000000000000000, 0.0006866305478318377592, 0.001029945821747752953, 0.001373261095663668363, 0.002059891643495485522, 0.002746522191327303332, 0.003433152739159121142, 0.004119783286990938084, 0.004806413834822755894, 0.005149729108738671304, 0.005493044382654585847 ),
 .UNSPECIFIED. ) ;
#3084 = VERTEX_POINT ( 'NONE', #2205 ) ;
#3085 = ORIENTED_EDGE ( 'NONE', *, *, #2202, .T. ) ;
#3086 = CYLINDRICAL_SURFACE ( 'NONE', #2592, 2.000000000000001776 ) ;
#3087 = DIRECTION ( 'NONE',  ( 0.000000000000000000, 0.000000000000000000, -1.000000000000000000 ) ) ;
#3088 = CARTESIAN_POINT ( 'NONE',  ( -27.32965810182784949, -78.11482555687152285, 15.59806703019985186 ) ) ;
#3089 = DIRECTION ( 'NONE',  ( 1.000000000000000000, 0.000000000000000000, 0.000000000000000000 ) ) ;
#3090 = LINE ( 'NONE', #3935, #4176 ) ;
#3091 = DIRECTION ( 'NONE',  ( -0.000000000000000000, -0.000000000000000000, -1.000000000000000000 ) ) ;
#3092 = FACE_OUTER_BOUND ( 'NONE', #501, .T. ) ;
#3093 = ADVANCED_FACE ( 'NONE', ( #1798 ), #3902, .F. ) ;
#3094 = ORIENTED_EDGE ( 'NONE', *, *, #1925, .F. ) ;
#3095 = VERTEX_POINT ( 'NONE', #2596 ) ;
#3096 = CARTESIAN_POINT ( 'NONE',  ( 31.27866075457145456, -79.39970333384695778, 40.66167787212197027 ) ) ;
#3097 = CARTESIAN_POINT ( 'NONE',  ( -30.75381747192852089, -77.81411039292345322, -2.584421003547733964 ) ) ;
#3098 = ORIENTED_EDGE ( 'NONE', *, *, #4702, .F. ) ;
#3099 = CARTESIAN_POINT ( 'NONE',  ( 25.80000000000000426, -76.44999999999998863, 29.35147186257609064 ) ) ;
#3100 = CARTESIAN_POINT ( 'NONE',  ( -25.66000000506751277, -75.18323671357077842, -32.91082067071960893 ) ) ;
#3101 = CYLINDRICAL_SURFACE ( 'NONE', #4183, 1.649999999999998579 ) ;
#3102 = CARTESIAN_POINT ( 'NONE',  ( 0.000000000000000000, -79.44999999999998863, 26.35147186257609064 ) ) ;
#3103 = EDGE_CURVE ( 'NONE', #3879, #162, #2121, .T. ) ;
#3104 = AXIS2_PLACEMENT_3D ( 'NONE', #3663, #1938, #2796 ) ;
#3105 = CARTESIAN_POINT ( 'NONE',  ( -25.80000000000000426, -18.44999999999999574, 15.10000000000000142 ) ) ;
#3106 = CARTESIAN_POINT ( 'NONE',  ( -26.91334579614186140, -77.95225129009286036, 38.27665410966974946 ) ) ;
#3107 = ORIENTED_EDGE ( 'NONE', *, *, #4702, .T. ) ;
#3108 = AXIS2_PLACEMENT_3D ( 'NONE', #5247, #5217, #4698 ) ;
#3109 = CARTESIAN_POINT ( 'NONE',  ( -29.66000000000000369, -59.21434363627640352, 15.10000000000000142 ) ) ;
#3110 = VECTOR ( 'NONE', #4029, 1000.000000000000114 ) ;
#3111 = EDGE_CURVE ( 'NONE', #2649, #5336, #4051, .T. ) ;
#3112 = VECTOR ( 'NONE', #4422, 1000.000000000000000 ) ;
#3113 = CIRCLE ( 'NONE', #3725, 4.000000000000000000 ) ;
#3114 = CARTESIAN_POINT ( 'NONE',  ( -30.80325602251268435, -78.86959643152574984, -35.56690307966475473 ) ) ;
#3115 = ORIENTED_EDGE ( 'NONE', *, *, #2963, .T. ) ;
#3116 = CYLINDRICAL_SURFACE ( 'NONE', #134, 3.000000000000002665 ) ;
#3117 = CARTESIAN_POINT ( 'NONE',  ( 17.79999999999999005, -24.37000000000000099, -32.00000000000000000 ) ) ;
#3118 = AXIS2_PLACEMENT_3D ( 'NONE', #1229, #1602, #2899 ) ;
#3119 = CARTESIAN_POINT ( 'NONE',  ( -28.78738919818746211, -47.99162781688522728, 37.39999999999999147 ) ) ;
#3120 = CARTESIAN_POINT ( 'NONE',  ( 25.80000000000000426, -85.45000000000000284, 32.99999999999999289 ) ) ;
#3121 = DIRECTION ( 'NONE',  ( 0.000000000000000000, 0.000000000000000000, 1.000000000000000000 ) ) ;
#3122 = VERTEX_POINT ( 'NONE', #100 ) ;
#3123 = DIRECTION ( 'NONE',  ( 1.000000000000000000, 0.000000000000000000, -0.000000000000000000 ) ) ;
#3124 = CARTESIAN_POINT ( 'NONE',  ( 32.69192304005299832, -78.43493464550481065, -1.157295136076196496 ) ) ;
#3125 = EDGE_CURVE ( 'NONE', #5469, #1646, #1768, .T. ) ;
#3126 = ORIENTED_EDGE ( 'NONE', *, *, #4, .T. ) ;
#3127 = CARTESIAN_POINT ( 'NONE',  ( 27.90071005735727283, -78.68780076905808585, 16.09203300621802413 ) ) ;
#3128 = DIRECTION ( 'NONE',  ( 0.000000000000000000, 1.000000000000000000, 0.000000000000000000 ) ) ;
#3129 = CARTESIAN_POINT ( 'NONE',  ( -25.66000000000000369, -76.14755481682681193, 37.45626260081390768 ) ) ;
#3130 = CARTESIAN_POINT ( 'NONE',  ( 28.65999999999999659, -79.44999999999998863, 26.35474030970052084 ) ) ;
#3131 = CIRCLE ( 'NONE', #2337, 2.000000000000001776 ) ;
#3132 = CARTESIAN_POINT ( 'NONE',  ( 30.21868172242307438, -43.23546324289598175, 32.09621477687633728 ) ) ;
#3133 = VECTOR ( 'NONE', #1676, 1000.000000000000000 ) ;
#3134 = CARTESIAN_POINT ( 'NONE',  ( -29.42335034952406758, -76.04048567363190614, 37.33560025251133396 ) ) ;
#3135 = VERTEX_POINT ( 'NONE', #4400 ) ;
#3136 = VERTEX_POINT ( 'NONE', #610 ) ;
#3137 = ADVANCED_FACE ( 'NONE', ( #3454 ), #4706, .T. ) ;
#3138 = PRESENTATION_STYLE_ASSIGNMENT (( #4340 ) ) ;
#3139 = CARTESIAN_POINT ( 'NONE',  ( -30.97861320796415185, -78.93453988810148303, -34.76366711040505209 ) ) ;
#3140 = DIRECTION ( 'NONE',  ( 0.000000000000000000, 0.000000000000000000, -1.000000000000000000 ) ) ;
#3141 = CARTESIAN_POINT ( 'NONE',  ( -29.66000000000000369, -65.34395145777227754, 33.40000000000000568 ) ) ;
#3142 = EDGE_CURVE ( 'NONE', #5399, #3192, #1743, .T. ) ;
#3143 = CARTESIAN_POINT ( 'NONE',  ( 32.65999999999999659, -79.44999999999998863, -33.00840200237135491 ) ) ;
#3144 = CARTESIAN_POINT ( 'NONE',  ( 29.65999999999999659, -69.94387132699132792, 26.35147186257609064 ) ) ;
#3145 = CARTESIAN_POINT ( 'NONE',  ( -32.65999999999998238, -79.42268155027201715, -3.720809033647782371 ) ) ;
#3146 = ORIENTED_EDGE ( 'NONE', *, *, #4774, .T. ) ;
#3147 = CARTESIAN_POINT ( 'NONE',  ( 25.81281510694825698, -76.70033210515015298, 37.59575253360654301 ) ) ;
#3148 = CARTESIAN_POINT ( 'NONE',  ( -30.09875067179411801, -79.44999999999998863, -4.808769664566929336 ) ) ;
#3149 = ORIENTED_EDGE ( 'NONE', *, *, #1947, .F. ) ;
#3150 = CARTESIAN_POINT ( 'NONE',  ( 32.66000000000000369, -79.44999999999998863, -1.632739732720533393E-15 ) ) ;
#3151 = CARTESIAN_POINT ( 'NONE',  ( -32.65999999999998238, -48.98827495916188468, 29.35147186257609064 ) ) ;
#3152 = DIRECTION ( 'NONE',  ( 0.000000000000000000, -1.000000000000000000, 0.000000000000000000 ) ) ;
#3153 = LINE ( 'NONE', #3102, #4905 ) ;
#3154 = ADVANCED_FACE ( 'NONE', ( #5126 ), #3010, .F. ) ;
#3155 = CARTESIAN_POINT ( 'NONE',  ( 29.83172768666798191, -78.04206609749368795, 38.14997342924235113 ) ) ;
#3156 = CARTESIAN_POINT ( 'NONE',  ( 30.76862576532738558, -44.77840335421207385, 31.65107420054531673 ) ) ;
#3157 = CARTESIAN_POINT ( 'NONE',  ( -32.66000000000000369, -79.44999999999998863, 41.40000000000000568 ) ) ;
#3158 = ORIENTED_EDGE ( 'NONE', *, *, #172, .F. ) ;
#3159 = ORIENTED_EDGE ( 'NONE', *, *, #4419, .T. ) ;
#3160 = DIRECTION ( 'NONE',  ( 1.000000000000000000, 0.000000000000000000, 0.000000000000000000 ) ) ;
#3161 = B_SPLINE_CURVE_WITH_KNOTS ( 'NONE', 3,
 ( #4009, #3589, #3222, #1547, #226, #2783, #196, #257, #4478, #1073 ),
 .UNSPECIFIED., .F., .F.,
 ( 4, 2, 2, 2, 4 ),
 ( 0.000000000000000000, 0.0007096444156555252415, 0.001419288831311058940, 0.002128933246966592530, 0.002838577662622126119 ),
 .UNSPECIFIED. ) ;
#3162 = ORIENTED_EDGE ( 'NONE', *, *, #2007, .F. ) ;
#3163 = DIRECTION ( 'NONE',  ( 0.000000000000000000, 1.000000000000000000, 0.000000000000000000 ) ) ;
#3164 = DIRECTION ( 'NONE',  ( -1.000000000000000000, 0.000000000000000000, 0.000000000000000000 ) ) ;
#3165 = PRODUCT_CONTEXT ( 'NONE', #2258, 'mechanical' ) ;
#3166 = B_SPLINE_CURVE_WITH_KNOTS ( 'NONE', 3,
 ( #303, #2088, #2025, #712, #4610, #3717, #2498, #3780, #5422, #4086, #793, #3299 ),
 .UNSPECIFIED., .F., .F.,
 ( 4, 2, 2, 2, 2, 4 ),
 ( 0.000000000000000000, 0.0009971084677768569850, 0.001994216935553706164, 0.002991325403330555559, 0.003489879637218980691, 0.003988433871107405389 ),
 .UNSPECIFIED. ) ;
#3167 = EDGE_CURVE ( 'NONE', #279, #4336, #1497, .T. ) ;
#3168 = EDGE_CURVE ( 'NONE', #3748, #3874, #1074, .T. ) ;
#3169 = CARTESIAN_POINT ( 'NONE',  ( 29.80787342472599732, -57.48412533381578982, 15.70145080428314621 ) ) ;
#3170 = CARTESIAN_POINT ( 'NONE',  ( 40.65999999999999659, -81.44999999999998863, 45.39999999999999858 ) ) ;
#3171 = DIRECTION ( 'NONE',  ( 0.000000000000000000, 0.7197462415475317510, -0.6942372417107872673 ) ) ;
#3172 = EDGE_LOOP ( 'NONE', ( #4311, #3582, #1566, #722 ) ) ;
#3173 = VERTEX_POINT ( 'NONE', #2753 ) ;
#3174 = CARTESIAN_POINT ( 'NONE',  ( 0.000000000000000000, 3.000000000000000000, 0.000000000000000000 ) ) ;
#3175 = CARTESIAN_POINT ( 'NONE',  ( 33.52665858330011162, -79.44999999999998863, -3.330060091092176044 ) ) ;
#3176 = ORIENTED_EDGE ( 'NONE', *, *, #4068, .T. ) ;
#3177 = VERTEX_POINT ( 'NONE', #1134 ) ;
#3178 = ADVANCED_FACE ( 'NONE', ( #668 ), #3645, .F. ) ;
#3179 = CARTESIAN_POINT ( 'NONE',  ( -29.69764709245351497, -79.44999999999997442, 17.86156604871986886 ) ) ;
#3180 = DIRECTION ( 'NONE',  ( 0.000000000000000000, 1.000000000000000000, 0.000000000000000000 ) ) ;
#3181 = CARTESIAN_POINT ( 'NONE',  ( -29.65999999999997172, -61.53605159459432628, 16.34264068711928886 ) ) ;
#3182 = FACE_OUTER_BOUND ( 'NONE', #1582, .T. ) ;
#3183 = CARTESIAN_POINT ( 'NONE',  ( -32.57681900122651086, -81.44958813554599431, -39.90924142217967585 ) ) ;
#3184 = CARTESIAN_POINT ( 'NONE',  ( 21.09999999999845954, -65.45000000000145235, -28.80000000000000782 ) ) ;
#3185 = CARTESIAN_POINT ( 'NONE',  ( -29.02351252186868891, -78.94246150761648551, 39.44680010358483457 ) ) ;
#3186 = ORIENTED_EDGE ( 'NONE', *, *, #3791, .T. ) ;
#3187 = EDGE_LOOP ( 'NONE', ( #4612, #2140 ) ) ;
#3188 = ORIENTED_EDGE ( 'NONE', *, *, #5146, .T. ) ;
#3189 = CARTESIAN_POINT ( 'NONE',  ( 32.65999999999998948, -79.45165849159718618, -4.922112122744274565 ) ) ;
#3190 = AXIS2_PLACEMENT_3D ( 'NONE', #4914, #3163, #280 ) ;
#3191 = EDGE_CURVE ( 'NONE', #2179, #932, #2589, .T. ) ;
#3192 = VERTEX_POINT ( 'NONE', #2366 ) ;
#3193 = CARTESIAN_POINT ( 'NONE',  ( -32.66000000000001791, -79.44999999999998863, -5.720183209558414639 ) ) ;
#3194 = AXIS2_PLACEMENT_3D ( 'NONE', #2231, #3087, #4761 ) ;
#3195 = FACE_OUTER_BOUND ( 'NONE', #292, .T. ) ;
#3196 = AXIS2_PLACEMENT_3D ( 'NONE', #3888, #1405, #3912 ) ;
#3197 = CARTESIAN_POINT ( 'NONE',  ( -29.22437830431186967, -48.70102157446822133, 37.40000000000000568 ) ) ;
#3198 = VECTOR ( 'NONE', #1574, 1000.000000000000000 ) ;
#3199 = CIRCLE ( 'NONE', #4629, 6.000000000000000000 ) ;
#3200 = DIRECTION ( 'NONE',  ( 0.000000000000000000, -1.000000000000000000, 0.000000000000000000 ) ) ;
#3201 = CARTESIAN_POINT ( 'NONE',  ( -29.97503108378254311, -67.73570897064536211, 28.38996347725581515 ) ) ;
#3202 = ORIENTED_EDGE ( 'NONE', *, *, #550, .T. ) ;
#3203 = VERTEX_POINT ( 'NONE', #227 ) ;
#3204 = DIRECTION ( 'NONE',  ( 0.000000000000000000, 0.000000000000000000, 1.000000000000000000 ) ) ;
#3205 = DIRECTION ( 'NONE',  ( -0.000000000000000000, 0.000000000000000000, 1.000000000000000000 ) ) ;
#3206 = EDGE_CURVE ( 'NONE', #2696, #4213, #5344, .T. ) ;
#3207 = ORIENTED_EDGE ( 'NONE', *, *, #2501, .T. ) ;
#3208 = CARTESIAN_POINT ( 'NONE',  ( -25.80000000000000426, 80.50962675357526166, 32.99999999999999289 ) ) ;
#3209 = CARTESIAN_POINT ( 'NONE',  ( -26.64124671970341041, -77.18931781045193929, -34.41207701059195756 ) ) ;
#3210 = CARTESIAN_POINT ( 'NONE',  ( 29.65999999999999659, -66.94387132699132792, 26.35147186257609064 ) ) ;
#3211 = CARTESIAN_POINT ( 'NONE',  ( 27.49617731522935671, -77.93757915427912053, -35.31519030589321062 ) ) ;
#3212 = EDGE_CURVE ( 'NONE', #5469, #836, #282, .T. ) ;
#3213 = VERTEX_POINT ( 'NONE', #1575 ) ;
#3214 = CARTESIAN_POINT ( 'NONE',  ( 29.66000000000000014, -76.44999999999998863, 33.46274606680623265 ) ) ;
#3215 = DIRECTION ( 'NONE',  ( -0.000000000000000000, 0.000000000000000000, 1.000000000000000000 ) ) ;
#3216 = DIRECTION ( 'NONE',  ( -1.000000000000000000, 3.608224830031760650E-14, 0.000000000000000000 ) ) ;
#3217 = CARTESIAN_POINT ( 'NONE',  ( -26.29368801790775478, -77.41069115118399679, 37.91098043857590483 ) ) ;
#3218 = ORIENTED_EDGE ( 'NONE', *, *, #748, .T. ) ;
#3219 = ORIENTED_EDGE ( 'NONE', *, *, #3690, .T. ) ;
#3220 = CARTESIAN_POINT ( 'NONE',  ( -32.57681900122651086, -81.44958813554596588, -41.90924142217968296 ) ) ;
#3221 = ORIENTED_EDGE ( 'NONE', *, *, #3420, .T. ) ;
#3222 = CARTESIAN_POINT ( 'NONE',  ( 32.66000000000000369, -47.22098013807320882, 31.21003740039397911 ) ) ;
#3223 = CARTESIAN_POINT ( 'NONE',  ( -32.66000000000001791, -79.44999999999998863, -40.00000000000000000 ) ) ;
#3224 = EDGE_CURVE ( 'NONE', #1156, #1338, #1929, .T. ) ;
#3225 = CARTESIAN_POINT ( 'NONE',  ( -28.55320762644241483, -47.92174408435030841, 37.40000000000000568 ) ) ;
#3226 = VECTOR ( 'NONE', #2108, 1000.000000000000000 ) ;
#3227 = DIRECTION ( 'NONE',  ( 4.999203100797713916E-17, -0.000000000000000000, 1.000000000000000000 ) ) ;
#3228 = DIRECTION ( 'NONE',  ( 0.000000000000000000, 0.000000000000000000, -1.000000000000000000 ) ) ;
#3229 = ORIENTED_EDGE ( 'NONE', *, *, #3305, .T. ) ;
#3230 = CARTESIAN_POINT ( 'NONE',  ( -1.085298574841255581, -77.84830949471869133, 38.19576688500547590 ) ) ;
#3231 = DIRECTION ( 'NONE',  ( -1.000000000000000000, -4.822023056331056494E-17, 0.000000000000000000 ) ) ;
#3232 = CARTESIAN_POINT ( 'NONE',  ( -30.00655188297553622, -79.03149334746541399, 16.55530519858186977 ) ) ;
#3233 = DIRECTION ( 'NONE',  ( -1.000000000000000000, -2.168404344971006896E-16, 0.000000000000000000 ) ) ;
#3234 = DIRECTION ( 'NONE',  ( 0.000000000000000000, 0.000000000000000000, -1.000000000000000000 ) ) ;
#3235 = CARTESIAN_POINT ( 'NONE',  ( 31.63214656372637634, -46.88898543030735766, 36.08949852638085787 ) ) ;
#3236 = ORIENTED_EDGE ( 'NONE', *, *, #2625, .T. ) ;
#3237 = CARTESIAN_POINT ( 'NONE',  ( 29.65999999999999659, -75.94999999999998863, 37.43137303340312627 ) ) ;
#3238 = EDGE_CURVE ( 'NONE', #1810, #4495, #4628, .T. ) ;
#3239 = DIRECTION ( 'NONE',  ( 0.000000000000000000, -0.000000000000000000, -1.000000000000000000 ) ) ;
#3240 = EDGE_CURVE ( 'NONE', #1432, #2335, #4504, .T. ) ;
#3241 = CARTESIAN_POINT ( 'NONE',  ( 30.97861320796314288, -78.93453988810092881, -34.76366711040672186 ) ) ;
#3242 = CYLINDRICAL_SURFACE ( 'NONE', #1821, 2.999999999999999112 ) ;
#3243 = ORIENTED_EDGE ( 'NONE', *, *, #5190, .T. ) ;
#3244 = ORIENTED_EDGE ( 'NONE', *, *, #4575, .T. ) ;
#3245 = CARTESIAN_POINT ( 'NONE',  ( 32.66000000000000369, -78.90686788318670608, -1.808116518839036235 ) ) ;
#3246 =( BOUNDED_SURFACE ( )  B_SPLINE_SURFACE ( 3, 2, ( 
 ( #3307, #2006, #1684 ),
 ( #799, #3270, #3789 ),
 ( #4969, #2873, #1228 ),
 ( #4564, #773, #5059 ),
 ( #4209, #2898, #420 ),
 ( #2954, #2476, #4146 ),
 ( #4171, #396, #2064 ),
 ( #3759, #340, #1521 ),
 ( #4535, #1164, #3225 ),
 ( #695, #4943, #3197 ),
 ( #5404, #4891, #2451 ),
 ( #2814, #313, #1107 ),
 ( #366, #1981, #1952 ),
 ( #5005, #1550, #1136 ) ),
 .UNSPECIFIED., .F., .F., .T. ) 
 B_SPLINE_SURFACE_WITH_KNOTS ( ( 4, 2, 2, 2, 2, 2, 4 ),
 ( 3, 3 ),
 ( 4.712388980384689674, 5.003947769787631117, 5.295506559190573448, 5.441285953892045058, 5.587065348593515779, 5.732844743294986500, 5.878624137996457222 ),
 ( 0.000000000000000000, 1.000000000000000000 ),
 .UNSPECIFIED. ) 
 GEOMETRIC_REPRESENTATION_ITEM ( )  RATIONAL_B_SPLINE_SURFACE ( (
 ( 1.000000000000000000, 0.7071067811865475727, 1.000000000000000000),
 ( 1.000000000000000000, 0.6832611570156217340, 1.000000000000000000),
 ( 1.000000000000000000, 0.6581685793406913954, 1.000000000000000000),
 ( 1.000000000000000000, 0.6070939034194462458, 1.000000000000000000),
 ( 1.000000000000000000, 0.5810926933225126767, 1.000000000000000000),
 ( 1.000000000000000000, 0.5430899296195268455, 1.000000000000000000),
 ( 1.000000000000000000, 0.5305954212419399241, 1.000000000000000000),
 ( 1.000000000000000000, 0.5063280781821747345, 1.000000000000000000),
 ( 1.000000000000000000, 0.4945551717715256368, 1.000000000000000000),
 ( 1.000000000000000000, 0.4721782572805908185, 1.000000000000000000),
 ( 1.000000000000000000, 0.4615748445567334213, 1.000000000000000000),
 ( 1.000000000000000000, 0.4420504557650230537, 1.000000000000000000),
 ( 1.000000000000000000, 0.4331312654165119791, 1.000000000000000000),
 ( 1.000000000000000000, 0.4253262921017185172, 1.000000000000000000) ) ) 
 REPRESENTATION_ITEM ( '' )  SURFACE ( )  );
#3247 = CARTESIAN_POINT ( 'NONE',  ( 32.26431685712748987, -79.42926913080805207, -38.36953551626584158 ) ) ;
#3248 = CARTESIAN_POINT ( 'NONE',  ( -7.715375880726712574E-16, -3.812238329577779528, 16.37742799230606394 ) ) ;
#3249 = CARTESIAN_POINT ( 'NONE',  ( 32.64342653470212952, -49.70367612169508220, 28.59948131579832520 ) ) ;
#3250 = CARTESIAN_POINT ( 'NONE',  ( 32.63029243367291343, -79.44985290647773013, -39.90924142217966875 ) ) ;
#3251 = ORIENTED_EDGE ( 'NONE', *, *, #1037, .F. ) ;
#3252 = ORIENTED_EDGE ( 'NONE', *, *, #1238, .F. ) ;
#3253 = LINE ( 'NONE', #701, #4449 ) ;
#3254 = CARTESIAN_POINT ( 'NONE',  ( -33.52665858330011162, -79.44999999999998863, -3.330060091092157393 ) ) ;
#3255 = CARTESIAN_POINT ( 'NONE',  ( -29.72302687532097920, -79.42191547944494801, 17.62877255040512026 ) ) ;
#3256 = ADVANCED_FACE ( 'NONE', ( #3561 ), #1903, .F. ) ;
#3257 = CARTESIAN_POINT ( 'NONE',  ( -27.34253571214850353, -77.82227764501976708, -35.15933669743009915 ) ) ;
#3258 = CARTESIAN_POINT ( 'NONE',  ( -32.65999999999998238, -47.53814601644158699, 30.85488423168238015 ) ) ;
#3259 = CARTESIAN_POINT ( 'NONE',  ( 32.23095612768899088, -46.62368876299157705, 35.22192833800568224 ) ) ;
#3260 = VERTEX_POINT ( 'NONE', #4533 ) ;
#3261 = ORIENTED_EDGE ( 'NONE', *, *, #2725, .F. ) ;
#3262 = CARTESIAN_POINT ( 'NONE',  ( 25.74577360289489292, -76.51380985637257481, 37.54142248349898381 ) ) ;
#3263 = DIRECTION ( 'NONE',  ( 1.000000000000000000, 0.000000000000000000, -4.999203100797713916E-17 ) ) ;
#3264 = FACE_OUTER_BOUND ( 'NONE', #3803, .T. ) ;
#3265 = ORIENTED_EDGE ( 'NONE', *, *, #3893, .T. ) ;
#3266 = CYLINDRICAL_SURFACE ( 'NONE', #3480, 1.649999999999998579 ) ;
#3267 = EDGE_CURVE ( 'NONE', #821, #5285, #311, .T. ) ;
#3268 = CARTESIAN_POINT ( 'NONE',  ( -28.91780701195034453, -47.94523126364512677, 37.39374116561020145 ) ) ;
#3269 = CARTESIAN_POINT ( 'NONE',  ( 0.000000000000000000, -79.44999999999998863, 43.39999999999999147 ) ) ;
#3270 = CARTESIAN_POINT ( 'NONE',  ( -29.93917206613404502, -39.68396328567089171, 37.40000000000435421 ) ) ;
#3271 = APPLICATION_PROTOCOL_DEFINITION ( 'draft international standard', 'automotive_design', 1998, #2436 ) ;
#3272 = CIRCLE ( 'NONE', #5148, 1.649999999999998579 ) ;
#3273 = CARTESIAN_POINT ( 'NONE',  ( -29.66000000000000369, -69.94387132699134213, 26.35147186257609064 ) ) ;
#3274 = VECTOR ( 'NONE', #3636, 1000.000000000000000 ) ;
#3275 = ADVANCED_FACE ( 'NONE', ( #3195 ), #2419, .T. ) ;
#3276 = AXIS2_PLACEMENT_3D ( 'NONE', #3509, #1742, #4290 ) ;
#3277 = TOROIDAL_SURFACE ( 'NONE', #994, 2.000000000000000000, 2.000000000000000000 ) ;
#3278 = ORIENTED_EDGE ( 'NONE', *, *, #5147, .F. ) ;
#3279 = DIRECTION ( 'NONE',  ( -1.000000000000000000, -4.822023056331055878E-17, 0.000000000000000000 ) ) ;
#3280 = DIRECTION ( 'NONE',  ( 0.000000000000000000, 0.000000000000000000, -1.000000000000000000 ) ) ;
#3281 = ORIENTED_EDGE ( 'NONE', *, *, #2112, .F. ) ;
#3282 = DIRECTION ( 'NONE',  ( -0.000000000000000000, 1.000000000000000000, -0.000000000000000000 ) ) ;
#3283 = CARTESIAN_POINT ( 'NONE',  ( -27.66000000000001080, 1.000000000000000000, -28.00000000000000000 ) ) ;
#3284 = VECTOR ( 'NONE', #2714, 1000.000000000000000 ) ;
#3285 = AXIS2_PLACEMENT_3D ( 'NONE', #1541, #3215, #711 ) ;
#3286 = CARTESIAN_POINT ( 'NONE',  ( -19.45000000000000995, -24.36999999999999744, -32.00000000000000000 ) ) ;
#3287 = LINE ( 'NONE', #809, #1172 ) ;
#3288 = VECTOR ( 'NONE', #2071, 1000.000000000000000 ) ;
#3289 = CARTESIAN_POINT ( 'NONE',  ( -33.80000000000000426, -79.44999999999998863, -35.78336146153467467 ) ) ;
#3290 = AXIS2_PLACEMENT_3D ( 'NONE', #5157, #4743, #2652 ) ;
#3291 = CARTESIAN_POINT ( 'NONE',  ( 29.93527199586679544, -77.70989748369390782, -30.99706628876690218 ) ) ;
#3292 = EDGE_CURVE ( 'NONE', #2179, #2195, #217, .T. ) ;
#3293 = ORIENTED_EDGE ( 'NONE', *, *, #2982, .F. ) ;
#3294 = VECTOR ( 'NONE', #3702, 1000.000000000000000 ) ;
#3295 = ORIENTED_EDGE ( 'NONE', *, *, #1817, .T. ) ;
#3296 = DIRECTION ( 'NONE',  ( 0.000000000000000000, 1.000000000000000000, 0.000000000000000000 ) ) ;
#3297 = LINE ( 'NONE', #4056, #1444 ) ;
#3298 = LINE ( 'NONE', #4713, #4620 ) ;
#3299 = CARTESIAN_POINT ( 'NONE',  ( -28.65999999999998238, -56.02371670659668723, 37.40000000000000568 ) ) ;
#3300 = ORIENTED_EDGE ( 'NONE', *, *, #3526, .T. ) ;
#3301 = ORIENTED_EDGE ( 'NONE', *, *, #684, .T. ) ;
#3302 = CARTESIAN_POINT ( 'NONE',  ( 9.203291093141309887, -18.88410537944184853, -28.80000000000000782 ) ) ;
#3303 = CARTESIAN_POINT ( 'NONE',  ( -32.65999999999998238, -46.42293213100864335, 33.39999999999999858 ) ) ;
#3304 = CARTESIAN_POINT ( 'NONE',  ( 29.65999999999999659, -76.44999999999998863, -29.09128788536428445 ) ) ;
#3305 = EDGE_CURVE ( 'NONE', #3939, #378, #4834, .T. ) ;
#3306 = VERTEX_POINT ( 'NONE', #4095 ) ;
#3307 = CARTESIAN_POINT ( 'NONE',  ( -29.66000000000000369, -38.71630092818492841, 33.39999999999999858 ) ) ;
#3308 = CARTESIAN_POINT ( 'NONE',  ( -25.80000000000000426, 0.000000000000000000, 31.99999999999999289 ) ) ;
#3309 = AXIS2_PLACEMENT_3D ( 'NONE', #1028, #1854, #4790 ) ;
#3310 = B_SPLINE_CURVE_WITH_KNOTS ( 'NONE', 3,
 ( #3361, #444, #1756, #1305, #2976, #882, #4255, #467, #3840, #61, #1224, #796 ),
 .UNSPECIFIED., .F., .F.,
 ( 4, 2, 2, 2, 2, 4 ),
 ( 0.005507959125805718913, 0.007111806715571294957, 0.008715654305336870133, 0.01031950189510244531, 0.01112142568998522249, 0.01192334948486800140 ),
 .UNSPECIFIED. ) ;
#3311 = ORIENTED_EDGE ( 'NONE', *, *, #4517, .F. ) ;
#3312 = DIRECTION ( 'NONE',  ( 0.000000000000000000, 0.000000000000000000, 1.000000000000000000 ) ) ;
#3313 = EDGE_CURVE ( 'NONE', #4082, #4415, #1951, .T. ) ;
#3314 = CARTESIAN_POINT ( 'NONE',  ( 29.66000000000000014, -76.44999999999998863, 33.46274606680623975 ) ) ;
#3315 = EDGE_CURVE ( 'NONE', #3874, #4111, #4010, .T. ) ;
#3316 = AXIS2_PLACEMENT_3D ( 'NONE', #3671, #3331, #1188 ) ;
#3317 = ORIENTED_EDGE ( 'NONE', *, *, #3420, .F. ) ;
#3318 = FACE_OUTER_BOUND ( 'NONE', #4679, .T. ) ;
#3319 = CARTESIAN_POINT ( 'NONE',  ( -21.10000000000000853, -24.36999999999999744, -32.00000000000000000 ) ) ;
#3320 = VERTEX_POINT ( 'NONE', #2923 ) ;
#3321 = VECTOR ( 'NONE', #4738, 1000.000000000000114 ) ;
#3322 = CARTESIAN_POINT ( 'NONE',  ( 25.66000000000000369, -65.34395145777230596, 37.40000000000000568 ) ) ;
#3323 = DIRECTION ( 'NONE',  ( 0.000000000000000000, 0.000000000000000000, -1.000000000000000000 ) ) ;
#3324 = CARTESIAN_POINT ( 'NONE',  ( -28.65999999999998238, -79.44999999999998863, 18.09673155287556767 ) ) ;
#3325 = CARTESIAN_POINT ( 'NONE',  ( 29.20459621849935772, -75.57360891713454976, -33.09007745143905055 ) ) ;
#3326 = ORIENTED_EDGE ( 'NONE', *, *, #2429, .T. ) ;
#3327 = ORIENTED_EDGE ( 'NONE', *, *, #3870, .T. ) ;
#3328 = CARTESIAN_POINT ( 'NONE',  ( 29.56669273171038270, -79.09661837766715564, 39.74130072713070660 ) ) ;
#3329 = DIRECTION ( 'NONE',  ( 1.000000000000000000, 0.000000000000000000, -9.998406201595427833E-17 ) ) ;
#3330 = ADVANCED_FACE ( 'NONE', ( #365, #4651, #4617, #7 ), #4123, .F. ) ;
#3331 = DIRECTION ( 'NONE',  ( -0.000000000000000000, -1.000000000000000000, -0.000000000000000000 ) ) ;
#3332 = EDGE_LOOP ( 'NONE', ( #3243, #224, #666, #1936 ) ) ;
#3333 = EDGE_LOOP ( 'NONE', ( #4689, #3942, #46, #2536 ) ) ;
#3334 = ORIENTED_EDGE ( 'NONE', *, *, #4310, .F. ) ;
#3335 = LINE ( 'NONE', #959, #64 ) ;
#3336 = CARTESIAN_POINT ( 'NONE',  ( 35.40238696056011491, -43.07484929333723045, 37.40000000000000568 ) ) ;
#3337 = EDGE_CURVE ( 'NONE', #59, #378, #2449, .T. ) ;
#3338 = ORIENTED_EDGE ( 'NONE', *, *, #956, .T. ) ;
#3339 = LINE ( 'NONE', #2896, #1523 ) ;
#3340 = CARTESIAN_POINT ( 'NONE',  ( -29.66000000000000369, -51.28921125663579517, 20.36511162104075012 ) ) ;
#3341 = CARTESIAN_POINT ( 'NONE',  ( -30.97861320796415185, -78.93453988810148303, -34.76366711040505209 ) ) ;
#3342 = VERTEX_POINT ( 'NONE', #5403 ) ;
#3343 = ORIENTED_EDGE ( 'NONE', *, *, #1847, .F. ) ;
#3344 = DIRECTION ( 'NONE',  ( 0.000000000000000000, 0.000000000000000000, 1.000000000000000000 ) ) ;
#3345 = CARTESIAN_POINT ( 'NONE',  ( 25.66000000000000014, 3.000000000000000000, 33.39999999999999858 ) ) ;
#3346 = DIRECTION ( 'NONE',  ( 0.000000000000000000, -1.000000000000000000, 0.000000000000000000 ) ) ;
#3347 = EDGE_CURVE ( 'NONE', #1688, #821, #2508, .T. ) ;
#3348 = CARTESIAN_POINT ( 'NONE',  ( 0.000000000000000000, -85.45000000000000284, 32.99999999999999289 ) ) ;
#3349 = CARTESIAN_POINT ( 'NONE',  ( 2.481473107908672926, -78.86135854509338117, 39.30140714230898880 ) ) ;
#3350 = DIRECTION ( 'NONE',  ( 5.672195538593292254E-17, -0.6942372417107872673, -0.7197462415475317510 ) ) ;
#3351 = CARTESIAN_POINT ( 'NONE',  ( 32.65999999999999659, -58.67284031474716954, 18.10000000000000142 ) ) ;
#3352 = CARTESIAN_POINT ( 'NONE',  ( 29.92244730144322062, -79.08685070784210325, -37.59116015390674193 ) ) ;
#3353 = ORIENTED_EDGE ( 'NONE', *, *, #577, .F. ) ;
#3354 = EDGE_CURVE ( 'NONE', #4249, #4510, #3700, .T. ) ;
#3355 = VERTEX_POINT ( 'NONE', #3366 ) ;
#3356 = DIRECTION ( 'NONE',  ( 0.000000000000000000, 1.000000000000000000, 0.000000000000000000 ) ) ;
#3357 = CARTESIAN_POINT ( 'NONE',  ( -32.27420523820910603, -79.43031710747581542, -33.19180069531709165 ) ) ;
#3358 = PLANE ( 'NONE',  #1470 ) ;
#3359 = EDGE_LOOP ( 'NONE', ( #1168, #3597 ) ) ;
#3360 = ORIENTED_EDGE ( 'NONE', *, *, #3337, .T. ) ;
#3361 = CARTESIAN_POINT ( 'NONE',  ( 30.97861320796314288, -78.93453988810092881, -34.76366711040672186 ) ) ;
#3362 = CARTESIAN_POINT ( 'NONE',  ( -28.44844998192914431, -79.23713624663577093, 27.48211973731955737 ) ) ;
#3363 = ORIENTED_EDGE ( 'NONE', *, *, #1757, .F. ) ;
#3364 = FACE_OUTER_BOUND ( 'NONE', #1058, .T. ) ;
#3365 = ORIENTED_EDGE ( 'NONE', *, *, #5427, .T. ) ;
#3366 = CARTESIAN_POINT ( 'NONE',  ( 0.000000000000000000, 0.000000000000000000, -21.30000000000000071 ) ) ;
#3367 = CARTESIAN_POINT ( 'NONE',  ( 19.44999999999846096, -65.45000000000145235, -28.80000000000000782 ) ) ;
#3368 = EDGE_CURVE ( 'NONE', #1183, #1736, #861, .T. ) ;
#3369 = ORIENTED_EDGE ( 'NONE', *, *, #2262, .T. ) ;
#3370 = ORIENTED_EDGE ( 'NONE', *, *, #4135, .T. ) ;
#3371 = CARTESIAN_POINT ( 'NONE',  ( 32.65999999999999659, -79.44999999999998863, -33.00840200237135491 ) ) ;
#3372 = DIRECTION ( 'NONE',  ( 0.000000000000000000, 1.000000000000000000, 0.000000000000000000 ) ) ;
#3373 = AXIS2_PLACEMENT_3D ( 'NONE', #220, #5333, #4852 ) ;
#3374 = CARTESIAN_POINT ( 'NONE',  ( 29.65999999999999659, -76.44999999999998863, -5.720183209558440396 ) ) ;
#3375 = VECTOR ( 'NONE', #4372, 1000.000000000000000 ) ;
#3376 = CARTESIAN_POINT ( 'NONE',  ( 30.06914037974487641, -61.44772927071540636, 34.52406604581364746 ) ) ;
#3377 = CARTESIAN_POINT ( 'NONE',  ( -32.65999999999997527, -46.42293213100864335, 33.16034970437346630 ) ) ;
#3378 = CARTESIAN_POINT ( 'NONE',  ( -25.66000000000001080, -71.44999999999998863, -40.00000000000000000 ) ) ;
#3379 = DIRECTION ( 'NONE',  ( -2.850957430653865977E-17, -0.6942372417107872673, -0.7197462415475318620 ) ) ;
#3380 = CARTESIAN_POINT ( 'NONE',  ( 31.85368240551044750, -79.44904603281463551, -39.29618828393501673 ) ) ;
#3381 = EDGE_CURVE ( 'NONE', #4250, #209, #1197, .T. ) ;
#3382 = VECTOR ( 'NONE', #3123, 1000.000000000000000 ) ;
#3383 = VECTOR ( 'NONE', #4296, 1000.000000000000000 ) ;
#3384 = ORIENTED_EDGE ( 'NONE', *, *, #718, .F. ) ;
#3385 = EDGE_LOOP ( 'NONE', ( #4169, #386, #3453, #928, #3668, #3445, #4525, #1751, #5391, #1100, #3334, #4320 ) ) ;
#3386 = CARTESIAN_POINT ( 'NONE',  ( 29.93835311970773105, -79.18091552046739423, 39.94172662875917723 ) ) ;
#3387 = VECTOR ( 'NONE', #2393, 1000.000000000000000 ) ;
#3388 = CIRCLE ( 'NONE', #3829, 6.000000000000000000 ) ;
#3389 = CARTESIAN_POINT ( 'NONE',  ( -30.97861320796415185, -78.93453988810148303, -34.76366711040505209 ) ) ;
#3390 = PLANE ( 'NONE',  #5269 ) ;
#3391 = EDGE_CURVE ( 'NONE', #3203, #582, #2147, .T. ) ;
#3392 = ORIENTED_EDGE ( 'NONE', *, *, #2117, .T. ) ;
#3393 = CIRCLE ( 'NONE', #4637, 2.999999999999999112 ) ;
#3394 = CARTESIAN_POINT ( 'NONE',  ( -27.67202063608604234, -78.07189580245776028, -35.49447818868971183 ) ) ;
#3395 = CARTESIAN_POINT ( 'NONE',  ( 31.11746147209541391, -50.21129245235212579, 37.40000000000000568 ) ) ;
#3396 = ORIENTED_EDGE ( 'NONE', *, *, #717, .F. ) ;
#3397 = CYLINDRICAL_SURFACE ( 'NONE', #3555, 2.000000000000001776 ) ;
#3398 = CARTESIAN_POINT ( 'NONE',  ( -32.63029243367550691, -79.44985290647775855, -39.90924142218805315 ) ) ;
#3399 = VERTEX_POINT ( 'NONE', #1630 ) ;
#3400 = CARTESIAN_POINT ( 'NONE',  ( 2.183913394969179010E-15, -18.88410537944184853, -28.80000000000000782 ) ) ;
#3401 = ADVANCED_FACE ( 'NONE', ( #5004 ), #3246, .T. ) ;
#3402 = CARTESIAN_POINT ( 'NONE',  ( 30.47073118776834733, -67.17836451288529531, 27.54415168721080320 ) ) ;
#3403 = CARTESIAN_POINT ( 'NONE',  ( -31.27358441901327524, -58.21738228652871072, 35.45602607960967845 ) ) ;
#3404 = VECTOR ( 'NONE', #895, 1000.000000000000000 ) ;
#3405 = CARTESIAN_POINT ( 'NONE',  ( 30.71356913755967000, -56.89256806046589077, 37.39999999999705693 ) ) ;
#3406 = CIRCLE ( 'NONE', #2693, 1.649999999999998579 ) ;
#3407 = CARTESIAN_POINT ( 'NONE',  ( 29.65999999999999659, 3.000000000000000000, -28.00000000000000000 ) ) ;
#3408 = CARTESIAN_POINT ( 'NONE',  ( 40.66000000000000369, -79.44999999999998863, -41.90924142217968296 ) ) ;
#3409 = CYLINDRICAL_SURFACE ( 'NONE', #1529, 2.999999999999999112 ) ;
#3410 = CARTESIAN_POINT ( 'NONE',  ( 30.06303549069595249, -78.34989171192340507, -35.84783602450706042 ) ) ;
#3411 = CIRCLE ( 'NONE', #2255, 1.999999999999998224 ) ;
#3412 = VERTEX_POINT ( 'NONE', #2785 ) ;
#3413 = ORIENTED_EDGE ( 'NONE', *, *, #5237, .T. ) ;
#3414 = CARTESIAN_POINT ( 'NONE',  ( -25.66000000000000369, -38.71630092818491420, 37.40000000000000568 ) ) ;
#3415 = CARTESIAN_POINT ( 'NONE',  ( -31.35530191677681700, -79.15423318714225331, -34.03233153704110947 ) ) ;
#3416 = CARTESIAN_POINT ( 'NONE',  ( 29.65999999999999659, -76.62843668257660568, 18.10000000000000142 ) ) ;
#3417 = ORIENTED_EDGE ( 'NONE', *, *, #4746, .T. ) ;
#3418 = DIRECTION ( 'NONE',  ( 0.000000000000000000, 1.000000000000000000, 0.000000000000000000 ) ) ;
#3419 = EDGE_CURVE ( 'NONE', #2859, #1518, #3393, .T. ) ;
#3420 = EDGE_CURVE ( 'NONE', #2858, #619, #2031, .T. ) ;
#3421 = DIRECTION ( 'NONE',  ( -1.000000000000000000, 0.000000000000000000, 0.000000000000000000 ) ) ;
#3422 = CARTESIAN_POINT ( 'NONE',  ( -29.66000000000001080, -71.44999999999998863, -28.00000000000000000 ) ) ;
#3423 = CARTESIAN_POINT ( 'NONE',  ( -27.01725843424148366, -78.03783207213845685, 38.33743852579517863 ) ) ;
#3424 = DIRECTION ( 'NONE',  ( 0.000000000000000000, 1.000000000000000000, 0.000000000000000000 ) ) ;
#3425 = ORIENTED_EDGE ( 'NONE', *, *, #4106, .F. ) ;
#3426 = DIRECTION ( 'NONE',  ( 1.000000000000000000, -2.023844055306275026E-16, 0.000000000000000000 ) ) ;
#3427 = ORIENTED_EDGE ( 'NONE', *, *, #5326, .T. ) ;
#3428 = DIRECTION ( 'NONE',  ( -2.850957430653865977E-17, -0.6942372417107872673, -0.7197462415475318620 ) ) ;
#3429 = CARTESIAN_POINT ( 'NONE',  ( -30.06914037974513576, -61.44772927071276314, 34.52406604581570093 ) ) ;
#3430 = ORIENTED_EDGE ( 'NONE', *, *, #3769, .T. ) ;
#3431 = DIRECTION ( 'NONE',  ( -0.000000000000000000, -1.000000000000000000, -0.000000000000000000 ) ) ;
#3432 = DIRECTION ( 'NONE',  ( 0.000000000000000000, 1.000000000000000000, 0.000000000000000000 ) ) ;
#3433 =( BOUNDED_SURFACE ( )  B_SPLINE_SURFACE ( 3, 2, ( 
 ( #495, #3750, #2554 ),
 ( #2167, #3443, #3779 ),
 ( #1727, #1650, #4197 ),
 ( #5023, #2996, #817 ) ),
 .UNSPECIFIED., .F., .F., .F. ) 
 B_SPLINE_SURFACE_WITH_KNOTS ( ( 4, 4 ),
 ( 3, 3 ),
 ( 0.000000000000000000, 3.366855211878680296E-05 ),
 ( 0.000000000000000000, 1.000000000000000000 ),
 .UNSPECIFIED. ) 
 GEOMETRIC_REPRESENTATION_ITEM ( )  RATIONAL_B_SPLINE_SURFACE ( (
 ( 1.000000000000000000, 0.7103083336730311448, 1.000000000000000000),
 ( 1.000000000000000000, 0.7092435753519115149, 1.000000000000000000),
 ( 1.000000000000000000, 0.7081763904619190475, 1.000000000000000000),
 ( 1.000000000000000000, 0.7071067811827927985, 1.000000000000000000) ) ) 
 REPRESENTATION_ITEM ( '' )  SURFACE ( )  );
#3434 = DIRECTION ( 'NONE',  ( -9.998406201595427833E-17, 0.000000000000000000, -1.000000000000000000 ) ) ;
#3435 = CARTESIAN_POINT ( 'NONE',  ( -29.66000000000000725, -18.44999999999999574, 15.10000000000000142 ) ) ;
#3436 = CARTESIAN_POINT ( 'NONE',  ( 31.21130466137838155, -79.09890392799954384, 37.77430275747200028 ) ) ;
#3437 = DIRECTION ( 'NONE',  ( 0.000000000000000000, -1.000000000000000000, 0.000000000000000000 ) ) ;
#3438 = B_SPLINE_CURVE_WITH_KNOTS ( 'NONE', 3,
 ( #4783, #587, #1794, #529, #2203, #3061, #4342, #2257, #3956, #1439, #4678, #887 ),
 .UNSPECIFIED., .F., .F.,
 ( 4, 2, 2, 2, 2, 4 ),
 ( 3.469446951953614189E-18, 0.0003364266272490669982, 0.0006728532544981305269, 0.001345706508996249561, 0.002018559763494368487, 0.002691413017992487413 ),
 .UNSPECIFIED. ) ;
#3439 = ORIENTED_EDGE ( 'NONE', *, *, #1864, .F. ) ;
#3440 = ADVANCED_FACE ( 'NONE', ( #4917 ), #747, .F. ) ;
#3441 = VERTEX_POINT ( 'NONE', #4481 ) ;
#3442 = CARTESIAN_POINT ( 'NONE',  ( 25.94683600433309678, -76.70118518184629863, 15.11021264115204765 ) ) ;
#3443 = CARTESIAN_POINT ( 'NONE',  ( 32.59461185206996703, -79.46165293783160166, -41.90924142217968296 ) ) ;
#3444 = CARTESIAN_POINT ( 'NONE',  ( -20.79670890685869011, -18.88410537944185208, 16.37742799230606394 ) ) ;
#3445 = ORIENTED_EDGE ( 'NONE', *, *, #1431, .T. ) ;
#3446 = DIRECTION ( 'NONE',  ( 0.000000000000000000, 0.000000000000000000, 1.000000000000000000 ) ) ;
#3447 = CARTESIAN_POINT ( 'NONE',  ( -28.65999999999998238, -79.44999999999998863, 26.35474030970052794 ) ) ;
#3448 = EDGE_CURVE ( 'NONE', #3177, #4753, #4974, .T. ) ;
#3449 = CARTESIAN_POINT ( 'NONE',  ( -30.38947589207304389, -78.42124687978599695, -32.77463545248091492 ) ) ;
#3450 = ORIENTED_EDGE ( 'NONE', *, *, #1323, .F. ) ;
#3451 = DIRECTION ( 'NONE',  ( 5.672195538593291022E-17, -0.6942372417107872673, -0.7197462415475318620 ) ) ;
#3452 = ORIENTED_EDGE ( 'NONE', *, *, #4502, .F. ) ;
#3453 = ORIENTED_EDGE ( 'NONE', *, *, #4303, .T. ) ;
#3454 = FACE_OUTER_BOUND ( 'NONE', #2645, .T. ) ;
#3455 = CARTESIAN_POINT ( 'NONE',  ( -26.39645268354053442, -60.28236062852815991, 37.40000000000000568 ) ) ;
#3456 = EDGE_CURVE ( 'NONE', #4273, #5287, #2420, .T. ) ;
#3457 = DIRECTION ( 'NONE',  ( 0.000000000000000000, 0.000000000000000000, -1.000000000000000000 ) ) ;
#3458 = CARTESIAN_POINT ( 'NONE',  ( -33.80000000000000426, 4.209999999999991971, -37.78336146153467467 ) ) ;
#3459 = CARTESIAN_POINT ( 'NONE',  ( 31.11170048330956561, -79.36244377398655558, -38.64835771360835537 ) ) ;
#3460 = PLANE ( 'NONE',  #4888 ) ;
#3461 = CARTESIAN_POINT ( 'NONE',  ( 31.06924952759635161, -79.36002054792949423, -38.61163135899941068 ) ) ;
#3462 = AXIS2_PLACEMENT_3D ( 'NONE', #4685, #2965, #3323 ) ;
#3463 = ORIENTED_EDGE ( 'NONE', *, *, #4574, .T. ) ;
#3464 = ORIENTED_EDGE ( 'NONE', *, *, #4892, .T. ) ;
#3465 =( BOUNDED_SURFACE ( )  B_SPLINE_SURFACE ( 3, 2, ( 
 ( #3819, #429, #1717 ),
 ( #2987, #2567, #43 ),
 ( #3403, #1260, #481 ),
 ( #2516, #2156, #3849 ),
 ( #3011, #4294, #75 ),
 ( #3429, #5127, #3455 ),
 ( #1340, #2929, #2597 ),
 ( #4627, #508, #2181 ),
 ( #840, #5153, #2484 ),
 ( #3141, #4786, #1874 ) ),
 .UNSPECIFIED., .F., .F., .T. ) 
 B_SPLINE_SURFACE_WITH_KNOTS ( ( 4, 2, 2, 2, 4 ),
 ( 3, 3 ),
 ( 3.716301055097659400, 3.965323036419416969, 4.214345017741174537, 4.463366999062932550, 4.712388980384689674 ),
 ( 0.000000000000000000, 1.000000000000000000 ),
 .UNSPECIFIED. ) 
 GEOMETRIC_REPRESENTATION_ITEM ( )  RATIONAL_B_SPLINE_SURFACE ( (
 ( 1.000000000000000000, 0.8895809737297506459, 1.000000000000000000),
 ( 1.000000000000000000, 0.8807792435676704557, 1.000000000000000000),
 ( 1.000000000000000000, 0.8701465898844912283, 1.000000000000000000),
 ( 1.000000000000000000, 0.8455028953709234907, 1.000000000000000000),
 ( 1.000000000000000000, 0.8314896527044871588, 1.000000000000000000),
 ( 1.000000000000000000, 0.8004678901423961657, 1.000000000000000000),
 ( 1.000000000000000000, 0.7834584115176422836, 1.000000000000000000),
 ( 1.000000000000000000, 0.7469657721532090289, 1.000000000000000000),
 ( 1.000000000000000000, 0.7274841034589565325, 1.000000000000000000),
 ( 1.000000000000000000, 0.7071067811865482389, 1.000000000000000000) ) ) 
 REPRESENTATION_ITEM ( '' )  SURFACE ( )  );
#3466 = DIRECTION ( 'NONE',  ( -0.000000000000000000, 1.000000000000000000, -0.000000000000000000 ) ) ;
#3467 = DIRECTION ( 'NONE',  ( 1.000000000000000000, 0.000000000000000000, -9.998406201595427833E-17 ) ) ;
#3468 = CIRCLE ( 'NONE', #2046, 3.000000000000002665 ) ;
#3469 = VECTOR ( 'NONE', #3050, 1000.000000000000000 ) ;
#3470 = DIRECTION ( 'NONE',  ( 0.000000000000000000, -1.000000000000000000, 0.000000000000000000 ) ) ;
#3471 = EDGE_CURVE ( 'NONE', #3872, #3782, #5345, .T. ) ;
#3472 = VERTEX_POINT ( 'NONE', #1199 ) ;
#3473 = DIRECTION ( 'NONE',  ( 0.000000000000000000, 1.000000000000000000, 0.000000000000000000 ) ) ;
#3474 = VECTOR ( 'NONE', #1748, 1000.000000000000000 ) ;
#3475 = VECTOR ( 'NONE', #4280, 1000.000000000000000 ) ;
#3476 = CARTESIAN_POINT ( 'NONE',  ( -28.65999999999998238, -79.44999999999998863, 18.10000000000000142 ) ) ;
#3477 = LINE ( 'NONE', #1411, #4742 ) ;
#3478 = AXIS2_PLACEMENT_3D ( 'NONE', #4626, #5012, #2124 ) ;
#3479 = LINE ( 'NONE', #3954, #2240 ) ;
#3480 = AXIS2_PLACEMENT_3D ( 'NONE', #361, #1157, #2835 ) ;
#3481 = EDGE_CURVE ( 'NONE', #821, #2113, #1680, .T. ) ;
#3482 = LINE ( 'NONE', #121, #2137 ) ;
#3483 = ORIENTED_EDGE ( 'NONE', *, *, #1804, .F. ) ;
#3484 = VERTEX_POINT ( 'NONE', #3726 ) ;
#3485 = CARTESIAN_POINT ( 'NONE',  ( -27.47936355059716007, -78.26509463289141877, 15.70400627176866593 ) ) ;
#3486 = DIRECTION ( 'NONE',  ( 0.000000000000000000, 0.000000000000000000, 1.000000000000000000 ) ) ;
#3487 = EDGE_CURVE ( 'NONE', #4355, #2626, #4284, .T. ) ;
#3488 = EDGE_CURVE ( 'NONE', #158, #4586, #4097, .T. ) ;
#3489 = CARTESIAN_POINT ( 'NONE',  ( 31.04949310720315836, -78.98250713023435310, -34.56754990007372186 ) ) ;
#3490 = LINE ( 'NONE', #946, #3994 ) ;
#3491 = CARTESIAN_POINT ( 'NONE',  ( 29.66000000000000014, -45.68998332611033675, 26.17007715217905428 ) ) ;
#3492 = CARTESIAN_POINT ( 'NONE',  ( -32.17551093274109064, -57.46059943281196070, 35.32097711083245173 ) ) ;
#3493 = CARTESIAN_POINT ( 'NONE',  ( -25.66000000000000369, -65.34395145777230596, 37.40000000000000568 ) ) ;
#3494 = EDGE_LOOP ( 'NONE', ( #2109, #2122, #2969, #195, #450, #5179, #5384, #256, #795 ) ) ;
#3495 = VECTOR ( 'NONE', #5195, 1000.000000000000000 ) ;
#3496 = ORIENTED_EDGE ( 'NONE', *, *, #620, .T. ) ;
#3497 = CARTESIAN_POINT ( 'NONE',  ( -40.65999999999998238, -79.44999999999998863, 45.39999999999999858 ) ) ;
#3498 = CARTESIAN_POINT ( 'NONE',  ( 32.65999999999999659, -47.53814601644157989, 30.85488423168237304 ) ) ;
#3499 = CARTESIAN_POINT ( 'NONE',  ( -24.80000000000000426, 0.000000000000000000, 31.99999999999999289 ) ) ;
#3500 = VECTOR ( 'NONE', #1935, 1000.000000000000000 ) ;
#3501 = FACE_OUTER_BOUND ( 'NONE', #4580, .T. ) ;
#3502 = AXIS2_PLACEMENT_3D ( 'NONE', #1114, #780, #373 ) ;
#3503 = CARTESIAN_POINT ( 'NONE',  ( 34.65481258601263903, -43.56207193906242736, 37.40000000000183888 ) ) ;
#3504 = ORIENTED_EDGE ( 'NONE', *, *, #5435, .T. ) ;
#3505 = DIRECTION ( 'NONE',  ( -1.000000000000000000, 1.927470528863119295E-16, 0.000000000000000000 ) ) ;
#3506 = LINE ( 'NONE', #5200, #1888 ) ;
#3507 = EDGE_CURVE ( 'NONE', #3355, #2612, #1099, .T. ) ;
#3508 = ORIENTED_EDGE ( 'NONE', *, *, #2820, .T. ) ;
#3509 = CARTESIAN_POINT ( 'NONE',  ( 25.66000000000000014, -75.44999999999998863, 33.39999999999999858 ) ) ;
#3510 = ORIENTED_EDGE ( 'NONE', *, *, #5340, .T. ) ;
#3511 = EDGE_LOOP ( 'NONE', ( #4862, #5026, #3301, #990 ) ) ;
#3512 = CARTESIAN_POINT ( 'NONE',  ( -25.85407296106534147, -76.58538001673801432, 15.10296287050084096 ) ) ;
#3513 = CARTESIAN_POINT ( 'NONE',  ( -29.65999999999998238, -66.94387132699134213, 28.10883117545680676 ) ) ;
#3514 = ORIENTED_EDGE ( 'NONE', *, *, #3456, .T. ) ;
#3515 = DIRECTION ( 'NONE',  ( 5.672195538593293487E-17, -0.6942372417107872673, -0.7197462415475317510 ) ) ;
#3516 = DIRECTION ( 'NONE',  ( 0.000000000000000000, 0.000000000000000000, -1.000000000000000000 ) ) ;
#3517 = ORIENTED_EDGE ( 'NONE', *, *, #4309, .T. ) ;
#3518 = FACE_OUTER_BOUND ( 'NONE', #1149, .T. ) ;
#3519 = CARTESIAN_POINT ( 'NONE',  ( 33.87276921602119728, -79.44999999999998863, -3.071880407558226445 ) ) ;
#3520 = ADVANCED_FACE ( 'NONE', ( #95 ), #8, .T. ) ;
#3521 = ORIENTED_EDGE ( 'NONE', *, *, #1836, .F. ) ;
#3522 = CYLINDRICAL_SURFACE ( 'NONE', #2227, 2.999999999999999112 ) ;
#3523 = FACE_OUTER_BOUND ( 'NONE', #4870, .T. ) ;
#3524 = CARTESIAN_POINT ( 'NONE',  ( -29.66000000000000369, -42.62134251766305937, 29.35147186257609064 ) ) ;
#3525 = CYLINDRICAL_SURFACE ( 'NONE', #2251, 2.999999999999999112 ) ;
#3526 = EDGE_CURVE ( 'NONE', #3095, #2154, #1791, .T. ) ;
#3527 = EDGE_LOOP ( 'NONE', ( #3510, #899, #5090, #3034 ) ) ;
#3528 = CARTESIAN_POINT ( 'NONE',  ( 30.01069394643466381, -42.37906555836577382, 32.34328681555416551 ) ) ;
#3529 = EDGE_LOOP ( 'NONE', ( #5459, #2438, #2305, #1366, #4174, #4720 ) ) ;
#3530 = CARTESIAN_POINT ( 'NONE',  ( -29.93158057888164336, -77.70202098674002400, 34.42196087754157219 ) ) ;
#3531 = EDGE_LOOP ( 'NONE', ( #392, #646 ) ) ;
#3532 = ORIENTED_EDGE ( 'NONE', *, *, #2380, .F. ) ;
#3533 = LINE ( 'NONE', #1393, #34 ) ;
#3534 = CARTESIAN_POINT ( 'NONE',  ( -28.44643789953162383, -79.23511756491139124, 16.96458277088021660 ) ) ;
#3535 = CARTESIAN_POINT ( 'NONE',  ( -25.80000000000000426, -91.94834808253654046, 15.10000000000000142 ) ) ;
#3536 = ADVANCED_FACE ( 'NONE', ( #5033 ), #4210, .T. ) ;
#3537 = CARTESIAN_POINT ( 'NONE',  ( -25.66000000000000369, -65.34395145777230596, 37.40000000000000568 ) ) ;
#3538 = DIRECTION ( 'NONE',  ( 1.000000000000000000, -0.000000000000000000, -0.000000000000000000 ) ) ;
#3539 = CARTESIAN_POINT ( 'NONE',  ( 28.81923872464258807, -49.87305301709035632, 28.43418358770845700 ) ) ;
#3540 = VERTEX_POINT ( 'NONE', #3398 ) ;
#3541 = DIRECTION ( 'NONE',  ( 0.000000000000000000, 0.7197462415475317510, -0.6942372417107872673 ) ) ;
#3542 = CARTESIAN_POINT ( 'NONE',  ( 29.86270390875377601, -79.44999999999998863, -5.254215624488804082 ) ) ;
#3543 = VERTEX_POINT ( 'NONE', #4652 ) ;
#3544 = ORIENTED_EDGE ( 'NONE', *, *, #1570, .F. ) ;
#3545 = CARTESIAN_POINT ( 'NONE',  ( 28.25869136893764022, -79.04679464598476102, 16.58238653124132256 ) ) ;
#3546 = CARTESIAN_POINT ( 'NONE',  ( 38.65999999999999659, -81.44999999999998863, -41.90924142217968296 ) ) ;
#3547 = ADVANCED_FACE ( 'NONE', ( #2150 ), #5144, .T. ) ;
#3548 = CARTESIAN_POINT ( 'NONE',  ( -28.26016581836637087, -78.67963014091878904, 39.03035765045780892 ) ) ;
#3549 = CARTESIAN_POINT ( 'NONE',  ( 24.80000000000000426, 0.000000000000000000, 31.99999999999999289 ) ) ;
#3550 = VECTOR ( 'NONE', #3066, 1000.000000000000000 ) ;
#3551 = CARTESIAN_POINT ( 'NONE',  ( 33.81436404622866121, -43.57239829822475485, 37.39999999999808722 ) ) ;
#3552 = EDGE_CURVE ( 'NONE', #4734, #4895, #2981, .T. ) ;
#3553 = CARTESIAN_POINT ( 'NONE',  ( -29.38741385891827207, -76.10216951757345782, 37.32244440031196575 ) ) ;
#3554 = ORIENTED_EDGE ( 'NONE', *, *, #4575, .F. ) ;
#3555 = AXIS2_PLACEMENT_3D ( 'NONE', #4799, #2146, #5091 ) ;
#3556 = CARTESIAN_POINT ( 'NONE',  ( -25.66000000000000369, 1.000000000000000000, 35.39999999999999858 ) ) ;
#3557 = CIRCLE ( 'NONE', #1285, 2.000000000000001776 ) ;
#3558 = AXIS2_PLACEMENT_3D ( 'NONE', #4458, #1169, #4103 ) ;
#3559 = VECTOR ( 'NONE', #3227, 1000.000000000000000 ) ;
#3560 = DIRECTION ( 'NONE',  ( 0.000000000000000000, 0.000000000000000000, 1.000000000000000000 ) ) ;
#3561 = FACE_OUTER_BOUND ( 'NONE', #241, .T. ) ;
#3562 = DIRECTION ( 'NONE',  ( 0.000000000000000000, -1.000000000000000000, 0.000000000000000000 ) ) ;
#3563 = AXIS2_PLACEMENT_3D ( 'NONE', #2924, #912, #2539 ) ;
#3564 = FACE_OUTER_BOUND ( 'NONE', #1256, .T. ) ;
#3565 = EDGE_CURVE ( 'NONE', #2101, #969, #139, .T. ) ;
#3566 = CARTESIAN_POINT ( 'NONE',  ( 30.78220008844691336, -45.96046411868316284, 31.31004786640991711 ) ) ;
#3567 = CARTESIAN_POINT ( 'NONE',  ( -32.65999999999997527, -78.69179253048896783, -1.473179579925465665 ) ) ;
#3568 = ORIENTED_EDGE ( 'NONE', *, *, #5290, .T. ) ;
#3569 = CARTESIAN_POINT ( 'NONE',  ( 27.93689546680616687, -78.54285591764067931, 38.85246414912968049 ) ) ;
#3570 = CARTESIAN_POINT ( 'NONE',  ( -31.80430959513681444, -79.44999999999998863, -2.716880583787834702 ) ) ;
#3571 = EDGE_LOOP ( 'NONE', ( #4980, #1634, #4856, #3317 ) ) ;
#3572 = CARTESIAN_POINT ( 'NONE',  ( -30.31156028917876810, -78.64261000287011427, 16.04160436387866540 ) ) ;
#3573 = CARTESIAN_POINT ( 'NONE',  ( -29.69239393789276349, -76.94789320414943745, -29.68307670229216910 ) ) ;
#3574 = CARTESIAN_POINT ( 'NONE',  ( -40.65999999999998238, -79.44999999999998863, 45.39999999999999858 ) ) ;
#3575 = CARTESIAN_POINT ( 'NONE',  ( 26.55234099583819685, -77.33203842796004324, 29.22396411277836137 ) ) ;
#3576 = VECTOR ( 'NONE', #3418, 1000.000000000000000 ) ;
#3577 = ORIENTED_EDGE ( 'NONE', *, *, #2776, .T. ) ;
#3578 = CARTESIAN_POINT ( 'NONE',  ( 29.63932545983600519, -75.93190977029354372, 37.42909387616060002 ) ) ;
#3579 = CARTESIAN_POINT ( 'NONE',  ( -32.61048738945624592, -81.44975484412957201, -39.90924142217986770 ) ) ;
#3580 = VECTOR ( 'NONE', #2555, 1000.000000000000000 ) ;
#3581 = CARTESIAN_POINT ( 'NONE',  ( -31.08854429421151977, -79.36643496552738952, 40.55945209728186285 ) ) ;
#3582 = ORIENTED_EDGE ( 'NONE', *, *, #36, .F. ) ;
#3583 = ORIENTED_EDGE ( 'NONE', *, *, #2362, .F. ) ;
#3584 = ORIENTED_EDGE ( 'NONE', *, *, #1370, .F. ) ;
#3585 = ADVANCED_FACE ( 'NONE', ( #1359 ), #938, .T. ) ;
#3586 = EDGE_CURVE ( 'NONE', #2073, #628, #4173, .T. ) ;
#3587 = AXIS2_PLACEMENT_3D ( 'NONE', #5383, #3231, #4572 ) ;
#3588 = ORIENTED_EDGE ( 'NONE', *, *, #1274, .F. ) ;
#3589 = CARTESIAN_POINT ( 'NONE',  ( 32.66000000000001791, -47.37201262019620174, 31.02712202066711811 ) ) ;
#3590 = CARTESIAN_POINT ( 'NONE',  ( 0.000000000000000000, -81.44999999999998863, 43.39999999999999147 ) ) ;
#3591 = CARTESIAN_POINT ( 'NONE',  ( 32.65999999999999659, -40.04381027818466521, 38.62459126614432137 ) ) ;
#3592 = ADVANCED_FACE ( 'NONE', ( #3813 ), #67, .F. ) ;
#3593 = DIRECTION ( 'NONE',  ( 0.000000000000000000, 0.000000000000000000, -1.000000000000000000 ) ) ;
#3594 = ORIENTED_EDGE ( 'NONE', *, *, #2042, .F. ) ;
#3595 = CYLINDRICAL_SURFACE ( 'NONE', #1789, 5.000000000000003553 ) ;
#3596 = CYLINDRICAL_SURFACE ( 'NONE', #674, 1.649999999999998579 ) ;
#3597 = ORIENTED_EDGE ( 'NONE', *, *, #1341, .T. ) ;
#3598 = EDGE_LOOP ( 'NONE', ( #4830, #5069, #3094, #5213 ) ) ;
#3599 = DIRECTION ( 'NONE',  ( -7.947490770598426974E-17, 0.000000000000000000, 1.000000000000000000 ) ) ;
#3600 = CARTESIAN_POINT ( 'NONE',  ( 33.69410037990449780, -79.44999999999998863, -3.182076811473752986 ) ) ;
#3601 = ORIENTED_EDGE ( 'NONE', *, *, #2930, .T. ) ;
#3602 = DIRECTION ( 'NONE',  ( 0.000000000000000000, -1.000000000000000000, 0.000000000000000000 ) ) ;
#3603 = FACE_OUTER_BOUND ( 'NONE', #1698, .T. ) ;
#3604 = CARTESIAN_POINT ( 'NONE',  ( 32.65999999999999659, -79.44999999999998863, -39.90924142217967585 ) ) ;
#3605 = CARTESIAN_POINT ( 'NONE',  ( 25.80000000000000426, -85.45000000000000284, -28.80000000000000782 ) ) ;
#3606 = EDGE_CURVE ( 'NONE', #3135, #4438, #4676, .T. ) ;
#3607 = ORIENTED_EDGE ( 'NONE', *, *, #3976, .T. ) ;
#3608 = CARTESIAN_POINT ( 'NONE',  ( 29.31316733708577971, -76.35125710505155894, 37.31747455420758541 ) ) ;
#3609 = LINE ( 'NONE', #1512, #2757 ) ;
#3610 = CARTESIAN_POINT ( 'NONE',  ( -32.09526810191817958, -79.41630268933023729, 40.76608812535534554 ) ) ;
#3611 =( BOUNDED_CURVE ( )  B_SPLINE_CURVE ( 3, ( #777, #4539, #3704, #1554 ),
 .UNSPECIFIED., .F., .T. ) 
 B_SPLINE_CURVE_WITH_KNOTS ( ( 4, 4 ),
 ( 4.712388980384688786, 5.553457650952617008 ),
 .UNSPECIFIED. ) 
 CURVE ( )  GEOMETRIC_REPRESENTATION_ITEM ( )  RATIONAL_B_SPLINE_CURVE ( ( 1.000000000000000000, 0.9419139527835180825, 0.9419139527835180825, 1.000000000000000000 ) ) 
 REPRESENTATION_ITEM ( '' )  );
#3612 = ORIENTED_EDGE ( 'NONE', *, *, #5014, .F. ) ;
#3613 = VERTEX_POINT ( 'NONE', #1740 ) ;
#3614 = EDGE_LOOP ( 'NONE', ( #1019, #761, #4671, #4366 ) ) ;
#3615 = DIRECTION ( 'NONE',  ( -1.000000000000000000, -0.000000000000000000, 9.998406201595427833E-17 ) ) ;
#3616 = CARTESIAN_POINT ( 'NONE',  ( 38.65999999999998948, -79.44999999999998863, 43.39999999999999147 ) ) ;
#3617 = ADVANCED_FACE ( 'NONE', ( #4619 ), #35, .F. ) ;
#3618 = DIRECTION ( 'NONE',  ( 0.000000000000000000, 0.000000000000000000, -1.000000000000000000 ) ) ;
#3619 = DIRECTION ( 'NONE',  ( 0.000000000000000000, -0.000000000000000000, 1.000000000000000000 ) ) ;
#3620 = DIRECTION ( 'NONE',  ( -0.000000000000000000, -1.000000000000000000, -0.000000000000000000 ) ) ;
#3621 = ORIENTED_EDGE ( 'NONE', *, *, #3488, .F. ) ;
#3622 = ORIENTED_EDGE ( 'NONE', *, *, #2717, .T. ) ;
#3623 = LINE ( 'NONE', #5322, #1869 ) ;
#3624 = CARTESIAN_POINT ( 'NONE',  ( 28.65999999999999659, -48.03653567936055424, 37.40000000000000568 ) ) ;
#3625 = EDGE_CURVE ( 'NONE', #4854, #235, #3747, .T. ) ;
#3626 = VERTEX_POINT ( 'NONE', #502 ) ;
#3627 = CARTESIAN_POINT ( 'NONE',  ( 38.65999999999999659, -79.44999999999998863, -39.90924142217967585 ) ) ;
#3628 = CARTESIAN_POINT ( 'NONE',  ( -25.38578643762690490, -1.809713602059148700E-16, -28.38578643762690490 ) ) ;
#3629 = CARTESIAN_POINT ( 'NONE',  ( 25.80000000000046967, -76.48065771882615138, 15.09999999999999254 ) ) ;
#3630 = CARTESIAN_POINT ( 'NONE',  ( 25.80000000000000426, -85.45000000000000284, 0.000000000000000000 ) ) ;
#3631 = CARTESIAN_POINT ( 'NONE',  ( 26.14580920449875734, -76.91591582677297367, 29.31630215454664423 ) ) ;
#3632 = ORIENTED_EDGE ( 'NONE', *, *, #2556, .T. ) ;
#3633 = CARTESIAN_POINT ( 'NONE',  ( 29.60910605743103474, -75.92161880758492032, 37.41758746740410402 ) ) ;
#3634 = LINE ( 'NONE', #4084, #2051 ) ;
#3635 = ADVANCED_FACE ( 'NONE', ( #422 ), #2096, .T. ) ;
#3636 = DIRECTION ( 'NONE',  ( -1.000000000000000000, 0.000000000000000000, -0.000000000000000000 ) ) ;
#3637 = CARTESIAN_POINT ( 'NONE',  ( -27.05359770011115472, -78.04899181696391963, 38.35689886498762746 ) ) ;
#3638 = ORIENTED_EDGE ( 'NONE', *, *, #3760, .F. ) ;
#3639 = DIRECTION ( 'NONE',  ( 0.000000000000000000, -0.4166666666666691832, 0.9090593428863085190 ) ) ;
#3640 = CIRCLE ( 'NONE', #3276, 4.000000000000003553 ) ;
#3641 =( BOUNDED_SURFACE ( )  B_SPLINE_SURFACE ( 3, 2, ( 
 ( #572, #2609, #1839 ),
 ( #3100, #2193, #1812 ),
 ( #4797, #2215, #3573 ),
 ( #4823, #3913, #5272 ),
 ( #1011, #2688, #135 ),
 ( #3968, #3020, #4724 ),
 ( #1145, #648, #3687 ),
 ( #3209, #1060, #4952 ),
 ( #3709, #5386, #1534 ),
 ( #3257, #4462, #4845 ),
 ( #2768, #4050, #1174 ),
 ( #294, #2822, #1560 ),
 ( #726, #2797, #2405 ),
 ( #1965, #1509, #4547 ),
 ( #4108, #4514, #681 ),
 ( #1917, #705, #4433 ),
 ( #324, #2323, #1586 ),
 ( #4901, #2737, #2853 ),
 ( #1482, #756, #1118 ),
 ( #2433, #2352, #4022 ) ),
 .UNSPECIFIED., .F., .F., .T. ) 
 B_SPLINE_SURFACE_WITH_KNOTS ( ( 4, 2, 2, 2, 2, 2, 2, 2, 2, 4 ),
 ( 3, 3 ),
 ( 0.000000000000000000, 0.001946537437003393678, 0.002919806155505090626, 0.003893074874006787357, 0.005839612311010181252, 0.006812881029511877982, 0.007786149748013574713, 0.009732687185016969042, 0.01167922462202036250, 0.01557229949602714943 ),
 ( 0.000000000000000000, 1.000000000000000000 ),
 .UNSPECIFIED. ) 
 GEOMETRIC_REPRESENTATION_ITEM ( )  RATIONAL_B_SPLINE_SURFACE ( (
 ( 1.000000000000000000, 0.7071067811865477948, 1.000000000000000000),
 ( 1.000000000000000000, 0.7197525100486790173, 1.000000000000000000),
 ( 1.000000000000000000, 0.7356975286802566183, 1.000000000000000000),
 ( 1.000000000000000000, 0.7619764670286373054, 1.000000000000000000),
 ( 1.000000000000000000, 0.7711815287336697411, 1.000000000000000000),
 ( 1.000000000000000000, 0.7898270635057053068, 1.000000000000000000),
 ( 1.000000000000000000, 0.7992026051012899313, 1.000000000000000000),
 ( 1.000000000000000000, 0.8271029283766578866, 1.000000000000000000),
 ( 1.000000000000000000, 0.8453829252546457562, 1.000000000000000000),
 ( 1.000000000000000000, 0.8713377926580481159, 1.000000000000000000),
 ( 1.000000000000000000, 0.8797571437211860745, 1.000000000000000000),
 ( 1.000000000000000000, 0.8957548069947561808, 1.000000000000000000),
 ( 1.000000000000000000, 0.9033711194626002916, 1.000000000000000000),
 ( 1.000000000000000000, 0.9250211735433041538, 1.000000000000000000),
 ( 1.000000000000000000, 0.9378555435470485868, 1.000000000000000000),
 ( 1.000000000000000000, 0.9601219804080278752, 1.000000000000000000),
 ( 1.000000000000000000, 0.9695910012848691917, 1.000000000000000000),
 ( 1.000000000000000000, 0.9922846230944948331, 1.000000000000000000),
 ( 1.000000000000000000, 0.9998887556508767593, 1.000000000000000000),
 ( 1.000000000000000000, 0.9999993668764541876, 1.000000000000000000) ) ) 
 REPRESENTATION_ITEM ( '' )  SURFACE ( )  );
#3642 = ORIENTED_EDGE ( 'NONE', *, *, #3354, .T. ) ;
#3643 = DIRECTION ( 'NONE',  ( 1.000000000000000000, 0.000000000000000000, 7.947490770598426974E-17 ) ) ;
#3644 = AXIS2_PLACEMENT_3D ( 'NONE', #3289, #4515, #2855 ) ;
#3645 = CYLINDRICAL_SURFACE ( 'NONE', #1539, 2.999999999999999112 ) ;
#3646 = CIRCLE ( 'NONE', #998, 2.000000000000001776 ) ;
#3647 = CARTESIAN_POINT ( 'NONE',  ( 32.65999999999999659, -49.87305301709035632, 28.43418358770845700 ) ) ;
#3648 = EDGE_CURVE ( 'NONE', #1156, #2191, #5284, .T. ) ;
#3649 = AXIS2_PLACEMENT_3D ( 'NONE', #3345, #3372, #4571 ) ;
#3650 = ORIENTED_EDGE ( 'NONE', *, *, #703, .F. ) ;
#3651 = FACE_OUTER_BOUND ( 'NONE', #1148, .T. ) ;
#3652 = LINE ( 'NONE', #1202, #4120 ) ;
#3653 = ORIENTED_EDGE ( 'NONE', *, *, #1513, .F. ) ;
#3654 = ORIENTED_EDGE ( 'NONE', *, *, #4833, .F. ) ;
#3655 = CARTESIAN_POINT ( 'NONE',  ( -32.63029243367550691, -79.44985290647775855, -39.90924142218805315 ) ) ;
#3656 = CARTESIAN_POINT ( 'NONE',  ( 29.65999999999999659, -18.45000000000000284, 29.35147186257609064 ) ) ;
#3657 = ORIENTED_EDGE ( 'NONE', *, *, #781, .F. ) ;
#3658 = CIRCLE ( 'NONE', #663, 3.000000000000002665 ) ;
#3659 = ORIENTED_EDGE ( 'NONE', *, *, #3191, .F. ) ;
#3660 = MANIFOLD_SOLID_BREP ( 'Cut-Extrude11', #4353 ) ;
#3661 = EDGE_CURVE ( 'NONE', #2009, #4977, #119, .T. ) ;
#3662 = EDGE_CURVE ( 'NONE', #5458, #4033, #3506, .T. ) ;
#3663 = CARTESIAN_POINT ( 'NONE',  ( 0.000000000000000000, 1.000000000000000000, 35.39999999999999858 ) ) ;
#3664 = CARTESIAN_POINT ( 'NONE',  ( -28.65999999999998948, 3.000000000000000000, 33.39999999999999858 ) ) ;
#3665 = FACE_OUTER_BOUND ( 'NONE', #2256, .T. ) ;
#3666 = CARTESIAN_POINT ( 'NONE',  ( 29.17422477080604182, -47.85349867753399877, 37.37504131387713358 ) ) ;
#3667 = VERTEX_POINT ( 'NONE', #1414 ) ;
#3668 = ORIENTED_EDGE ( 'NONE', *, *, #4081, .F. ) ;
#3669 = CARTESIAN_POINT ( 'NONE',  ( 29.71818657166362954, -77.04956206046774980, 33.76296573639127985 ) ) ;
#3670 = FACE_OUTER_BOUND ( 'NONE', #3786, .T. ) ;
#3671 = CARTESIAN_POINT ( 'NONE',  ( -25.66000000000000369, 3.000000000000000000, 33.39999999999999858 ) ) ;
#3672 = VERTEX_POINT ( 'NONE', #171 ) ;
#3673 = ORIENTED_EDGE ( 'NONE', *, *, #5464, .T. ) ;
#3674 = CARTESIAN_POINT ( 'NONE',  ( 32.66000000000000369, -79.42311328798125203, -3.726222303856504325 ) ) ;
#3675 = CIRCLE ( 'NONE', #4297, 3.000000000000002665 ) ;
#3676 = ORIENTED_EDGE ( 'NONE', *, *, #3206, .T. ) ;
#3677 = CARTESIAN_POINT ( 'NONE',  ( -30.82012761072215667, -78.86351287227716966, -35.39934704517857256 ) ) ;
#3678 = CARTESIAN_POINT ( 'NONE',  ( -29.65999999999999304, -5.817060293665584042E-15, 26.35147186257609064 ) ) ;
#3679 = DIRECTION ( 'NONE',  ( 0.000000000000000000, 0.000000000000000000, 1.000000000000000000 ) ) ;
#3680 = CARTESIAN_POINT ( 'NONE',  ( -22.50000000000001421, -3.812238329577774643, 16.37742799230606394 ) ) ;
#3681 = ADVANCED_FACE ( 'NONE', ( #3975 ), #3086, .T. ) ;
#3682 = CARTESIAN_POINT ( 'NONE',  ( 32.08705909532054790, -79.39478160815789920, -38.24625274152977994 ) ) ;
#3683 = FACE_OUTER_BOUND ( 'NONE', #5307, .T. ) ;
#3684 = CARTESIAN_POINT ( 'NONE',  ( -0.2295208943697401582, -77.56793478110868989, 38.00663268459145883 ) ) ;
#3685 = DIRECTION ( 'NONE',  ( -0.000000000000000000, 1.000000000000000000, -0.000000000000000000 ) ) ;
#3686 = CARTESIAN_POINT ( 'NONE',  ( 31.48118728795386900, -58.67284031474716954, 18.27571611960323850 ) ) ;
#3687 = CARTESIAN_POINT ( 'NONE',  ( -29.93527199585219378, -77.70989748366197603, -30.99706628869983049 ) ) ;
#3688 = CARTESIAN_POINT ( 'NONE',  ( -26.65999999999997883, -69.94387132699134213, 29.35147186257609064 ) ) ;
#3689 = CARTESIAN_POINT ( 'NONE',  ( 32.66000000000000369, -46.42293213100863625, 33.67426204887031105 ) ) ;
#3690 = EDGE_CURVE ( 'NONE', #425, #5063, #4418, .T. ) ;
#3691 = ORIENTED_EDGE ( 'NONE', *, *, #889, .F. ) ;
#3692 = CARTESIAN_POINT ( 'NONE',  ( -32.63029243367550691, -79.44985290647775855, -39.90924142218805315 ) ) ;
#3693 = PLANE ( 'NONE',  #5074 ) ;
#3694 = CARTESIAN_POINT ( 'NONE',  ( 29.66000000000000014, 3.000000000000000000, 35.39999999999999858 ) ) ;
#3695 = EDGE_CURVE ( 'NONE', #619, #4519, #3479, .T. ) ;
#3696 = ORIENTED_EDGE ( 'NONE', *, *, #717, .T. ) ;
#3697 = CARTESIAN_POINT ( 'NONE',  ( 32.65999999999999659, -76.44999999999998863, -41.90924142217968296 ) ) ;
#3698 = CARTESIAN_POINT ( 'NONE',  ( -30.39768767183499776, -47.39391838659343392, 37.01187055539473647 ) ) ;
#3699 = CYLINDRICAL_SURFACE ( 'NONE', #1792, 21.30000000000000071 ) ;
#3700 = LINE ( 'NONE', #1253, #1711 ) ;
#3701 = PLANE ( 'NONE',  #4037 ) ;
#3702 = DIRECTION ( 'NONE',  ( -0.000000000000000000, -0.000000000000000000, -1.000000000000000000 ) ) ;
#3703 = FACE_OUTER_BOUND ( 'NONE', #3943, .T. ) ;
#3704 = CARTESIAN_POINT ( 'NONE',  ( -26.72166810359356148, -45.62777457266729186, 37.40000000000000568 ) ) ;
#3705 = EDGE_CURVE ( 'NONE', #3540, #4415, #571, .T. ) ;
#3706 = CARTESIAN_POINT ( 'NONE',  ( -1.624629144016831672, -78.17833948342533290, 38.47023846021697580 ) ) ;
#3707 = CARTESIAN_POINT ( 'NONE',  ( 29.66000000000000014, 1.000000000000000000, 33.39999999999999858 ) ) ;
#3708 = CARTESIAN_POINT ( 'NONE',  ( 29.25212764520736997, -61.21213670391507833, 37.40000000000000568 ) ) ;
#3709 = CARTESIAN_POINT ( 'NONE',  ( -26.90435656547639098, -77.45756570185152157, -34.70274328409509934 ) ) ;
#3710 = CARTESIAN_POINT ( 'NONE',  ( 30.47785278919860374, -59.11398396640250752, 35.19735512693351609 ) ) ;
#3711 = CARTESIAN_POINT ( 'NONE',  ( 31.26056171608678014, -47.04615252797534453, 36.45026823091003365 ) ) ;
#3712 = ORIENTED_EDGE ( 'NONE', *, *, #4067, .F. ) ;
#3713 = ORIENTED_EDGE ( 'NONE', *, *, #3898, .T. ) ;
#3714 = EDGE_CURVE ( 'NONE', #4273, #2009, #583, .T. ) ;
#3715 = CARTESIAN_POINT ( 'NONE',  ( 28.65999999999999304, 0.000000000000000000, 33.39999999999999858 ) ) ;
#3716 = CARTESIAN_POINT ( 'NONE',  ( -32.66000000000001791, -81.44999999999998863, -39.90924142217967585 ) ) ;
#3717 = CARTESIAN_POINT ( 'NONE',  ( -30.20282754332815855, -56.59042025460087189, 37.10384275857266090 ) ) ;
#3718 = ORIENTED_EDGE ( 'NONE', *, *, #3111, .F. ) ;
#3719 = ORIENTED_EDGE ( 'NONE', *, *, #172, .T. ) ;
#3720 = CARTESIAN_POINT ( 'NONE',  ( 32.65999999999999659, -78.42897497983091171, -1.170994976263370457 ) ) ;
#3721 = EDGE_CURVE ( 'NONE', #607, #1299, #3033, .T. ) ;
#3722 = CARTESIAN_POINT ( 'NONE',  ( 29.66777954625173308, -56.66730613240005709, 15.26348474073736128 ) ) ;
#3723 = DIRECTION ( 'NONE',  ( 0.000000000000000000, 0.000000000000000000, -1.000000000000000000 ) ) ;
#3724 = DIRECTION ( 'NONE',  ( 1.000000000000000000, 0.000000000000000000, 0.000000000000000000 ) ) ;
#3725 = AXIS2_PLACEMENT_3D ( 'NONE', #2628, #3432, #2238 ) ;
#3726 = CARTESIAN_POINT ( 'NONE',  ( -28.65999999999998238, -85.45000000000000284, 18.09673155287556767 ) ) ;
#3727 = ORIENTED_EDGE ( 'NONE', *, *, #2717, .F. ) ;
#3728 = VECTOR ( 'NONE', #393, 1000.000000000000000 ) ;
#3729 = AXIS2_PLACEMENT_3D ( 'NONE', #3715, #3296, #2085 ) ;
#3730 = ORIENTED_EDGE ( 'NONE', *, *, #2059, .T. ) ;
#3731 = CARTESIAN_POINT ( 'NONE',  ( -29.66000000000000369, -12.45000000000000284, 21.10000000000000142 ) ) ;
#3732 = CARTESIAN_POINT ( 'NONE',  ( -29.60910605743204371, -75.92161880758492032, 37.41758746740310926 ) ) ;
#3733 = ORIENTED_EDGE ( 'NONE', *, *, #4851, .T. ) ;
#3734 = CARTESIAN_POINT ( 'NONE',  ( -29.66000000000001080, -71.44999999999998863, -32.00000000000000000 ) ) ;
#3735 = CARTESIAN_POINT ( 'NONE',  ( 2.183913394969179010E-15, -18.88410537944184853, -32.00000000000000000 ) ) ;
#3736 = AXIS2_PLACEMENT_3D ( 'NONE', #1089, #4079, #727 ) ;
#3737 = AXIS2_PLACEMENT_3D ( 'NONE', #858, #2091, #2587 ) ;
#3738 = EDGE_CURVE ( 'NONE', #5482, #314, #4949, .T. ) ;
#3739 = DIRECTION ( 'NONE',  ( 1.000000000000000000, -0.000000000000000000, -0.000000000000000000 ) ) ;
#3740 = CARTESIAN_POINT ( 'NONE',  ( 40.65999999999999659, -85.45000000000000284, 45.39999999999999858 ) ) ;
#3741 = AXIS2_PLACEMENT_3D ( 'NONE', #4293, #1339, #3933 ) ;
#3742 = CARTESIAN_POINT ( 'NONE',  ( 30.65739613609746428, -78.69166028775117638, 36.36052520500739860 ) ) ;
#3743 = LINE ( 'NONE', #4494, #1390 ) ;
#3744 = ORIENTED_EDGE ( 'NONE', *, *, #1893, .F. ) ;
#3745 = EDGE_LOOP ( 'NONE', ( #709, #2540, #2575, #1376 ) ) ;
#3746 = EDGE_CURVE ( 'NONE', #2195, #1111, #2947, .T. ) ;
#3747 = CIRCLE ( 'NONE', #1968, 1.649999999999998579 ) ;
#3748 = VERTEX_POINT ( 'NONE', #527 ) ;
#3749 = CARTESIAN_POINT ( 'NONE',  ( 32.49059992798919438, -79.44999999999998863, 40.97744195939993261 ) ) ;
#3750 = CARTESIAN_POINT ( 'NONE',  ( 32.57681900125903240, -79.46765822243945365, -41.90924142217968296 ) ) ;
#3751 = CARTESIAN_POINT ( 'NONE',  ( -31.49650057262964253, -79.23166958682790550, 38.49161267229265349 ) ) ;
#3752 = ORIENTED_EDGE ( 'NONE', *, *, #828, .F. ) ;
#3753 = ORIENTED_EDGE ( 'NONE', *, *, #3028, .T. ) ;
#3754 = EDGE_LOOP ( 'NONE', ( #3098, #2634, #3653 ) ) ;
#3755 = CARTESIAN_POINT ( 'NONE',  ( -2.862293735361733284E-15, 4.209999999999991971, 40.99999999999998579 ) ) ;
#3756 = CARTESIAN_POINT ( 'NONE',  ( 32.65999999999999659, -49.87305301709035632, 28.43418358770845700 ) ) ;
#3757 = CARTESIAN_POINT ( 'NONE',  ( -25.66000000000000369, -75.44999999999998863, 37.40000000000000568 ) ) ;
#3758 = VERTEX_POINT ( 'NONE', #2201 ) ;
#3759 = CARTESIAN_POINT ( 'NONE',  ( -31.09227899711667220, -45.47617098612945341, 31.44976717408463784 ) ) ;
#3760 = EDGE_CURVE ( 'NONE', #4213, #5311, #3658, .T. ) ;
#3761 = EDGE_CURVE ( 'NONE', #2171, #194, #5121, .T. ) ;
#3762 = CARTESIAN_POINT ( 'NONE',  ( -29.76555432204516194, -77.25090618302509426, -30.15279937272534028 ) ) ;
#3763 = CIRCLE ( 'NONE', #1642, 2.000000000000001776 ) ;
#3764 = EDGE_LOOP ( 'NONE', ( #3977, #2054, #2847, #3126, #767, #1014, #5481 ) ) ;
#3765 = DIRECTION ( 'NONE',  ( -3.470632971449819366E-17, 0.7197462415475317510, -0.6942372417107872673 ) ) ;
#3766 = AXIS2_PLACEMENT_3D ( 'NONE', #2442, #357, #2917 ) ;
#3767 = CARTESIAN_POINT ( 'NONE',  ( -25.65999999999997883, -85.45000000000000284, 18.09673155287556767 ) ) ;
#3768 = DIRECTION ( 'NONE',  ( 1.000000000000000000, 0.000000000000000000, -9.998406201595427833E-17 ) ) ;
#3769 = EDGE_CURVE ( 'NONE', #3081, #3095, #1375, .T. ) ;
#3770 = AXIS2_PLACEMENT_3D ( 'NONE', #1980, #3679, #1163 ) ;
#3771 = CARTESIAN_POINT ( 'NONE',  ( 27.11021149577708300, -58.45863073348968442, 37.40000000000000568 ) ) ;
#3772 = DIRECTION ( 'NONE',  ( 0.000000000000000000, 0.000000000000000000, 1.000000000000000000 ) ) ;
#3773 = FACE_OUTER_BOUND ( 'NONE', #2164, .T. ) ;
#3774 = LINE ( 'NONE', #3351, #2850 ) ;
#3775 = CARTESIAN_POINT ( 'NONE',  ( 30.44693313495973896, -78.47772945634285691, -32.97278545901873059 ) ) ;
#3776 = EDGE_LOOP ( 'NONE', ( #466, #662, #120, #2861 ) ) ;
#3777 = ORIENTED_EDGE ( 'NONE', *, *, #2538, .T. ) ;
#3778 = CARTESIAN_POINT ( 'NONE',  ( 31.81932185804709690, -79.33498347220358937, 39.30069195214598921 ) ) ;
#3779 = CARTESIAN_POINT ( 'NONE',  ( 32.58804228609016462, -81.44958813556770849, -41.90924142217968296 ) ) ;
#3780 = CARTESIAN_POINT ( 'NONE',  ( -29.44562380267818469, -56.30621433353781669, 37.32527796781059237 ) ) ;
#3781 = EDGE_CURVE ( 'NONE', #4111, #1565, #2869, .T. ) ;
#3782 = VERTEX_POINT ( 'NONE', #4090 ) ;
#3783 = VERTEX_POINT ( 'NONE', #690 ) ;
#3784 = FACE_BOUND ( 'NONE', #4606, .T. ) ;
#3785 = LINE ( 'NONE', #418, #4099 ) ;
#3786 = EDGE_LOOP ( 'NONE', ( #5453, #4694, #4277 ) ) ;
#3787 = CARTESIAN_POINT ( 'NONE',  ( -29.66000000000000725, -76.44999999999998863, -5.720183209558419080 ) ) ;
#3788 = EDGE_LOOP ( 'NONE', ( #2732, #3311, #4206, #3464, #4076 ) ) ;
#3789 = CARTESIAN_POINT ( 'NONE',  ( -25.65999999999578662, -39.93162436653208403, 37.40000000000000568 ) ) ;
#3790 = CARTESIAN_POINT ( 'NONE',  ( -30.67530806780254693, -78.70878106951823838, -33.76503363219710963 ) ) ;
#3791 = EDGE_CURVE ( 'NONE', #96, #4821, #1132, .T. ) ;
#3792 = ORIENTED_EDGE ( 'NONE', *, *, #320, .F. ) ;
#3793 = CARTESIAN_POINT ( 'NONE',  ( -38.65999999999998238, -79.44999999999998863, 43.39999999999999147 ) ) ;
#3794 = CARTESIAN_POINT ( 'NONE',  ( 29.67973230629477754, -68.73794318320445029, 29.11470780293544536 ) ) ;
#3795 = CARTESIAN_POINT ( 'NONE',  ( -29.65999999999999304, -69.94387132699134213, 29.35147186257609064 ) ) ;
#3796 =( BOUNDED_CURVE ( )  B_SPLINE_CURVE ( 3, ( #2815, #3983, #3566, #1109 ),
 .UNSPECIFIED., .F., .T. ) 
 B_SPLINE_CURVE_WITH_KNOTS ( ( 4, 4 ),
 ( 4.712388980384689674, 5.871668461112097503 ),
 .UNSPECIFIED. ) 
 CURVE ( )  GEOMETRIC_REPRESENTATION_ITEM ( )  RATIONAL_B_SPLINE_CURVE ( ( 1.000000000000000000, 0.8911066843560504491, 0.8911066843560504491, 1.000000000000000000 ) ) 
 REPRESENTATION_ITEM ( '' )  );
#3797 = EDGE_CURVE ( 'NONE', #4911, #814, #4938, .T. ) ;
#3798 = DIRECTION ( 'NONE',  ( 1.000000000000000000, -0.000000000000000000, 0.000000000000000000 ) ) ;
#3799 = CARTESIAN_POINT ( 'NONE',  ( -32.65999999999998238, -46.42293213100864335, 33.39999999999999858 ) ) ;
#3800 = DIRECTION ( 'NONE',  ( -0.000000000000000000, -1.000000000000000000, -0.000000000000000000 ) ) ;
#3801 = DIRECTION ( 'NONE',  ( 9.998406201595427833E-17, 0.000000000000000000, 1.000000000000000000 ) ) ;
#3802 = CARTESIAN_POINT ( 'NONE',  ( 27.97399862294575357, -78.25313272629392713, -35.78672780666612852 ) ) ;
#3803 = EDGE_LOOP ( 'NONE', ( #3650, #5085, #2375, #3621 ) ) ;
#3804 = VERTEX_POINT ( 'NONE', #3302 ) ;
#3805 = CARTESIAN_POINT ( 'NONE',  ( -26.65999999999997883, -76.44999999999998863, 15.10000000000000142 ) ) ;
#3806 = CARTESIAN_POINT ( 'NONE',  ( -32.46004810332718193, -79.44999999999998863, -33.09054560322803695 ) ) ;
#3807 = CARTESIAN_POINT ( 'NONE',  ( 32.65999999999999659, -79.44999999999998863, -1.324826234809761816E-15 ) ) ;
#3808 = ORIENTED_EDGE ( 'NONE', *, *, #3721, .T. ) ;
#3809 = CARTESIAN_POINT ( 'NONE',  ( 28.65999999999999659, -79.44999999999998863, 26.35474030970052084 ) ) ;
#3810 = ADVANCED_FACE ( 'NONE', ( #4036 ), #3266, .F. ) ;
#3811 = CARTESIAN_POINT ( 'NONE',  ( -32.08705909533578904, -79.39478160816086927, -38.24625274154038124 ) ) ;
#3812 = CARTESIAN_POINT ( 'NONE',  ( 25.66000000000000014, 1.000000000000000000, 37.40000000000000568 ) ) ;
#3813 = FACE_OUTER_BOUND ( 'NONE', #359, .T. ) ;
#3814 = ORIENTED_EDGE ( 'NONE', *, *, #4430, .F. ) ;
#3815 = ORIENTED_EDGE ( 'NONE', *, *, #3738, .F. ) ;
#3816 = CARTESIAN_POINT ( 'NONE',  ( 29.66000000000000014, -67.78463260234873644, 24.26876013744372429 ) ) ;
#3817 = VECTOR ( 'NONE', #4425, 1000.000000000000000 ) ;
#3818 = CARTESIAN_POINT ( 'NONE',  ( 30.05477960742439691, -67.58980731526014551, 28.23292630011226123 ) ) ;
#3819 = CARTESIAN_POINT ( 'NONE',  ( -31.94204969821967666, -57.26484524116970931, 35.73083447057577189 ) ) ;
#3820 = VECTOR ( 'NONE', #2034, 1000.000000000000000 ) ;
#3821 = AXIS2_PLACEMENT_3D ( 'NONE', #431, #5015, #347 ) ;
#3822 = CYLINDRICAL_SURFACE ( 'NONE', #1084, 2.000000000000001776 ) ;
#3823 = CARTESIAN_POINT ( 'NONE',  ( 2.691418089391900637, -79.05682565611837731, 39.65865919708419796 ) ) ;
#3824 =( BOUNDED_SURFACE ( )  B_SPLINE_SURFACE ( 3, 2, ( 
 ( #31, #5116, #3395 ),
 ( #934, #3336, #2616 ),
 ( #1708, #63, #4646 ),
 ( #5030, #1734, #3922 ),
 ( #1488, #3503, #3080 ),
 ( #4414, #4804, #1459 ),
 ( #1816, #3551, #601 ),
 ( #3156, #2716, #5222 ),
 ( #5196, #1409, #3998 ),
 ( #3132, #5252, #1430 ),
 ( #3528, #626, #168 ),
 ( #4776, #1842, #218 ),
 ( #984, #4828, #3950 ),
 ( #4850, #1386, #2665 ) ),
 .UNSPECIFIED., .F., .F., .T. ) 
 B_SPLINE_SURFACE_WITH_KNOTS ( ( 4, 2, 2, 2, 2, 2, 4 ),
 ( 3, 3 ),
 ( 0.4045611691831229040, 0.5503405638845946246, 0.6961199585860662342, 0.8418993532875379548, 0.9876787479890096755, 1.279237537391953117, 1.570796326794896558 ),
 ( 0.000000000000000000, 1.000000000000000000 ),
 .UNSPECIFIED. ) 
 GEOMETRIC_REPRESENTATION_ITEM ( )  RATIONAL_B_SPLINE_SURFACE ( (
 ( 1.000000000000000000, 0.4253262921017169074, 1.000000000000000000),
 ( 1.000000000000000000, 0.4331312654163747000, 1.000000000000000000),
 ( 1.000000000000000000, 0.4420504557652041866, 1.000000000000000000),
 ( 1.000000000000000000, 0.4615748445565499569, 1.000000000000000000),
 ( 1.000000000000000000, 0.4721782572802440403, 1.000000000000000000),
 ( 1.000000000000000000, 0.4945551717718708606, 1.000000000000000000),
 ( 1.000000000000000000, 0.5063280781823984444, 1.000000000000000000),
 ( 1.000000000000000000, 0.5305954212417152149, 1.000000000000000000),
 ( 1.000000000000000000, 0.5430899296192921444, 1.000000000000000000),
 ( 1.000000000000000000, 0.5810926933229773050, 1.000000000000000000),
 ( 1.000000000000000000, 0.6070939034195802497, 1.000000000000000000),
 ( 1.000000000000000000, 0.6581685793405543938, 1.000000000000000000),
 ( 1.000000000000000000, 0.6832611570157240966, 1.000000000000000000),
 ( 1.000000000000000000, 0.7071067811865472397, 1.000000000000000000) ) ) 
 REPRESENTATION_ITEM ( '' )  SURFACE ( )  );
#3825 = CARTESIAN_POINT ( 'NONE',  ( 26.30081101256300613, -76.74250458711256329, -33.99683740000509147 ) ) ;
#3826 = CARTESIAN_POINT ( 'NONE',  ( 31.49651219545307512, -79.23167458400776297, 38.49164188927738905 ) ) ;
#3827 = CARTESIAN_POINT ( 'NONE',  ( 29.86394053722838748, -78.12229701224427458, -35.48019858601631427 ) ) ;
#3828 = VECTOR ( 'NONE', #3379, 1000.000000000000114 ) ;
#3829 = AXIS2_PLACEMENT_3D ( 'NONE', #1271, #3329, #382 ) ;
#3830 = EDGE_CURVE ( 'NONE', #4002, #1312, #253, .T. ) ;
#3831 = EDGE_CURVE ( 'NONE', #2190, #3867, #308, .T. ) ;
#3832 = EDGE_LOOP ( 'NONE', ( #2067, #804, #69, #1914, #144, #1927, #4983, #2825, #3890, #4008 ) ) ;
#3833 = PLANE ( 'NONE',  #5331 ) ;
#3834 = VECTOR ( 'NONE', #2095, 1000.000000000000000 ) ;
#3835 = VECTOR ( 'NONE', #5193, 1000.000000000000000 ) ;
#3836 = FACE_OUTER_BOUND ( 'NONE', #2658, .T. ) ;
#3837 = CARTESIAN_POINT ( 'NONE',  ( -25.66000000000001080, 3.000000000000000000, -30.00000000000000000 ) ) ;
#3838 = EDGE_LOOP ( 'NONE', ( #335, #692, #2372, #1902, #2499, #1492, #1008, #1616, #5462, #3251, #2729, #1115 ) ) ;
#3839 = AXIS2_PLACEMENT_3D ( 'NONE', #5434, #1633, #2394 ) ;
#3840 = CARTESIAN_POINT ( 'NONE',  ( 29.72918899947645954, -77.10938474919882424, -29.92909538490137678 ) ) ;
#3841 = ORIENTED_EDGE ( 'NONE', *, *, #1640, .T. ) ;
#3842 = CARTESIAN_POINT ( 'NONE',  ( -22.50000000000001421, 0.000000000000000000, -28.80000000000000782 ) ) ;
#3843 = LINE ( 'NONE', #5387, #1535 ) ;
#3844 = ORIENTED_EDGE ( 'NONE', *, *, #2461, .F. ) ;
#3845 = DIRECTION ( 'NONE',  ( 1.000000000000000000, 0.000000000000000000, 0.000000000000000000 ) ) ;
#3846 = CARTESIAN_POINT ( 'NONE',  ( 29.65999999999999659, -42.62134251766303095, 29.35147186257609064 ) ) ;
#3847 = ORIENTED_EDGE ( 'NONE', *, *, #1049, .T. ) ;
#3848 = CARTESIAN_POINT ( 'NONE',  ( 26.65999999999999659, -76.44999999999998863, 15.10000000000000142 ) ) ;
#3849 = CARTESIAN_POINT ( 'NONE',  ( -27.54920575385624915, -57.60887872138290078, 37.40000000000000568 ) ) ;
#3850 = EDGE_CURVE ( 'NONE', #3613, #3872, #3973, .T. ) ;
#3851 = CIRCLE ( 'NONE', #1108, 21.30000000000000071 ) ;
#3852 = LINE ( 'NONE', #4787, #4529 ) ;
#3853 = VECTOR ( 'NONE', #2467, 1000.000000000000000 ) ;
#3854 = CARTESIAN_POINT ( 'NONE',  ( -2.617364375532262198E-15, -79.44999999999998863, 42.99999999999999289 ) ) ;
#3855 = CARTESIAN_POINT ( 'NONE',  ( -2.617364375532262198E-15, -85.45000000000000284, 42.99999999999999289 ) ) ;
#3856 = CARTESIAN_POINT ( 'NONE',  ( 25.66000000000000014, -85.45000000000000284, 18.09673155287557123 ) ) ;
#3857 = DIRECTION ( 'NONE',  ( 0.000000000000000000, 1.000000000000000000, 0.000000000000000000 ) ) ;
#3858 = CARTESIAN_POINT ( 'NONE',  ( 30.84384243745206078, -78.97222132919640103, -36.39039361605344425 ) ) ;
#3859 = AXIS2_PLACEMENT_3D ( 'NONE', #4265, #3038, #1291 ) ;
#3860 = VERTEX_POINT ( 'NONE', #4118 ) ;
#3861 = EDGE_LOOP ( 'NONE', ( #1462, #2746, #1275, #3814, #107 ) ) ;
#3862 = VERTEX_POINT ( 'NONE', #1071 ) ;
#3863 = DIRECTION ( 'NONE',  ( 0.000000000000000000, 0.000000000000000000, 1.000000000000000000 ) ) ;
#3864 = DIRECTION ( 'NONE',  ( 9.998406201595427833E-17, 0.000000000000000000, 1.000000000000000000 ) ) ;
#3865 = ADVANCED_FACE ( 'NONE', ( #769 ), #336, .F. ) ;
#3866 = DIRECTION ( 'NONE',  ( 0.000000000000000000, 0.000000000000000000, 1.000000000000000000 ) ) ;
#3867 = VERTEX_POINT ( 'NONE', #5312 ) ;
#3868 = PLANE ( 'NONE',  #1298 ) ;
#3869 = CARTESIAN_POINT ( 'NONE',  ( -26.14655217314092894, -76.91669034699187080, 29.31618121835599666 ) ) ;
#3870 = EDGE_CURVE ( 'NONE', #814, #3412, #145, .T. ) ;
#3871 = CARTESIAN_POINT ( 'NONE',  ( 25.80000000000000426, -18.45000000000000284, 23.35147186257609420 ) ) ;
#3872 = VERTEX_POINT ( 'NONE', #2389 ) ;
#3873 = DIRECTION ( 'NONE',  ( 0.000000000000000000, 0.000000000000000000, 1.000000000000000000 ) ) ;
#3874 = VERTEX_POINT ( 'NONE', #1974 ) ;
#3875 = CARTESIAN_POINT ( 'NONE',  ( -40.65999999999996817, -79.44999999999998863, -39.90924142217967585 ) ) ;
#3876 = ORIENTED_EDGE ( 'NONE', *, *, #3419, .F. ) ;
#3877 = ORIENTED_EDGE ( 'NONE', *, *, #3507, .T. ) ;
#3878 = CARTESIAN_POINT ( 'NONE',  ( -27.02549529155405850, -77.80915318261293123, 15.41969864634988063 ) ) ;
#3879 = VERTEX_POINT ( 'NONE', #4912 ) ;
#3880 = CARTESIAN_POINT ( 'NONE',  ( 29.66000000000000014, -69.31357864228010612, 29.28451313940796297 ) ) ;
#3881 = EDGE_CURVE ( 'NONE', #865, #3084, #323, .T. ) ;
#3882 = CARTESIAN_POINT ( 'NONE',  ( -31.34355237501248936, -66.94387132699134213, 26.35147186257609064 ) ) ;
#3883 = DIRECTION ( 'NONE',  ( 1.000000000000000000, 0.000000000000000000, -9.998406201595427833E-17 ) ) ;
#3884 = DIRECTION ( 'NONE',  ( -1.000000000000000000, 0.000000000000000000, 0.000000000000000000 ) ) ;
#3885 = CARTESIAN_POINT ( 'NONE',  ( -26.83358845603068232, -76.62358845603067437, 15.10502636940942800 ) ) ;
#3886 = ORIENTED_EDGE ( 'NONE', *, *, #3448, .F. ) ;
#3887 = ORIENTED_EDGE ( 'NONE', *, *, #3125, .T. ) ;
#3888 = CARTESIAN_POINT ( 'NONE',  ( 25.66000000000000014, -71.44999999999998863, -40.00000000000000000 ) ) ;
#3889 = CARTESIAN_POINT ( 'NONE',  ( -20.79670890685869011, 0.000000000000000000, -32.00000000000000000 ) ) ;
#3890 = ORIENTED_EDGE ( 'NONE', *, *, #4061, .T. ) ;
#3891 = ORIENTED_EDGE ( 'NONE', *, *, #3850, .F. ) ;
#3892 = DIRECTION ( 'NONE',  ( 1.000000000000000000, 0.000000000000000000, 0.000000000000000000 ) ) ;
#3893 = EDGE_CURVE ( 'NONE', #1479, #3543, #3763, .T. ) ;
#3894 = CARTESIAN_POINT ( 'NONE',  ( 32.65999999999999659, -76.44999999999998863, -32.00000000000000000 ) ) ;
#3895 = VERTEX_POINT ( 'NONE', #4885 ) ;
#3896 = CARTESIAN_POINT ( 'NONE',  ( -29.66000000000000725, -76.57417664495635279, 33.49925057047069998 ) ) ;
#3897 = DIRECTION ( 'NONE',  ( 0.000000000000000000, 0.000000000000000000, 1.000000000000000000 ) ) ;
#3898 = EDGE_CURVE ( 'NONE', #768, #3081, #291, .T. ) ;
#3899 = ORIENTED_EDGE ( 'NONE', *, *, #1106, .T. ) ;
#3900 = DIRECTION ( 'NONE',  ( -4.999203100797713916E-17, 0.000000000000000000, -1.000000000000000000 ) ) ;
#3901 = ORIENTED_EDGE ( 'NONE', *, *, #5014, .T. ) ;
#3902 = CYLINDRICAL_SURFACE ( 'NONE', #3741, 5.999999999999998224 ) ;
#3903 = CARTESIAN_POINT ( 'NONE',  ( -29.68204982029888939, -79.44999999999998863, 18.10000000000000142 ) ) ;
#3904 = CARTESIAN_POINT ( 'NONE',  ( -25.80000000000000426, -12.45000000000000284, 21.10000000000000142 ) ) ;
#3905 = DIRECTION ( 'NONE',  ( -1.000000000000000000, 0.000000000000000000, 0.000000000000000000 ) ) ;
#3906 = CARTESIAN_POINT ( 'NONE',  ( -32.66000000000001080, -79.44999999999998863, 29.35147186257608354 ) ) ;
#3907 = CARTESIAN_POINT ( 'NONE',  ( -32.06101379878046487, -57.35958981473284979, 35.52002821889433903 ) ) ;
#3908 = CARTESIAN_POINT ( 'NONE',  ( -32.88347269138510143, -79.44999999999998863, -4.367611666584109820 ) ) ;
#3909 = ADVANCED_FACE ( 'NONE', ( #2090 ), #2558, .F. ) ;
#3910 = AXIS2_PLACEMENT_3D ( 'NONE', #6, #1599, #5463 ) ;
#3911 = ORIENTED_EDGE ( 'NONE', *, *, #2198, .T. ) ;
#3912 = DIRECTION ( 'NONE',  ( 0.000000000000000000, 0.000000000000000000, -1.000000000000000000 ) ) ;
#3913 = CARTESIAN_POINT ( 'NONE',  ( -29.24178293736839152, -75.44147435556861581, -33.02154969150627295 ) ) ;
#3914 = AXIS2_PLACEMENT_3D ( 'NONE', #5244, #953, #4306 ) ;
#3915 = CARTESIAN_POINT ( 'NONE',  ( -2.862293735361733284E-15, -79.44999999999998863, 40.99999999999998579 ) ) ;
#3916 = VERTEX_POINT ( 'NONE', #416 ) ;
#3917 = VERTEX_POINT ( 'NONE', #856 ) ;
#3918 = EDGE_CURVE ( 'NONE', #4542, #3860, #5028, .T. ) ;
#3919 = DIRECTION ( 'NONE',  ( 0.000000000000000000, -0.000000000000000000, 1.000000000000000000 ) ) ;
#3920 = VECTOR ( 'NONE', #4389, 1000.000000000000000 ) ;
#3921 = VECTOR ( 'NONE', #498, 1000.000000000000000 ) ;
#3922 = CARTESIAN_POINT ( 'NONE',  ( 29.58043850662949481, -49.05661214091409050, 37.40000000000000568 ) ) ;
#3923 = CARTESIAN_POINT ( 'NONE',  ( -25.66000000000000725, -75.94999999999998863, 37.43137303340312627 ) ) ;
#3924 = AXIS2_PLACEMENT_3D ( 'NONE', #555, #531, #1416 ) ;
#3925 = EDGE_LOOP ( 'NONE', ( #4417, #1476, #1662, #2303 ) ) ;
#3926 = ORIENTED_EDGE ( 'NONE', *, *, #3586, .T. ) ;
#3927 =( NAMED_UNIT ( * ) PLANE_ANGLE_UNIT ( ) SI_UNIT ( $, .RADIAN. ) );
#3928 = AXIS2_PLACEMENT_3D ( 'NONE', #3367, #1254, #3845 ) ;
#3929 = ORIENTED_EDGE ( 'NONE', *, *, #3830, .T. ) ;
#3930 = DIRECTION ( 'NONE',  ( 1.000000000000000000, 0.000000000000000000, -5.480158779375505821E-17 ) ) ;
#3931 = EDGE_CURVE ( 'NONE', #2297, #2073, #2421, .T. ) ;
#3932 = ORIENTED_EDGE ( 'NONE', *, *, #787, .T. ) ;
#3933 = DIRECTION ( 'NONE',  ( 0.000000000000000000, 0.000000000000000000, 1.000000000000000000 ) ) ;
#3934 = CARTESIAN_POINT ( 'NONE',  ( 0.000000000000000000, 3.000000000000000000, 0.000000000000000000 ) ) ;
#3935 = CARTESIAN_POINT ( 'NONE',  ( -2.617364375532262198E-15, 4.209999999999991971, 42.99999999999999289 ) ) ;
#3936 = DIRECTION ( 'NONE',  ( -1.000000000000000000, -1.961247570352523610E-16, 1.103655015948744232E-16 ) ) ;
#3937 = DIRECTION ( 'NONE',  ( 0.000000000000000000, 0.000000000000000000, -1.000000000000000000 ) ) ;
#3938 = ADVANCED_FACE ( 'NONE', ( #824, #2172, #4672, #2500, #4202, #3784, #2533 ), #3868, .T. ) ;
#3939 = VERTEX_POINT ( 'NONE', #89 ) ;
#3940 = DIRECTION ( 'NONE',  ( 1.000000000000000000, 2.891205793294677833E-16, -0.000000000000000000 ) ) ;
#3941 = CARTESIAN_POINT ( 'NONE',  ( 33.22836051242306610, -79.44999999999998863, -3.689131726719372839 ) ) ;
#3942 = ORIENTED_EDGE ( 'NONE', *, *, #2023, .F. ) ;
#3943 = EDGE_LOOP ( 'NONE', ( #4089, #2735, #979, #2286 ) ) ;
#3944 = CARTESIAN_POINT ( 'NONE',  ( 28.14586029966676151, -78.93365085612670384, 16.40554960091012759 ) ) ;
#3945 = CARTESIAN_POINT ( 'NONE',  ( -32.65999999999997527, -69.94387132699134213, 26.35147186257609064 ) ) ;
#3946 = LINE ( 'NONE', #2273, #300 ) ;
#3947 = CARTESIAN_POINT ( 'NONE',  ( 25.80000000000000071, -0.4142135623730956451, 32.99999999999999289 ) ) ;
#3948 = VECTOR ( 'NONE', #1690, 1000.000000000000000 ) ;
#3949 = B_SPLINE_CURVE_WITH_KNOTS ( 'NONE', 3,
 ( #5301, #2353, #5043, #2488, #434, #18, #5479, #2991, #4157, #3742, #1295, #3436, #3826, #5131, #5017, #5448 ),
 .UNSPECIFIED., .F., .F.,
 ( 4, 2, 2, 2, 2, 2, 2, 4 ),
 ( 0.000000000000000000, 0.0005875463609214296671, 0.001175092721842859334, 0.002350185443685732980, 0.003525278165528606625, 0.004700370887371480705, 0.007050556331057204577, 0.009400741774742930185 ),
 .UNSPECIFIED. ) ;
#3950 = CARTESIAN_POINT ( 'NONE',  ( 25.65999999999577952, -39.93162436653278036, 37.40000000000000568 ) ) ;
#3951 = EDGE_CURVE ( 'NONE', #113, #2179, #3310, .T. ) ;
#3952 = ORIENTED_EDGE ( 'NONE', *, *, #3661, .T. ) ;
#3953 = CARTESIAN_POINT ( 'NONE',  ( -31.98651898322021836, -79.37837282759923596, 39.71890419459256094 ) ) ;
#3954 = CARTESIAN_POINT ( 'NONE',  ( -24.80000000000000426, 0.000000000000000000, 0.000000000000000000 ) ) ;
#3955 = ORIENTED_EDGE ( 'NONE', *, *, #4491, .F. ) ;
#3956 = CARTESIAN_POINT ( 'NONE',  ( -31.89876350380106729, -67.02129822707732387, 25.65178822952019289 ) ) ;
#3957 = CARTESIAN_POINT ( 'NONE',  ( 30.90264068711929113, -79.45000000000001705, 28.10883117545680676 ) ) ;
#3958 = EDGE_CURVE ( 'NONE', #4935, #5425, #2781, .T. ) ;
#3959 = CARTESIAN_POINT ( 'NONE',  ( 25.66000000000000014, 1.000000000000000000, -28.00000000000000000 ) ) ;
#3960 = PLANE ( 'NONE',  #2149 ) ;
#3961 = CARTESIAN_POINT ( 'NONE',  ( -25.80000000000000426, -85.45000000000000284, -28.80000000000000782 ) ) ;
#3962 = ORIENTED_EDGE ( 'NONE', *, *, #1784, .F. ) ;
#3963 = CARTESIAN_POINT ( 'NONE',  ( -31.91716538570928918, -57.29607201215114287, 35.72182549950187536 ) ) ;
#3964 = CARTESIAN_POINT ( 'NONE',  ( -29.86270390875469261, -79.44999999999998863, -5.254215624489601666 ) ) ;
#3965 = ADVANCED_FACE ( 'NONE', ( #387 ), #2057, .F. ) ;
#3966 = ORIENTED_EDGE ( 'NONE', *, *, #3224, .F. ) ;
#3967 = CARTESIAN_POINT ( 'NONE',  ( 28.63208156927522907, -79.42156904807835360, 17.62804202403033926 ) ) ;
#3968 = CARTESIAN_POINT ( 'NONE',  ( -26.19868156886956356, -76.58711731668758205, -33.86371149337314534 ) ) ;
#3969 = FACE_OUTER_BOUND ( 'NONE', #2382, .T. ) ;
#3970 = LINE ( 'NONE', #2248, #1647 ) ;
#3971 = FACE_BOUND ( 'NONE', #3187, .T. ) ;
#3972 = CARTESIAN_POINT ( 'NONE',  ( -29.80843468640370375, -77.38880261107134118, 34.05865011927138397 ) ) ;
#3973 = B_SPLINE_CURVE_WITH_KNOTS ( 'NONE', 3,
 ( #278, #5338, #1546, #3220 ),
 .UNSPECIFIED., .F., .F.,
 ( 4, 4 ),
 ( 0.000000000000000000, 3.366880095780989333E-05 ),
 .UNSPECIFIED. ) ;
#3974 = ORIENTED_EDGE ( 'NONE', *, *, #1631, .F. ) ;
#3975 = FACE_OUTER_BOUND ( 'NONE', #916, .T. ) ;
#3976 = EDGE_CURVE ( 'NONE', #2471, #3667, #3335, .T. ) ;
#3977 = ORIENTED_EDGE ( 'NONE', *, *, #2733, .T. ) ;
#3978 = CARTESIAN_POINT ( 'NONE',  ( 31.25916655389546861, -47.71381429244775774, 29.35147186257609064 ) ) ;
#3979 = ORIENTED_EDGE ( 'NONE', *, *, #661, .F. ) ;
#3980 = DIRECTION ( 'NONE',  ( 1.000000000000000000, 0.000000000000000000, -4.999203100797713916E-17 ) ) ;
#3981 = CARTESIAN_POINT ( 'NONE',  ( 22.49999999999998579, -7.812238329577784413, -28.80000000000000782 ) ) ;
#3982 = DIRECTION ( 'NONE',  ( 0.000000000000000000, 0.000000000000000000, 1.000000000000000000 ) ) ;
#3983 = CARTESIAN_POINT ( 'NONE',  ( 29.65999999999999659, -42.66050567258094617, 32.26209091318114019 ) ) ;
#3984 = CARTESIAN_POINT ( 'NONE',  ( 28.24591659218018691, -49.29973088462796227, 29.02857182452927987 ) ) ;
#3985 = EDGE_LOOP ( 'NONE', ( #1516, #687, #2334, #304 ) ) ;
#3986 = CARTESIAN_POINT ( 'NONE',  ( 32.66000000000000369, -79.44999999999998863, 41.40000000000000568 ) ) ;
#3987 = CARTESIAN_POINT ( 'NONE',  ( 32.24520424231510418, -78.35233248531744721, -1.347177665680666880 ) ) ;
#3988 = VERTEX_POINT ( 'NONE', #2196 ) ;
#3989 = CARTESIAN_POINT ( 'NONE',  ( 32.59719455163612878, -58.12462162560281342, 19.84085876547555216 ) ) ;
#3990 = FACE_OUTER_BOUND ( 'NONE', #2048, .T. ) ;
#3991 = DIRECTION ( 'NONE',  ( -4.999203100797713916E-17, 0.000000000000000000, -1.000000000000000000 ) ) ;
#3992 = ADVANCED_FACE ( 'NONE', ( #523 ), #1385, .F. ) ;
#3993 = ADVANCED_FACE ( 'NONE', ( #3501 ), #545, .F. ) ;
#3994 = VECTOR ( 'NONE', #3905, 1000.000000000000000 ) ;
#3995 = CIRCLE ( 'NONE', #1610, 2.999999999999999112 ) ;
#3996 = VECTOR ( 'NONE', #2422, 1000.000000000000000 ) ;
#3997 = AXIS2_PLACEMENT_3D ( 'NONE', #5215, #1838, #5192 ) ;
#3998 = CARTESIAN_POINT ( 'NONE',  ( 27.38806037034875729, -46.10880796040147800, 37.40000000000000568 ) ) ;
#3999 = VERTEX_POINT ( 'NONE', #3025 ) ;
#4000 =( BOUNDED_CURVE ( )  B_SPLINE_CURVE ( 3, ( #1062, #3947, #4435, #3549 ),
 .UNSPECIFIED., .F., .T. ) 
 B_SPLINE_CURVE_WITH_KNOTS ( ( 4, 4 ),
 ( 0.000000000000000000, 1.570796326794896558 ),
 .UNSPECIFIED. ) 
 CURVE ( )  GEOMETRIC_REPRESENTATION_ITEM ( )  RATIONAL_B_SPLINE_CURVE ( ( 1.000000000000000000, 0.8047378541243649375, 0.8047378541243649375, 1.000000000000000000 ) ) 
 REPRESENTATION_ITEM ( '' )  );
#4001 = EDGE_LOOP ( 'NONE', ( #877, #1767, #2505, #3343 ) ) ;
#4002 = VERTEX_POINT ( 'NONE', #1353 ) ;
#4003 = TOROIDAL_SURFACE ( 'NONE', #734, 8.000000000000000000, 4.000000000000000000 ) ;
#4004 =( NAMED_UNIT ( * ) SI_UNIT ( $, .STERADIAN. ) SOLID_ANGLE_UNIT ( ) );
#4005 = VECTOR ( 'NONE', #4138, 1000.000000000000000 ) ;
#4006 = AXIS2_PLACEMENT_3D ( 'NONE', #3767, #5474, #2623 ) ;
#4007 = AXIS2_PLACEMENT_3D ( 'NONE', #4631, #4662, #1293 ) ;
#4008 = ORIENTED_EDGE ( 'NONE', *, *, #3381, .F. ) ;
#4009 = CARTESIAN_POINT ( 'NONE',  ( 32.65999999999999659, -47.53814601644157989, 30.85488423168237304 ) ) ;
#4010 = LINE ( 'NONE', #4915, #3387 ) ;
#4011 = CARTESIAN_POINT ( 'NONE',  ( 29.66000000000000014, -73.73476165531381810, 18.09999999999999432 ) ) ;
#4012 = VECTOR ( 'NONE', #5093, 1000.000000000000000 ) ;
#4013 = CARTESIAN_POINT ( 'NONE',  ( 30.20172983238044750, -58.19900897534045470, 16.47285830204847557 ) ) ;
#4014 = EDGE_LOOP ( 'NONE', ( #3517, #4499, #489, #5160, #881 ) ) ;
#4015 = FACE_OUTER_BOUND ( 'NONE', #3494, .T. ) ;
#4016 = DIRECTION ( 'NONE',  ( 0.000000000000000000, -1.000000000000000000, 0.000000000000000000 ) ) ;
#4017 = EDGE_CURVE ( 'NONE', #2778, #4112, #2640, .T. ) ;
#4018 = FACE_OUTER_BOUND ( 'NONE', #2369, .T. ) ;
#4019 = CARTESIAN_POINT ( 'NONE',  ( 30.01069394365928389, -77.27165572535008664, -3.831394015318557944 ) ) ;
#4020 = ORIENTED_EDGE ( 'NONE', *, *, #3918, .F. ) ;
#4021 = CARTESIAN_POINT ( 'NONE',  ( -30.43430949957600973, -78.49719250649771141, 15.89843554163718231 ) ) ;
#4022 = CARTESIAN_POINT ( 'NONE',  ( -32.65463432719946724, -79.44999520158872031, -39.98360759577357015 ) ) ;
#4023 = DIRECTION ( 'NONE',  ( 0.000000000000000000, 0.000000000000000000, 1.000000000000000000 ) ) ;
#4024 = CARTESIAN_POINT ( 'NONE',  ( 27.76336668463187252, -78.55005720601724306, 28.50207973095428216 ) ) ;
#4025 = AXIS2_PLACEMENT_3D ( 'NONE', #3697, #5400, #1596 ) ;
#4026 = ORIENTED_EDGE ( 'NONE', *, *, #654, .F. ) ;
#4027 = EDGE_CURVE ( 'NONE', #371, #5336, #1814, .T. ) ;
#4028 = CARTESIAN_POINT ( 'NONE',  ( 29.92008385875906384, -78.15745852363157553, 38.25896473265371611 ) ) ;
#4029 = DIRECTION ( 'NONE',  ( 3.598157642531920944E-17, 0.6942372417107872673, 0.7197462415475317510 ) ) ;
#4030 = AXIS2_PLACEMENT_3D ( 'NONE', #2216, #521, #5084 ) ;
#4031 = CARTESIAN_POINT ( 'NONE',  ( 29.65999999999999659, -44.58245402290578596, 29.35147186257609064 ) ) ;
#4032 = CARTESIAN_POINT ( 'NONE',  ( -29.83172768666847929, -78.04206609749367374, 38.14997342924236534 ) ) ;
#4033 = VERTEX_POINT ( 'NONE', #5140 ) ;
#4034 = ORIENTED_EDGE ( 'NONE', *, *, #3368, .F. ) ;
#4035 = ORIENTED_EDGE ( 'NONE', *, *, #3111, .T. ) ;
#4036 = FACE_OUTER_BOUND ( 'NONE', #3332, .T. ) ;
#4037 = AXIS2_PLACEMENT_3D ( 'NONE', #4066, #2450, #3619 ) ;
#4038 = ADVANCED_FACE ( 'NONE', ( #4756 ), #1982, .T. ) ;
#4039 =( BOUNDED_CURVE ( )  B_SPLINE_CURVE ( 3, ( #4812, #3513, #1023, #4401 ),
 .UNSPECIFIED., .F., .T. ) 
 B_SPLINE_CURVE_WITH_KNOTS ( ( 4, 4 ),
 ( 0.000000000000000000, 1.570796326794897224 ),
 .UNSPECIFIED. ) 
 CURVE ( )  GEOMETRIC_REPRESENTATION_ITEM ( )  RATIONAL_B_SPLINE_CURVE ( ( 1.000000000000000000, 0.8047378541243649375, 0.8047378541243649375, 1.000000000000000000 ) ) 
 REPRESENTATION_ITEM ( '' )  );
#4040 = CARTESIAN_POINT ( 'NONE',  ( 32.61246876961058661, -79.44967639859589781, -39.91529212116476089 ) ) ;
#4041 = CARTESIAN_POINT ( 'NONE',  ( 25.65999999999999659, -76.44999999999998863, -29.09128788536428445 ) ) ;
#4042 = DIRECTION ( 'NONE',  ( 0.000000000000000000, -1.000000000000000000, 0.000000000000000000 ) ) ;
#4043 = DIRECTION ( 'NONE',  ( 5.672195538593292254E-17, -0.6942372417107872673, -0.7197462415475317510 ) ) ;
#4044 = ORIENTED_EDGE ( 'NONE', *, *, #4851, .F. ) ;
#4045 = CARTESIAN_POINT ( 'NONE',  ( -2.862293865172895737E-15, -77.55713075057050787, 37.99999999999998579 ) ) ;
#4046 = CARTESIAN_POINT ( 'NONE',  ( -24.80000000000000426, 0.000000000000000000, -27.80000000000000426 ) ) ;
#4047 = ORIENTED_EDGE ( 'NONE', *, *, #1465, .F. ) ;
#4048 = EDGE_CURVE ( 'NONE', #2764, #3939, #1785, .T. ) ;
#4049 = DIRECTION ( 'NONE',  ( 1.000000000000000000, -2.023844055306274779E-16, 0.000000000000000000 ) ) ;
#4050 = CARTESIAN_POINT ( 'NONE',  ( -29.40030914762228065, -77.33722711630461788, -34.48330867372331454 ) ) ;
#4051 = B_SPLINE_CURVE_WITH_KNOTS ( 'NONE', 3,
 ( #4762, #2180, #3037, #4737, #3534, #149, #4811, #1850, #943, #3485, #3088, #3878, #4344, #993, #5180, #1395, #3062, #2647, #1826, #3512, #2678, #589, #5204, #5231 ),
 .UNSPECIFIED., .F., .F.,
 ( 4, 2, 2, 2, 2, 2, 2, 2, 2, 2, 2, 4 ),
 ( 0.000000000000000000, 0.0007139278085221457699, 0.001427855617044291540, 0.002141783425566437093, 0.002855711234088583080, 0.003569639042610729066, 0.004283566851132874186, 0.004997494659655019739, 0.005354458563916073867, 0.005532940516046601365, 0.005622181492111864680, 0.005711422468177127995 ),
 .UNSPECIFIED. ) ;
#4052 = LINE ( 'NONE', #349, #37 ) ;
#4053 = CARTESIAN_POINT ( 'NONE',  ( 22.49999999999998579, 0.000000000000000000, 16.37742799230606394 ) ) ;
#4054 = EDGE_LOOP ( 'NONE', ( #655, #4650, #4117, #2320 ) ) ;
#4055 = CARTESIAN_POINT ( 'NONE',  ( 29.38741385891827562, -76.10216951757347204, 37.32244440031196575 ) ) ;
#4056 = CARTESIAN_POINT ( 'NONE',  ( -17.80000000000001847, -65.44999999999998863, -23.33309524416879555 ) ) ;
#4057 = CARTESIAN_POINT ( 'NONE',  ( -30.58186688960026700, -78.62194790211322015, 36.16538936967169349 ) ) ;
#4058 = ORIENTED_EDGE ( 'NONE', *, *, #1226, .F. ) ;
#4059 = EDGE_LOOP ( 'NONE', ( #5371, #4955, #5310, #1380, #3691, #1677, #1526, #679, #5405, #2792, #5001, #2089 ) ) ;
#4060 = ORIENTED_EDGE ( 'NONE', *, *, #1144, .T. ) ;
#4061 = EDGE_CURVE ( 'NONE', #237, #209, #17, .T. ) ;
#4062 = DIRECTION ( 'NONE',  ( 0.000000000000000000, 0.000000000000000000, -1.000000000000000000 ) ) ;
#4063 = VERTEX_POINT ( 'NONE', #3855 ) ;
#4064 = CARTESIAN_POINT ( 'NONE',  ( 40.66000000000000369, -80.27842712474618736, 45.39999999999999858 ) ) ;
#4065 = CARTESIAN_POINT ( 'NONE',  ( 0.000000000000000000, -76.44999999999998863, 29.35147186257609064 ) ) ;
#4066 = CARTESIAN_POINT ( 'NONE',  ( 0.000000000000000000, 3.000000000000000000, 0.000000000000000000 ) ) ;
#4067 = EDGE_CURVE ( 'NONE', #4420, #3543, #3131, .T. ) ;
#4068 = EDGE_CURVE ( 'NONE', #1810, #1299, #1018, .T. ) ;
#4069 = CARTESIAN_POINT ( 'NONE',  ( 31.25916655389546861, -47.71381429244775774, 29.35147186257609064 ) ) ;
#4070 = EDGE_LOOP ( 'NONE', ( #942, #4349, #3607, #3295, #4771, #4327, #4657, #2576, #70, #3952, #2975, #5081, #2110, #530, #1770, #2720, #4919, #2607, #3733, #848, #5171, #2953, #3926, #5321, #1892, #3046, #1068, #2686 ) ) ;
#4071 = CARTESIAN_POINT ( 'NONE',  ( -25.66000000000001080, -71.44999999999998863, -40.00000000000000000 ) ) ;
#4072 = CARTESIAN_POINT ( 'NONE',  ( -31.11122169052832831, -66.94387132699132792, 26.64808444051776348 ) ) ;
#4073 = ORIENTED_EDGE ( 'NONE', *, *, #5471, .F. ) ;
#4074 = CARTESIAN_POINT ( 'NONE',  ( -1.454844197851423937, -78.06318545682384524, 38.36845582979073299 ) ) ;
#4075 = CARTESIAN_POINT ( 'NONE',  ( -27.66000000000001080, 3.000000000000000000, -27.99999999999999645 ) ) ;
#4076 = ORIENTED_EDGE ( 'NONE', *, *, #4402, .F. ) ;
#4077 = CARTESIAN_POINT ( 'NONE',  ( -20.79670890685869011, -12.88410537944184853, -32.00000000000000000 ) ) ;
#4078 = DIRECTION ( 'NONE',  ( 0.000000000000000000, 1.000000000000000000, 0.000000000000000000 ) ) ;
#4079 = DIRECTION ( 'NONE',  ( -0.000000000000000000, -0.000000000000000000, -1.000000000000000000 ) ) ;
#4080 = CARTESIAN_POINT ( 'NONE',  ( 32.65999999999999659, -46.42293213100863625, 33.39999999999999858 ) ) ;
#4081 = EDGE_CURVE ( 'NONE', #3988, #3484, #5478, .T. ) ;
#4082 = VERTEX_POINT ( 'NONE', #1721 ) ;
#4083 = CARTESIAN_POINT ( 'NONE',  ( 25.92585723106159534, -76.91515967602444448, 37.67533166035448033 ) ) ;
#4084 = CARTESIAN_POINT ( 'NONE',  ( 21.09999999999845954, -65.45000000000145235, -23.33309524416879555 ) ) ;
#4085 = CIRCLE ( 'NONE', #1699, 4.000000000000000000 ) ;
#4086 = CARTESIAN_POINT ( 'NONE',  ( -28.97717092029036223, -56.13617545793051988, 37.39052442178691393 ) ) ;
#4087 = B_SPLINE_CURVE_WITH_KNOTS ( 'NONE', 3,
 ( #4333, #163, #3967, #1859, #2245, #3545, #3944, #3127, #4822, #1033, #2712, #494, #2166, #85, #1753, #3442, #3019, #929, #2608, #1143, #3629, #725 ),
 .UNSPECIFIED., .F., .F.,
 ( 4, 2, 2, 2, 2, 2, 2, 2, 2, 2, 4 ),
 ( 0.000000000000000000, 0.0007018935537345337948, 0.001403787107469067590, 0.002105680661203601384, 0.002807574214938135179, 0.004211361322407172411, 0.004913254876141691027, 0.005264201653008936457, 0.005439675041442559172, 0.005527411735659383540, 0.005615148429876207908 ),
 .UNSPECIFIED. ) ;
#4088 = EDGE_CURVE ( 'NONE', #2622, #4749, #4188, .T. ) ;
#4089 = ORIENTED_EDGE ( 'NONE', *, *, #1037, .T. ) ;
#4090 = CARTESIAN_POINT ( 'NONE',  ( 32.57681900122649665, -81.44958813554598009, -41.90924142217968296 ) ) ;
#4091 = CIRCLE ( 'NONE', #1614, 2.999999999999999112 ) ;
#4092 = VECTOR ( 'NONE', #2157, 1000.000000000000000 ) ;
#4093 = VERTEX_POINT ( 'NONE', #5105 ) ;
#4094 = CARTESIAN_POINT ( 'NONE',  ( 32.63029243367291343, -79.44985290647773013, -39.90924142217966875 ) ) ;
#4095 = CARTESIAN_POINT ( 'NONE',  ( -32.65999999999998238, -46.42293213100864335, 33.39999999999999858 ) ) ;
#4096 = AXIS2_PLACEMENT_3D ( 'NONE', #362, #637, #4589 ) ;
#4097 = LINE ( 'NONE', #259, #2061 ) ;
#4098 = AXIS2_PLACEMENT_3D ( 'NONE', #2813, #1979, #3164 ) ;
#4099 = VECTOR ( 'NONE', #2978, 1000.000000000000114 ) ;
#4100 = ADVANCED_FACE ( 'NONE', ( #2521 ), #4212, .T. ) ;
#4101 = LINE ( 'NONE', #1578, #2131 ) ;
#4102 = CARTESIAN_POINT ( 'NONE',  ( -29.66782818635072871, -68.94885468610891621, 29.18776861302468362 ) ) ;
#4103 = DIRECTION ( 'NONE',  ( -1.000000000000000000, 0.000000000000000000, -0.000000000000000000 ) ) ;
#4104 = CARTESIAN_POINT ( 'NONE',  ( -32.46261618080853140, -79.44999999999998863, -2.249979653192535345 ) ) ;
#4105 = MECHANICAL_DESIGN_GEOMETRIC_PRESENTATION_REPRESENTATION (  '', ( #4727 ), #5346 ) ;
#4106 = EDGE_CURVE ( 'NONE', #3672, #4613, #4602, .T. ) ;
#4107 = LINE ( 'NONE', #3150, #2396 ) ;
#4108 = CARTESIAN_POINT ( 'NONE',  ( -28.82223023113601812, -78.69600476710438386, -36.59060289719216996 ) ) ;
#4109 = DIRECTION ( 'NONE',  ( 0.000000000000000000, 0.000000000000000000, 1.000000000000000000 ) ) ;
#4110 = CARTESIAN_POINT ( 'NONE',  ( 29.51995740587376105, -74.89770144527157925, -32.77994578838930551 ) ) ;
#4111 = VERTEX_POINT ( 'NONE', #485 ) ;
#4112 = VERTEX_POINT ( 'NONE', #49 ) ;
#4113 = CARTESIAN_POINT ( 'NONE',  ( 26.00634760246327559, -77.04526971291734583, 37.72932505930654656 ) ) ;
#4114 = B_SPLINE_CURVE_WITH_KNOTS ( 'NONE', 3,
 ( #5382, #345, #4947, #3655 ),
 .UNSPECIFIED., .F., .F.,
 ( 4, 4 ),
 ( 0.01007492621534264443, 0.01181999791889754015 ),
 .UNSPECIFIED. ) ;
#4115 = CARTESIAN_POINT ( 'NONE',  ( -29.66000000000000725, -12.45000000000000284, 2.965527279393205023E-15 ) ) ;
#4116 = CARTESIAN_POINT ( 'NONE',  ( -40.65999999999996817, -79.44999999999998863, -39.90924142217967585 ) ) ;
#4117 = ORIENTED_EDGE ( 'NONE', *, *, #4088, .F. ) ;
#4118 = CARTESIAN_POINT ( 'NONE',  ( 28.65999999999999659, -79.44999999999998863, 26.35474030970052084 ) ) ;
#4119 = EDGE_CURVE ( 'NONE', #5425, #4935, #3048, .T. ) ;
#4120 = VECTOR ( 'NONE', #4509, 1000.000000000000000 ) ;
#4121 = CARTESIAN_POINT ( 'NONE',  ( 30.47548128245578880, -58.43186992340876174, 16.91064568348794239 ) ) ;
#4122 = CARTESIAN_POINT ( 'NONE',  ( -27.66000000000000725, 1.000000000000000000, 2.765559155361295998E-15 ) ) ;
#4123 = PLANE ( 'NONE',  #1005 ) ;
#4124 = DIRECTION ( 'NONE',  ( 1.000000000000000000, 0.000000000000000000, 0.000000000000000000 ) ) ;
#4125 = DIRECTION ( 'NONE',  ( 0.000000000000000000, 0.000000000000000000, 1.000000000000000000 ) ) ;
#4126 = CARTESIAN_POINT ( 'NONE',  ( 25.80000000000000426, -12.45000000000000284, 0.000000000000000000 ) ) ;
#4127 = ORIENTED_EDGE ( 'NONE', *, *, #5471, .T. ) ;
#4128 = CARTESIAN_POINT ( 'NONE',  ( -0.5670704535801938118, -77.63934796003317729, 38.05206126852628046 ) ) ;
#4129 = CARTESIAN_POINT ( 'NONE',  ( -19.45000000000000995, -24.36999999999999744, -28.80000000000000782 ) ) ;
#4130 = EDGE_CURVE ( 'NONE', #932, #2551, #2253, .T. ) ;
#4131 = CYLINDRICAL_SURFACE ( 'NONE', #3821, 2.000000000000001776 ) ;
#4132 = CARTESIAN_POINT ( 'NONE',  ( 29.65999999999999659, 1.000000000000000000, -28.00000000000000000 ) ) ;
#4133 = DIRECTION ( 'NONE',  ( 0.000000000000000000, 0.000000000000000000, 1.000000000000000000 ) ) ;
#4134 = CARTESIAN_POINT ( 'NONE',  ( 29.92459052063800939, -47.57575755413784435, 37.20341606394480038 ) ) ;
#4135 = EDGE_CURVE ( 'NONE', #2612, #3355, #3851, .T. ) ;
#4136 = ORIENTED_EDGE ( 'NONE', *, *, #4709, .F. ) ;
#4137 = CARTESIAN_POINT ( 'NONE',  ( 30.58186688960025634, -78.62194790211323436, 36.16538936967170059 ) ) ;
#4138 = DIRECTION ( 'NONE',  ( -9.998406201595429065E-17, 0.000000000000000000, -1.000000000000000000 ) ) ;
#4139 = DIRECTION ( 'NONE',  ( 0.000000000000000000, 1.000000000000000000, -0.000000000000000000 ) ) ;
#4140 = ORIENTED_EDGE ( 'NONE', *, *, #1777, .F. ) ;
#4141 = EDGE_LOOP ( 'NONE', ( #1589, #4705, #5053, #4489 ) ) ;
#4142 = CARTESIAN_POINT ( 'NONE',  ( 25.80000000000000426, 80.50962675357526166, 32.99999999999999289 ) ) ;
#4143 = CARTESIAN_POINT ( 'NONE',  ( 30.88482913697610144, -58.62929697202874024, 17.50334279069268817 ) ) ;
#4144 = ORIENTED_EDGE ( 'NONE', *, *, #5450, .F. ) ;
#4145 = CARTESIAN_POINT ( 'NONE',  ( -32.65999999999998238, -78.42897497983091171, -1.170994976263356468 ) ) ;
#4146 = CARTESIAN_POINT ( 'NONE',  ( -27.38806037034807517, -46.10880796040209617, 37.40000000000000568 ) ) ;
#4147 = EDGE_CURVE ( 'NONE', #2101, #1978, #872, .T. ) ;
#4148 = DIRECTION ( 'NONE',  ( 1.000000000000000000, 0.000000000000000000, -9.998406201595427833E-17 ) ) ;
#4149 = ORIENTED_EDGE ( 'NONE', *, *, #3481, .F. ) ;
#4150 = DIRECTION ( 'NONE',  ( 0.000000000000000000, -1.000000000000000000, 0.000000000000000000 ) ) ;
#4151 = CARTESIAN_POINT ( 'NONE',  ( 25.66000000000000014, -75.94999999999998863, 37.43137303340311917 ) ) ;
#4152 = CARTESIAN_POINT ( 'NONE',  ( -21.10000000000001563, -65.44999999999998863, -23.33309524416879555 ) ) ;
#4153 = CARTESIAN_POINT ( 'NONE',  ( -22.50000000000001421, 0.000000000000000000, 16.37742799230606394 ) ) ;
#4154 = B_SPLINE_CURVE_WITH_KNOTS ( 'NONE', 3,
 ( #3250, #4538, #2788, #3682 ),
 .UNSPECIFIED., .F., .F.,
 ( 4, 4 ),
 ( 7.321610038426795372E-05, 0.001822736920488684121 ),
 .UNSPECIFIED. ) ;
#4155 = DIRECTION ( 'NONE',  ( 0.000000000000000000, 0.000000000000000000, -1.000000000000000000 ) ) ;
#4156 = CARTESIAN_POINT ( 'NONE',  ( -32.65999999999998238, -46.94869711440820481, 31.60191886501995739 ) ) ;
#4157 = CARTESIAN_POINT ( 'NONE',  ( 30.39279299678146273, -78.42363509442725444, 35.67302410002102420 ) ) ;
#4158 = CARTESIAN_POINT ( 'NONE',  ( 26.90435656554293686, -77.45756570191552726, -34.70274328416700627 ) ) ;
#4159 = EDGE_LOOP ( 'NONE', ( #935, #132, #801, #102, #2070, #5057 ) ) ;
#4160 = ORIENTED_EDGE ( 'NONE', *, *, #2776, .F. ) ;
#4161 = ADVANCED_FACE ( 'NONE', ( #458 ), #2910, .F. ) ;
#4162 = CARTESIAN_POINT ( 'NONE',  ( -1.505785914471601545E-15, -7.812238329577779972, -32.00000000000000000 ) ) ;
#4163 = ADVANCED_FACE ( 'NONE', ( #3773 ), #5042, .F. ) ;
#4164 = DIRECTION ( 'NONE',  ( -0.000000000000000000, -1.000000000000000000, -0.000000000000000000 ) ) ;
#4165 = ORIENTED_EDGE ( 'NONE', *, *, #254, .F. ) ;
#4166 = DIRECTION ( 'NONE',  ( -1.000000000000000000, 0.000000000000000000, 0.000000000000000000 ) ) ;
#4167 = CARTESIAN_POINT ( 'NONE',  ( 30.28880988050132927, -58.28604444589451106, 16.61744401770737767 ) ) ;
#4168 = ADVANCED_FACE ( 'NONE', ( #4325 ), #2728, .F. ) ;
#4169 = ORIENTED_EDGE ( 'NONE', *, *, #3047, .T. ) ;
#4170 = DIRECTION ( 'NONE',  ( 0.000000000000000000, 0.000000000000000000, -1.000000000000000000 ) ) ;
#4171 = CARTESIAN_POINT ( 'NONE',  ( -30.76862576532742466, -44.77840335421035434, 31.65107420054716414 ) ) ;
#4172 = VECTOR ( 'NONE', #1343, 1000.000000000000000 ) ;
#4173 = LINE ( 'NONE', #885, #2322 ) ;
#4174 = ORIENTED_EDGE ( 'NONE', *, *, #2563, .T. ) ;
#4175 = CIRCLE ( 'NONE', #4794, 2.999999999999999112 ) ;
#4176 = VECTOR ( 'NONE', #3431, 1000.000000000000000 ) ;
#4177 = EDGE_LOOP ( 'NONE', ( #1434, #5098, #788, #1955 ) ) ;
#4178 = CYLINDRICAL_SURFACE ( 'NONE', #2663, 3.000000000000002665 ) ;
#4179 = CARTESIAN_POINT ( 'NONE',  ( -25.79576866751099828, -76.64948907052948357, 37.58148286814291339 ) ) ;
#4180 = ORIENTED_EDGE ( 'NONE', *, *, #4048, .F. ) ;
#4181 = FACE_OUTER_BOUND ( 'NONE', #427, .T. ) ;
#4182 = CARTESIAN_POINT ( 'NONE',  ( -31.91716538570928918, -57.29607201215114287, 35.72182549950187536 ) ) ;
#4183 = AXIS2_PLACEMENT_3D ( 'NONE', #1457, #33, #1710 ) ;
#4184 = AXIS2_PLACEMENT_3D ( 'NONE', #2111, #3864, #56 ) ;
#4185 = CARTESIAN_POINT ( 'NONE',  ( 29.66000000000000014, -65.34395145777230596, 37.40000000000000568 ) ) ;
#4186 = EDGE_CURVE ( 'NONE', #1897, #2073, #2058, .T. ) ;
#4187 = CARTESIAN_POINT ( 'NONE',  ( 0.8873128997497171655, -77.74945983651369374, 38.12580714475486587 ) ) ;
#4188 = LINE ( 'NONE', #2600, #1112 ) ;
#4189 = VECTOR ( 'NONE', #42, 1000.000000000000000 ) ;
#4190 = CARTESIAN_POINT ( 'NONE',  ( -20.79670890685869011, -18.88410537944185208, -28.80000000000000782 ) ) ;
#4191 = CARTESIAN_POINT ( 'NONE',  ( 32.10298729147871200, -46.68187055278507813, 35.45329290594428784 ) ) ;
#4192 = EDGE_LOOP ( 'NONE', ( #3932, #522, #4876, #1766, #3463 ) ) ;
#4193 = VERTEX_POINT ( 'NONE', #1474 ) ;
#4194 = AXIS2_PLACEMENT_3D ( 'NONE', #5061, #4700, #862 ) ;
#4195 = ORIENTED_EDGE ( 'NONE', *, *, #2604, .F. ) ;
#4196 = CARTESIAN_POINT ( 'NONE',  ( 31.98651898322149023, -79.37837282759946333, 39.71890419459055011 ) ) ;
#4197 = CARTESIAN_POINT ( 'NONE',  ( 32.59926508216790353, -81.44964370954231470, -41.90924142217968296 ) ) ;
#4198 = LINE ( 'NONE', #3694, #68 ) ;
#4199 = EDGE_LOOP ( 'NONE', ( #3430, #4058, #1410, #5298 ) ) ;
#4200 = EDGE_LOOP ( 'NONE', ( #5309, #630, #5367, #4020 ) ) ;
#4201 = ORIENTED_EDGE ( 'NONE', *, *, #818, .F. ) ;
#4202 = FACE_OUTER_BOUND ( 'NONE', #174, .T. ) ;
#4203 = EDGE_CURVE ( 'NONE', #1774, #1400, #4767, .T. ) ;
#4204 = LINE ( 'NONE', #5141, #1186 ) ;
#4205 = AXIS2_PLACEMENT_3D ( 'NONE', #1263, #3067, #947 ) ;
#4206 = ORIENTED_EDGE ( 'NONE', *, *, #1930, .F. ) ;
#4207 = CARTESIAN_POINT ( 'NONE',  ( -2.862293735361733284E-15, -79.44999999999998863, 38.99999999999998579 ) ) ;
#4208 = VERTEX_POINT ( 'NONE', #3961 ) ;
#4209 = CARTESIAN_POINT ( 'NONE',  ( -30.21868172242078998, -43.23546324289291931, 32.09621477687451829 ) ) ;
#4210 = PLANE ( 'NONE',  #4545 ) ;
#4211 = EDGE_CURVE ( 'NONE', #1688, #1654, #584, .T. ) ;
#4212 = TOROIDAL_SURFACE ( 'NONE', #5265, 12.00000000000000000, 4.000000000000000000 ) ;
#4213 = VERTEX_POINT ( 'NONE', #1052 ) ;
#4214 = CARTESIAN_POINT ( 'NONE',  ( 32.65999999999999659, -57.83207903938976102, 20.18271172513236777 ) ) ;
#4215 = VECTOR ( 'NONE', #5365, 1000.000000000000000 ) ;
#4216 = EDGE_LOOP ( 'NONE', ( #5438, #5019, #575, #1678, #379, #1507, #794, #5095, #452 ) ) ;
#4217 = CARTESIAN_POINT ( 'NONE',  ( 31.15642463341209023, -66.94420161843258654, 26.59045034759558845 ) ) ;
#4218 = FACE_OUTER_BOUND ( 'NONE', #537, .T. ) ;
#4219 = AXIS2_PLACEMENT_3D ( 'NONE', #752, #5013, #2457 ) ;
#4220 = DIRECTION ( 'NONE',  ( 0.000000000000000000, 0.000000000000000000, 1.000000000000000000 ) ) ;
#4221 = CARTESIAN_POINT ( 'NONE',  ( -29.66000000000000369, -91.94834808253654046, 29.35147186257609064 ) ) ;
#4222 =( BOUNDED_CURVE ( )  B_SPLINE_CURVE ( 3, ( #5181, #4835, #2648, #1443 ),
 .UNSPECIFIED., .F., .T. ) 
 B_SPLINE_CURVE_WITH_KNOTS ( ( 4, 4 ),
 ( 1.570796326794896558, 3.141592653589793116 ),
 .UNSPECIFIED. ) 
 CURVE ( )  GEOMETRIC_REPRESENTATION_ITEM ( )  RATIONAL_B_SPLINE_CURVE ( ( 1.000000000000000000, 0.8047378541243649375, 0.8047378541243649375, 1.000000000000000000 ) ) 
 REPRESENTATION_ITEM ( '' )  );
#4223 = CARTESIAN_POINT ( 'NONE',  ( 29.66000000000000014, -75.44999999999998863, 33.39999999999999858 ) ) ;
#4224 = CARTESIAN_POINT ( 'NONE',  ( 29.66000000000000014, -55.67284031474716954, 18.10000000000000142 ) ) ;
#4225 = CARTESIAN_POINT ( 'NONE',  ( 32.08705909532054790, -79.39478160815789920, -38.24625274152977994 ) ) ;
#4226 = ORIENTED_EDGE ( 'NONE', *, *, #3292, .T. ) ;
#4227 = ORIENTED_EDGE ( 'NONE', *, *, #3870, .F. ) ;
#4228 = CARTESIAN_POINT ( 'NONE',  ( -40.65999999999996817, -79.44999999999998863, -41.90924142217968296 ) ) ;
#4229 = CARTESIAN_POINT ( 'NONE',  ( 26.72166810359356859, -45.62777457266729897, 37.40000000000000568 ) ) ;
#4230 = CARTESIAN_POINT ( 'NONE',  ( 25.80000000000000426, -1.000000000000000888, -28.80000000000000782 ) ) ;
#4231 = ORIENTED_EDGE ( 'NONE', *, *, #5320, .T. ) ;
#4232 = CARTESIAN_POINT ( 'NONE',  ( -27.06770526207407102, -77.60697359244710469, -34.87741208052908348 ) ) ;
#4233 = CARTESIAN_POINT ( 'NONE',  ( -32.66000000000001080, -79.44999999999998863, -38.55832092069799444 ) ) ;
#4234 = CYLINDRICAL_SURFACE ( 'NONE', #5064, 1.999999999999998224 ) ;
#4235 = DIRECTION ( 'NONE',  ( 7.196315285063841888E-17, 0.6942372417107872673, 0.7197462415475317510 ) ) ;
#4236 = CARTESIAN_POINT ( 'NONE',  ( -29.66000000000001080, -76.63465315696791436, -29.28877103540561677 ) ) ;
#4237 = ORIENTED_EDGE ( 'NONE', *, *, #4370, .T. ) ;
#4238 = CARTESIAN_POINT ( 'NONE',  ( -27.66000000000000369, 3.000000000000000000, 37.40000000000000568 ) ) ;
#4239 = EDGE_CURVE ( 'NONE', #3472, #3136, #536, .T. ) ;
#4240 = ADVANCED_FACE ( 'NONE', ( #2209 ), #2239, .T. ) ;
#4241 = ORIENTED_EDGE ( 'NONE', *, *, #380, .T. ) ;
#4242 = DIRECTION ( 'NONE',  ( -5.480158779375505821E-17, 0.000000000000000000, -1.000000000000000000 ) ) ;
#4243 = CARTESIAN_POINT ( 'NONE',  ( 32.65999999999999659, -78.42897497983091171, -1.170994976263370457 ) ) ;
#4244 = CARTESIAN_POINT ( 'NONE',  ( 29.76768945679544842, -54.84836676800068034, 37.40000000000000568 ) ) ;
#4245 = CARTESIAN_POINT ( 'NONE',  ( -32.65999999999998238, -46.63331891223194958, 32.23864750911118193 ) ) ;
#4246 = DIRECTION ( 'NONE',  ( -0.000000000000000000, -0.000000000000000000, -1.000000000000000000 ) ) ;
#4247 = CARTESIAN_POINT ( 'NONE',  ( -26.65999999999999304, -5.228686022559826910E-15, 18.10000000000000142 ) ) ;
#4248 = CARTESIAN_POINT ( 'NONE',  ( -32.59461130330321765, -79.46165312489532084, -41.90924142217968296 ) ) ;
#4249 = VERTEX_POINT ( 'NONE', #640 ) ;
#4250 = VERTEX_POINT ( 'NONE', #4815 ) ;
#4251 = CARTESIAN_POINT ( 'NONE',  ( 33.80000000000000426, -79.44999999999998863, -37.78336146153467467 ) ) ;
#4252 = CARTESIAN_POINT ( 'NONE',  ( 28.65999999999999659, -48.03653567936055424, 37.40000000000000568 ) ) ;
#4253 = PLANE ( 'NONE',  #2964 ) ;
#4254 = ORIENTED_EDGE ( 'NONE', *, *, #5359, .F. ) ;
#4255 = CARTESIAN_POINT ( 'NONE',  ( 29.89503457682532073, -77.64667547614460830, -30.84188839754075673 ) ) ;
#4256 = CYLINDRICAL_SURFACE ( 'NONE', #1712, 2.999999999999999112 ) ;
#4257 = EDGE_CURVE ( 'NONE', #1212, #4263, #5209, .T. ) ;
#4258 = LINE ( 'NONE', #650, #3284 ) ;
#4259 = CARTESIAN_POINT ( 'NONE',  ( -30.82486182709561007, -78.83049022390103744, -34.26305221338719775 ) ) ;
#4260 = ORIENTED_EDGE ( 'NONE', *, *, #287, .F. ) ;
#4261 = CARTESIAN_POINT ( 'NONE',  ( -7.715375880726712574E-16, -3.812238329577779528, -32.00000000000000000 ) ) ;
#4262 = VECTOR ( 'NONE', #315, 1000.000000000000000 ) ;
#4263 = VERTEX_POINT ( 'NONE', #593 ) ;
#4264 = CARTESIAN_POINT ( 'NONE',  ( 30.17978268158406863, -67.43085914284422699, 28.01137633732335530 ) ) ;
#4265 = CARTESIAN_POINT ( 'NONE',  ( -2.862293735361733284E-15, -85.45000000000000284, 40.99999999999998579 ) ) ;
#4266 = ADVANCED_FACE ( 'NONE', ( #3092 ), #3596, .F. ) ;
#4267 = AXIS2_PLACEMENT_3D ( 'NONE', #3005, #4703, #1133 ) ;
#4268 = CARTESIAN_POINT ( 'NONE',  ( -29.66000000000001080, 3.000000000000000000, -32.00000000000000000 ) ) ;
#4269 = CARTESIAN_POINT ( 'NONE',  ( -32.65999999999998948, -46.45041143490736602, 32.92585457573673580 ) ) ;
#4270 = CARTESIAN_POINT ( 'NONE',  ( 25.66000000000000014, -74.78333333333333144, -32.72752525690953007 ) ) ;
#4271 = CARTESIAN_POINT ( 'NONE',  ( -25.66000000000001080, -71.44999999999998863, -28.00000000000000000 ) ) ;
#4272 = CARTESIAN_POINT ( 'NONE',  ( 31.19181671161376457, -79.16654001477463964, -37.30166548573358654 ) ) ;
#4273 = VERTEX_POINT ( 'NONE', #5236 ) ;
#4274 = VECTOR ( 'NONE', #2378, 1000.000000000000000 ) ;
#4275 = AXIS2_PLACEMENT_3D ( 'NONE', #1015, #2250, #1038 ) ;
#4276 = EDGE_CURVE ( 'NONE', #4355, #4474, #236, .T. ) ;
#4277 = ORIENTED_EDGE ( 'NONE', *, *, #1392, .F. ) ;
#4278 = CARTESIAN_POINT ( 'NONE',  ( 29.65999999999999659, 1.000000000000000000, -32.00000000000000000 ) ) ;
#4279 = VECTOR ( 'NONE', #4789, 1000.000000000000000 ) ;
#4280 = DIRECTION ( 'NONE',  ( 1.000000000000000000, -1.927470528863119295E-16, 0.000000000000000000 ) ) ;
#4281 = CARTESIAN_POINT ( 'NONE',  ( -22.50000000000001421, -3.812238329577774643, -32.00000000000000000 ) ) ;
#4282 = ORIENTED_EDGE ( 'NONE', *, *, #3292, .F. ) ;
#4283 = VERTEX_POINT ( 'NONE', #2266 ) ;
#4284 = CIRCLE ( 'NONE', #3839, 4.000000000000003553 ) ;
#4285 = DIRECTION ( 'NONE',  ( 0.000000000000000000, 1.000000000000000000, -2.023844055306273103E-15 ) ) ;
#4286 = CARTESIAN_POINT ( 'NONE',  ( 29.65999999999999659, -57.83207903938976102, 20.18271172513236777 ) ) ;
#4287 = CARTESIAN_POINT ( 'NONE',  ( -27.66000000000000369, 3.000000000000000000, 33.39999999999999858 ) ) ;
#4288 = CARTESIAN_POINT ( 'NONE',  ( -32.65999999999998238, -47.24127269365999382, 45.56696368325219026 ) ) ;
#4289 = EDGE_CURVE ( 'NONE', #5243, #2063, #1803, .T. ) ;
#4290 = DIRECTION ( 'NONE',  ( 0.000000000000000000, 0.000000000000000000, 1.000000000000000000 ) ) ;
#4291 = ORIENTED_EDGE ( 'NONE', *, *, #2342, .F. ) ;
#4292 = ORIENTED_EDGE ( 'NONE', *, *, #5039, .F. ) ;
#4293 = CARTESIAN_POINT ( 'NONE',  ( 0.000000000000000000, -18.45000000000000284, 21.10000000000000142 ) ) ;
#4294 = CARTESIAN_POINT ( 'NONE',  ( -29.52711337131277602, -59.62462209900425592, 37.39999999999999858 ) ) ;
#4295 = ORIENTED_EDGE ( 'NONE', *, *, #5435, .F. ) ;
#4296 = DIRECTION ( 'NONE',  ( 9.998406201595427833E-17, -0.000000000000000000, 1.000000000000000000 ) ) ;
#4297 = AXIS2_PLACEMENT_3D ( 'NONE', #3915, #4642, #853 ) ;
#4298 = CARTESIAN_POINT ( 'NONE',  ( 28.65999999999999304, -56.02371670659665881, 37.40000000000000568 ) ) ;
#4299 = CARTESIAN_POINT ( 'NONE',  ( 29.67834148917402004, -79.01366036361534384, -37.37198382276305608 ) ) ;
#4300 = CYLINDRICAL_SURFACE ( 'NONE', #556, 1.649999999999998579 ) ;
#4301 = CARTESIAN_POINT ( 'NONE',  ( 25.66000000000000014, -75.94999999999998863, 37.43137303340311917 ) ) ;
#4302 = DIRECTION ( 'NONE',  ( -0.000000000000000000, -0.000000000000000000, -1.000000000000000000 ) ) ;
#4303 = EDGE_CURVE ( 'NONE', #4208, #371, #1001, .T. ) ;
#4304 = CIRCLE ( 'NONE', #2431, 2.000000000000001776 ) ;
#4305 = ORIENTED_EDGE ( 'NONE', *, *, #254, .T. ) ;
#4306 = DIRECTION ( 'NONE',  ( 0.000000000000000000, -1.000000000000000000, 0.000000000000000000 ) ) ;
#4307 = PRODUCT_DEFINITION ( 'UNKNOWN', '', #1394, #5396 ) ;
#4308 = FACE_OUTER_BOUND ( 'NONE', #4177, .T. ) ;
#4309 = EDGE_CURVE ( 'NONE', #5399, #4562, #4701, .T. ) ;
#4310 = EDGE_CURVE ( 'NONE', #1312, #4542, #2423, .T. ) ;
#4311 = ORIENTED_EDGE ( 'NONE', *, *, #888, .T. ) ;
#4312 = CARTESIAN_POINT ( 'NONE',  ( -19.45000000000001705, -65.44999999999998863, -23.33309524416879555 ) ) ;
#4313 = CARTESIAN_POINT ( 'NONE',  ( -25.85500526780347386, -76.58669596756205067, 29.34844806749574531 ) ) ;
#4314 = DIRECTION ( 'NONE',  ( 0.000000000000000000, 1.000000000000000000, 0.000000000000000000 ) ) ;
#4315 = DIRECTION ( 'NONE',  ( -1.000000000000000000, 0.000000000000000000, 0.000000000000000000 ) ) ;
#4316 = ORIENTED_EDGE ( 'NONE', *, *, #5319, .T. ) ;
#4317 = CARTESIAN_POINT ( 'NONE',  ( 2.608497682183862521E-15, 3.000000000000000000, 21.30000000000000071 ) ) ;
#4318 = EDGE_CURVE ( 'NONE', #222, #1244, #3611, .T. ) ;
#4319 = ORIENTED_EDGE ( 'NONE', *, *, #5268, .T. ) ;
#4320 = ORIENTED_EDGE ( 'NONE', *, *, #118, .T. ) ;
#4321 = DIRECTION ( 'NONE',  ( 0.000000000000000000, 1.000000000000000000, 0.000000000000000000 ) ) ;
#4322 = CARTESIAN_POINT ( 'NONE',  ( -28.65999999999998238, -76.44999999999998863, 18.10000000000000142 ) ) ;
#4323 = CARTESIAN_POINT ( 'NONE',  ( 29.65999999999999659, -66.94387132699132792, 26.35147186257609064 ) ) ;
#4324 = CARTESIAN_POINT ( 'NONE',  ( 29.65999999999999659, 3.000000000000000000, -32.00000000000000000 ) ) ;
#4325 = FACE_OUTER_BOUND ( 'NONE', #3511, .T. ) ;
#4326 = ADVANCED_FACE ( 'NONE', ( #2455 ), #4456, .F. ) ;
#4327 = ORIENTED_EDGE ( 'NONE', *, *, #4774, .F. ) ;
#4328 = CARTESIAN_POINT ( 'NONE',  ( 28.65999999999999659, -76.44999999999998863, 18.10000000000000142 ) ) ;
#4329 = CARTESIAN_POINT ( 'NONE',  ( 28.65999999999999659, -79.44999999999998863, 26.35147186257609064 ) ) ;
#4330 = ORIENTED_EDGE ( 'NONE', *, *, #5320, .F. ) ;
#4331 = VERTEX_POINT ( 'NONE', #4921 ) ;
#4332 = ORIENTED_EDGE ( 'NONE', *, *, #358, .F. ) ;
#4333 = CARTESIAN_POINT ( 'NONE',  ( 28.65999999999999659, -79.44999821954169761, 18.09673155287557478 ) ) ;
#4334 = CARTESIAN_POINT ( 'NONE',  ( -17.80000000000001847, -65.44999999999998863, -28.80000000000000782 ) ) ;
#4335 = CYLINDRICAL_SURFACE ( 'NONE', #1905, 1.000000000000000888 ) ;
#4336 = VERTEX_POINT ( 'NONE', #750 ) ;
#4337 = CARTESIAN_POINT ( 'NONE',  ( -25.66000000000001080, 1.000000000000000000, -28.00000000000000000 ) ) ;
#4338 = EDGE_CURVE ( 'NONE', #3895, #3862, #2345, .T. ) ;
#4339 = FACE_BOUND ( 'NONE', #1268, .T. ) ;
#4340 = SURFACE_STYLE_USAGE ( .BOTH. , #2226 ) ;
#4341 = EDGE_LOOP ( 'NONE', ( #3955, #1029, #2409, #5134 ) ) ;
#4342 = CARTESIAN_POINT ( 'NONE',  ( -32.29118130559270838, -67.19585125767005707, 25.13388189813040441 ) ) ;
#4343 = EDGE_LOOP ( 'NONE', ( #1572, #3753, #778, #2446, #2333 ) ) ;
#4344 = CARTESIAN_POINT ( 'NONE',  ( -26.86978480323974949, -77.65252851256651923, 15.34625188291759557 ) ) ;
#4345 = CARTESIAN_POINT ( 'NONE',  ( -19.45000000000000995, -24.36999999999999744, -28.80000000000000782 ) ) ;
#4346 = LINE ( 'NONE', #3041, #4879 ) ;
#4347 = LINE ( 'NONE', #3458, #2039 ) ;
#4348 = CARTESIAN_POINT ( 'NONE',  ( -32.65999999999998238, -79.31848078527814039, -2.928972391173484624 ) ) ;
#4349 = ORIENTED_EDGE ( 'NONE', *, *, #4593, .T. ) ;
#4350 = DIRECTION ( 'NONE',  ( -0.000000000000000000, -1.000000000000000000, -0.000000000000000000 ) ) ;
#4351 = CARTESIAN_POINT ( 'NONE',  ( -29.66000000000000369, -76.44999999999998863, -5.720183209558409310 ) ) ;
#4352 = CIRCLE ( 'NONE', #5241, 2.999999999999999112 ) ;
#4353 = CLOSED_SHELL ( 'NONE', ( #1306, #2197, #1863, #3965, #2399, #3993, #3810, #1591, #770, #4666, #4611, #3938, #927, #2605, #807, #5472, #2224, #2672, #272, #3909, #2100, #920, #2841, #2545, #1531, #939, #4326, #410, #2235, #5485, #613, #1597, #1829, #1763, #3137, #1942, #1522, #1196, #3592, #137, #2708, #588, #1048, #4403, #4693, #4161, #3547, #4747, #3330, #4266, #2526, #58, #3154, #3093, #1795, #2289, #2452, #2907, #1243, #2125, #212, #23, #2331, #2866, #2950, #4240, #1653, #1165, #786, #3865, #3536, #390, #2801, #5258, #2412, #2311, #5029, #5046, #1179, #909, #4163, #4168, #1307, #4100, #3585, #4038, #4939, #975, #3635, #632, #4540, #4861, #4973, #5308, #1334, #3401, #2977, #4755, #152, #2324, #281, #468, #219, #843, #2944, #4788, #5115, #1418, #1796, #3178, #255, #2702, #2481, #3617, #2673, #1608, #4645, #2066, #4868, #1931, #3077, #3078, #4950, #3681, #672, #1119, #3520, #199, #525, #490, #3275, #1203, #3440, #1427, #3992, #4777, #4910, #3256, #5201, #4463, #4729, #1351, #2771, #1017 ) ) ;
#4354 = EDGE_CURVE ( 'NONE', #4381, #3672, #5094, .T. ) ;
#4355 = VERTEX_POINT ( 'NONE', #4151 ) ;
#4356 = CARTESIAN_POINT ( 'NONE',  ( 31.72747121355536137, -57.21231052517655513, 35.98793735482566802 ) ) ;
#4357 = DIRECTION ( 'NONE',  ( -1.000000000000000000, 0.000000000000000000, 0.000000000000000000 ) ) ;
#4358 = LINE ( 'NONE', #4674, #2142 ) ;
#4359 = TOROIDAL_SURFACE ( 'NONE', #1962, 5.000000000000000000, 2.000000000000000000 ) ;
#4360 = CARTESIAN_POINT ( 'NONE',  ( 28.52488603292666980, -79.31384022771845821, 27.27391943166854915 ) ) ;
#4361 =( BOUNDED_CURVE ( )  B_SPLINE_CURVE ( 3, ( #3793, #1604, #4568, #776 ),
 .UNSPECIFIED., .F., .T. ) 
 B_SPLINE_CURVE_WITH_KNOTS ( ( 4, 4 ),
 ( 1.570796326794896558, 3.141592653589793116 ),
 .UNSPECIFIED. ) 
 CURVE ( )  GEOMETRIC_REPRESENTATION_ITEM ( )  RATIONAL_B_SPLINE_CURVE ( ( 1.000000000000000000, 0.8047378541243649375, 0.8047378541243649375, 1.000000000000000000 ) ) 
 REPRESENTATION_ITEM ( '' )  );
#4362 = ORIENTED_EDGE ( 'NONE', *, *, #1532, .T. ) ;
#4363 = AXIS2_PLACEMENT_3D ( 'NONE', #3248, #2838, #5315 ) ;
#4364 = AXIS2_PLACEMENT_3D ( 'NONE', #5419, #1944, #2803 ) ;
#4365 = LINE ( 'NONE', #2298, #1876 ) ;
#4366 = ORIENTED_EDGE ( 'NONE', *, *, #2296, .F. ) ;
#4367 = CARTESIAN_POINT ( 'NONE',  ( -29.63932545983560374, -75.93190977029318844, 37.42909387616056449 ) ) ;
#4368 = AXIS2_PLACEMENT_3D ( 'NONE', #1577, #2842, #5467 ) ;
#4369 = ORIENTED_EDGE ( 'NONE', *, *, #1580, .T. ) ;
#4370 = EDGE_CURVE ( 'NONE', #1545, #2859, #5376, .T. ) ;
#4371 = DIRECTION ( 'NONE',  ( -1.000000000000000000, 0.000000000000000000, 0.000000000000000000 ) ) ;
#4372 = DIRECTION ( 'NONE',  ( -1.000000000000000000, -0.000000000000000000, 0.000000000000000000 ) ) ;
#4373 = ORIENTED_EDGE ( 'NONE', *, *, #2691, .T. ) ;
#4374 = CARTESIAN_POINT ( 'NONE',  ( -25.66000000000001080, -74.78333333333333144, -32.72752525690953007 ) ) ;
#4375 = DIRECTION ( 'NONE',  ( 0.000000000000000000, 0.000000000000000000, -1.000000000000000000 ) ) ;
#4376 = EDGE_CURVE ( 'NONE', #1154, #4848, #3652, .T. ) ;
#4377 = B_SPLINE_CURVE_WITH_KNOTS ( 'NONE', 3,
 ( #2489, #1645, #3666, #4929, #4134, #1967, #5449, #1562, #3711, #3235, #5018, #4191, #3259, #2435, #1147, #4604, #3689, #4080 ),
 .UNSPECIFIED., .F., .F.,
 ( 4, 2, 2, 2, 2, 2, 2, 2, 4 ),
 ( -1.597543468162248567E-05, 0.0008050894800165929238, 0.001626154394714808462, 0.002447219309413023892, 0.003268284224111239322, 0.004089349138809454318, 0.004910414053507669747, 0.005731478968205885177, 0.006552543882904100607 ),
 .UNSPECIFIED. ) ;
#4378 = DIRECTION ( 'NONE',  ( 0.000000000000000000, 0.7197462415475317510, -0.6942372417107872673 ) ) ;
#4379 = DIRECTION ( 'NONE',  ( -2.850957430653865361E-17, -0.6942372417107872673, -0.7197462415475317510 ) ) ;
#4380 = CARTESIAN_POINT ( 'NONE',  ( -32.65999999999997527, -78.90638696957233833, -1.807316072157202580 ) ) ;
#4381 = VERTEX_POINT ( 'NONE', #2877 ) ;
#4382 = AXIS2_PLACEMENT_3D ( 'NONE', #3755, #5460, #1655 ) ;
#4383 = CARTESIAN_POINT ( 'NONE',  ( -32.44054448641730204, -57.84301593237384509, 34.72220126821814290 ) ) ;
#4384 = DIRECTION ( 'NONE',  ( 0.000000000000000000, 1.000000000000000000, 0.000000000000000000 ) ) ;
#4385 = CIRCLE ( 'NONE', #503, 3.999999999999996447 ) ;
#4386 = ORIENTED_EDGE ( 'NONE', *, *, #146, .T. ) ;
#4387 = CARTESIAN_POINT ( 'NONE',  ( -32.65999999999998238, -62.73465103598690717, 15.10000000000000853 ) ) ;
#4388 = CARTESIAN_POINT ( 'NONE',  ( -25.66000000000000369, 1.000000000000000000, 37.40000000000000568 ) ) ;
#4389 = DIRECTION ( 'NONE',  ( -0.000000000000000000, 1.000000000000000000, -0.000000000000000000 ) ) ;
#4390 = DIRECTION ( 'NONE',  ( 0.000000000000000000, 0.000000000000000000, -1.000000000000000000 ) ) ;
#4391 = EDGE_CURVE ( 'NONE', #4193, #4500, #1984, .T. ) ;
#4392 = AXIS2_PLACEMENT_3D ( 'NONE', #4129, #3205, #2906 ) ;
#4393 = DIRECTION ( 'NONE',  ( -1.000000000000000000, 0.000000000000000000, 0.000000000000000000 ) ) ;
#4394 = LINE ( 'NONE', #192, #3274 ) ;
#4395 = CARTESIAN_POINT ( 'NONE',  ( -31.87111767435439091, -79.43336221224112137, 40.97832583425239505 ) ) ;
#4396 =( BOUNDED_CURVE ( )  B_SPLINE_CURVE ( 3, ( #4252, #4229, #2052, #4641 ),
 .UNSPECIFIED., .F., .T. ) 
 B_SPLINE_CURVE_WITH_KNOTS ( ( 4, 4 ),
 ( 0.7297276562269661149, 1.570796326794896558 ),
 .UNSPECIFIED. ) 
 CURVE ( )  GEOMETRIC_REPRESENTATION_ITEM ( )  RATIONAL_B_SPLINE_CURVE ( ( 1.000000000000000000, 0.9419139527835178605, 0.9419139527835178605, 1.000000000000000000 ) ) 
 REPRESENTATION_ITEM ( '' )  );
#4397 = ORIENTED_EDGE ( 'NONE', *, *, #2163, .T. ) ;
#4398 = CARTESIAN_POINT ( 'NONE',  ( -32.66000000000001791, -76.44999999999998863, -39.90924142217967585 ) ) ;
#4399 = CARTESIAN_POINT ( 'NONE',  ( -30.84445955776655168, -78.97251610223155183, -36.39167211856376127 ) ) ;
#4400 = CARTESIAN_POINT ( 'NONE',  ( -29.66000000000001080, 1.000000000000000000, -28.00000000000000000 ) ) ;
#4401 = CARTESIAN_POINT ( 'NONE',  ( -26.65999999999997883, -69.94387132699134213, 29.35147186257609064 ) ) ;
#4402 = EDGE_CURVE ( 'NONE', #162, #279, #2789, .T. ) ;
#4403 = ADVANCED_FACE ( 'NONE', ( #3683 ), #1579, .F. ) ;
#4404 = CARTESIAN_POINT ( 'NONE',  ( 31.34355237501249647, -58.67284031474716954, 18.10000000000000142 ) ) ;
#4405 = CARTESIAN_POINT ( 'NONE',  ( -25.80000000000000426, -18.45000000000000284, 21.10000000000000142 ) ) ;
#4406 = CARTESIAN_POINT ( 'NONE',  ( 32.65999999999999659, -58.62513074080106890, 33.76481803121332348 ) ) ;
#4407 = CARTESIAN_POINT ( 'NONE',  ( -32.65999999999998238, -58.97701901627347354, 33.39999999999999858 ) ) ;
#4408 = CARTESIAN_POINT ( 'NONE',  ( -32.66000000000389036, -79.44999999999998863, -5.440187838153536681 ) ) ;
#4409 = ORIENTED_EDGE ( 'NONE', *, *, #3212, .T. ) ;
#4410 = CARTESIAN_POINT ( 'NONE',  ( 31.89591810971963781, -58.59627351673915285, 18.79608668971686569 ) ) ;
#4411 = DIRECTION ( 'NONE',  ( -1.000000000000000000, 0.000000000000000000, 0.000000000000000000 ) ) ;
#4412 = CARTESIAN_POINT ( 'NONE',  ( -29.24246248258074488, -79.03093702953813704, 39.56703714222503976 ) ) ;
#4413 = FACE_OUTER_BOUND ( 'NONE', #3745, .T. ) ;
#4414 = CARTESIAN_POINT ( 'NONE',  ( 31.26733757024701532, -45.80230473148387205, 31.35567709093716715 ) ) ;
#4415 = VERTEX_POINT ( 'NONE', #2759 ) ;
#4416 = CARTESIAN_POINT ( 'NONE',  ( -31.33429688514627287, -79.14710146655858125, 38.08260145399869856 ) ) ;
#4417 = ORIENTED_EDGE ( 'NONE', *, *, #2613, .F. ) ;
#4418 = LINE ( 'NONE', #4781, #223 ) ;
#4419 = EDGE_CURVE ( 'NONE', #4734, #3748, #263, .T. ) ;
#4420 = VERTEX_POINT ( 'NONE', #1167 ) ;
#4421 = CARTESIAN_POINT ( 'NONE',  ( -25.66000000000001080, 1.000000000000000000, -30.00000000000000000 ) ) ;
#4422 = DIRECTION ( 'NONE',  ( -0.000000000000000000, -0.000000000000000000, -1.000000000000000000 ) ) ;
#4423 = CARTESIAN_POINT ( 'NONE',  ( -25.80000000000000426, -76.44999999999998863, 15.10000000000000142 ) ) ;
#4424 = CARTESIAN_POINT ( 'NONE',  ( -2.862293735361733284E-15, 4.209999999999991971, 40.99999999999998579 ) ) ;
#4425 = DIRECTION ( 'NONE',  ( 1.000000000000000000, 2.925652181618734909E-16, 0.000000000000000000 ) ) ;
#4426 = CARTESIAN_POINT ( 'NONE',  ( -32.65999999999998948, -79.45167073908358191, -4.920837269026486993 ) ) ;
#4427 = CARTESIAN_POINT ( 'NONE',  ( -2.911968245634888319, -79.28872866310494771, 40.26997569746872330 ) ) ;
#4428 = CARTESIAN_POINT ( 'NONE',  ( 31.82664645825112615, -78.24142588275229571, -1.602125311056754819 ) ) ;
#4429 = VERTEX_POINT ( 'NONE', #3624 ) ;
#4430 = EDGE_CURVE ( 'NONE', #2443, #1736, #1709, .T. ) ;
#4431 = ORIENTED_EDGE ( 'NONE', *, *, #1323, .T. ) ;
#4432 = DIRECTION ( 'NONE',  ( 0.000000000000000000, -1.000000000000000000, 0.000000000000000000 ) ) ;
#4433 = CARTESIAN_POINT ( 'NONE',  ( -31.32533911260635406, -79.14269166253873777, -35.87878743594314557 ) ) ;
#4434 = CARTESIAN_POINT ( 'NONE',  ( -28.65999999999998238, -56.02371670659668723, 37.40000000000000568 ) ) ;
#4435 = CARTESIAN_POINT ( 'NONE',  ( 25.38578643762690845, -6.863903777824886525E-16, 32.58578643762690064 ) ) ;
#4436 = VECTOR ( 'NONE', #2989, 1000.000000000000000 ) ;
#4437 = EDGE_CURVE ( 'NONE', #2800, #3916, #5352, .T. ) ;
#4438 = VERTEX_POINT ( 'NONE', #3422 ) ;
#4439 = CARTESIAN_POINT ( 'NONE',  ( 29.47098645823538376, -77.42354277755099190, 37.68216123158470054 ) ) ;
#4440 = VECTOR ( 'NONE', #5470, 1000.000000000000000 ) ;
#4441 = CIRCLE ( 'NONE', #3997, 2.000000000000001776 ) ;
#4442 = CYLINDRICAL_SURFACE ( 'NONE', #1362, 2.999999999999999112 ) ;
#4443 = CARTESIAN_POINT ( 'NONE',  ( -31.27495890673237611, -79.18237798904786473, 39.84010931880197148 ) ) ;
#4444 = ORIENTED_EDGE ( 'NONE', *, *, #351, .F. ) ;
#4445 = ORIENTED_EDGE ( 'NONE', *, *, #3006, .F. ) ;
#4446 = AXIS2_PLACEMENT_3D ( 'NONE', #1175, #4986, #4133 ) ;
#4447 = DIRECTION ( 'NONE',  ( 0.000000000000000000, -1.000000000000000000, 0.000000000000000000 ) ) ;
#4448 = CIRCLE ( 'NONE', #2229, 1.999999999999998224 ) ;
#4449 = VECTOR ( 'NONE', #3599, 1000.000000000000000 ) ;
#4450 = EDGE_LOOP ( 'NONE', ( #1347, #504 ) ) ;
#4451 = CARTESIAN_POINT ( 'NONE',  ( 27.66000000000000014, 1.000000000000000000, 33.39999999999999858 ) ) ;
#4452 = DIRECTION ( 'NONE',  ( 0.000000000000000000, 1.000000000000000000, 0.000000000000000000 ) ) ;
#4453 = EDGE_CURVE ( 'NONE', #4249, #3177, #962, .T. ) ;
#4454 = AXIS2_PLACEMENT_3D ( 'NONE', #1573, #5369, #3639 ) ;
#4455 = DIRECTION ( 'NONE',  ( 7.196315285063841888E-17, 0.6942372417107872673, 0.7197462415475317510 ) ) ;
#4456 = CYLINDRICAL_SURFACE ( 'NONE', #5355, 4.000000000000003553 ) ;
#4457 = ORIENTED_EDGE ( 'NONE', *, *, #5220, .F. ) ;
#4458 = CARTESIAN_POINT ( 'NONE',  ( 0.000000000000000000, -12.45000000000000284, 15.10000000000000142 ) ) ;
#4459 = CARTESIAN_POINT ( 'NONE',  ( -29.66000000000000014, -79.44999999999998863, -5.720183209558409310 ) ) ;
#4460 = ORIENTED_EDGE ( 'NONE', *, *, #90, .T. ) ;
#4461 = CARTESIAN_POINT ( 'NONE',  ( -29.65999999999999304, -5.817060293665584042E-15, 18.10000000000000142 ) ) ;
#4462 = CARTESIAN_POINT ( 'NONE',  ( -29.34140276681695525, -77.19218828592249793, -34.33000962435095005 ) ) ;
#4463 = ADVANCED_FACE ( 'NONE', ( #143 ), #3029, .T. ) ;
#4464 = CARTESIAN_POINT ( 'NONE',  ( -31.91716538570928918, -57.29607201215114287, 35.72182549950187536 ) ) ;
#4465 = DIRECTION ( 'NONE',  ( 1.103655015948744232E-16, 0.000000000000000000, 1.000000000000000000 ) ) ;
#4466 = AXIS2_PLACEMENT_3D ( 'NONE', #1732, #2948, #5086 ) ;
#4467 = CARTESIAN_POINT ( 'NONE',  ( 29.42335034952307993, -76.04048567362991662, 37.33560025251033920 ) ) ;
#4468 = EDGE_CURVE ( 'NONE', #235, #4854, #3406, .T. ) ;
#4469 = DIRECTION ( 'NONE',  ( -1.000000000000000000, -0.000000000000000000, 4.999203100797713916E-17 ) ) ;
#4470 = EDGE_CURVE ( 'NONE', #2764, #59, #4779, .T. ) ;
#4471 = VECTOR ( 'NONE', #4692, 1000.000000000000000 ) ;
#4472 = CARTESIAN_POINT ( 'NONE',  ( -29.92008385875907095, -78.15745852363362189, 38.25896473265471798 ) ) ;
#4473 = EDGE_LOOP ( 'NONE', ( #609, #3844, #2675, #597 ) ) ;
#4474 = VERTEX_POINT ( 'NONE', #3314 ) ;
#4475 = CARTESIAN_POINT ( 'NONE',  ( 32.66000000000000369, -79.43839201463342192, -4.124626248620398172 ) ) ;
#4476 = CIRCLE ( 'NONE', #3502, 2.000000000000001332 ) ;
#4477 = ORIENTED_EDGE ( 'NONE', *, *, #189, .F. ) ;
#4478 = CARTESIAN_POINT ( 'NONE',  ( 32.65999999999999659, -46.42293213100868599, 33.15964040380703182 ) ) ;
#4479 = ORIENTED_EDGE ( 'NONE', *, *, #2733, .F. ) ;
#4480 = CARTESIAN_POINT ( 'NONE',  ( -20.79670890685869011, -12.88410537944184675, 16.37742799230606394 ) ) ;
#4481 = CARTESIAN_POINT ( 'NONE',  ( 29.65999999999999659, -12.45000000000000284, 23.35147186257609420 ) ) ;
#4482 = ORIENTED_EDGE ( 'NONE', *, *, #146, .F. ) ;
#4483 = DIRECTION ( 'NONE',  ( 0.000000000000000000, 0.000000000000000000, -1.000000000000000000 ) ) ;
#4484 = CARTESIAN_POINT ( 'NONE',  ( 0.000000000000000000, -1.000000000000000888, -28.80000000000000782 ) ) ;
#4485 = ORIENTED_EDGE ( 'NONE', *, *, #2178, .T. ) ;
#4486 = ORIENTED_EDGE ( 'NONE', *, *, #1913, .F. ) ;
#4487 = FACE_OUTER_BOUND ( 'NONE', #1057, .T. ) ;
#4488 = CARTESIAN_POINT ( 'NONE',  ( -26.65999999999998238, -48.98827495916188468, 29.35147186257609064 ) ) ;
#4489 = ORIENTED_EDGE ( 'NONE', *, *, #1072, .F. ) ;
#4490 = CARTESIAN_POINT ( 'NONE',  ( -25.66000000000000369, 3.000000000000000000, 37.40000000000000568 ) ) ;
#4491 = EDGE_CURVE ( 'NONE', #3895, #4816, #854, .T. ) ;
#4492 = CARTESIAN_POINT ( 'NONE',  ( 33.80000000000000426, -85.45000000000000284, -35.78336146153467467 ) ) ;
#4493 = CARTESIAN_POINT ( 'NONE',  ( 32.65999999999999659, -46.42293213100863625, 33.39999999999999858 ) ) ;
#4494 = CARTESIAN_POINT ( 'NONE',  ( -32.65999999999997527, -62.73465103598690717, 15.10000000000000142 ) ) ;
#4495 = VERTEX_POINT ( 'NONE', #4287 ) ;
#4496 = DIRECTION ( 'NONE',  ( 5.672195538593292254E-17, -0.6942372417107872673, -0.7197462415475317510 ) ) ;
#4497 = LINE ( 'NONE', #2384, #914 ) ;
#4498 = CARTESIAN_POINT ( 'NONE',  ( -30.08314148496847196, -77.98975142761406687, 34.84463417427667764 ) ) ;
#4499 = ORIENTED_EDGE ( 'NONE', *, *, #2461, .T. ) ;
#4500 = VERTEX_POINT ( 'NONE', #4758 ) ;
#4501 = CARTESIAN_POINT ( 'NONE',  ( 29.65999999999999659, -55.67284031474716954, 18.10000000000000142 ) ) ;
#4502 = EDGE_CURVE ( 'NONE', #5210, #2696, #5318, .T. ) ;
#4503 = DIRECTION ( 'NONE',  ( -0.000000000000000000, -0.000000000000000000, -1.000000000000000000 ) ) ;
#4504 = LINE ( 'NONE', #1162, #2941 ) ;
#4505 =( NAMED_UNIT ( * ) SI_UNIT ( $, .STERADIAN. ) SOLID_ANGLE_UNIT ( ) );
#4506 = DIRECTION ( 'NONE',  ( -4.999203100797713916E-17, 0.000000000000000000, -1.000000000000000000 ) ) ;
#4507 = EDGE_CURVE ( 'NONE', #1774, #2300, #3477, .T. ) ;
#4508 = DIRECTION ( 'NONE',  ( 0.000000000000000000, 0.000000000000000000, -1.000000000000000000 ) ) ;
#4509 = DIRECTION ( 'NONE',  ( -0.000000000000000000, -1.000000000000000000, -0.000000000000000000 ) ) ;
#4510 = VERTEX_POINT ( 'NONE', #986 ) ;
#4511 = DIRECTION ( 'NONE',  ( 0.000000000000000000, 1.000000000000000000, 0.000000000000000000 ) ) ;
#4512 = DIRECTION ( 'NONE',  ( -7.947490770598426974E-17, 0.000000000000000000, 1.000000000000000000 ) ) ;
#4513 = CARTESIAN_POINT ( 'NONE',  ( -31.17032391161643901, -77.73601526671571094, 15.38400527870279078 ) ) ;
#4514 = CARTESIAN_POINT ( 'NONE',  ( -30.06303549060871561, -78.34989171182725443, -35.84783602435454952 ) ) ;
#4515 = DIRECTION ( 'NONE',  ( 0.000000000000000000, -1.000000000000000000, 0.000000000000000000 ) ) ;
#4516 = CARTESIAN_POINT ( 'NONE',  ( 29.65999999999999659, -76.44999999999998863, -29.09128788536428445 ) ) ;
#4517 = EDGE_CURVE ( 'NONE', #4977, #3879, #4596, .T. ) ;
#4518 = ORIENTED_EDGE ( 'NONE', *, *, #1993, .F. ) ;
#4519 = VERTEX_POINT ( 'NONE', #1357 ) ;
#4520 = CARTESIAN_POINT ( 'NONE',  ( 29.66000000000000014, -76.57417664495483223, 33.49925057047025234 ) ) ;
#4521 = CARTESIAN_POINT ( 'NONE',  ( 32.66000000000000369, -79.44999999999998863, 12.17476137696186989 ) ) ;
#4522 = VECTOR ( 'NONE', #262, 1000.000000000000000 ) ;
#4523 = CIRCLE ( 'NONE', #5152, 2.000000000000001776 ) ;
#4524 = DIRECTION ( 'NONE',  ( 0.000000000000000000, 0.000000000000000000, -1.000000000000000000 ) ) ;
#4525 = ORIENTED_EDGE ( 'NONE', *, *, #1551, .T. ) ;
#4526 = ORIENTED_EDGE ( 'NONE', *, *, #5427, .F. ) ;
#4527 = CARTESIAN_POINT ( 'NONE',  ( -2.862293735361733284E-15, 4.209999999999991971, 37.99999999999998579 ) ) ;
#4528 = AXIS2_PLACEMENT_3D ( 'NONE', #5203, #967, #478 ) ;
#4529 = VECTOR ( 'NONE', #1342, 1000.000000000000000 ) ;
#4530 = DIRECTION ( 'NONE',  ( 0.000000000000000000, 0.000000000000000000, 1.000000000000000000 ) ) ;
#4531 = CARTESIAN_POINT ( 'NONE',  ( 32.08705909532054790, -79.39478160815789920, -38.24625274152977994 ) ) ;
#4532 = EDGE_CURVE ( 'NONE', #1673, #5336, #2666, .T. ) ;
#4533 = CARTESIAN_POINT ( 'NONE',  ( -38.65999999999996817, -79.44999999999998863, -39.90924142217967585 ) ) ;
#4534 = VECTOR ( 'NONE', #1921, 1000.000000000000114 ) ;
#4535 = CARTESIAN_POINT ( 'NONE',  ( -31.26733757024573990, -45.80230473148333203, 31.35567709093620081 ) ) ;
#4536 = VECTOR ( 'NONE', #3724, 1000.000000000000000 ) ;
#4537 = VECTOR ( 'NONE', #5477, 1000.000000000000000 ) ;
#4538 = CARTESIAN_POINT ( 'NONE',  ( 32.44856431178493494, -79.44805325149370390, -39.35404433202452168 ) ) ;
#4539 = CARTESIAN_POINT ( 'NONE',  ( -25.66000000000000014, -42.32944258822479355, 37.40000000000000568 ) ) ;
#4540 = ADVANCED_FACE ( 'NONE', ( #5176 ), #2653, .T. ) ;
#4541 = EDGE_LOOP ( 'NONE', ( #5295, #4526 ) ) ;
#4542 = VERTEX_POINT ( 'NONE', #2743 ) ;
#4543 = PLANE ( 'NONE',  #2854 ) ;
#4544 = DIRECTION ( 'NONE',  ( 0.000000000000000000, 1.000000000000000000, 0.000000000000000000 ) ) ;
#4545 = AXIS2_PLACEMENT_3D ( 'NONE', #2120, #1713, #1685 ) ;
#4546 = DIRECTION ( 'NONE',  ( 0.000000000000000000, 0.000000000000000000, 1.000000000000000000 ) ) ;
#4547 = CARTESIAN_POINT ( 'NONE',  ( -30.86569797133330439, -78.86150975651167983, -34.39835500393274970 ) ) ;
#4548 = CYLINDRICAL_SURFACE ( 'NONE', #3736, 1.649999999999998579 ) ;
#4549 = CARTESIAN_POINT ( 'NONE',  ( 29.65999999999999659, -51.88194998642468647, 26.35147186257608709 ) ) ;
#4550 = ORIENTED_EDGE ( 'NONE', *, *, #5039, .T. ) ;
#4551 = ORIENTED_EDGE ( 'NONE', *, *, #738, .F. ) ;
#4552 = ORIENTED_EDGE ( 'NONE', *, *, #4186, .F. ) ;
#4553 = CARTESIAN_POINT ( 'NONE',  ( 30.25725615698348747, -78.24913584312001547, 35.31379773037861014 ) ) ;
#4554 = DIRECTION ( 'NONE',  ( 0.000000000000000000, -1.000000000000000000, 0.000000000000000000 ) ) ;
#4555 = LINE ( 'NONE', #5421, #2220 ) ;
#4556 = DIRECTION ( 'NONE',  ( 0.000000000000000000, 0.000000000000000000, -1.000000000000000000 ) ) ;
#4557 = AXIS2_PLACEMENT_3D ( 'NONE', #810, #3350, #2077 ) ;
#4558 = EDGE_LOOP ( 'NONE', ( #3439, #3365, #5163, #566 ) ) ;
#4559 = CARTESIAN_POINT ( 'NONE',  ( 32.65999999999999659, -78.56898151267745334, -1.316145898389182500 ) ) ;
#4560 = CIRCLE ( 'NONE', #2170, 2.999999999999999112 ) ;
#4561 = CARTESIAN_POINT ( 'NONE',  ( -33.80000000000000426, -85.45000000000000284, -35.78336146153467467 ) ) ;
#4562 = VERTEX_POINT ( 'NONE', #1998 ) ;
#4563 = DIRECTION ( 'NONE',  ( 0.000000000000000000, 0.000000000000000000, -1.000000000000000000 ) ) ;
#4564 = CARTESIAN_POINT ( 'NONE',  ( -30.01069394643422683, -42.37906555836426037, 32.34328681555365392 ) ) ;
#4565 = CARTESIAN_POINT ( 'NONE',  ( 31.55258559244023076, -48.08639108024610209, 29.33397146276659839 ) ) ;
#4566 = CIRCLE ( 'NONE', #4658, 21.30000000000000071 ) ;
#4567 = EDGE_LOOP ( 'NONE', ( #5150, #641, #5109, #4457, #3876 ) ) ;
#4568 = CARTESIAN_POINT ( 'NONE',  ( -40.65999999999998238, -80.27842712474618736, 45.39999999999999858 ) ) ;
#4569 = CARTESIAN_POINT ( 'NONE',  ( 28.65999999999999304, -85.45000000000000284, -29.90924142217967940 ) ) ;
#4570 = ORIENTED_EDGE ( 'NONE', *, *, #1963, .T. ) ;
#4571 = DIRECTION ( 'NONE',  ( 0.000000000000000000, 0.000000000000000000, 1.000000000000000000 ) ) ;
#4572 = DIRECTION ( 'NONE',  ( 0.000000000000000000, -1.000000000000000000, 0.000000000000000000 ) ) ;
#4573 =( BOUNDED_CURVE ( )  B_SPLINE_CURVE ( 3, ( #2206, #995, #2679, #971 ),
 .UNSPECIFIED., .F., .T. ) 
 B_SPLINE_CURVE_WITH_KNOTS ( ( 4, 4 ),
 ( 1.570796326794894782, 2.338155925181486516 ),
 .UNSPECIFIED. ) 
 CURVE ( )  GEOMETRIC_REPRESENTATION_ITEM ( )  RATIONAL_B_SPLINE_CURVE ( ( 1.000000000000000000, 0.9515289588880655458, 0.9515289588880655458, 1.000000000000000000 ) ) 
 REPRESENTATION_ITEM ( '' )  );
#4574 = EDGE_CURVE ( 'NONE', #5311, #1819, #2945, .T. ) ;
#4575 = EDGE_CURVE ( 'NONE', #607, #4495, #2425, .T. ) ;
#4576 = CARTESIAN_POINT ( 'NONE',  ( 2.973213749463694988, -79.44999999999998863, 41.40000000000000568 ) ) ;
#4577 = FACE_OUTER_BOUND ( 'NONE', #2280, .T. ) ;
#4578 = CARTESIAN_POINT ( 'NONE',  ( 29.14634799233459361, -76.43921816945992020, -33.64742298620947025 ) ) ;
#4579 = ORIENTED_EDGE ( 'NONE', *, *, #1930, .T. ) ;
#4580 = EDGE_LOOP ( 'NONE', ( #5027, #3338, #3427, #689 ) ) ;
#4581 = CARTESIAN_POINT ( 'NONE',  ( 32.09526810190222790, -79.41630268933425896, 40.76608812536930770 ) ) ;
#4582 = DIRECTION ( 'NONE',  ( 0.000000000000000000, 0.000000000000000000, -1.000000000000000000 ) ) ;
#4583 = CARTESIAN_POINT ( 'NONE',  ( -2.862293865172895737E-15, -77.55713075057050787, 37.99999999999998579 ) ) ;
#4584 = CARTESIAN_POINT ( 'NONE',  ( 27.65999999999999659, 3.000000000000000000, -28.00000000000000000 ) ) ;
#4585 = ORIENTED_EDGE ( 'NONE', *, *, #3040, .F. ) ;
#4586 = VERTEX_POINT ( 'NONE', #2413 ) ;
#4587 = ORIENTED_EDGE ( 'NONE', *, *, #2493, .T. ) ;
#4588 = CARTESIAN_POINT ( 'NONE',  ( -32.57681900122680219, -79.44967050843678180, -39.92739313774397658 ) ) ;
#4589 = DIRECTION ( 'NONE',  ( 0.000000000000000000, 0.000000000000000000, -1.000000000000000000 ) ) ;
#4590 = CARTESIAN_POINT ( 'NONE',  ( 0.000000000000000000, -18.45000000000000284, 23.35147186257609420 ) ) ;
#4591 = CARTESIAN_POINT ( 'NONE',  ( 32.65999999999999659, -49.87305301709035632, 28.43418358770845700 ) ) ;
#4592 = CARTESIAN_POINT ( 'NONE',  ( 29.65999999999999659, -79.44999999999998863, -32.00000000000000000 ) ) ;
#4593 = EDGE_CURVE ( 'NONE', #4263, #2471, #332, .T. ) ;
#4594 = ORIENTED_EDGE ( 'NONE', *, *, #4887, .F. ) ;
#4595 = DIRECTION ( 'NONE',  ( 0.000000000000000000, -0.000000000000000000, -1.000000000000000000 ) ) ;
#4596 = LINE ( 'NONE', #5143, #2082 ) ;
#4597 = VERTEX_POINT ( 'NONE', #4584 ) ;
#4598 = CARTESIAN_POINT ( 'NONE',  ( 29.77631940057538884, -68.21536662808202323, 28.82169595279937724 ) ) ;
#4599 = DIRECTION ( 'NONE',  ( -1.000000000000000000, 0.000000000000000000, 0.000000000000000000 ) ) ;
#4600 = FACE_OUTER_BOUND ( 'NONE', #4923, .T. ) ;
#4601 = CARTESIAN_POINT ( 'NONE',  ( 1.084335775635843380, -77.84779966082552960, 38.19538369713794168 ) ) ;
#4602 = LINE ( 'NONE', #4223, #5457 ) ;
#4603 = DIRECTION ( 'NONE',  ( -1.961247570352523610E-16, 1.000000000000000000, 0.000000000000000000 ) ) ;
#4604 = CARTESIAN_POINT ( 'NONE',  ( 32.63209618641941745, -46.43637063233381923, 33.94309111676630408 ) ) ;
#4605 = EDGE_CURVE ( 'NONE', #1736, #222, #4385, .T. ) ;
#4606 = EDGE_LOOP ( 'NONE', ( #2744, #1779, #252, #3450 ) ) ;
#4607 = ORIENTED_EDGE ( 'NONE', *, *, #2368, .F. ) ;
#4608 = DIRECTION ( 'NONE',  ( 4.999203100797713916E-17, -0.000000000000000000, 1.000000000000000000 ) ) ;
#4609 = FACE_OUTER_BOUND ( 'NONE', #3527, .T. ) ;
#4610 = CARTESIAN_POINT ( 'NONE',  ( -30.76233627688815631, -56.81017065480349970, 36.81744790561072733 ) ) ;
#4611 = ADVANCED_FACE ( 'NONE', ( #3264 ), #820, .F. ) ;
#4612 = ORIENTED_EDGE ( 'NONE', *, *, #5190, .F. ) ;
#4613 = VERTEX_POINT ( 'NONE', #4959 ) ;
#4614 = CARTESIAN_POINT ( 'NONE',  ( -31.11170048330975391, -79.36244377398654137, -38.64835771360851169 ) ) ;
#4615 = CARTESIAN_POINT ( 'NONE',  ( -25.90796353722821976, -76.65708971680156480, 29.34468459988764266 ) ) ;
#4616 = DIRECTION ( 'NONE',  ( -1.961247570352523610E-16, 1.000000000000000000, -0.000000000000000000 ) ) ;
#4617 = FACE_OUTER_BOUND ( 'NONE', #4070, .T. ) ;
#4618 = CIRCLE ( 'NONE', #1083, 4.000000000000003553 ) ;
#4619 = FACE_OUTER_BOUND ( 'NONE', #510, .T. ) ;
#4620 = VECTOR ( 'NONE', #4992, 1000.000000000000000 ) ;
#4621 = CIRCLE ( 'NONE', #3026, 2.999999999999999112 ) ;
#4622 = AXIS2_PLACEMENT_3D ( 'NONE', #4268, #972, #945 ) ;
#4623 = VERTEX_POINT ( 'NONE', #1569 ) ;
#4624 = DIRECTION ( 'NONE',  ( -0.000000000000000000, 1.000000000000000000, -0.000000000000000000 ) ) ;
#4625 = EDGE_CURVE ( 'NONE', #607, #3543, #4198, .T. ) ;
#4626 = CARTESIAN_POINT ( 'NONE',  ( -25.66000000000000369, 3.000000000000000000, 33.39999999999999858 ) ) ;
#4627 = CARTESIAN_POINT ( 'NONE',  ( -29.71194201713742089, -63.74604138943626452, 33.86099949280556842 ) ) ;
#4628 = CIRCLE ( 'NONE', #2228, 2.000000000000001776 ) ;
#4629 = AXIS2_PLACEMENT_3D ( 'NONE', #2774, #4469, #686 ) ;
#4630 = CARTESIAN_POINT ( 'NONE',  ( 33.80000000000000426, -85.45000000000000284, -35.78336146153467467 ) ) ;
#4631 = CARTESIAN_POINT ( 'NONE',  ( -24.80000000000000426, -1.000000000000000000, 0.000000000000000000 ) ) ;
#4632 = CARTESIAN_POINT ( 'NONE',  ( 25.66000000000000014, 3.000000000000000000, 33.39999999999999858 ) ) ;
#4633 = AXIS2_PLACEMENT_3D ( 'NONE', #4041, #716, #1872 ) ;
#4634 = CARTESIAN_POINT ( 'NONE',  ( -29.65999999999998238, -51.88194998642470068, 26.35147186257608709 ) ) ;
#4635 = CARTESIAN_POINT ( 'NONE',  ( -32.59926473636081568, -81.44964370612429150, -41.90924142217968296 ) ) ;
#4636 = ORIENTED_EDGE ( 'NONE', *, *, #4211, .T. ) ;
#4637 = AXIS2_PLACEMENT_3D ( 'NONE', #3273, #4148, #2008 ) ;
#4638 = ORIENTED_EDGE ( 'NONE', *, *, #3028, .F. ) ;
#4639 = EDGE_CURVE ( 'NONE', #1379, #4033, #1972, .T. ) ;
#4640 = DIRECTION ( 'NONE',  ( 0.000000000000000000, 0.000000000000000000, -1.000000000000000000 ) ) ;
#4641 = CARTESIAN_POINT ( 'NONE',  ( 25.66000000000000014, -38.71630092818489999, 37.40000000000000568 ) ) ;
#4642 = DIRECTION ( 'NONE',  ( 0.000000000000000000, 1.000000000000000000, 0.000000000000000000 ) ) ;
#4643 = ORIENTED_EDGE ( 'NONE', *, *, #4402, .T. ) ;
#4644 = CARTESIAN_POINT ( 'NONE',  ( -25.75558132771534048, -75.64844571188297095, -33.17424043797617372 ) ) ;
#4645 = ADVANCED_FACE ( 'NONE', ( #2831 ), #3242, .F. ) ;
#4646 = CARTESIAN_POINT ( 'NONE',  ( 30.32596581519571188, -49.69216404261659648, 37.40000000000000568 ) ) ;
#4647 = VECTOR ( 'NONE', #3280, 1000.000000000000000 ) ;
#4648 = EDGE_LOOP ( 'NONE', ( #3588, #3300, #569, #2470, #5368 ) ) ;
#4649 = DIRECTION ( 'NONE',  ( -1.000000000000000000, -0.000000000000000000, 4.999203100797713916E-17 ) ) ;
#4650 = ORIENTED_EDGE ( 'NONE', *, *, #2112, .T. ) ;
#4651 = FACE_BOUND ( 'NONE', #1123, .T. ) ;
#4652 = CARTESIAN_POINT ( 'NONE',  ( 25.66000000000000014, 3.000000000000000000, 35.39999999999999858 ) ) ;
#4653 = CIRCLE ( 'NONE', #3053, 2.000000000000001776 ) ;
#4654 = ORIENTED_EDGE ( 'NONE', *, *, #5123, .F. ) ;
#4655 = EDGE_LOOP ( 'NONE', ( #5049, #2919, #1603, #5361 ) ) ;
#4656 = CARTESIAN_POINT ( 'NONE',  ( -29.66000000000000369, 1.000000000000000000, 33.39999999999999858 ) ) ;
#4657 = ORIENTED_EDGE ( 'NONE', *, *, #1024, .T. ) ;
#4658 = AXIS2_PLACEMENT_3D ( 'NONE', #3934, #1851, #5232 ) ;
#4659 = LINE ( 'NONE', #4981, #567 ) ;
#4660 = LINE ( 'NONE', #454, #2530 ) ;
#4661 = CARTESIAN_POINT ( 'NONE',  ( 31.27358441901328945, -58.21738228652867519, 35.45602607960968555 ) ) ;
#4662 = DIRECTION ( 'NONE',  ( 0.000000000000000000, 0.000000000000000000, -1.000000000000000000 ) ) ;
#4663 = CARTESIAN_POINT ( 'NONE',  ( 26.08992444378536035, -76.40398940998174737, -33.71457599422492990 ) ) ;
#4664 = DIRECTION ( 'NONE',  ( 0.000000000000000000, 0.000000000000000000, 1.000000000000000000 ) ) ;
#4665 = ORIENTED_EDGE ( 'NONE', *, *, #3797, .T. ) ;
#4666 = ADVANCED_FACE ( 'NONE', ( #765 ), #413, .F. ) ;
#4667 = ORIENTED_EDGE ( 'NONE', *, *, #5251, .F. ) ;
#4668 = CARTESIAN_POINT ( 'NONE',  ( 31.33429688514647538, -79.14710146655869494, 38.08260145399869856 ) ) ;
#4669 = CARTESIAN_POINT ( 'NONE',  ( -20.79670890685869011, -18.88410537944185208, -32.00000000000000000 ) ) ;
#4670 = FACE_OUTER_BOUND ( 'NONE', #2914, .T. ) ;
#4671 = ORIENTED_EDGE ( 'NONE', *, *, #1987, .F. ) ;
#4672 = FACE_BOUND ( 'NONE', #333, .T. ) ;
#4673 = CARTESIAN_POINT ( 'NONE',  ( -32.26493743298592420, -79.42938987093018000, -38.36996712677873944 ) ) ;
#4674 = CARTESIAN_POINT ( 'NONE',  ( 29.65999999999999659, -12.45000000000000284, 29.35147186257609064 ) ) ;
#4675 = EDGE_CURVE ( 'NONE', #5238, #2386, #3166, .T. ) ;
#4676 = LINE ( 'NONE', #447, #1544 ) ;
#4677 = ORIENTED_EDGE ( 'NONE', *, *, #3661, .F. ) ;
#4678 = CARTESIAN_POINT ( 'NONE',  ( -31.48214084306898286, -66.94387132699132792, 26.17453835560307596 ) ) ;
#4679 = EDGE_LOOP ( 'NONE', ( #2827, #606, #4579, #4677, #3622, #3929 ) ) ;
#4680 = CARTESIAN_POINT ( 'NONE',  ( 31.52412840870001531, -66.94354686775359653, 26.12085916551230369 ) ) ;
#4681 = DIRECTION ( 'NONE',  ( -1.000000000000000000, 0.000000000000000000, 0.000000000000000000 ) ) ;
#4682 = EDGE_CURVE ( 'NONE', #2764, #3804, #4993, .T. ) ;
#4683 = ORIENTED_EDGE ( 'NONE', *, *, #4827, .F. ) ;
#4684 = LINE ( 'NONE', #2569, #4092 ) ;
#4685 = CARTESIAN_POINT ( 'NONE',  ( 26.65999999999999659, -12.45000000000000284, 26.35147186257609064 ) ) ;
#4686 = DIRECTION ( 'NONE',  ( 0.000000000000000000, 0.000000000000000000, -1.000000000000000000 ) ) ;
#4687 = DIRECTION ( 'NONE',  ( -0.000000000000000000, -1.000000000000000000, -0.000000000000000000 ) ) ;
#4688 = CARTESIAN_POINT ( 'NONE',  ( -32.57681900122651086, -81.44958813554599431, -41.90924142217968296 ) ) ;
#4689 = ORIENTED_EDGE ( 'NONE', *, *, #5133, .T. ) ;
#4690 = CARTESIAN_POINT ( 'NONE',  ( 29.02351252186868180, -78.94246150761604497, 39.44680010358401745 ) ) ;
#4691 = LINE ( 'NONE', #1301, #476 ) ;
#4692 = DIRECTION ( 'NONE',  ( -0.000000000000000000, 1.000000000000000000, -0.000000000000000000 ) ) ;
#4693 = ADVANCED_FACE ( 'NONE', ( #5486 ), #3358, .F. ) ;
#4694 = ORIENTED_EDGE ( 'NONE', *, *, #2894, .T. ) ;
#4695 = CARTESIAN_POINT ( 'NONE',  ( -26.30081101256305587, -76.74250458711262013, -33.99683740000513410 ) ) ;
#4696 = CARTESIAN_POINT ( 'NONE',  ( -29.66000000000000369, -91.94834808253654046, 29.35147186257609064 ) ) ;
#4697 = CARTESIAN_POINT ( 'NONE',  ( -32.65999999999998238, -47.53814601644158699, 30.85488423168238015 ) ) ;
#4698 = DIRECTION ( 'NONE',  ( 0.000000000000000000, 0.000000000000000000, -1.000000000000000000 ) ) ;
#4699 = ORIENTED_EDGE ( 'NONE', *, *, #3142, .T. ) ;
#4700 = DIRECTION ( 'NONE',  ( 0.000000000000000000, 1.000000000000000000, 0.000000000000000000 ) ) ;
#4701 = B_SPLINE_CURVE_WITH_KNOTS ( 'NONE', 3,
 ( #2707, #4406, #616, #2285, #2846, #2011, #5347, #5379 ),
 .UNSPECIFIED., .F., .F.,
 ( 4, 2, 2, 4 ),
 ( 0.000000000000000000, 0.001498768931060087900, 0.002248153396590138031, 0.002997537862120187944 ),
 .UNSPECIFIED. ) ;
#4702 = EDGE_CURVE ( 'NONE', #3472, #1714, #5445, .T. ) ;
#4703 = DIRECTION ( 'NONE',  ( 0.000000000000000000, -1.000000000000000000, 0.000000000000000000 ) ) ;
#4704 = VECTOR ( 'NONE', #457, 1000.000000000000000 ) ;
#4705 = ORIENTED_EDGE ( 'NONE', *, *, #2080, .T. ) ;
#4706 = PLANE ( 'NONE',  #1884 ) ;
#4707 = PLANE ( 'NONE',  #1907 ) ;
#4708 = CIRCLE ( 'NONE', #5060, 2.000000000000001776 ) ;
#4709 = EDGE_CURVE ( 'NONE', #3999, #2668, #1754, .T. ) ;
#4710 = LINE ( 'NONE', #4741, #1442 ) ;
#4711 = DIRECTION ( 'NONE',  ( 1.000000000000000000, 0.000000000000000000, -4.999203100797713916E-17 ) ) ;
#4712 = CARTESIAN_POINT ( 'NONE',  ( 31.84136692642334410, -79.44384384579264236, -39.28542377192295731 ) ) ;
#4713 = CARTESIAN_POINT ( 'NONE',  ( 29.66000000000000014, -34.85806755850114058, 33.39999999999999858 ) ) ;
#4714 = CARTESIAN_POINT ( 'NONE',  ( 2.608497682183862521E-15, 0.000000000000000000, 21.30000000000000071 ) ) ;
#4715 = LINE ( 'NONE', #2603, #2615 ) ;
#4716 = ORIENTED_EDGE ( 'NONE', *, *, #3391, .T. ) ;
#4717 = AXIS2_PLACEMENT_3D ( 'NONE', #4271, #3857, #4664 ) ;
#4718 = AXIS2_PLACEMENT_3D ( 'NONE', #464, #4582, #2943 ) ;
#4719 = ORIENTED_EDGE ( 'NONE', *, *, #3565, .F. ) ;
#4720 = ORIENTED_EDGE ( 'NONE', *, *, #4922, .T. ) ;
#4721 = CYLINDRICAL_SURFACE ( 'NONE', #2754, 4.000000000000003553 ) ;
#4722 = VECTOR ( 'NONE', #805, 1000.000000000000000 ) ;
#4723 = AXIS2_PLACEMENT_3D ( 'NONE', #3144, #4920, #4483 ) ;
#4724 = CARTESIAN_POINT ( 'NONE',  ( -29.89086352987703421, -77.60957541786571312, -30.79556723967165155 ) ) ;
#4725 = CARTESIAN_POINT ( 'NONE',  ( -29.77568765802954331, -77.28690432612719974, 33.95714265928747722 ) ) ;
#4726 = ORIENTED_EDGE ( 'NONE', *, *, #3958, .F. ) ;
#4727 = STYLED_ITEM ( 'NONE', ( #3138 ), #3660 ) ;
#4728 = CARTESIAN_POINT ( 'NONE',  ( 24.80000000000000426, -1.000000000000000000, 0.000000000000000000 ) ) ;
#4729 = ADVANCED_FACE ( 'NONE', ( #880 ), #4253, .T. ) ;
#4730 = CARTESIAN_POINT ( 'NONE',  ( 22.49999999999998579, -3.812238329577783968, -32.00000000000000000 ) ) ;
#4731 = EDGE_LOOP ( 'NONE', ( #3496, #3218, #2097, #5048, #732, #1706 ) ) ;
#4732 = CARTESIAN_POINT ( 'NONE',  ( 25.80000000000000426, 80.50962675357526166, -28.80000000000000782 ) ) ;
#4733 = EDGE_CURVE ( 'NONE', #4336, #4542, #4560, .T. ) ;
#4734 = VERTEX_POINT ( 'NONE', #4230 ) ;
#4735 = CYLINDRICAL_SURFACE ( 'NONE', #553, 2.999999999999999112 ) ;
#4736 = ORIENTED_EDGE ( 'NONE', *, *, #3797, .F. ) ;
#4737 = CARTESIAN_POINT ( 'NONE',  ( -28.52488603292665204, -79.31384022771842979, 17.17755243090755357 ) ) ;
#4738 = DIRECTION ( 'NONE',  ( -2.850957430653865977E-17, -0.6942372417107872673, -0.7197462415475318620 ) ) ;
#4739 = VECTOR ( 'NONE', #105, 1000.000000000000000 ) ;
#4740 = ORIENTED_EDGE ( 'NONE', *, *, #956, .F. ) ;
#4741 = CARTESIAN_POINT ( 'NONE',  ( -29.65999999999998238, -47.24127269365999382, 45.56696368325219026 ) ) ;
#4742 = VECTOR ( 'NONE', #3082, 1000.000000000000000 ) ;
#4743 = DIRECTION ( 'NONE',  ( 0.000000000000000000, 0.9921567416492215186, -0.1250000000000002498 ) ) ;
#4744 = CARTESIAN_POINT ( 'NONE',  ( 9.203291093141304557, 2.660860852586744975E-15, 16.37742799230606394 ) ) ;
#4745 = CARTESIAN_POINT ( 'NONE',  ( -32.58804194024721568, -81.44958813556132782, -41.90924142217968296 ) ) ;
#4746 = EDGE_CURVE ( 'NONE', #3412, #5342, #2610, .T. ) ;
#4747 = ADVANCED_FACE ( 'NONE', ( #1327 ), #3390, .F. ) ;
#4748 = ORIENTED_EDGE ( 'NONE', *, *, #2021, .T. ) ;
#4749 = VERTEX_POINT ( 'NONE', #3837 ) ;
#4750 = FACE_OUTER_BOUND ( 'NONE', #1624, .T. ) ;
#4751 = LINE ( 'NONE', #111, #3835 ) ;
#4752 = DIRECTION ( 'NONE',  ( 0.000000000000000000, 1.000000000000000000, 0.000000000000000000 ) ) ;
#4753 = VERTEX_POINT ( 'NONE', #4281 ) ;
#4754 =( BOUNDED_CURVE ( )  B_SPLINE_CURVE ( 3, ( #3012, #1852, #2183, #893 ),
 .UNSPECIFIED., .F., .F. ) 
 B_SPLINE_CURVE_WITH_KNOTS ( ( 4, 4 ),
 ( 0.000000000000000000, 1.570796326794896558 ),
 .UNSPECIFIED. ) 
 CURVE ( )  GEOMETRIC_REPRESENTATION_ITEM ( )  RATIONAL_B_SPLINE_CURVE ( ( 1.000000000000000000, 0.8047378541243649375, 0.8047378541243649375, 1.000000000000000000 ) ) 
 REPRESENTATION_ITEM ( '' )  );
#4755 = ADVANCED_FACE ( 'NONE', ( #4670 ), #1303, .T. ) ;
#4756 = FACE_OUTER_BOUND ( 'NONE', #1449, .T. ) ;
#4757 = CARTESIAN_POINT ( 'NONE',  ( -29.66000000000000369, 3.000000000000000000, 37.40000000000000568 ) ) ;
#4758 = CARTESIAN_POINT ( 'NONE',  ( 33.80000000000000426, -85.45000000000000284, -33.78336146153466757 ) ) ;
#4759 = CARTESIAN_POINT ( 'NONE',  ( -29.65999999999997883, -69.94387132699134213, 26.35147186257609064 ) ) ;
#4760 = ORIENTED_EDGE ( 'NONE', *, *, #4239, .F. ) ;
#4761 = DIRECTION ( 'NONE',  ( -1.000000000000000000, 0.000000000000000000, 0.000000000000000000 ) ) ;
#4762 = CARTESIAN_POINT ( 'NONE',  ( -28.65999999999998238, -79.44999999999998863, 18.09673155287556767 ) ) ;
#4763 = CARTESIAN_POINT ( 'NONE',  ( -19.45000000000001705, -65.44999999999998863, -32.00000000000000000 ) ) ;
#4764 = EDGE_CURVE ( 'NONE', #2594, #1130, #87, .T. ) ;
#4765 = CARTESIAN_POINT ( 'NONE',  ( 31.35442715570941630, -79.15377659299730340, -34.03369938680624784 ) ) ;
#4766 = DIRECTION ( 'NONE',  ( -1.000000000000000000, 0.000000000000000000, 0.000000000000000000 ) ) ;
#4767 = LINE ( 'NONE', #4838, #499 ) ;
#4768 = ORIENTED_EDGE ( 'NONE', *, *, #1408, .T. ) ;
#4769 = LINE ( 'NONE', #2242, #482 ) ;
#4770 = CARTESIAN_POINT ( 'NONE',  ( 32.65999999999999659, -79.44999999999998863, -5.720183209558438620 ) ) ;
#4771 = ORIENTED_EDGE ( 'NONE', *, *, #1661, .T. ) ;
#4772 = CARTESIAN_POINT ( 'NONE',  ( 32.65999999999999659, -76.44999999999998863, -32.00000000000000000 ) ) ;
#4773 = CARTESIAN_POINT ( 'NONE',  ( 19.44999999999846096, -65.45000000000145235, -32.00000000000000000 ) ) ;
#4774 = EDGE_CURVE ( 'NONE', #3917, #2171, #1813, .T. ) ;
#4775 = FACE_OUTER_BOUND ( 'NONE', #2093, .T. ) ;
#4776 = CARTESIAN_POINT ( 'NONE',  ( 29.73133633143506316, -40.58710633532565737, 32.86026978556719058 ) ) ;
#4777 = ADVANCED_FACE ( 'NONE', ( #5137 ), #4335, .F. ) ;
#4778 = ORIENTED_EDGE ( 'NONE', *, *, #5219, .T. ) ;
#4779 = LINE ( 'NONE', #1388, #327 ) ;
#4780 =( BOUNDED_CURVE ( )  B_SPLINE_CURVE ( 3, ( #4897, #1080, #265, #3627 ),
 .UNSPECIFIED., .F., .T. ) 
 B_SPLINE_CURVE_WITH_KNOTS ( ( 4, 4 ),
 ( 3.141592653589793116, 4.712388980384689674 ),
 .UNSPECIFIED. ) 
 CURVE ( )  GEOMETRIC_REPRESENTATION_ITEM ( )  RATIONAL_B_SPLINE_CURVE ( ( 1.000000000000000000, 0.8047378541243649375, 0.8047378541243649375, 1.000000000000000000 ) ) 
 REPRESENTATION_ITEM ( '' )  );
#4781 = CARTESIAN_POINT ( 'NONE',  ( -21.10000000000000853, -24.36999999999999744, -23.33309524416879555 ) ) ;
#4782 = ORIENTED_EDGE ( 'NONE', *, *, #718, .T. ) ;
#4783 = CARTESIAN_POINT ( 'NONE',  ( -32.65999999999998238, -67.78463260234875065, 24.26876013744371718 ) ) ;
#4784 = ORIENTED_EDGE ( 'NONE', *, *, #4376, .T. ) ;
#4785 = FACE_OUTER_BOUND ( 'NONE', #2939, .T. ) ;
#4786 = CARTESIAN_POINT ( 'NONE',  ( -29.65999999999999304, -65.34395145777227754, 37.40000000000000568 ) ) ;
#4787 = CARTESIAN_POINT ( 'NONE',  ( 29.65999999999999659, -76.44999999999998863, -32.00000000000000000 ) ) ;
#4788 = ADVANCED_FACE ( 'NONE', ( #4308 ), #2341, .T. ) ;
#4789 = DIRECTION ( 'NONE',  ( -0.000000000000000000, -1.000000000000000000, -0.000000000000000000 ) ) ;
#4790 = DIRECTION ( 'NONE',  ( 0.000000000000000000, 0.1250000000000000278, 0.9921567416492215186 ) ) ;
#4791 = ORIENTED_EDGE ( 'NONE', *, *, #5182, .T. ) ;
#4792 = CARTESIAN_POINT ( 'NONE',  ( 26.45658193824913695, -77.59273462716923575, 38.01107007131910365 ) ) ;
#4793 = CARTESIAN_POINT ( 'NONE',  ( -26.72166810359356148, -58.43247781328993540, 37.40000000000000568 ) ) ;
#4794 = AXIS2_PLACEMENT_3D ( 'NONE', #2098, #3930, #552 ) ;
#4795 = VERTEX_POINT ( 'NONE', #2194 ) ;
#4796 = FACE_OUTER_BOUND ( 'NONE', #1190, .T. ) ;
#4797 = CARTESIAN_POINT ( 'NONE',  ( -25.73558585617888639, -75.55783387303760890, -33.12205113472558793 ) ) ;
#4798 = AXIS2_PLACEMENT_3D ( 'NONE', #757, #2434, #4023 ) ;
#4799 = CARTESIAN_POINT ( 'NONE',  ( 27.65999999999999659, 1.000000000000000000, -32.00000000000000000 ) ) ;
#4800 = AXIS2_PLACEMENT_3D ( 'NONE', #1471, #4813, #2705 ) ;
#4801 = CARTESIAN_POINT ( 'NONE',  ( 25.80000000000000426, -76.44999999999998863, 15.10000000000000142 ) ) ;
#4802 = CIRCLE ( 'NONE', #4006, 2.999999999999999112 ) ;
#4803 = CIRCLE ( 'NONE', #4275, 2.000000000000001776 ) ;
#4804 = CARTESIAN_POINT ( 'NONE',  ( 34.11349104678047439, -43.60449481924135284, 37.39999999999825775 ) ) ;
#4805 = CARTESIAN_POINT ( 'NONE',  ( -29.29689575192915285, -76.56116826350560700, 37.34807673284804963 ) ) ;
#4806 = AXIS2_PLACEMENT_3D ( 'NONE', #1790, #4857, #2619 ) ;
#4807 = DIRECTION ( 'NONE',  ( 0.000000000000000000, 0.000000000000000000, -1.000000000000000000 ) ) ;
#4808 = EDGE_CURVE ( 'NONE', #619, #3874, #612, .T. ) ;
#4809 = EDGE_CURVE ( 'NONE', #2335, #4821, #3675, .T. ) ;
#4810 = DIRECTION ( 'NONE',  ( 7.947490770598426974E-17, 0.000000000000000000, -1.000000000000000000 ) ) ;
#4811 = CARTESIAN_POINT ( 'NONE',  ( -28.14374281600686700, -78.93152749015203540, 16.40233272075768767 ) ) ;
#4812 = CARTESIAN_POINT ( 'NONE',  ( -29.65999999999997883, -66.94387132699134213, 26.35147186257609064 ) ) ;
#4813 = DIRECTION ( 'NONE',  ( 1.000000000000000000, 0.000000000000000000, -9.998406201595427833E-17 ) ) ;
#4814 = CARTESIAN_POINT ( 'NONE',  ( 25.66000000000000014, 1.000000000000000000, 37.40000000000000568 ) ) ;
#4815 = CARTESIAN_POINT ( 'NONE',  ( -40.65999999999996817, -85.45000000000000284, -41.90924142217968296 ) ) ;
#4816 = VERTEX_POINT ( 'NONE', #1705 ) ;
#4817 = AXIS2_PLACEMENT_3D ( 'NONE', #1250, #2920, #4285 ) ;
#4818 = PLANE ( 'NONE',  #2584 ) ;
#4819 = CARTESIAN_POINT ( 'NONE',  ( 31.80430959513600087, -79.44999999999998863, -2.716880583787843584 ) ) ;
#4820 = VECTOR ( 'NONE', #500, 1000.000000000000000 ) ;
#4821 = VERTEX_POINT ( 'NONE', #2974 ) ;
#4822 = CARTESIAN_POINT ( 'NONE',  ( 27.76623666320183403, -78.55293599322843079, 15.95218744084619189 ) ) ;
#4823 = CARTESIAN_POINT ( 'NONE',  ( -25.93309143494062496, -76.08683208046277002, -33.47735420338936763 ) ) ;
#4824 = CARTESIAN_POINT ( 'NONE',  ( -26.45658004245935757, -77.59273280345024659, 38.01106893698168676 ) ) ;
#4825 = DIRECTION ( 'NONE',  ( 1.000000000000000000, 0.000000000000000000, -9.998406201595427833E-17 ) ) ;
#4826 = AXIS2_PLACEMENT_3D ( 'NONE', #4322, #2724, #1396 ) ;
#4827 = EDGE_CURVE ( 'NONE', #3136, #3626, #3153, .T. ) ;
#4828 = CARTESIAN_POINT ( 'NONE',  ( 29.93917206613221538, -39.68396328566893061, 37.40000000000000568 ) ) ;
#4829 = CARTESIAN_POINT ( 'NONE',  ( -28.49284667659805237, -78.76428191102198184, 39.15757044027819234 ) ) ;
#4830 = ORIENTED_EDGE ( 'NONE', *, *, #5359, .T. ) ;
#4831 = CARTESIAN_POINT ( 'NONE',  ( -29.66000000000001080, -81.44958813554596588, -39.90924142217967585 ) ) ;
#4832 = CARTESIAN_POINT ( 'NONE',  ( -30.97861320796415185, -78.93453988810148303, -34.76366711040505209 ) ) ;
#4833 = EDGE_CURVE ( 'NONE', #890, #2179, #245, .T. ) ;
#4834 = LINE ( 'NONE', #4480, #3112 ) ;
#4835 = CARTESIAN_POINT ( 'NONE',  ( -39.83157287525377654, -79.44999999999998863, -41.08081429743349133 ) ) ;
#4836 = CARTESIAN_POINT ( 'NONE',  ( -32.63209442047846665, -46.43637148663628267, 33.94310831083331692 ) ) ;
#4837 = CARTESIAN_POINT ( 'NONE',  ( -29.66000000000000369, -38.71630092818491420, 33.39999999999999858 ) ) ;
#4838 = CARTESIAN_POINT ( 'NONE',  ( 40.65999999999999659, -79.44999999999998863, 45.39999999999999858 ) ) ;
#4839 = EDGE_CURVE ( 'NONE', #3783, #1200, #2611, .T. ) ;
#4840 = ORIENTED_EDGE ( 'NONE', *, *, #3267, .F. ) ;
#4841 = CARTESIAN_POINT ( 'NONE',  ( -2.780973959129913631, -79.14563288639821792, 39.85392075147049695 ) ) ;
#4842 = CARTESIAN_POINT ( 'NONE',  ( -31.82664645825110483, -78.24142588275229571, -1.602125311056764145 ) ) ;
#4843 = EDGE_LOOP ( 'NONE', ( #5214, #5178, #493, #4035, #5335, #395, #76 ) ) ;
#4844 = DIRECTION ( 'NONE',  ( 4.999203100797713916E-17, -0.000000000000000000, 1.000000000000000000 ) ) ;
#4845 = CARTESIAN_POINT ( 'NONE',  ( -30.38108673387590741, -78.40360705748123848, -32.73900504605615680 ) ) ;
#4846 = PLANE ( 'NONE',  #831 ) ;
#4847 = DIRECTION ( 'NONE',  ( 0.000000000000000000, 0.000000000000000000, 1.000000000000000000 ) ) ;
#4848 = VERTEX_POINT ( 'NONE', #4801 ) ;
#4849 = CARTESIAN_POINT ( 'NONE',  ( 29.59141929880168576, -77.68011520897670152, 37.84608640764587051 ) ) ;
#4850 = CARTESIAN_POINT ( 'NONE',  ( 29.65999999999999659, -38.71630092818489999, 33.39999999999999858 ) ) ;
#4851 = EDGE_CURVE ( 'NONE', #3626, #864, #3970, .T. ) ;
#4852 = DIRECTION ( 'NONE',  ( -1.589498154119685395E-16, 0.000000000000000000, 1.000000000000000000 ) ) ;
#4853 = CARTESIAN_POINT ( 'NONE',  ( -29.88715823621200940, -77.60070571096741787, 34.29395451922970750 ) ) ;
#4854 = VERTEX_POINT ( 'NONE', #188 ) ;
#4855 = ORIENTED_EDGE ( 'NONE', *, *, #2342, .T. ) ;
#4856 = ORIENTED_EDGE ( 'NONE', *, *, #4808, .F. ) ;
#4857 = DIRECTION ( 'NONE',  ( -0.000000000000000000, 1.000000000000000000, 0.000000000000000000 ) ) ;
#4858 = ORIENTED_EDGE ( 'NONE', *, *, #4453, .T. ) ;
#4859 = FACE_OUTER_BOUND ( 'NONE', #1503, .T. ) ;
#4860 = DIRECTION ( 'NONE',  ( -0.000000000000000000, -1.000000000000000000, -0.000000000000000000 ) ) ;
#4861 = ADVANCED_FACE ( 'NONE', ( #4413 ), #1555, .T. ) ;
#4862 = ORIENTED_EDGE ( 'NONE', *, *, #2263, .T. ) ;
#4863 = CARTESIAN_POINT ( 'NONE',  ( 28.81923872464258807, -49.87305301709035632, 28.43418358770845700 ) ) ;
#4864 = CARTESIAN_POINT ( 'NONE',  ( 0.000000000000000000, -76.44999999999998863, 29.35147186257609064 ) ) ;
#4865 = EDGE_LOOP ( 'NONE', ( #277, #477, #1837, #952 ) ) ;
#4866 = CARTESIAN_POINT ( 'NONE',  ( 24.80000000000000426, 0.000000000000000000, 31.99999999999999289 ) ) ;
#4867 = CARTESIAN_POINT ( 'NONE',  ( 32.66000000000388326, -79.44999999999998863, -5.440187838153573985 ) ) ;
#4868 = ADVANCED_FACE ( 'NONE', ( #3182 ), #3525, .F. ) ;
#4869 = EDGE_CURVE ( 'NONE', #4111, #2858, #4000, .T. ) ;
#4870 = EDGE_LOOP ( 'NONE', ( #3508, #2355, #966, #1793 ) ) ;
#4871 = LINE ( 'NONE', #293, #1178 ) ;
#4872 = CYLINDRICAL_SURFACE ( 'NONE', #383, 4.000000000000003553 ) ;
#4873 = CARTESIAN_POINT ( 'NONE',  ( -28.41735931288069139, -62.73465103598690717, 15.10000000000000320 ) ) ;
#4874 = DIRECTION ( 'NONE',  ( -1.000000000000000000, 0.000000000000000000, 0.000000000000000000 ) ) ;
#4875 = CIRCLE ( 'NONE', #3290, 4.000000000000002665 ) ;
#4876 = ORIENTED_EDGE ( 'NONE', *, *, #4437, .T. ) ;
#4877 = DIRECTION ( 'NONE',  ( 1.000000000000000000, 1.006181057087710493E-13, 0.000000000000000000 ) ) ;
#4878 = VECTOR ( 'NONE', #4503, 1000.000000000000000 ) ;
#4879 = VECTOR ( 'NONE', #1397, 1000.000000000000000 ) ;
#4880 = DIRECTION ( 'NONE',  ( -0.000000000000000000, -0.000000000000000000, -1.000000000000000000 ) ) ;
#4881 = UNCERTAINTY_MEASURE_WITH_UNIT (LENGTH_MEASURE( 1.000000000000000082E-05 ), #2698, 'distance_accuracy_value', 'NONE');
#4882 = CARTESIAN_POINT ( 'NONE',  ( -26.00634760246328270, -77.04526971291734583, 37.72932505930654656 ) ) ;
#4883 = ORIENTED_EDGE ( 'NONE', *, *, #2099, .T. ) ;
#4884 = CIRCLE ( 'NONE', #1619, 2.000000000000001776 ) ;
#4885 = CARTESIAN_POINT ( 'NONE',  ( 25.80000000000000426, -12.45000000000000284, 23.35147186257609420 ) ) ;
#4886 = AXIS2_PLACEMENT_3D ( 'NONE', #2465, #5455, #1246 ) ;
#4887 = EDGE_CURVE ( 'NONE', #4623, #1797, #4653, .T. ) ;
#4888 = AXIS2_PLACEMENT_3D ( 'NONE', #5161, #2848, #1985 ) ;
#4889 = LINE ( 'NONE', #5343, #4878 ) ;
#4890 = CARTESIAN_POINT ( 'NONE',  ( 25.80000000000000426, -12.45000000000000284, 29.35147186257609064 ) ) ;
#4891 = CARTESIAN_POINT ( 'NONE',  ( -34.89264468021249144, -43.48251322356917825, 37.39999999999667324 ) ) ;
#4892 = EDGE_CURVE ( 'NONE', #3860, #279, #5229, .T. ) ;
#4893 = CARTESIAN_POINT ( 'NONE',  ( -29.66000000000000369, -76.44999999999998863, 33.46274606680623265 ) ) ;
#4894 = CARTESIAN_POINT ( 'NONE',  ( -29.85698617189507331, -67.99116502440119802, 28.63584642707460404 ) ) ;
#4895 = VERTEX_POINT ( 'NONE', #3605 ) ;
#4896 = ORIENTED_EDGE ( 'NONE', *, *, #4027, .T. ) ;
#4897 = CARTESIAN_POINT ( 'NONE',  ( 40.66000000000000369, -81.44999999999998863, -41.90924142217968296 ) ) ;
#4898 = FACE_OUTER_BOUND ( 'NONE', #859, .T. ) ;
#4899 = DIRECTION ( 'NONE',  ( -0.000000000000000000, -1.000000000000000000, -0.000000000000000000 ) ) ;
#4900 = VECTOR ( 'NONE', #1399, 1000.000000000000114 ) ;
#4901 = CARTESIAN_POINT ( 'NONE',  ( -31.06924952736262213, -79.36002054789294391, -38.61163135879787234 ) ) ;
#4902 = CARTESIAN_POINT ( 'NONE',  ( 29.65999999999998948, -66.94387132699134213, 28.10883117545679966 ) ) ;
#4903 = CARTESIAN_POINT ( 'NONE',  ( 30.08053430895126468, -77.99670430671352506, -31.61811551546486854 ) ) ;
#4904 = EDGE_CURVE ( 'NONE', #2073, #4331, #5329, .T. ) ;
#4905 = VECTOR ( 'NONE', #2354, 1000.000000000000000 ) ;
#4906 = EDGE_LOOP ( 'NONE', ( #3583, #2901, #2888, #4047 ) ) ;
#4907 = FACE_OUTER_BOUND ( 'NONE', #1491, .T. ) ;
#4908 = DIRECTION ( 'NONE',  ( 0.000000000000000000, 0.000000000000000000, -1.000000000000000000 ) ) ;
#4909 = CARTESIAN_POINT ( 'NONE',  ( -30.02940537840979829, -77.89630599308512160, 34.69685545988287600 ) ) ;
#4910 = ADVANCED_FACE ( 'NONE', ( #4775 ), #2274, .T. ) ;
#4911 = VERTEX_POINT ( 'NONE', #4549 ) ;
#4912 = CARTESIAN_POINT ( 'NONE',  ( 32.66000000000000369, -79.44999999999998863, 26.35147186257609064 ) ) ;
#4913 = CIRCLE ( 'NONE', #5006, 5.999999999999998224 ) ;
#4914 = CARTESIAN_POINT ( 'NONE',  ( -25.00000000000000711, -85.45000000000000284, 31.99999999999999289 ) ) ;
#4915 = CARTESIAN_POINT ( 'NONE',  ( 25.80000000000000426, -1.000000000000000888, 32.99999999999999289 ) ) ;
#4916 = CYLINDRICAL_SURFACE ( 'NONE', #2173, 2.000000000000001776 ) ;
#4917 = FACE_OUTER_BOUND ( 'NONE', #3571, .T. ) ;
#4918 =( BOUNDED_CURVE ( )  B_SPLINE_CURVE ( 3, ( #1146, #2798, #2885, #4464 ),
 .UNSPECIFIED., .F., .T. ) 
 B_SPLINE_CURVE_WITH_KNOTS ( ( 4, 4 ),
 ( 1.570796326794896558, 2.560943369823754256 ),
 .UNSPECIFIED. ) 
 CURVE ( )  GEOMETRIC_REPRESENTATION_ITEM ( )  RATIONAL_B_SPLINE_CURVE ( ( 1.000000000000000000, 0.9199558549410236097, 0.9199558549410236097, 1.000000000000000000 ) ) 
 REPRESENTATION_ITEM ( '' )  );
#4919 = ORIENTED_EDGE ( 'NONE', *, *, #4239, .T. ) ;
#4920 = DIRECTION ( 'NONE',  ( 1.000000000000000000, 0.000000000000000000, -3.961059142905700045E-17 ) ) ;
#4921 = CARTESIAN_POINT ( 'NONE',  ( -32.65999999999998238, -79.44999999999998863, 12.17476137696188410 ) ) ;
#4922 = EDGE_CURVE ( 'NONE', #437, #314, #3743, .T. ) ;
#4923 = EDGE_LOOP ( 'NONE', ( #3777, #5125, #1658, #2826 ) ) ;
#4924 = CARTESIAN_POINT ( 'NONE',  ( -3.007988970546254581, -79.43015618095698471, 40.94070987308759868 ) ) ;
#4925 = DIRECTION ( 'NONE',  ( 0.000000000000000000, -0.000000000000000000, 1.000000000000000000 ) ) ;
#4926 = CARTESIAN_POINT ( 'NONE',  ( -30.70726041638101478, -78.19555855681926460, 15.65236674567006503 ) ) ;
#4927 = DIRECTION ( 'NONE',  ( 1.156482317317871478E-16, -1.000000000000000000, 0.000000000000000000 ) ) ;
#4928 = CYLINDRICAL_SURFACE ( 'NONE', #5164, 8.000000000000000000 ) ;
#4929 = CARTESIAN_POINT ( 'NONE',  ( 29.67617266917163121, -47.66908045136750616, 37.27721209999775454 ) ) ;
#4930 = ORIENTED_EDGE ( 'NONE', *, *, #875, .T. ) ;
#4931 = EDGE_CURVE ( 'NONE', #4429, #2462, #4377, .T. ) ;
#4932 = CARTESIAN_POINT ( 'NONE',  ( 29.80843468640369665, -77.38880261107134118, 34.05865011927138397 ) ) ;
#4933 = DIRECTION ( 'NONE',  ( -1.000000000000000000, 0.000000000000000000, 4.999203100797713300E-17 ) ) ;
#4934 = CARTESIAN_POINT ( 'NONE',  ( -32.07495641948674603, -79.40789462568814372, 39.94071141356820220 ) ) ;
#4935 = VERTEX_POINT ( 'NONE', #5415 ) ;
#4936 = ORIENTED_EDGE ( 'NONE', *, *, #2469, .T. ) ;
#4937 = ORIENTED_EDGE ( 'NONE', *, *, #2329, .F. ) ;
#4938 = LINE ( 'NONE', #2361, #1805 ) ;
#4939 = ADVANCED_FACE ( 'NONE', ( #5388 ), #1360, .T. ) ;
#4940 = CARTESIAN_POINT ( 'NONE',  ( -28.65999999999998593, -48.03653567936055424, 37.40000000000000568 ) ) ;
#4941 = CARTESIAN_POINT ( 'NONE',  ( -40.65999999999998238, -81.44999999999998863, 45.39999999999999858 ) ) ;
#4942 = DIRECTION ( 'NONE',  ( 1.961247570352523610E-16, -1.000000000000000000, -0.000000000000000000 ) ) ;
#4943 = CARTESIAN_POINT ( 'NONE',  ( -34.65481258600793524, -43.56207193906606534, 37.40000000000001279 ) ) ;
#4944 = DIRECTION ( 'NONE',  ( 0.000000000000000000, 0.000000000000000000, -1.000000000000000000 ) ) ;
#4945 = CARTESIAN_POINT ( 'NONE',  ( -29.66000000000000369, -69.31357864228010612, 29.28451313940796297 ) ) ;
#4946 = ORIENTED_EDGE ( 'NONE', *, *, #4453, .F. ) ;
#4947 = CARTESIAN_POINT ( 'NONE',  ( -32.44856431179004375, -79.44805325149390285, -39.35404433203424190 ) ) ;
#4948 = DIRECTION ( 'NONE',  ( -0.000000000000000000, -1.000000000000000000, -0.000000000000000000 ) ) ;
#4949 =( BOUNDED_CURVE ( )  B_SPLINE_CURVE ( 3, ( #1493, #3109, #5257, #1463 ),
 .UNSPECIFIED., .F., .T. ) 
 B_SPLINE_CURVE_WITH_KNOTS ( ( 4, 4 ),
 ( 4.712388980384690562, 5.871668461112093951 ),
 .UNSPECIFIED. ) 
 CURVE ( )  GEOMETRIC_REPRESENTATION_ITEM ( )  RATIONAL_B_SPLINE_CURVE ( ( 1.000000000000000000, 0.8911066843560512263, 0.8911066843560512263, 1.000000000000000000 ) ) 
 REPRESENTATION_ITEM ( '' )  );
#4950 = ADVANCED_FACE ( 'NONE', ( #874 ), #2474, .T. ) ;
#4951 = CARTESIAN_POINT ( 'NONE',  ( 32.03393251856316937, -58.54978025056190916, 18.97029679393879320 ) ) ;
#4952 = CARTESIAN_POINT ( 'NONE',  ( -30.08053430892795177, -77.99670430667359255, -31.61811551537426723 ) ) ;
#4953 = CARTESIAN_POINT ( 'NONE',  ( -1.505785914471601545E-15, -7.812238329577779972, -28.80000000000000782 ) ) ;
#4954 = CARTESIAN_POINT ( 'NONE',  ( 25.65999999999999659, -74.78333333333333144, -32.72752525690952297 ) ) ;
#4955 = ORIENTED_EDGE ( 'NONE', *, *, #370, .T. ) ;
#4956 = ORIENTED_EDGE ( 'NONE', *, *, #243, .T. ) ;
#4957 = CARTESIAN_POINT ( 'NONE',  ( 30.19714819867207467, -78.16621539150126807, 35.15330821869846289 ) ) ;
#4958 = AXIS2_PLACEMENT_3D ( 'NONE', #5300, #4927, #269 ) ;
#4959 = CARTESIAN_POINT ( 'NONE',  ( 29.66000000000000014, -75.44999999999998863, 33.39999999999999858 ) ) ;
#4960 = ORIENTED_EDGE ( 'NONE', *, *, #1082, .F. ) ;
#4961 = ORIENTED_EDGE ( 'NONE', *, *, #2586, .T. ) ;
#4962 = CARTESIAN_POINT ( 'NONE',  ( 32.65999999999999659, -79.22941775385244512, -2.542035967666719909 ) ) ;
#4963 = VECTOR ( 'NONE', #5009, 1000.000000000000000 ) ;
#4964 = VECTOR ( 'NONE', #1425, 1000.000000000000000 ) ;
#4965 = CARTESIAN_POINT ( 'NONE',  ( -32.52347060426440351, -46.48791125650298284, 34.47055855163424098 ) ) ;
#4966 = DIRECTION ( 'NONE',  ( -0.000000000000000000, -1.000000000000000000, -0.000000000000000000 ) ) ;
#4967 = CIRCLE ( 'NONE', #3108, 5.999999999999998224 ) ;
#4968 = ORIENTED_EDGE ( 'NONE', *, *, #4574, .F. ) ;
#4969 = CARTESIAN_POINT ( 'NONE',  ( -29.73133633143550725, -40.58710633532719214, 32.86026978556773059 ) ) ;
#4970 = CIRCLE ( 'NONE', #5339, 2.000000000000002220 ) ;
#4971 = SHAPE_DEFINITION_REPRESENTATION ( #414, #2780 ) ;
#4972 = EDGE_CURVE ( 'NONE', #2338, #113, #1211, .T. ) ;
#4973 = ADVANCED_FACE ( 'NONE', ( #1749 ), #3016, .T. ) ;
#4974 = LINE ( 'NONE', #3680, #3294 ) ;
#4975 = VECTOR ( 'NONE', #3428, 1000.000000000000114 ) ;
#4976 = AXIS2_PLACEMENT_3D ( 'NONE', #4324, #4711, #2599 ) ;
#4977 = VERTEX_POINT ( 'NONE', #4329 ) ;
#4978 = LINE ( 'NONE', #5439, #4963 ) ;
#4979 = CARTESIAN_POINT ( 'NONE',  ( -30.20194513594874053, -67.41737094569515421, 27.97821165958810852 ) ) ;
#4980 = ORIENTED_EDGE ( 'NONE', *, *, #4869, .F. ) ;
#4981 = CARTESIAN_POINT ( 'NONE',  ( 28.65999999999999304, -41.22499999999998721, 37.40000000000000568 ) ) ;
#4982 = PLANE ( 'NONE',  #857 ) ;
#4983 = ORIENTED_EDGE ( 'NONE', *, *, #3881, .T. ) ;
#4984 = CARTESIAN_POINT ( 'NONE',  ( 29.74954089411362546, -58.86706151560196787, 37.39999999999999858 ) ) ;
#4985 = CARTESIAN_POINT ( 'NONE',  ( 2.958401266612979974, -79.34670023448011023, 40.48979698505410596 ) ) ;
#4986 = DIRECTION ( 'NONE',  ( -1.000000000000000000, 0.000000000000000000, 0.000000000000000000 ) ) ;
#4987 = CARTESIAN_POINT ( 'NONE',  ( 29.14396047099579334, -75.99902922897520341, -33.34292698416024336 ) ) ;
#4988 = VERTEX_POINT ( 'NONE', #539 ) ;
#4989 = ORIENTED_EDGE ( 'NONE', *, *, #2501, .F. ) ;
#4990 = CARTESIAN_POINT ( 'NONE',  ( 21.09999999999998721, -24.37000000000000099, -28.80000000000000782 ) ) ;
#4991 = DIRECTION ( 'NONE',  ( 2.105727161795421162E-16, -0.7197462415475317510, 0.6942372417107872673 ) ) ;
#4992 = DIRECTION ( 'NONE',  ( 0.000000000000000000, -1.000000000000000000, 0.000000000000000000 ) ) ;
#4993 = LINE ( 'NONE', #2891, #3853 ) ;
#4994 = EDGE_CURVE ( 'NONE', #1413, #3472, #926, .T. ) ;
#4995 = AXIS2_PLACEMENT_3D ( 'NONE', #4501, #714, #4062 ) ;
#4996 = ORIENTED_EDGE ( 'NONE', *, *, #5088, .T. ) ;
#4997 = ORIENTED_EDGE ( 'NONE', *, *, #1266, .T. ) ;
#4998 = CARTESIAN_POINT ( 'NONE',  ( 19.44999999999998863, -24.37000000000000099, -32.00000000000000000 ) ) ;
#4999 = VECTOR ( 'NONE', #3991, 1000.000000000000000 ) ;
#5000 = CARTESIAN_POINT ( 'NONE',  ( -32.65999999999997527, -46.42293213100864335, 33.67427081796517285 ) ) ;
#5001 = ORIENTED_EDGE ( 'NONE', *, *, #3167, .T. ) ;
#5002 = CARTESIAN_POINT ( 'NONE',  ( -25.80000000000000426, -18.44999999999999574, 29.35147186257609064 ) ) ;
#5003 = EDGE_LOOP ( 'NONE', ( #3207, #3887, #951, #5080 ) ) ;
#5004 = FACE_OUTER_BOUND ( 'NONE', #3861, .T. ) ;
#5005 = CARTESIAN_POINT ( 'NONE',  ( -32.69192304005296990, -47.56471292501235126, 30.84721963802396871 ) ) ;
#5006 = AXIS2_PLACEMENT_3D ( 'NONE', #869, #3768, #5071 ) ;
#5007 = EDGE_CURVE ( 'NONE', #836, #838, #4715, .T. ) ;
#5008 = ORIENTED_EDGE ( 'NONE', *, *, #1735, .T. ) ;
#5009 = DIRECTION ( 'NONE',  ( -0.000000000000000000, -1.000000000000000000, -0.000000000000000000 ) ) ;
#5010 = CARTESIAN_POINT ( 'NONE',  ( -29.53878172510347966, -75.93394892909601879, 37.38683903497516781 ) ) ;
#5011 = ORIENTED_EDGE ( 'NONE', *, *, #1666, .T. ) ;
#5012 = DIRECTION ( 'NONE',  ( 0.000000000000000000, -1.000000000000000000, 0.000000000000000000 ) ) ;
#5013 = DIRECTION ( 'NONE',  ( -0.000000000000000000, 0.000000000000000000, 1.000000000000000000 ) ) ;
#5014 = EDGE_CURVE ( 'NONE', #2386, #586, #2832, .T. ) ;
#5015 = DIRECTION ( 'NONE',  ( -1.589498154119685395E-16, 0.000000000000000000, 1.000000000000000000 ) ) ;
#5016 = CARTESIAN_POINT ( 'NONE',  ( -25.65999999999998238, -85.45000000000000284, 26.35474030970052794 ) ) ;
#5017 = CARTESIAN_POINT ( 'NONE',  ( 32.36849530962329169, -79.44999999999997442, 40.67285965533863390 ) ) ;
#5018 = CARTESIAN_POINT ( 'NONE',  ( 31.80214499216669921, -46.81517278223288514, 35.88939713486753647 ) ) ;
#5019 = ORIENTED_EDGE ( 'NONE', *, *, #2351, .T. ) ;
#5020 = B_SPLINE_CURVE_WITH_KNOTS ( 'NONE', 3,
 ( #704, #3179, #3255, #5354, #680, #3232, #1481, #3572, #4021, #4926, #2821, #4513, #1086, #2404, #1059, #1585 ),
 .UNSPECIFIED., .F., .F.,
 ( 4, 2, 2, 2, 2, 2, 2, 4 ),
 ( 0.000000000000000000, 0.0007069555157721230327, 0.001413911031544246065, 0.002120866547316369206, 0.002827822063088492131, 0.003534777578860615489, 0.004241733094632738413, 0.005655644126176969516 ),
 .UNSPECIFIED. ) ;
#5021 = ORIENTED_EDGE ( 'NONE', *, *, #5159, .F. ) ;
#5022 = CARTESIAN_POINT ( 'NONE',  ( 40.66000000000000369, -85.45000000000000284, -41.90924142217968296 ) ) ;
#5023 = CARTESIAN_POINT ( 'NONE',  ( 32.63029243370367993, -79.44985290647807119, -39.90924142215843773 ) ) ;
#5024 = DIRECTION ( 'NONE',  ( -1.000000000000000000, -0.000000000000000000, -0.000000000000000000 ) ) ;
#5025 = CARTESIAN_POINT ( 'NONE',  ( 29.65999999999999659, -12.45000000000000284, 15.10000000000000142 ) ) ;
#5026 = ORIENTED_EDGE ( 'NONE', *, *, #4972, .T. ) ;
#5027 = ORIENTED_EDGE ( 'NONE', *, *, #4839, .T. ) ;
#5028 = LINE ( 'NONE', #3809, #3576 ) ;
#5029 = ADVANCED_FACE ( 'NONE', ( #2211 ), #94, .F. ) ;
#5030 = CARTESIAN_POINT ( 'NONE',  ( 31.83802139257232966, -46.67588346404721023, 31.10364829368656459 ) ) ;
#5031 = DIRECTION ( 'NONE',  ( -1.000000000000000000, -0.000000000000000000, 4.999203100797713916E-17 ) ) ;
#5032 = DIRECTION ( 'NONE',  ( 1.000000000000000000, 4.822023056331055878E-17, 0.000000000000000000 ) ) ;
#5033 = FACE_OUTER_BOUND ( 'NONE', #2514, .T. ) ;
#5034 = ORIENTED_EDGE ( 'NONE', *, *, #4470, .F. ) ;
#5035 = LINE ( 'NONE', #5406, #5154 ) ;
#5036 = ORIENTED_EDGE ( 'NONE', *, *, #1431, .F. ) ;
#5037 = LINE ( 'NONE', #1259, #5168 ) ;
#5038 = LINE ( 'NONE', #2960, #246 ) ;
#5039 = EDGE_CURVE ( 'NONE', #3484, #2649, #2657, .T. ) ;
#5040 = CARTESIAN_POINT ( 'NONE',  ( 28.65999999999999304, -56.02371670659665881, 37.40000000000000568 ) ) ;
#5041 = CARTESIAN_POINT ( 'NONE',  ( 0.4565741721755259275, -77.60928016972019350, 38.03279074491076983 ) ) ;
#5042 = CYLINDRICAL_SURFACE ( 'NONE', #4205, 3.000000000000002665 ) ;
#5043 = CARTESIAN_POINT ( 'NONE',  ( 29.67776649683611367, -76.81528607780167306, 33.60742751575913445 ) ) ;
#5044 = CARTESIAN_POINT ( 'NONE',  ( 31.48676312914330921, -79.21654688363521757, -36.38674023092979581 ) ) ;
#5045 = EDGE_CURVE ( 'NONE', #1810, #3135, #130, .T. ) ;
#5046 = ADVANCED_FACE ( 'NONE', ( #1835 ), #2291, .F. ) ;
#5047 = ORIENTED_EDGE ( 'NONE', *, *, #108, .F. ) ;
#5048 = ORIENTED_EDGE ( 'NONE', *, *, #2913, .T. ) ;
#5049 = ORIENTED_EDGE ( 'NONE', *, *, #4869, .T. ) ;
#5050 = CARTESIAN_POINT ( 'NONE',  ( 32.65999999999999659, -78.42897497983091171, -1.170994976263370457 ) ) ;
#5051 = CARTESIAN_POINT ( 'NONE',  ( 29.65999999999999659, -76.15170836694845491, -5.410931171674598694 ) ) ;
#5052 = DIRECTION ( 'NONE',  ( 1.000000000000000000, 0.000000000000000000, -9.998406201595427833E-17 ) ) ;
#5053 = ORIENTED_EDGE ( 'NONE', *, *, #3958, .T. ) ;
#5054 = ORIENTED_EDGE ( 'NONE', *, *, #491, .T. ) ;
#5055 = CARTESIAN_POINT ( 'NONE',  ( -25.66000000000001080, -74.78333333333333144, -32.72752525690953007 ) ) ;
#5056 = CARTESIAN_POINT ( 'NONE',  ( -28.14586029966672953, -78.93365085612668963, 28.04592226166598223 ) ) ;
#5057 = ORIENTED_EDGE ( 'NONE', *, *, #3769, .F. ) ;
#5058 = CYLINDRICAL_SURFACE ( 'NONE', #1177, 2.000000000000001776 ) ;
#5059 = CARTESIAN_POINT ( 'NONE',  ( -26.29124910358237344, -43.47460653082384141, 37.40000000000000568 ) ) ;
#5060 = AXIS2_PLACEMENT_3D ( 'NONE', #4421, #2391, #693 ) ;
#5061 = CARTESIAN_POINT ( 'NONE',  ( -25.66000000000001080, 3.000000000000000000, -28.00000000000000000 ) ) ;
#5062 = AXIS2_PLACEMENT_3D ( 'NONE', #1514, #1542, #3216 ) ;
#5063 = VERTEX_POINT ( 'NONE', #3319 ) ;
#5064 = AXIS2_PLACEMENT_3D ( 'NONE', #4122, #2837, #1252 ) ;
#5065 = AXIS2_PLACEMENT_3D ( 'NONE', #2889, #4640, #1245 ) ;
#5066 = VERTEX_POINT ( 'NONE', #3656 ) ;
#5067 = LINE ( 'NONE', #3400, #3820 ) ;
#5068 = ORIENTED_EDGE ( 'NONE', *, *, #1563, .T. ) ;
#5069 = ORIENTED_EDGE ( 'NONE', *, *, #1408, .F. ) ;
#5070 = CARTESIAN_POINT ( 'NONE',  ( 28.65999999999999304, -79.44999999999998863, -29.90924142217967940 ) ) ;
#5071 = DIRECTION ( 'NONE',  ( 0.000000000000000000, 0.000000000000000000, -1.000000000000000000 ) ) ;
#5072 = EDGE_CURVE ( 'NONE', #1739, #3355, #1937, .T. ) ;
#5073 = AXIS2_PLACEMENT_3D ( 'NONE', #1468, #1105, #197 ) ;
#5074 = AXIS2_PLACEMENT_3D ( 'NONE', #1621, #4991, #1216 ) ;
#5075 = CARTESIAN_POINT ( 'NONE',  ( 25.75349563084555271, -63.26810296671398248, 37.40000000000000568 ) ) ;
#5076 = CARTESIAN_POINT ( 'NONE',  ( -32.65999999999997527, -46.55498316421417115, 32.46617182957081127 ) ) ;
#5077 = CARTESIAN_POINT ( 'NONE',  ( 27.06770526207399286, -77.60697359244707627, -34.87741208052902664 ) ) ;
#5078 = VECTOR ( 'NONE', #2277, 1000.000000000000000 ) ;
#5079 = CARTESIAN_POINT ( 'NONE',  ( 25.66000000000000014, -75.44999999999998863, 37.40000000000000568 ) ) ;
#5080 = ORIENTED_EDGE ( 'NONE', *, *, #3354, .F. ) ;
#5081 = ORIENTED_EDGE ( 'NONE', *, *, #442, .T. ) ;
#5082 = DIRECTION ( 'NONE',  ( -1.000000000000000000, -0.000000000000000000, 4.999203100797713916E-17 ) ) ;
#5083 = EDGE_CURVE ( 'NONE', #3804, #2956, #2849, .T. ) ;
#5084 = DIRECTION ( 'NONE',  ( 0.000000000000000000, 0.000000000000000000, 1.000000000000000000 ) ) ;
#5085 = ORIENTED_EDGE ( 'NONE', *, *, #4391, .T. ) ;
#5086 = DIRECTION ( 'NONE',  ( 1.000000000000000000, 0.000000000000000000, -9.998406201595427833E-17 ) ) ;
#5087 = CARTESIAN_POINT ( 'NONE',  ( -27.76623666320178074, -78.55293599322835973, 28.49928442172992149 ) ) ;
#5088 = EDGE_CURVE ( 'NONE', #4519, #3748, #643, .T. ) ;
#5089 = AXIS2_PLACEMENT_3D ( 'NONE', #4337, #3473, #3446 ) ;
#5090 = ORIENTED_EDGE ( 'NONE', *, *, #5133, .F. ) ;
#5091 = DIRECTION ( 'NONE',  ( 1.000000000000000000, 0.000000000000000000, 0.000000000000000000 ) ) ;
#5092 = ORIENTED_EDGE ( 'NONE', *, *, #4931, .T. ) ;
#5093 = DIRECTION ( 'NONE',  ( -0.000000000000000000, -1.000000000000000000, -0.000000000000000000 ) ) ;
#5094 = CIRCLE ( 'NONE', #1025, 4.000000000000003553 ) ;
#5095 = ORIENTED_EDGE ( 'NONE', *, *, #3487, .T. ) ;
#5096 = CARTESIAN_POINT ( 'NONE',  ( 0.000000000000000000, 3.000000000000000000, 0.000000000000000000 ) ) ;
#5097 = VECTOR ( 'NONE', #5289, 1000.000000000000114 ) ;
#5098 = ORIENTED_EDGE ( 'NONE', *, *, #1987, .T. ) ;
#5099 = CARTESIAN_POINT ( 'NONE',  ( 31.71057909065658365, -66.97001555884341428, 25.88997023810294706 ) ) ;
#5100 = CARTESIAN_POINT ( 'NONE',  ( 29.65999999999999659, -77.33479024811718716, -3.686262909053726222 ) ) ;
#5101 = B_SPLINE_CURVE_WITH_KNOTS ( 'NONE', 3,
 ( #4094, #4040, #1020, #1901 ),
 .UNSPECIFIED., .F., .F.,
 ( 4, 4 ),
 ( 2.633125101432525795E-16, 5.647057662659084944E-05 ),
 .UNSPECIFIED. ) ;
#5102 = DIRECTION ( 'NONE',  ( -1.000000000000000000, 0.000000000000000000, 0.000000000000000000 ) ) ;
#5103 = EDGE_CURVE ( 'NONE', #3782, #865, #2182, .T. ) ;
#5104 = CARTESIAN_POINT ( 'NONE',  ( 2.912338433520091474, -79.28916689788184158, 40.27148780422088947 ) ) ;
#5105 = CARTESIAN_POINT ( 'NONE',  ( -17.80000000000001137, -24.36999999999999744, -32.00000000000000000 ) ) ;
#5106 = CARTESIAN_POINT ( 'NONE',  ( -32.66000000000001080, -76.44999999999998863, 3.265479465441067575E-15 ) ) ;
#5107 = CARTESIAN_POINT ( 'NONE',  ( 31.81598513888033608, -79.34204107303374087, -38.05772080268567237 ) ) ;
#5108 = B_SPLINE_CURVE_WITH_KNOTS ( 'NONE', 3,
 ( #3986, #159, #3096, #2268, #2684, #1856, #3569, #1834, #1477, #4792, #595, #948, #3147, #925, #2602, #4301 ),
 .UNSPECIFIED., .F., .F.,
 ( 4, 2, 2, 2, 2, 2, 2, 4 ),
 ( -1.693997000852474799E-05, 0.002329643688762047561, 0.004676227347532619684, 0.005849519176917909215, 0.007022811006303199613, 0.008196102835688489144, 0.008782748750381132175, 0.009369394665073775205 ),
 .UNSPECIFIED. ) ;
#5109 = ORIENTED_EDGE ( 'NONE', *, *, #5450, .T. ) ;
#5110 = CARTESIAN_POINT ( 'NONE',  ( 31.54542320024823354, -79.28342302848531631, 40.14632786305018186 ) ) ;
#5111 = CARTESIAN_POINT ( 'NONE',  ( -31.13840949588485429, -79.03841197582501366, -34.38386494385728298 ) ) ;
#5112 = CARTESIAN_POINT ( 'NONE',  ( -29.66000000000000725, -76.64141280941545631, 33.51901614363574566 ) ) ;
#5113 = ORIENTED_EDGE ( 'NONE', *, *, #1007, .T. ) ;
#5114 = CARTESIAN_POINT ( 'NONE',  ( -28.64570981706147279, -78.61654692033258129, -36.42683378578703213 ) ) ;
#5115 = ADVANCED_FACE ( 'NONE', ( #1528 ), #319, .F. ) ;
#5116 = CARTESIAN_POINT ( 'NONE',  ( 35.46914804845328462, -42.89635708855779228, 37.39999999999999858 ) ) ;
#5117 = ORIENTED_EDGE ( 'NONE', *, *, #2094, .F. ) ;
#5118 = DIRECTION ( 'NONE',  ( -0.000000000000000000, 0.000000000000000000, 1.000000000000000000 ) ) ;
#5119 = DIRECTION ( 'NONE',  ( -1.000000000000000000, 0.000000000000000000, -0.000000000000000000 ) ) ;
#5120 = ORIENTED_EDGE ( 'NONE', *, *, #1697, .F. ) ;
#5121 = B_SPLINE_CURVE_WITH_KNOTS ( 'NONE', 3,
 ( #2027, #1192, #3189, #4475, #3674, #1517, #4962, #1101, #3245, #2779, #4559, #3720 ),
 .UNSPECIFIED., .F., .F.,
 ( 4, 2, 2, 2, 2, 4 ),
 ( 2.428612866367529932E-17, 0.001196089974934019372, 0.002392179949868014459, 0.003588269924802010846, 0.004186314912268999933, 0.004784359899735989886 ),
 .UNSPECIFIED. ) ;
#5122 = DIRECTION ( 'NONE',  ( -0.000000000000000000, 0.000000000000000000, 1.000000000000000000 ) ) ;
#5123 = EDGE_CURVE ( 'NONE', #2956, #1130, #2794, .T. ) ;
#5124 = FACE_OUTER_BOUND ( 'NONE', #1363, .T. ) ;
#5125 = ORIENTED_EDGE ( 'NONE', *, *, #4593, .F. ) ;
#5126 = FACE_OUTER_BOUND ( 'NONE', #251, .T. ) ;
#5127 = CARTESIAN_POINT ( 'NONE',  ( -29.25212764520466280, -61.21213670390724104, 37.40000000000000568 ) ) ;
#5128 = FACE_OUTER_BOUND ( 'NONE', #2630, .T. ) ;
#5129 = DIRECTION ( 'NONE',  ( -1.103655015948744232E-16, -6.938394782661024771E-33, -1.000000000000000000 ) ) ;
#5130 = CARTESIAN_POINT ( 'NONE',  ( 30.03478020816789495, -79.11677799259564381, -37.69155007657366241 ) ) ;
#5131 = CARTESIAN_POINT ( 'NONE',  ( 32.07497124257497489, -79.40789768511855584, 39.94074844664363155 ) ) ;
#5132 = DIRECTION ( 'NONE',  ( 0.000000000000000000, 0.000000000000000000, -1.000000000000000000 ) ) ;
#5133 = EDGE_CURVE ( 'NONE', #865, #4795, #4476, .T. ) ;
#5134 = ORIENTED_EDGE ( 'NONE', *, *, #1718, .F. ) ;
#5135 = CARTESIAN_POINT ( 'NONE',  ( 40.66000000000000369, -81.44999999999998863, -41.90924142217968296 ) ) ;
#5136 = DIRECTION ( 'NONE',  ( -3.598157642531920944E-17, -0.6942372417107872673, -0.7197462415475317510 ) ) ;
#5137 = FACE_OUTER_BOUND ( 'NONE', #3049, .T. ) ;
#5138 = ORIENTED_EDGE ( 'NONE', *, *, #5412, .F. ) ;
#5139 =( BOUNDED_CURVE ( )  B_SPLINE_CURVE ( 3, ( #1510, #3181, #4873, #2769 ),
 .UNSPECIFIED., .F., .T. ) 
 B_SPLINE_CURVE_WITH_KNOTS ( ( 4, 4 ),
 ( 1.570796326794898334, 3.141592653589793116 ),
 .UNSPECIFIED. ) 
 CURVE ( )  GEOMETRIC_REPRESENTATION_ITEM ( )  RATIONAL_B_SPLINE_CURVE ( ( 1.000000000000000000, 0.8047378541243654926, 0.8047378541243654926, 1.000000000000000000 ) ) 
 REPRESENTATION_ITEM ( '' )  );
#5140 = CARTESIAN_POINT ( 'NONE',  ( 29.65999999999999659, -55.67284031474716954, 15.10000000000000142 ) ) ;
#5141 = CARTESIAN_POINT ( 'NONE',  ( 9.203291093141304557, 2.660860852586744975E-15, -32.00000000000000000 ) ) ;
#5142 = VERTEX_POINT ( 'NONE', #3707 ) ;
#5143 = CARTESIAN_POINT ( 'NONE',  ( 0.000000000000000000, -79.44999999999998863, 26.35147186257609064 ) ) ;
#5144 = PLANE ( 'NONE',  #2504 ) ;
#5145 = DIRECTION ( 'NONE',  ( 0.000000000000000000, 1.000000000000000000, 0.000000000000000000 ) ) ;
#5146 = EDGE_CURVE ( 'NONE', #5149, #3135, #1122, .T. ) ;
#5147 = EDGE_CURVE ( 'NONE', #1646, #838, #724, .T. ) ;
#5148 = AXIS2_PLACEMENT_3D ( 'NONE', #4773, #1382, #4411 ) ;
#5149 = VERTEX_POINT ( 'NONE', #4075 ) ;
#5150 = ORIENTED_EDGE ( 'NONE', *, *, #4370, .F. ) ;
#5151 = CARTESIAN_POINT ( 'NONE',  ( 32.66000000000000369, -47.24127269365998671, 45.56696368325218316 ) ) ;
#5152 = AXIS2_PLACEMENT_3D ( 'NONE', #3183, #4877, #5392 ) ;
#5153 = CARTESIAN_POINT ( 'NONE',  ( -29.43588069790236972, -64.56711223019688362, 37.39999999999999858 ) ) ;
#5154 = VECTOR ( 'NONE', #4624, 1000.000000000000000 ) ;
#5155 = AXIS2_PLACEMENT_3D ( 'NONE', #1964, #268, #1916 ) ;
#5156 = LINE ( 'NONE', #999, #1615 ) ;
#5157 = CARTESIAN_POINT ( 'NONE',  ( -25.66000000000000725, -76.44999999999998863, 33.46274606680623265 ) ) ;
#5158 = CARTESIAN_POINT ( 'NONE',  ( 0.000000000000000000, 0.000000000000000000, 0.000000000000000000 ) ) ;
#5159 = EDGE_CURVE ( 'NONE', #969, #2101, #5189, .T. ) ;
#5160 = ORIENTED_EDGE ( 'NONE', *, *, #2993, .T. ) ;
#5161 = CARTESIAN_POINT ( 'NONE',  ( 0.000000000000000000, 0.000000000000000000, 0.000000000000000000 ) ) ;
#5162 = CARTESIAN_POINT ( 'NONE',  ( -32.63029243370152699, -79.44985290645774967, -41.90924142217967585 ) ) ;
#5163 = ORIENTED_EDGE ( 'NONE', *, *, #5072, .T. ) ;
#5164 = AXIS2_PLACEMENT_3D ( 'NONE', #2406, #325, #1991 ) ;
#5165 = CIRCLE ( 'NONE', #735, 2.000000000000001776 ) ;
#5166 = ORIENTED_EDGE ( 'NONE', *, *, #3565, .T. ) ;
#5167 = CARTESIAN_POINT ( 'NONE',  ( 31.91716538570930339, -57.29607201215112866, 35.72182549950188246 ) ) ;
#5168 = VECTOR ( 'NONE', #1234, 1000.000000000000114 ) ;
#5169 = CYLINDRICAL_SURFACE ( 'NONE', #2748, 6.000000000000000000 ) ;
#5170 = CARTESIAN_POINT ( 'NONE',  ( -25.80000000000000071, -0.4142135623730956451, 32.99999999999999289 ) ) ;
#5171 = ORIENTED_EDGE ( 'NONE', *, *, #1757, .T. ) ;
#5172 = VECTOR ( 'NONE', #2444, 1000.000000000000000 ) ;
#5173 = CARTESIAN_POINT ( 'NONE',  ( 0.000000000000000000, -12.88410537944184675, -28.80000000000000782 ) ) ;
#5174 = LINE ( 'NONE', #5279, #2851 ) ;
#5175 = EDGE_CURVE ( 'NONE', #237, #1774, #1584, .T. ) ;
#5176 = FACE_OUTER_BOUND ( 'NONE', #3754, .T. ) ;
#5177 = DIRECTION ( 'NONE',  ( -1.000000000000000000, 0.000000000000000000, 2.023844055306275469E-15 ) ) ;
#5178 = ORIENTED_EDGE ( 'NONE', *, *, #989, .F. ) ;
#5179 = ORIENTED_EDGE ( 'NONE', *, *, #341, .F. ) ;
#5180 = CARTESIAN_POINT ( 'NONE',  ( -26.38978891798373994, -77.16782804320887124, 15.18213986427341311 ) ) ;
#5181 = CARTESIAN_POINT ( 'NONE',  ( -38.65999999999996817, -79.44999999999998863, -39.90924142217967585 ) ) ;
#5182 = EDGE_CURVE ( 'NONE', #621, #5458, #2428, .T. ) ;
#5183 = CARTESIAN_POINT ( 'NONE',  ( 24.80000000000000426, 0.000000000000000000, 0.000000000000000000 ) ) ;
#5184 = AXIS2_PLACEMENT_3D ( 'NONE', #5197, #1820, #3505 ) ;
#5185 = CARTESIAN_POINT ( 'NONE',  ( -32.65999999999999659, -6.405434564771341175E-15, 3.573392963351837377E-15 ) ) ;
#5186 = CARTESIAN_POINT ( 'NONE',  ( -32.65999999999998238, -78.42897497983091171, -1.170994976263356468 ) ) ;
#5187 = ORIENTED_EDGE ( 'NONE', *, *, #4931, .F. ) ;
#5188 = CARTESIAN_POINT ( 'NONE',  ( -25.80000000000000426, 80.50962675357526166, -28.80000000000000782 ) ) ;
#5189 = CIRCLE ( 'NONE', #4219, 1.649999999999998579 ) ;
#5190 = EDGE_CURVE ( 'NONE', #425, #2081, #161, .T. ) ;
#5191 = ORIENTED_EDGE ( 'NONE', *, *, #653, .T. ) ;
#5192 = DIRECTION ( 'NONE',  ( 0.000000000000000000, 0.000000000000000000, 1.000000000000000000 ) ) ;
#5193 = DIRECTION ( 'NONE',  ( 9.998406201595427833E-17, -0.000000000000000000, 1.000000000000000000 ) ) ;
#5194 = CARTESIAN_POINT ( 'NONE',  ( -30.65738927685706017, -78.69165410902698454, 36.36050752231468408 ) ) ;
#5195 = DIRECTION ( 'NONE',  ( 0.000000000000000000, 1.000000000000000000, 0.000000000000000000 ) ) ;
#5196 = CARTESIAN_POINT ( 'NONE',  ( 30.62003353908183811, -44.40677471174242896, 31.75828963092869373 ) ) ;
#5197 = CARTESIAN_POINT ( 'NONE',  ( -1.505785914471601545E-15, -7.812238329577779972, 16.37742799230606394 ) ) ;
#5198 = ORIENTED_EDGE ( 'NONE', *, *, #4147, .F. ) ;
#5199 = ORIENTED_EDGE ( 'NONE', *, *, #2278, .T. ) ;
#5200 = CARTESIAN_POINT ( 'NONE',  ( 2.084215325578263272E-15, -55.67284031474716954, 15.10000000000000142 ) ) ;
#5201 = ADVANCED_FACE ( 'NONE', ( #4898 ), #4982, .F. ) ;
#5202 = VERTEX_POINT ( 'NONE', #266 ) ;
#5203 = CARTESIAN_POINT ( 'NONE',  ( -33.80000000000000426, -79.44999999999998863, -35.78336146153467467 ) ) ;
#5204 = CARTESIAN_POINT ( 'NONE',  ( -25.80000000000000426, -76.48011942746816771, 15.10000000000000142 ) ) ;
#5205 = LINE ( 'NONE', #150, #5275 ) ;
#5206 = ORIENTED_EDGE ( 'NONE', *, *, #1580, .F. ) ;
#5207 = FACE_OUTER_BOUND ( 'NONE', #4731, .T. ) ;
#5208 = LINE ( 'NONE', #2706, #4279 ) ;
#5209 = LINE ( 'NONE', #234, #849 ) ;
#5210 = VERTEX_POINT ( 'NONE', #4488 ) ;
#5211 = DIRECTION ( 'NONE',  ( 1.000000000000000000, 0.000000000000000000, -5.480158779375505821E-17 ) ) ;
#5212 = CARTESIAN_POINT ( 'NONE',  ( 30.21868172846186695, -77.46376855929865712, -3.389772745427239276 ) ) ;
#5213 = ORIENTED_EDGE ( 'NONE', *, *, #2810, .F. ) ;
#5214 = ORIENTED_EDGE ( 'NONE', *, *, #430, .F. ) ;
#5215 = CARTESIAN_POINT ( 'NONE',  ( -2.862293735361733284E-15, -85.45000000000000284, 40.99999999999998579 ) ) ;
#5216 = DIRECTION ( 'NONE',  ( 0.000000000000000000, 0.000000000000000000, -1.000000000000000000 ) ) ;
#5217 = DIRECTION ( 'NONE',  ( -1.000000000000000000, -0.000000000000000000, -0.000000000000000000 ) ) ;
#5218 = CARTESIAN_POINT ( 'NONE',  ( 26.06444342058087926, -76.83149747755248882, 29.32840890454727401 ) ) ;
#5219 = EDGE_CURVE ( 'NONE', #2551, #768, #702, .T. ) ;
#5220 = EDGE_CURVE ( 'NONE', #1518, #2492, #101, .T. ) ;
#5221 = ORIENTED_EDGE ( 'NONE', *, *, #983, .T. ) ;
#5222 = CARTESIAN_POINT ( 'NONE',  ( 27.65552637758937493, -46.59159154878430797, 37.40000000000000568 ) ) ;
#5223 = ORIENTED_EDGE ( 'NONE', *, *, #661, .T. ) ;
#5224 = CARTESIAN_POINT ( 'NONE',  ( -26.52194588243893136, -77.63735699194533879, 38.04842773013633206 ) ) ;
#5225 = ORIENTED_EDGE ( 'NONE', *, *, #1563, .F. ) ;
#5226 = ORIENTED_EDGE ( 'NONE', *, *, #1953, .F. ) ;
#5227 = CARTESIAN_POINT ( 'NONE',  ( 25.80000000000000426, -79.44999999999998863, 18.10000000000000142 ) ) ;
#5228 = CARTESIAN_POINT ( 'NONE',  ( -33.80000000000000426, -85.45000000000000284, -37.78336146153467467 ) ) ;
#5229 = B_SPLINE_CURVE_WITH_KNOTS ( 'NONE', 3,
 ( #3130, #2662, #1862, #4360, #1484, #574, #1941, #683, #4024, #1091, #5248, #1036, #1891, #3575, #600, #3631, #5218, #2295, #166, #2715, #2739, #625, #2690, #2326 ),
 .UNSPECIFIED., .F., .F.,
 ( 4, 2, 2, 2, 2, 2, 2, 2, 2, 2, 2, 4 ),
 ( 0.000000000000000000, 0.0007139278085221473962, 0.001427855617044294792, 0.002141783425566441863, 0.002855711234088589585, 0.003569639042610736872, 0.004283566851132883727, 0.004997494659655031014, 0.005354458563916105959, 0.005532940516046639529, 0.005622181492111909783, 0.005711422468177180037 ),
 .UNSPECIFIED. ) ;
#5230 = ORIENTED_EDGE ( 'NONE', *, *, #4081, .T. ) ;
#5231 = CARTESIAN_POINT ( 'NONE',  ( -25.80000000000000426, -76.44999999999998863, 15.10000000000000142 ) ) ;
#5232 = DIRECTION ( 'NONE',  ( 0.000000000000000000, 0.000000000000000000, 1.000000000000000000 ) ) ;
#5233 = CARTESIAN_POINT ( 'NONE',  ( -33.80000000000000426, -85.45000000000000284, -33.78336146153466757 ) ) ;
#5234 = CIRCLE ( 'NONE', #1453, 3.000000000000002665 ) ;
#5235 = LINE ( 'NONE', #561, #201 ) ;
#5236 = CARTESIAN_POINT ( 'NONE',  ( 29.66000000000000014, -79.44999999999998863, 18.10000000000000497 ) ) ;
#5237 = EDGE_CURVE ( 'NONE', #194, #890, #1223, .T. ) ;
#5238 = VERTEX_POINT ( 'NONE', #4182 ) ;
#5239 = CARTESIAN_POINT ( 'NONE',  ( -32.61137471892968875, -58.28944795950421565, 34.14132925238086358 ) ) ;
#5240 = CARTESIAN_POINT ( 'NONE',  ( -31.08090128105683903, -77.97229739440797402, -2.220787075295352242 ) ) ;
#5241 = AXIS2_PLACEMENT_3D ( 'NONE', #1045, #1928, #3560 ) ;
#5242 = AXIS2_PLACEMENT_3D ( 'NONE', #3286, #4155, #374 ) ;
#5243 = VERTEX_POINT ( 'NONE', #1665 ) ;
#5244 = CARTESIAN_POINT ( 'NONE',  ( 32.65999999999999659, -55.67284031474716954, 18.10000000000000142 ) ) ;
#5245 = CARTESIAN_POINT ( 'NONE',  ( 24.80000000000000426, 0.000000000000000000, -27.80000000000000426 ) ) ;
#5246 = VECTOR ( 'NONE', #3015, 1000.000000000000000 ) ;
#5247 = CARTESIAN_POINT ( 'NONE',  ( -25.80000000000000426, -18.45000000000000284, 23.35147186257609420 ) ) ;
#5248 = CARTESIAN_POINT ( 'NONE',  ( 27.32965810182785305, -78.11482555687149443, 28.85340483237625619 ) ) ;
#5249 = AXIS2_PLACEMENT_3D ( 'NONE', #1601, #832, #339 ) ;
#5250 = AXIS2_PLACEMENT_3D ( 'NONE', #670, #2370, #2344 ) ;
#5251 = EDGE_CURVE ( 'NONE', #2207, #1581, #4304, .T. ) ;
#5252 = CARTESIAN_POINT ( 'NONE',  ( 31.95195433118091444, -42.65052204032061667, 37.39999999999627533 ) ) ;
#5253 = CARTESIAN_POINT ( 'NONE',  ( -29.35702509292349660, -77.04728289858189783, 37.50145346832493232 ) ) ;
#5254 = VECTOR ( 'NONE', #1846, 1000.000000000000000 ) ;
#5255 = EDGE_LOOP ( 'NONE', ( #4855, #4643, #3544, #1314, #3326, #5423, #4930, #3841, #83 ) ) ;
#5256 = EDGE_LOOP ( 'NONE', ( #985, #2871, #4482, #3891 ) ) ;
#5257 = CARTESIAN_POINT ( 'NONE',  ( -30.78220008844691336, -61.59600101927157567, 15.10000000000000142 ) ) ;
#5258 = ADVANCED_FACE ( 'NONE', ( #1368 ), #4707, .F. ) ;
#5259 = CARTESIAN_POINT ( 'NONE',  ( -31.81616095548463719, -79.34207528016278843, -38.05784308313810271 ) ) ;
#5260 = DIRECTION ( 'NONE',  ( -2.850957430653865361E-17, -0.6942372417107872673, -0.7197462415475317510 ) ) ;
#5261 = DIRECTION ( 'NONE',  ( -0.000000000000000000, -1.000000000000000000, -0.000000000000000000 ) ) ;
#5262 = CARTESIAN_POINT ( 'NONE',  ( -31.05591945613717542, -47.13077366543625857, 36.61339301227154408 ) ) ;
#5263 = CARTESIAN_POINT ( 'NONE',  ( 32.65999999999999659, -79.44999999999998863, -1.632739732720532999E-15 ) ) ;
#5264 = CARTESIAN_POINT ( 'NONE',  ( -32.65999999999998238, -79.45000000000000284, -5.320531981180811165 ) ) ;
#5265 = AXIS2_PLACEMENT_3D ( 'NONE', #3378, #3883, #3434 ) ;
#5266 = LINE ( 'NONE', #1030, #3382 ) ;
#5267 = CARTESIAN_POINT ( 'NONE',  ( -33.22836051242306610, -79.44999999999998863, -3.689131726719353743 ) ) ;
#5268 = EDGE_CURVE ( 'NONE', #3342, #4063, #1558, .T. ) ;
#5269 = AXIS2_PLACEMENT_3D ( 'NONE', #465, #2139, #955 ) ;
#5270 = ORIENTED_EDGE ( 'NONE', *, *, #5159, .T. ) ;
#5271 = CARTESIAN_POINT ( 'NONE',  ( -32.08705909533578904, -79.39478160816086927, -38.24625274154038124 ) ) ;
#5272 = CARTESIAN_POINT ( 'NONE',  ( -29.77703918663794269, -77.28796348027057661, -30.21603130498215606 ) ) ;
#5273 = CARTESIAN_POINT ( 'NONE',  ( -27.93689092150804498, -78.54285383029100842, 38.85246163535525454 ) ) ;
#5274 = CARTESIAN_POINT ( 'NONE',  ( -33.80000000000000426, -79.44999999999998863, -35.78336146153467467 ) ) ;
#5275 = VECTOR ( 'NONE', #2704, 1000.000000000000000 ) ;
#5276 = ORIENTED_EDGE ( 'NONE', *, *, #2586, .F. ) ;
#5277 = EDGE_LOOP ( 'NONE', ( #4736, #4231, #1365, #2259, #5416 ) ) ;
#5278 = CARTESIAN_POINT ( 'NONE',  ( 27.81102274272514308, -78.48393921910950155, 38.78269468470440984 ) ) ;
#5279 = CARTESIAN_POINT ( 'NONE',  ( 25.80000000000000426, -12.45000000000000284, 15.10000000000000142 ) ) ;
#5280 = CARTESIAN_POINT ( 'NONE',  ( -32.49059992798785146, -79.44999999999998863, 40.97744195940158818 ) ) ;
#5281 = ORIENTED_EDGE ( 'NONE', *, *, #4507, .F. ) ;
#5282 = ORIENTED_EDGE ( 'NONE', *, *, #118, .F. ) ;
#5283 = EDGE_CURVE ( 'NONE', #2582, #24, #4913, .T. ) ;
#5284 = LINE ( 'NONE', #1436, #5254 ) ;
#5285 = VERTEX_POINT ( 'NONE', #5475 ) ;
#5286 = CARTESIAN_POINT ( 'NONE',  ( -32.08705909533578904, -79.39478160816086927, -38.24625274154038124 ) ) ;
#5287 = VERTEX_POINT ( 'NONE', #2544 ) ;
#5288 = CARTESIAN_POINT ( 'NONE',  ( -27.66000000000000369, 1.000000000000000000, 33.39999999999999858 ) ) ;
#5289 = DIRECTION ( 'NONE',  ( -2.850957430653865361E-17, -0.6942372417107872673, -0.7197462415475317510 ) ) ;
#5290 = EDGE_CURVE ( 'NONE', #3862, #4283, #5038, .T. ) ;
#5291 = EDGE_CURVE ( 'NONE', #2395, #1156, #4660, .T. ) ;
#5292 = CARTESIAN_POINT ( 'NONE',  ( 30.57429982930761270, -58.49043210009332938, 17.05820564452456267 ) ) ;
#5293 = CARTESIAN_POINT ( 'NONE',  ( 34.65999999999999659, -36.74551864513312438, 35.44319655574728500 ) ) ;
#5294 = DIRECTION ( 'NONE',  ( -0.000000000000000000, -1.000000000000000000, -0.000000000000000000 ) ) ;
#5295 = ORIENTED_EDGE ( 'NONE', *, *, #2930, .F. ) ;
#5296 = CARTESIAN_POINT ( 'NONE',  ( -29.66000000000000369, -69.31357864228010612, 29.28451313940796297 ) ) ;
#5297 = CARTESIAN_POINT ( 'NONE',  ( 29.73133633421045019, -76.86967151894472750, -4.755459170449018558 ) ) ;
#5298 = ORIENTED_EDGE ( 'NONE', *, *, #1746, .F. ) ;
#5299 = CARTESIAN_POINT ( 'NONE',  ( -25.80000000000000426, -85.45000000000000284, 15.10000000000000142 ) ) ;
#5300 = CARTESIAN_POINT ( 'NONE',  ( 2.183913394969179010E-15, -18.88410537944184853, 16.37742799230606394 ) ) ;
#5301 = CARTESIAN_POINT ( 'NONE',  ( 29.66000000000000014, -76.44999999999998863, 33.46274606680623975 ) ) ;
#5302 = CARTESIAN_POINT ( 'NONE',  ( -32.65999999999998238, -79.44999999999998863, 3.573392963351835800E-15 ) ) ;
#5303 = CARTESIAN_POINT ( 'NONE',  ( -32.61246876963148367, -79.44967639859623887, -39.91529212122060244 ) ) ;
#5304 = CARTESIAN_POINT ( 'NONE',  ( -2.862293735361733284E-15, 4.209999999999991971, 40.99999999999998579 ) ) ;
#5305 = CARTESIAN_POINT ( 'NONE',  ( 31.25916655389546861, -47.71381429244775774, 29.35147186257609064 ) ) ;
#5306 = CARTESIAN_POINT ( 'NONE',  ( -27.81102274272515018, -78.48393921910947313, 38.78269468470440984 ) ) ;
#5307 = EDGE_LOOP ( 'NONE', ( #147, #2985, #5047, #3815 ) ) ;
#5308 = ADVANCED_FACE ( 'NONE', ( #4218 ), #3465, .T. ) ;
#5309 = ORIENTED_EDGE ( 'NONE', *, *, #4733, .F. ) ;
#5310 = ORIENTED_EDGE ( 'NONE', *, *, #3552, .T. ) ;
#5311 = VERTEX_POINT ( 'NONE', #1498 ) ;
#5312 = CARTESIAN_POINT ( 'NONE',  ( -25.66000000000000369, -75.94999999999998863, 37.43137303340311917 ) ) ;
#5313 = ORIENTED_EDGE ( 'NONE', *, *, #2772, .T. ) ;
#5314 = FACE_BOUND ( 'NONE', #3385, .T. ) ;
#5315 = DIRECTION ( 'NONE',  ( -1.000000000000000000, 2.023844055306274779E-16, 0.000000000000000000 ) ) ;
#5316 = DIRECTION ( 'NONE',  ( 0.000000000000000000, 0.000000000000000000, -1.000000000000000000 ) ) ;
#5317 = DIRECTION ( 'NONE',  ( -1.000000000000000000, 0.000000000000000000, -0.000000000000000000 ) ) ;
#5318 =( BOUNDED_CURVE ( )  B_SPLINE_CURVE ( 3, ( #2643, #1332, #3058, #2222 ),
 .UNSPECIFIED., .F., .T. ) 
 B_SPLINE_CURVE_WITH_KNOTS ( ( 4, 4 ),
 ( 0.000000000000000000, 1.570796326794898334 ),
 .UNSPECIFIED. ) 
 CURVE ( )  GEOMETRIC_REPRESENTATION_ITEM ( )  RATIONAL_B_SPLINE_CURVE ( ( 1.000000000000000000, 0.8047378541243646044, 0.8047378541243646044, 1.000000000000000000 ) ) 
 REPRESENTATION_ITEM ( '' )  );
#5319 = EDGE_CURVE ( 'NONE', #937, #5287, #532, .T. ) ;
#5320 = EDGE_CURVE ( 'NONE', #4911, #1688, #4573, .T. ) ;
#5321 = ORIENTED_EDGE ( 'NONE', *, *, #1993, .T. ) ;
#5322 = CARTESIAN_POINT ( 'NONE',  ( -25.66000000000000369, 3.000000000000000000, 37.40000000000000568 ) ) ;
#5323 = ORIENTED_EDGE ( 'NONE', *, *, #551, .F. ) ;
#5324 = CARTESIAN_POINT ( 'NONE',  ( -2.958219690838086002, -79.34644959270191578, 40.48869695227779886 ) ) ;
#5325 = CARTESIAN_POINT ( 'NONE',  ( 22.49999999999998579, 0.000000000000000000, -32.00000000000000000 ) ) ;
#5326 = EDGE_CURVE ( 'NONE', #1304, #3213, #1733, .T. ) ;
#5327 = FACE_OUTER_BOUND ( 'NONE', #4059, .T. ) ;
#5328 = CARTESIAN_POINT ( 'NONE',  ( -22.50000000000001421, 0.000000000000000000, -32.00000000000000000 ) ) ;
#5329 = LINE ( 'NONE', #5302, #590 ) ;
#5330 = CARTESIAN_POINT ( 'NONE',  ( 29.53878172510445665, -75.93394892909600458, 37.38683903497418015 ) ) ;
#5331 = AXIS2_PLACEMENT_3D ( 'NONE', #4228, #2915, #815 ) ;
#5332 = LINE ( 'NONE', #1593, #3110 ) ;
#5333 = DIRECTION ( 'NONE',  ( -1.000000000000000000, 0.000000000000000000, -1.589498154119685395E-16 ) ) ;
#5334 = CARTESIAN_POINT ( 'NONE',  ( -30.53170471141371678, -78.75821444736354238, 38.98742895632734928 ) ) ;
#5335 = ORIENTED_EDGE ( 'NONE', *, *, #4532, .F. ) ;
#5336 = VERTEX_POINT ( 'NONE', #4423 ) ;
#5337 = AXIS2_PLACEMENT_3D ( 'NONE', #5070, #779, #4242 ) ;
#5338 = CARTESIAN_POINT ( 'NONE',  ( -32.59926500608017363, -81.44964370878093973, -41.90924142217968296 ) ) ;
#5339 = AXIS2_PLACEMENT_3D ( 'NONE', #3579, #2275, #547 ) ;
#5340 = EDGE_CURVE ( 'NONE', #3782, #2551, #1988, .T. ) ;
#5341 = VECTOR ( 'NONE', #2336, 1000.000000000000000 ) ;
#5342 = VERTEX_POINT ( 'NONE', #4011 ) ;
#5343 = CARTESIAN_POINT ( 'NONE',  ( 21.09999999999998721, -24.37000000000000099, -23.33309524416879555 ) ) ;
#5344 = LINE ( 'NONE', #3678, #2236 ) ;
#5345 = LINE ( 'NONE', #283, #841 ) ;
#5346 =( GEOMETRIC_REPRESENTATION_CONTEXT ( 3 ) GLOBAL_UNCERTAINTY_ASSIGNED_CONTEXT ( ( #4881 ) ) GLOBAL_UNIT_ASSIGNED_CONTEXT ( ( #2698, #3927, #4004 ) ) REPRESENTATION_CONTEXT ( 'NONE', 'WORKASPACE' ) );
#5347 = CARTESIAN_POINT ( 'NONE',  ( 32.06178144621639348, -57.35992877765166043, 35.51895132717471171 ) ) ;
#5348 = AXIS2_PLACEMENT_3D ( 'NONE', #742, #3615, #2415 ) ;
#5349 = EDGE_LOOP ( 'NONE', ( #1412, #3719, #1194, #1504 ) ) ;
#5350 = DIRECTION ( 'NONE',  ( -3.961059142905700045E-17, 0.000000000000000000, -1.000000000000000000 ) ) ;
#5351 = CARTESIAN_POINT ( 'NONE',  ( 9.203291093141309887, -18.88410537944184853, 16.37742799230606394 ) ) ;
#5352 =( BOUNDED_CURVE ( )  B_SPLINE_CURVE ( 3, ( #2903, #548, #910, #93 ),
 .UNSPECIFIED., .F., .T. ) 
 B_SPLINE_CURVE_WITH_KNOTS ( ( 4, 4 ),
 ( 3.199487809484210743, 4.712388980384689674 ),
 .UNSPECIFIED. ) 
 CURVE ( )  GEOMETRIC_REPRESENTATION_ITEM ( )  RATIONAL_B_SPLINE_CURVE ( ( 1.000000000000000000, 0.8181844716971046205, 0.8181844716971046205, 1.000000000000000000 ) ) 
 REPRESENTATION_ITEM ( '' )  );
#5353 = EDGE_CURVE ( 'NONE', #2649, #864, #1472, .T. ) ;
#5354 = CARTESIAN_POINT ( 'NONE',  ( -29.80428785499605127, -79.31345516858229416, 17.17535875944465573 ) ) ;
#5355 = AXIS2_PLACEMENT_3D ( 'NONE', #1605, #698, #3228 ) ;
#5356 = FACE_OUTER_BOUND ( 'NONE', #4001, .T. ) ;
#5357 = DIRECTION ( 'NONE',  ( 1.000000000000000000, -0.000000000000000000, -0.000000000000000000 ) ) ;
#5358 = CARTESIAN_POINT ( 'NONE',  ( 29.61270506408092018, -77.74692023167706623, -34.96841893155816905 ) ) ;
#5359 = EDGE_CURVE ( 'NONE', #3260, #2778, #4222, .T. ) ;
#5360 = AXIS2_PLACEMENT_3D ( 'NONE', #271, #4825, #216 ) ;
#5361 = ORIENTED_EDGE ( 'NONE', *, *, #370, .F. ) ;
#5362 = CARTESIAN_POINT ( 'NONE',  ( 26.64733013235225911, -77.74637666554251325, 38.12231708681792242 ) ) ;
#5363 = DIRECTION ( 'NONE',  ( 0.000000000000000000, 0.000000000000000000, -1.000000000000000000 ) ) ;
#5364 = AXIS2_PLACEMENT_3D ( 'NONE', #4345, #1827, #636 ) ;
#5365 = DIRECTION ( 'NONE',  ( -1.000000000000000000, -2.925652181618734909E-16, -1.534650609598131319E-32 ) ) ;
#5366 = ORIENTED_EDGE ( 'NONE', *, *, #90, .F. ) ;
#5367 = ORIENTED_EDGE ( 'NONE', *, *, #4892, .F. ) ;
#5368 = ORIENTED_EDGE ( 'NONE', *, *, #3931, .F. ) ;
#5369 = DIRECTION ( 'NONE',  ( 3.515333890483692391E-15, 0.9090593428863085190, 0.4166666666666691277 ) ) ;
#5370 = B_SPLINE_CURVE_WITH_KNOTS ( 'NONE', 3,
 ( #3139, #1977, #2721, #3677, #3114, #2701, #4399, #2279, #1467, #1871, #5259, #5286 ),
 .UNSPECIFIED., .F., .F.,
 ( 4, 2, 2, 2, 2, 4 ),
 ( 6.938893903907228378E-18, 0.0004937896246215180401, 0.0009875792492430291412, 0.001975158498486075630, 0.002962737747729121685, 0.003950316996972167739 ),
 .UNSPECIFIED. ) ;
#5371 = ORIENTED_EDGE ( 'NONE', *, *, #3781, .F. ) ;
#5372 = PLANE ( 'NONE',  #3190 ) ;
#5373 = DIRECTION ( 'NONE',  ( 0.000000000000000000, 1.000000000000000000, 0.000000000000000000 ) ) ;
#5374 = EDGE_CURVE ( 'NONE', #1244, #2386, #1047, .T. ) ;
#5375 = CARTESIAN_POINT ( 'NONE',  ( 32.66000000000001080, -49.78971242509476269, 28.52058644000916843 ) ) ;
#5376 = B_SPLINE_CURVE_WITH_KNOTS ( 'NONE', 3,
 ( #1525, #4072, #286, #1139, #671, #369, #4979, #2816, #3201, #4894, #2035, #1110, #1957, #4102, #316, #4945 ),
 .UNSPECIFIED., .F., .F.,
 ( 4, 2, 2, 2, 2, 2, 2, 4 ),
 ( 0.002691413017992487413, 0.003819388955436393146, 0.004383376924158340592, 0.004947364892880288037, 0.005511352861602236350, 0.006075340830324183795, 0.006639328799046131241, 0.007203316767768079554 ),
 .UNSPECIFIED. ) ;
#5377 = ORIENTED_EDGE ( 'NONE', *, *, #1728, .F. ) ;
#5378 = CARTESIAN_POINT ( 'NONE',  ( 26.65999999999999659, -12.45000000000000284, 29.35147186257609064 ) ) ;
#5379 = CARTESIAN_POINT ( 'NONE',  ( 31.91716538570930339, -57.29607201215112866, 35.72182549950188246 ) ) ;
#5380 = EDGE_LOOP ( 'NONE', ( #4241, #1731, #4989, #4858 ) ) ;
#5381 = ORIENTED_EDGE ( 'NONE', *, *, #2691, .F. ) ;
#5382 = CARTESIAN_POINT ( 'NONE',  ( -32.08705909533578904, -79.39478160816086927, -38.24625274154038124 ) ) ;
#5383 = CARTESIAN_POINT ( 'NONE',  ( 32.66000000000000369, -69.94387132699132792, 26.35147186257609064 ) ) ;
#5384 = ORIENTED_EDGE ( 'NONE', *, *, #2329, .T. ) ;
#5385 = CARTESIAN_POINT ( 'NONE',  ( 31.62012951605217737, -58.65762770428879236, 18.44934596797953574 ) ) ;
#5386 = CARTESIAN_POINT ( 'NONE',  ( -29.19616842625448783, -76.74565453347702260, -33.89496800877965654 ) ) ;
#5387 = CARTESIAN_POINT ( 'NONE',  ( 29.65999999999999659, -12.45000000000000284, 29.35147186257609064 ) ) ;
#5388 = FACE_OUTER_BOUND ( 'NONE', #1946, .T. ) ;
#5389 = VERTEX_POINT ( 'NONE', #3903 ) ;
#5390 = ORIENTED_EDGE ( 'NONE', *, *, #4972, .F. ) ;
#5391 = ORIENTED_EDGE ( 'NONE', *, *, #1361, .T. ) ;
#5392 = DIRECTION ( 'NONE',  ( -1.006139616066547231E-13, 1.000000000000000000, 0.000000000000000000 ) ) ;
#5393 = EDGE_CURVE ( 'NONE', #2081, #425, #1651, .T. ) ;
#5394 = DIRECTION ( 'NONE',  ( 0.000000000000000000, 0.000000000000000000, 1.000000000000000000 ) ) ;
#5395 = EDGE_CURVE ( 'NONE', #5336, #886, #2234, .T. ) ;
#5396 = PRODUCT_DEFINITION_CONTEXT ( 'detailed design', #2436, 'design' ) ;
#5397 = DIRECTION ( 'NONE',  ( 1.000000000000000000, -0.000000000000000000, 0.000000000000000000 ) ) ;
#5398 = ORIENTED_EDGE ( 'NONE', *, *, #3931, .T. ) ;
#5399 = VERTEX_POINT ( 'NONE', #228 ) ;
#5400 = DIRECTION ( 'NONE',  ( -0.000000000000000000, -0.000000000000000000, 1.000000000000000000 ) ) ;
#5401 = CARTESIAN_POINT ( 'NONE',  ( 31.92206062217155349, -79.36329008696073117, -33.43418600924201911 ) ) ;
#5402 = ORIENTED_EDGE ( 'NONE', *, *, #1137, .F. ) ;
#5403 = CARTESIAN_POINT ( 'NONE',  ( -2.862293735361733284E-15, -85.45000000000000284, 38.99999999999998579 ) ) ;
#5404 = CARTESIAN_POINT ( 'NONE',  ( -31.83802139257161556, -46.67588346404639310, 31.10364829368681328 ) ) ;
#5405 = ORIENTED_EDGE ( 'NONE', *, *, #4491, .T. ) ;
#5406 = CARTESIAN_POINT ( 'NONE',  ( -29.66000000000000369, 3.000000000000000000, 33.39999999999999858 ) ) ;
#5407 = DIRECTION ( 'NONE',  ( 5.480158779375505821E-17, 0.000000000000000000, 1.000000000000000000 ) ) ;
#5408 = ORIENTED_EDGE ( 'NONE', *, *, #4203, .F. ) ;
#5409 = CARTESIAN_POINT ( 'NONE',  ( -1.942667983846231072, -78.41082938828371596, 38.70540757251029618 ) ) ;
#5410 = CARTESIAN_POINT ( 'NONE',  ( -32.80740812476430079, -79.45000000000001705, -2.059885834966088680 ) ) ;
#5411 = CARTESIAN_POINT ( 'NONE',  ( 29.14067066465167244, -55.41256162734035229, 37.40000000000000568 ) ) ;
#5412 = EDGE_CURVE ( 'NONE', #1204, #821, #1904, .T. ) ;
#5413 = CARTESIAN_POINT ( 'NONE',  ( -32.65999999999997527, -46.83049369147374108, 31.80673606230993045 ) ) ;
#5414 = LINE ( 'NONE', #4953, #4274 ) ;
#5415 = CARTESIAN_POINT ( 'NONE',  ( 21.09999999999998721, -24.37000000000000099, -32.00000000000000000 ) ) ;
#5416 = ORIENTED_EDGE ( 'NONE', *, *, #1913, .T. ) ;
#5417 = ORIENTED_EDGE ( 'NONE', *, *, #1777, .T. ) ;
#5418 = CARTESIAN_POINT ( 'NONE',  ( 29.65999999999999659, -76.44999999999998863, 29.35147186257609064 ) ) ;
#5419 = CARTESIAN_POINT ( 'NONE',  ( 27.65999999999999659, 1.000000000000000000, -28.00000000000000000 ) ) ;
#5420 = CIRCLE ( 'NONE', #1786, 2.999999999999999112 ) ;
#5421 = CARTESIAN_POINT ( 'NONE',  ( -40.65999999999998238, -85.45000000000000284, 45.39999999999999858 ) ) ;
#5422 = CARTESIAN_POINT ( 'NONE',  ( -29.29043398990500080, -56.24939285732280325, 37.35315513709342383 ) ) ;
#5423 = ORIENTED_EDGE ( 'NONE', *, *, #14, .T. ) ;
#5424 = ORIENTED_EDGE ( 'NONE', *, *, #594, .T. ) ;
#5425 = VERTEX_POINT ( 'NONE', #3117 ) ;
#5426 = CARTESIAN_POINT ( 'NONE',  ( 25.66000000000000014, 1.000000000000000000, 35.39999999999999858 ) ) ;
#5427 = EDGE_CURVE ( 'NONE', #2033, #1739, #4566, .T. ) ;
#5428 = CIRCLE ( 'NONE', #1954, 1.999999999999998224 ) ;
#5429 = VECTOR ( 'NONE', #647, 1000.000000000000000 ) ;
#5430 = CARTESIAN_POINT ( 'NONE',  ( 29.85662530182034047, -57.62486627827675534, 15.81490753789433690 ) ) ;
#5431 = CYLINDRICAL_SURFACE ( 'NONE', #213, 5.999999999999998224 ) ;
#5432 = VECTOR ( 'NONE', #2522, 1000.000000000000000 ) ;
#5433 = DIRECTION ( 'NONE',  ( 0.000000000000000000, -0.000000000000000000, -1.000000000000000000 ) ) ;
#5434 = CARTESIAN_POINT ( 'NONE',  ( 25.66000000000000014, -75.44999999999998863, 41.40000000000000568 ) ) ;
#5435 = EDGE_CURVE ( 'NONE', #5202, #937, #5205, .T. ) ;
#5436 = VECTOR ( 'NONE', #635, 1000.000000000000000 ) ;
#5437 = AXIS2_PLACEMENT_3D ( 'NONE', #4071, #2314, #4944 ) ;
#5438 = ORIENTED_EDGE ( 'NONE', *, *, #3831, .T. ) ;
#5439 = CARTESIAN_POINT ( 'NONE',  ( 2.608497682183862521E-15, 3.000000000000000000, 21.30000000000000071 ) ) ;
#5440 = CARTESIAN_POINT ( 'NONE',  ( -25.67789963307610179, -76.23649927378679081, 37.47549611368576450 ) ) ;
#5441 = ORIENTED_EDGE ( 'NONE', *, *, #108, .T. ) ;
#5442 = LINE ( 'NONE', #2483, #3288 ) ;
#5443 = DIRECTION ( 'NONE',  ( -0.000000000000000000, -0.000000000000000000, -1.000000000000000000 ) ) ;
#5444 = AXIS2_PLACEMENT_3D ( 'NONE', #4398, #2670, #4371 ) ;
#5445 = B_SPLINE_CURVE_WITH_KNOTS ( 'NONE', 3,
 ( #2053, #2385, #4934, #3751, #5456, #1153, #5194, #27, #2997, #1350, #1782, #4725, #441, #112, #5112, #2638 ),
 .UNSPECIFIED., .F., .F.,
 ( 4, 2, 2, 2, 2, 2, 2, 4 ),
 ( -1.814458379309522330E-05, 0.002338230511506321409, 0.004694605606805738601, 0.005872793154455454787, 0.007050980702105170105, 0.008229168249754885422, 0.008818262023579758260, 0.009407355797404631098 ),
 .UNSPECIFIED. ) ;
#5446 = LINE ( 'NONE', #3348, #730 ) ;
#5447 = DIRECTION ( 'NONE',  ( 0.000000000000000000, 0.000000000000000000, 1.000000000000000000 ) ) ;
#5448 = CARTESIAN_POINT ( 'NONE',  ( 32.66000000000000369, -79.44999999999998863, 41.40000000000000568 ) ) ;
#5449 = CARTESIAN_POINT ( 'NONE',  ( 30.62417799444000011, -47.30475391060579682, 36.89404147778613208 ) ) ;
#5450 = EDGE_CURVE ( 'NONE', #4213, #2492, #4039, .T. ) ;
#5451 = ORIENTED_EDGE ( 'NONE', *, *, #684, .F. ) ;
#5452 = ORIENTED_EDGE ( 'NONE', *, *, #546, .F. ) ;
#5453 = ORIENTED_EDGE ( 'NONE', *, *, #3791, .F. ) ;
#5454 = DIRECTION ( 'NONE',  ( 0.000000000000000000, 0.000000000000000000, 1.000000000000000000 ) ) ;
#5455 = DIRECTION ( 'NONE',  ( -3.470632971449819366E-17, 0.7197462415475317510, -0.6942372417107872673 ) ) ;
#5456 = CARTESIAN_POINT ( 'NONE',  ( -31.21129462484904948, -79.09889829874460077, 37.77427738759310216 ) ) ;
#5457 = VECTOR ( 'NONE', #1320, 1000.000000000000000 ) ;
#5458 = VERTEX_POINT ( 'NONE', #611 ) ;
#5459 = ORIENTED_EDGE ( 'NONE', *, *, #2186, .F. ) ;
#5460 = DIRECTION ( 'NONE',  ( -0.000000000000000000, -1.000000000000000000, -0.000000000000000000 ) ) ;
#5461 = CARTESIAN_POINT ( 'NONE',  ( 22.49999999999998579, -3.812238329577783968, -28.80000000000000782 ) ) ;
#5462 = ORIENTED_EDGE ( 'NONE', *, *, #1137, .T. ) ;
#5463 = DIRECTION ( 'NONE',  ( 0.000000000000000000, -1.000000000000000000, 0.000000000000000000 ) ) ;
#5464 = EDGE_CURVE ( 'NONE', #2778, #4250, #944, .T. ) ;
#5465 = ORIENTED_EDGE ( 'NONE', *, *, #3606, .F. ) ;
#5466 = DIRECTION ( 'NONE',  ( -0.000000000000000000, -0.000000000000000000, -1.000000000000000000 ) ) ;
#5467 = DIRECTION ( 'NONE',  ( 0.000000000000000000, 0.000000000000000000, 1.000000000000000000 ) ) ;
#5468 = VECTOR ( 'NONE', #2710, 1000.000000000000000 ) ;
#5469 = VERTEX_POINT ( 'NONE', #3981 ) ;
#5470 = DIRECTION ( 'NONE',  ( 9.998406201595427833E-17, -0.000000000000000000, 1.000000000000000000 ) ) ;
#5471 = EDGE_CURVE ( 'NONE', #5149, #4749, #3411, .T. ) ;
#5472 = ADVANCED_FACE ( 'NONE', ( #1469, #3063 ), #3701, .T. ) ;
#5473 = ORIENTED_EDGE ( 'NONE', *, *, #1125, .T. ) ;
#5474 = DIRECTION ( 'NONE',  ( 0.000000000000000000, 1.000000000000000000, 0.000000000000000000 ) ) ;
#5475 = CARTESIAN_POINT ( 'NONE',  ( 32.65999999999999659, -57.83207903938976102, 20.18271172513236777 ) ) ;
#5476 = CARTESIAN_POINT ( 'NONE',  ( 26.12173373764017725, -61.25622197736174002, 37.40000000000000568 ) ) ;
#5477 = DIRECTION ( 'NONE',  ( 0.000000000000000000, 0.000000000000000000, -1.000000000000000000 ) ) ;
#5478 = LINE ( 'NONE', #79, #755 ) ;
#5479 = CARTESIAN_POINT ( 'NONE',  ( 30.02389395794928006, -77.89907695666921938, 34.68445099140256360 ) ) ;
#5480 = CARTESIAN_POINT ( 'NONE',  ( -28.65999999999998238, -56.02371670659668723, 37.40000000000000568 ) ) ;
#5481 = ORIENTED_EDGE ( 'NONE', *, *, #4922, .F. ) ;
#5482 = VERTEX_POINT ( 'NONE', #312 ) ;
#5483 = CARTESIAN_POINT ( 'NONE',  ( 30.21168398772365293, -78.47587359673863716, 38.61023322246072098 ) ) ;
#5484 = CARTESIAN_POINT ( 'NONE',  ( 25.80000000000000426, -18.45000000000000284, 15.10000000000000142 ) ) ;
#5485 = ADVANCED_FACE ( 'NONE', ( #1576 ), #4916, .T. ) ;
#5486 = FACE_OUTER_BOUND ( 'NONE', #3838, .T. ) ;
ENDSEC;
END-ISO-10303-21;
