ISO-10303-21;
HEADER;
FILE_DESCRIPTION (( 'STEP AP214' ),
    '1' );
FILE_NAME ('cover cam fcb.STEP',
    '2026-08-26T16:59:07',
    ( '' ),
    ( '' ),
    'SwSTEP 2.0',
    'SolidWorks 2026',
    '' );
FILE_SCHEMA (( 'AUTOMOTIVE_DESIGN' ));
ENDSEC;

DATA;
#1 = CARTESIAN_POINT ( 'NONE',  ( -48.72916164112706383, 0.000000000000000000, -33.89459718789477449 ) ) ;
#2 = DIRECTION ( 'NONE',  ( 0.000000000000000000, 0.000000000000000000, 1.000000000000000000 ) ) ;
#3 = DIRECTION ( 'NONE',  ( 0.000000000000000000, 0.000000000000000000, 1.000000000000000000 ) ) ;
#4 = CARTESIAN_POINT ( 'NONE',  ( -54.93916164112710732, -3.000000000000000000, 11.53540281210529983 ) ) ;
#5 = EDGE_CURVE ( 'NONE', #1310, #1319, #744, .T. ) ;
#6 = ORIENTED_EDGE ( 'NONE', *, *, #1134, .F. ) ;
#7 = LINE ( 'NONE', #40, #145 ) ;
#8 = CARTESIAN_POINT ( 'NONE',  ( -7.410532491025603186, 14.99999999999999822, -52.73372970821539951 ) ) ;
#9 = DIRECTION ( 'NONE',  ( 1.000000000000000000, 0.000000000000000000, 0.000000000000000000 ) ) ;
#10 = ORIENTED_EDGE ( 'NONE', *, *, #1464, .F. ) ;
#11 = CARTESIAN_POINT ( 'NONE',  ( -48.01985404908594290, 7.141176498524117733, -52.37956790968082998 ) ) ;
#12 = ORIENTED_EDGE ( 'NONE', *, *, #335, .F. ) ;
#13 = ORIENTED_EDGE ( 'NONE', *, *, #850, .T. ) ;
#14 = AXIS2_PLACEMENT_3D ( 'NONE', #732, #285, #1212 ) ;
#15 = DIRECTION ( 'NONE',  ( 0.000000000000000000, 0.000000000000000000, 1.000000000000000000 ) ) ;
#16 = LINE ( 'NONE', #260, #331 ) ;
#17 =( NAMED_UNIT ( * ) PLANE_ANGLE_UNIT ( ) SI_UNIT ( $, .RADIAN. ) );
#18 = VECTOR ( 'NONE', #592, 1000.000000000000000 ) ;
#19 = CARTESIAN_POINT ( 'NONE',  ( -48.72916164112550774, -3.000000000000000000, 3.885402812104759018 ) ) ;
#20 = EDGE_CURVE ( 'NONE', #1334, #537, #429, .T. ) ;
#21 = VECTOR ( 'NONE', #690, 1000.000000000000000 ) ;
#22 = CARTESIAN_POINT ( 'NONE',  ( -49.77916164112706809, 1.835800967443052212, -56.10235885831693281 ) ) ;
#23 = ORIENTED_EDGE ( 'NONE', *, *, #1241, .F. ) ;
#24 = CARTESIAN_POINT ( 'NONE',  ( -9.829161641127125648, 0.000000000000000000, -37.19459718789475744 ) ) ;
#25 = ORIENTED_EDGE ( 'NONE', *, *, #5, .F. ) ;
#26 = DIRECTION ( 'NONE',  ( 0.000000000000000000, 0.000000000000000000, 1.000000000000000000 ) ) ;
#27 = DIRECTION ( 'NONE',  ( 0.000000000000000000, 0.000000000000000000, -1.000000000000000000 ) ) ;
#28 = ORIENTED_EDGE ( 'NONE', *, *, #879, .F. ) ;
#29 = EDGE_CURVE ( 'NONE', #1397, #316, #587, .T. ) ;
#30 = CARTESIAN_POINT ( 'NONE',  ( -49.56015820716389442, 3.386434002443440061, -56.05189141573849554 ) ) ;
#31 = CARTESIAN_POINT ( 'NONE',  ( -7.410532491025605850, 15.00000000000000000, -55.47098800841845190 ) ) ;
#32 = ORIENTED_EDGE ( 'NONE', *, *, #321, .F. ) ;
#33 = FACE_BOUND ( 'NONE', #1200, .T. ) ;
#34 = SURFACE_SIDE_STYLE ('',( #713 ) ) ;
#35 = ORIENTED_EDGE ( 'NONE', *, *, #760, .T. ) ;
#36 = FACE_OUTER_BOUND ( 'NONE', #1408, .T. ) ;
#37 = EDGE_CURVE ( 'NONE', #955, #1504, #1426, .T. ) ;
#38 = DIRECTION ( 'NONE',  ( 0.000000000000000000, 0.000000000000000000, -1.000000000000000000 ) ) ;
#39 = ORIENTED_EDGE ( 'NONE', *, *, #1122, .T. ) ;
#40 = CARTESIAN_POINT ( 'NONE',  ( 0.000000000000000000, 11.99999999999999645, -55.80235885831693565 ) ) ;
#41 = CYLINDRICAL_SURFACE ( 'NONE', #186, 2.000000000000001776 ) ;
#42 = VERTEX_POINT ( 'NONE', #971 ) ;
#43 = VECTOR ( 'NONE', #607, 1000.000000000000000 ) ;
#44 = CARTESIAN_POINT ( 'NONE',  ( -9.829161641127125648, -3.000000000000000000, -35.54459718789470912 ) ) ;
#45 = AXIS2_PLACEMENT_3D ( 'NONE', #787, #1039, #1257 ) ;
#46 = ORIENTED_EDGE ( 'NONE', *, *, #1185, .F. ) ;
#47 = DIRECTION ( 'NONE',  ( 0.000000000000000000, 0.000000000000000000, -1.000000000000000000 ) ) ;
#48 = AXIS2_PLACEMENT_3D ( 'NONE', #944, #1098, #1320 ) ;
#49 = EDGE_CURVE ( 'NONE', #516, #681, #377, .T. ) ;
#50 = ORIENTED_EDGE ( 'NONE', *, *, #245, .F. ) ;
#51 = DIRECTION ( 'NONE',  ( 1.390002785237829826E-16, 0.000000000000000000, 1.000000000000000000 ) ) ;
#52 = ORIENTED_EDGE ( 'NONE', *, *, #1416, .T. ) ;
#53 = CYLINDRICAL_SURFACE ( 'NONE', #184, 1.650000000000047207 ) ;
#54 = ORIENTED_EDGE ( 'NONE', *, *, #1071, .F. ) ;
#55 = ORIENTED_EDGE ( 'NONE', *, *, #287, .T. ) ;
#56 = EDGE_CURVE ( 'NONE', #1135, #443, #307, .T. ) ;
#57 = CARTESIAN_POINT ( 'NONE',  ( -8.610328523917230470, 0.000000000000000000, -58.10235885831693992 ) ) ;
#58 = VERTEX_POINT ( 'NONE', #723 ) ;
#59 = EDGE_CURVE ( 'NONE', #1052, #1249, #1228, .T. ) ;
#60 = DIRECTION ( 'NONE',  ( -0.000000000000000000, -1.000000000000000000, -0.000000000000000000 ) ) ;
#61 = ORIENTED_EDGE ( 'NONE', *, *, #850, .F. ) ;
#62 = EDGE_LOOP ( 'NONE', ( #243, #182, #1332, #308 ) ) ;
#63 = DIRECTION ( 'NONE',  ( 0.000000000000000000, 1.000000000000000000, -0.000000000000000000 ) ) ;
#64 = ORIENTED_EDGE ( 'NONE', *, *, #1457, .T. ) ;
#65 = VECTOR ( 'NONE', #60, 1000.000000000000000 ) ;
#66 = DIRECTION ( 'NONE',  ( 0.000000000000000000, 0.000000000000000000, -1.000000000000000000 ) ) ;
#67 = EDGE_CURVE ( 'NONE', #1319, #157, #919, .T. ) ;
#68 = VERTEX_POINT ( 'NONE', #322 ) ;
#69 = VECTOR ( 'NONE', #1381, 1000.000000000000000 ) ;
#70 = VECTOR ( 'NONE', #1461, 1000.000000000000000 ) ;
#71 = VECTOR ( 'NONE', #465, 1000.000000000000000 ) ;
#72 = ORIENTED_EDGE ( 'NONE', *, *, #707, .F. ) ;
#73 = DIRECTION ( 'NONE',  ( -0.000000000000000000, -1.000000000000000000, -0.000000000000000000 ) ) ;
#74 = CYLINDRICAL_SURFACE ( 'NONE', #310, 2.000000000000001776 ) ;
#75 = CARTESIAN_POINT ( 'NONE',  ( -8.779161641127132043, 11.99999999999999645, -56.10235885831693281 ) ) ;
#76 = EDGE_LOOP ( 'NONE', ( #608, #1446, #1192, #749 ) ) ;
#77 = EDGE_CURVE ( 'NONE', #654, #1213, #1407, .T. ) ;
#78 = ORIENTED_EDGE ( 'NONE', *, *, #924, .F. ) ;
#79 = DIRECTION ( 'NONE',  ( 0.000000000000000000, 0.000000000000000000, -1.000000000000000000 ) ) ;
#80 = CARTESIAN_POINT ( 'NONE',  ( -11.30700657308008061, 1.200000000000003064, -55.80235885831693565 ) ) ;
#81 = LINE ( 'NONE', #1358, #506 ) ;
#82 = ORIENTED_EDGE ( 'NONE', *, *, #1233, .F. ) ;
#83 = EDGE_CURVE ( 'NONE', #949, #667, #1022, .T. ) ;
#84 = VERTEX_POINT ( 'NONE', #4 ) ;
#85 = ORIENTED_EDGE ( 'NONE', *, *, #59, .T. ) ;
#86 = DIRECTION ( 'NONE',  ( -0.000000000000000000, -1.000000000000000000, -0.000000000000000000 ) ) ;
#87 = CARTESIAN_POINT ( 'NONE',  ( -49.77916164112706099, 1.200000000000003064, -52.10235885831693281 ) ) ;
#88 = DIRECTION ( 'NONE',  ( 0.000000000000000000, 0.000000000000000000, 1.000000000000000000 ) ) ;
#89 = CARTESIAN_POINT ( 'NONE',  ( -8.779161641127130267, 17.65685424949237969, -52.10235885831693281 ) ) ;
#90 = VECTOR ( 'NONE', #1078, 1000.000000000000000 ) ;
#91 = VECTOR ( 'NONE', #421, 1000.000000000000000 ) ;
#92 = VECTOR ( 'NONE', #1029, 1000.000000000000000 ) ;
#93 = CARTESIAN_POINT ( 'NONE',  ( -49.50649357129059069, 3.691045961701603595, -52.16486509007791739 ) ) ;
#94 = VECTOR ( 'NONE', #1514, 1000.000000000000000 ) ;
#95 = EDGE_CURVE ( 'NONE', #639, #1397, #1184, .T. ) ;
#96 = CARTESIAN_POINT ( 'NONE',  ( -38.97916164112706383, 1.200000000000001510, 0.000000000000000000 ) ) ;
#97 = CIRCLE ( 'NONE', #311, 1.649999999999096634 ) ;
#98 = ORIENTED_EDGE ( 'NONE', *, *, #1148, .F. ) ;
#99 = CARTESIAN_POINT ( 'NONE',  ( -8.779161641127128490, 1.835800967443047327, -52.10235885831693992 ) ) ;
#100 = LINE ( 'NONE', #692, #94 ) ;
#101 = CARTESIAN_POINT ( 'NONE',  ( -8.619161641127075058, 12.00000000000000000, -52.10235885831693281 ) ) ;
#102 = DIRECTION ( 'NONE',  ( -1.000000000000000000, 0.000000000000000000, 0.000000000000000000 ) ) ;
#103 = ORIENTED_EDGE ( 'NONE', *, *, #583, .T. ) ;
#104 = ADVANCED_FACE ( 'NONE', ( #1420 ), #838, .F. ) ;
#105 = DIRECTION ( 'NONE',  ( 0.000000000000000000, 0.000000000000000000, 1.000000000000000000 ) ) ;
#106 = CARTESIAN_POINT ( 'NONE',  ( -7.079161641127129201, -38.14093046811553478, -52.40235885831693707 ) ) ;
#107 = ADVANCED_FACE ( 'NONE', ( #500 ), #271, .T. ) ;
#108 = ORIENTED_EDGE ( 'NONE', *, *, #1038, .F. ) ;
#109 = EDGE_LOOP ( 'NONE', ( #1484, #659, #1474, #35 ) ) ;
#110 = UNCERTAINTY_MEASURE_WITH_UNIT (LENGTH_MEASURE( 1.000000000000000082E-05 ), #1074, 'distance_accuracy_value', 'NONE');
#111 = DIRECTION ( 'NONE',  ( -0.000000000000000000, 1.000000000000000000, -0.000000000000000000 ) ) ;
#112 = EDGE_CURVE ( 'NONE', #513, #846, #398, .T. ) ;
#113 = ORIENTED_EDGE ( 'NONE', *, *, #1141, .F. ) ;
#114 = DIRECTION ( 'NONE',  ( 0.000000000000000000, 0.000000000000000000, 1.000000000000000000 ) ) ;
#115 = VECTOR ( 'NONE', #1073, 1000.000000000000000 ) ;
#116 = DIRECTION ( 'NONE',  ( 1.000000000000000000, 0.000000000000000000, 0.000000000000000000 ) ) ;
#117 = SURFACE_STYLE_USAGE ( .BOTH. , #34 ) ;
#118 = CARTESIAN_POINT ( 'NONE',  ( -6.619161641127076834, 0.000000000000000000, -50.10235885831693281 ) ) ;
#119 = DIRECTION ( 'NONE',  ( 8.673617379884027583E-16, 0.000000000000000000, 1.000000000000000000 ) ) ;
#120 = EDGE_CURVE ( 'NONE', #58, #1319, #1101, .T. ) ;
#121 = EDGE_LOOP ( 'NONE', ( #563, #901, #61, #360 ) ) ;
#122 = DIRECTION ( 'NONE',  ( 0.000000000000000000, 1.000000000000000000, -0.000000000000000000 ) ) ;
#123 = DIRECTION ( 'NONE',  ( 0.000000000000000000, 1.000000000000000000, -0.000000000000000000 ) ) ;
#124 = FACE_OUTER_BOUND ( 'NONE', #525, .T. ) ;
#125 = CARTESIAN_POINT ( 'NONE',  ( -7.879161641127129911, 14.19999999999999929, 0.000000000000000000 ) ) ;
#126 = DIRECTION ( 'NONE',  ( 0.000000000000000000, 0.000000000000000000, 1.000000000000000000 ) ) ;
#127 = CARTESIAN_POINT ( 'NONE',  ( -8.779161641127130267, 17.65685424949237969, -56.10235885831693281 ) ) ;
#128 = ADVANCED_FACE ( 'NONE', ( #510 ), #757, .F. ) ;
#129 = VERTEX_POINT ( 'NONE', #622 ) ;
#130 = CARTESIAN_POINT ( 'NONE',  ( -6.619161641127077722, 12.00000000000000000, -57.91459718789471367 ) ) ;
#131 = CARTESIAN_POINT ( 'NONE',  ( -11.30700657308005397, 11.99999999999999645, -52.40235885831693707 ) ) ;
#132 = CARTESIAN_POINT ( 'NONE',  ( -49.93916164112710732, 11.99999999999999645, -52.10235885831693281 ) ) ;
#133 = CYLINDRICAL_SURFACE ( 'NONE', #575, 10.79999999999999716 ) ;
#134 = CARTESIAN_POINT ( 'NONE',  ( -48.72916164112706383, -3.000000000000000000, -35.54459718789470912 ) ) ;
#135 = EDGE_LOOP ( 'NONE', ( #1252, #449, #1272, #23 ) ) ;
#136 = CARTESIAN_POINT ( 'NONE',  ( -50.67916164112705246, 15.00000000000000000, -53.20235885831693423 ) ) ;
#137 = ORIENTED_EDGE ( 'NONE', *, *, #174, .F. ) ;
#138 = VECTOR ( 'NONE', #51, 1000.000000000000000 ) ;
#139 = ADVANCED_FACE ( 'NONE', ( #1229 ), #53, .F. ) ;
#140 = CARTESIAN_POINT ( 'NONE',  ( -6.619161641127077722, 12.00000000000000000, -57.91459718789471367 ) ) ;
#141 = FACE_OUTER_BOUND ( 'NONE', #862, .T. ) ;
#142 = LINE ( 'NONE', #343, #43 ) ;
#143 = AXIS2_PLACEMENT_3D ( 'NONE', #1137, #922, #1385 ) ;
#144 = VERTEX_POINT ( 'NONE', #992 ) ;
#145 = VECTOR ( 'NONE', #1431, 1000.000000000000000 ) ;
#146 = CARTESIAN_POINT ( 'NONE',  ( -11.30700657308005397, 11.99999999999999645, -52.40235885831693707 ) ) ;
#147 = CARTESIAN_POINT ( 'NONE',  ( -7.879161641127129911, 15.00000000000000000, -55.00235885831693139 ) ) ;
#148 = ORIENTED_EDGE ( 'NONE', *, *, #1161, .T. ) ;
#149 = FACE_OUTER_BOUND ( 'NONE', #1058, .T. ) ;
#150 = DIRECTION ( 'NONE',  ( 0.000000000000000000, 0.000000000000000000, 1.000000000000000000 ) ) ;
#151 = ORIENTED_EDGE ( 'NONE', *, *, #623, .F. ) ;
#152 = EDGE_CURVE ( 'NONE', #1422, #1021, #1217, .T. ) ;
#153 = FACE_OUTER_BOUND ( 'NONE', #874, .T. ) ;
#154 = ORIENTED_EDGE ( 'NONE', *, *, #1502, .F. ) ;
#155 = CARTESIAN_POINT ( 'NONE',  ( -8.779161641127130267, 1.200000000000003064, -56.10235885831693281 ) ) ;
#156 = DIRECTION ( 'NONE',  ( -0.000000000000000000, -1.000000000000000000, 0.000000000000000000 ) ) ;
#157 = VERTEX_POINT ( 'NONE', #979 ) ;
#158 = DIRECTION ( 'NONE',  ( -0.000000000000000000, -1.000000000000000000, -0.000000000000000000 ) ) ;
#159 = ADVANCED_FACE ( 'NONE', ( #636 ), #881, .F. ) ;
#160 = VERTEX_POINT ( 'NONE', #1094 ) ;
#161 = DIRECTION ( 'NONE',  ( -1.000000000000000000, 0.000000000000000000, -0.000000000000000000 ) ) ;
#162 = ORIENTED_EDGE ( 'NONE', *, *, #640, .F. ) ;
#163 =( GEOMETRIC_REPRESENTATION_CONTEXT ( 3 ) GLOBAL_UNCERTAINTY_ASSIGNED_CONTEXT ( ( #110 ) ) GLOBAL_UNIT_ASSIGNED_CONTEXT ( ( #1074, #17, #383 ) ) REPRESENTATION_CONTEXT ( 'NONE', 'WORKASPACE' ) );
#164 = LINE ( 'NONE', #629, #1340 ) ;
#165 = AXIS2_PLACEMENT_3D ( 'NONE', #1286, #114, #464 ) ;
#166 = AXIS2_PLACEMENT_3D ( 'NONE', #935, #223, #218 ) ;
#167 = ADVANCED_FACE ( 'NONE', ( #36 ), #890, .T. ) ;
#168 = ORIENTED_EDGE ( 'NONE', *, *, #425, .F. ) ;
#169 = FACE_OUTER_BOUND ( 'NONE', #657, .T. ) ;
#170 = ORIENTED_EDGE ( 'NONE', *, *, #917, .F. ) ;
#171 = DIRECTION ( 'NONE',  ( 0.000000000000000000, 0.000000000000000000, 1.000000000000000000 ) ) ;
#172 = ORIENTED_EDGE ( 'NONE', *, *, #790, .F. ) ;
#173 = VERTEX_POINT ( 'NONE', #873 ) ;
#174 = EDGE_CURVE ( 'NONE', #144, #516, #748, .T. ) ;
#175 = LINE ( 'NONE', #403, #476 ) ;
#176 = ORIENTED_EDGE ( 'NONE', *, *, #685, .T. ) ;
#177 = PLANE ( 'NONE',  #452 ) ;
#178 = EDGE_LOOP ( 'NONE', ( #1370, #423, #808, #389 ) ) ;
#179 = EDGE_LOOP ( 'NONE', ( #743, #975 ) ) ;
#180 = DIRECTION ( 'NONE',  ( 1.000000000000000000, 0.000000000000000000, 0.000000000000000000 ) ) ;
#181 = CARTESIAN_POINT ( 'NONE',  ( -53.77916164112706099, 17.65685424949237969, -52.10235885831693281 ) ) ;
#182 = ORIENTED_EDGE ( 'NONE', *, *, #583, .F. ) ;
#183 = CARTESIAN_POINT ( 'NONE',  ( -9.829161641127125648, -3.000000000000000000, -35.54459718789470912 ) ) ;
#184 = AXIS2_PLACEMENT_3D ( 'NONE', #44, #867, #171 ) ;
#185 = VERTEX_POINT ( 'NONE', #1341 ) ;
#186 = AXIS2_PLACEMENT_3D ( 'NONE', #505, #985, #751 ) ;
#187 = CIRCLE ( 'NONE', #1027, 1.650000000000047207 ) ;
#188 = VECTOR ( 'NONE', #588, 1000.000000000000000 ) ;
#189 = ORIENTED_EDGE ( 'NONE', *, *, #357, .T. ) ;
#190 = CARTESIAN_POINT ( 'NONE',  ( -3.619161641127077722, -3.000000000000000000, -60.91459718789471367 ) ) ;
#191 = CYLINDRICAL_SURFACE ( 'NONE', #1026, 10.79999999999999716 ) ;
#192 = ORIENTED_EDGE ( 'NONE', *, *, #1269, .F. ) ;
#193 = VERTEX_POINT ( 'NONE', #1351 ) ;
#194 = ADVANCED_FACE ( 'NONE', ( #153 ), #291, .F. ) ;
#195 = EDGE_LOOP ( 'NONE', ( #25, #689, #1220, #800 ) ) ;
#196 = CARTESIAN_POINT ( 'NONE',  ( -7.879161641127129911, 15.00000000000000000, -55.80235885831693565 ) ) ;
#197 = CARTESIAN_POINT ( 'NONE',  ( -51.93916164112710732, 12.00000000000000000, -50.10235885831693281 ) ) ;
#198 = EDGE_CURVE ( 'NONE', #1483, #1279, #164, .T. ) ;
#199 = CARTESIAN_POINT ( 'NONE',  ( -49.23432820659552078, 4.601717515040562922, -55.98540188506883908 ) ) ;
#200 = VERTEX_POINT ( 'NONE', #517 ) ;
#201 = DIRECTION ( 'NONE',  ( 0.000000000000000000, 0.000000000000000000, 1.000000000000000000 ) ) ;
#202 = CARTESIAN_POINT ( 'NONE',  ( -47.25131670917411242, 8.143446588703884714, -55.80235885831693565 ) ) ;
#203 = DIRECTION ( 'NONE',  ( 0.000000000000000000, 0.000000000000000000, -1.000000000000000000 ) ) ;
#204 = AXIS2_PLACEMENT_3D ( 'NONE', #474, #1032, #119 ) ;
#205 = AXIS2_PLACEMENT_3D ( 'NONE', #521, #289, #418 ) ;
#206 = VERTEX_POINT ( 'NONE', #1172 ) ;
#207 = AXIS2_PLACEMENT_3D ( 'NONE', #691, #1072, #1170 ) ;
#208 = ADVANCED_FACE ( 'NONE', ( #472 ), #1209, .F. ) ;
#209 = CARTESIAN_POINT ( 'NONE',  ( -50.67916164112705246, 15.00000000000000000, -52.40235885831693707 ) ) ;
#210 = AXIS2_PLACEMENT_3D ( 'NONE', #519, #1080, #494 ) ;
#211 = ADVANCED_FACE ( 'NONE', ( #124 ), #730, .F. ) ;
#212 = VERTEX_POINT ( 'NONE', #232 ) ;
#213 = PLANE ( 'NONE',  #166 ) ;
#214 = DIRECTION ( 'NONE',  ( -0.000000000000000000, -1.000000000000000000, -0.000000000000000000 ) ) ;
#215 = CARTESIAN_POINT ( 'NONE',  ( -49.94799475833695368, 12.00000000000000000, -58.10235885831693992 ) ) ;
#216 = DIRECTION ( 'NONE',  ( 0.000000000000000000, 0.000000000000000000, 1.000000000000000000 ) ) ;
#217 = ORIENTED_EDGE ( 'NONE', *, *, #20, .F. ) ;
#218 = DIRECTION ( 'NONE',  ( 0.000000000000000000, -0.000000000000000000, -1.000000000000000000 ) ) ;
#219 = EDGE_CURVE ( 'NONE', #654, #846, #1232, .T. ) ;
#220 = DIRECTION ( 'NONE',  ( 0.000000000000000000, 0.000000000000000000, 1.000000000000000000 ) ) ;
#221 = LINE ( 'NONE', #684, #1491 ) ;
#222 = EDGE_LOOP ( 'NONE', ( #721, #869, #52, #688 ) ) ;
#223 = DIRECTION ( 'NONE',  ( 0.000000000000000000, -1.000000000000000000, 0.000000000000000000 ) ) ;
#224 = CARTESIAN_POINT ( 'NONE',  ( -9.829161641127125648, -3.000000000000000000, 3.885402812105248849 ) ) ;
#225 = DIRECTION ( 'NONE',  ( 1.000000000000000000, 0.000000000000000000, -0.000000000000000000 ) ) ;
#226 = VECTOR ( 'NONE', #79, 1000.000000000000000 ) ;
#227 = ORIENTED_EDGE ( 'NONE', *, *, #1122, .F. ) ;
#228 = CIRCLE ( 'NONE', #45, 1.649999999999096634 ) ;
#229 = LINE ( 'NONE', #1036, #329 ) ;
#230 = AXIS2_PLACEMENT_3D ( 'NONE', #746, #994, #868 ) ;
#231 = CARTESIAN_POINT ( 'NONE',  ( 0.000000000000000000, 12.00000000000000000, 11.53540281210529983 ) ) ;
#232 = CARTESIAN_POINT ( 'NONE',  ( -51.47916164112705673, 11.99999999999999645, -55.80235885831693565 ) ) ;
#233 = DIRECTION ( 'NONE',  ( 0.000000000000000000, 0.000000000000000000, 1.000000000000000000 ) ) ;
#234 = EDGE_CURVE ( 'NONE', #1279, #1504, #836, .T. ) ;
#235 = CARTESIAN_POINT ( 'NONE',  ( 0.000000000000000000, 0.000000000000000000, 8.535402812105299830 ) ) ;
#236 = ORIENTED_EDGE ( 'NONE', *, *, #1344, .F. ) ;
#237 = LINE ( 'NONE', #852, #21 ) ;
#238 = FACE_OUTER_BOUND ( 'NONE', #1355, .T. ) ;
#239 = CARTESIAN_POINT ( 'NONE',  ( -51.47916164112705673, 14.19999999999999751, -55.80235885831693565 ) ) ;
#240 = FACE_OUTER_BOUND ( 'NONE', #1100, .T. ) ;
#241 = CARTESIAN_POINT ( 'NONE',  ( -48.72916164112550774, 0.000000000000000000, 5.535402812103855652 ) ) ;
#242 = DIRECTION ( 'NONE',  ( -0.000000000000000000, 1.000000000000000000, -0.000000000000000000 ) ) ;
#243 = ORIENTED_EDGE ( 'NONE', *, *, #815, .F. ) ;
#244 = CARTESIAN_POINT ( 'NONE',  ( -9.649119620469978287, 5.493571801953105016, -52.27661999130375392 ) ) ;
#245 = EDGE_CURVE ( 'NONE', #336, #993, #381, .T. ) ;
#246 = DIRECTION ( 'NONE',  ( 0.000000000000000000, 0.000000000000000000, 1.000000000000000000 ) ) ;
#247 = ORIENTED_EDGE ( 'NONE', *, *, #1244, .T. ) ;
#248 = DIRECTION ( 'NONE',  ( 0.000000000000000000, 0.000000000000000000, 1.000000000000000000 ) ) ;
#249 = DIRECTION ( 'NONE',  ( 0.000000000000000000, 0.000000000000000000, 1.000000000000000000 ) ) ;
#250 = CARTESIAN_POINT ( 'NONE',  ( -49.94799475833695368, 17.65685424949237969, -56.10235885831693281 ) ) ;
#251 = VERTEX_POINT ( 'NONE', #365 ) ;
#252 = FACE_OUTER_BOUND ( 'NONE', #269, .T. ) ;
#253 = FACE_OUTER_BOUND ( 'NONE', #978, .T. ) ;
#254 = CARTESIAN_POINT ( 'NONE',  ( -49.77916164112706099, 1.835872319175240186, -52.10235885831693281 ) ) ;
#255 = AXIS2_PLACEMENT_3D ( 'NONE', #1306, #242, #1442 ) ;
#256 = ORIENTED_EDGE ( 'NONE', *, *, #567, .T. ) ;
#257 = VECTOR ( 'NONE', #614, 1000.000000000000000 ) ;
#258 = CARTESIAN_POINT ( 'NONE',  ( -9.537469395383824988, 5.188048151631122984, -55.94774513698683904 ) ) ;
#259 = EDGE_CURVE ( 'NONE', #898, #1382, #1384, .T. ) ;
#260 = CARTESIAN_POINT ( 'NONE',  ( -7.079161641127129201, 14.19999999999999929, -55.80235885831693565 ) ) ;
#261 = FILL_AREA_STYLE ('',( #498 ) ) ;
#262 = AXIS2_PLACEMENT_3D ( 'NONE', #826, #358, #951 ) ;
#263 = ORIENTED_EDGE ( 'NONE', *, *, #616, .T. ) ;
#264 = AXIS2_PLACEMENT_3D ( 'NONE', #1208, #619, #483 ) ;
#265 = DIRECTION ( 'NONE',  ( 1.000000000000000000, -0.000000000000000000, 0.000000000000000000 ) ) ;
#266 = ORIENTED_EDGE ( 'NONE', *, *, #815, .T. ) ;
#267 = DIRECTION ( 'NONE',  ( -0.000000000000000000, -1.000000000000000000, -0.000000000000000000 ) ) ;
#268 = DIRECTION ( 'NONE',  ( 0.000000000000000000, 1.000000000000000000, 0.000000000000000000 ) ) ;
#269 = EDGE_LOOP ( 'NONE', ( #634, #113, #282, #1111 ) ) ;
#270 = EDGE_CURVE ( 'NONE', #1085, #949, #945, .T. ) ;
#271 = CYLINDRICAL_SURFACE ( 'NONE', #347, 0.8000000000000020428 ) ;
#272 = MANIFOLD_SOLID_BREP ( 'Fillet6', #695 ) ;
#273 = EDGE_LOOP ( 'NONE', ( #773, #841 ) ) ;
#274 = CARTESIAN_POINT ( 'NONE',  ( -9.829161641127125648, 0.000000000000000000, -33.89459718789466081 ) ) ;
#275 = ORIENTED_EDGE ( 'NONE', *, *, #49, .F. ) ;
#276 = ORIENTED_EDGE ( 'NONE', *, *, #152, .T. ) ;
#277 = EDGE_CURVE ( 'NONE', #1357, #576, #1314, .T. ) ;
#278 = DIRECTION ( 'NONE',  ( -0.000000000000000000, -0.000000000000000000, -1.000000000000000000 ) ) ;
#279 = ORIENTED_EDGE ( 'NONE', *, *, #682, .T. ) ;
#280 = SHAPE_DEFINITION_REPRESENTATION ( #635, #849 ) ;
#281 = DIRECTION ( 'NONE',  ( 0.000000000000000000, 0.000000000000000000, 1.000000000000000000 ) ) ;
#282 = ORIENTED_EDGE ( 'NONE', *, *, #1061, .F. ) ;
#283 = AXIS2_PLACEMENT_3D ( 'NONE', #969, #957, #1304 ) ;
#284 = AXIS2_PLACEMENT_3D ( 'NONE', #1237, #1482, #422 ) ;
#285 = DIRECTION ( 'NONE',  ( -0.000000000000000000, 1.000000000000000000, -0.000000000000000000 ) ) ;
#286 = VECTOR ( 'NONE', #1386, 1000.000000000000000 ) ;
#287 = EDGE_CURVE ( 'NONE', #1422, #1135, #720, .T. ) ;
#288 = ORIENTED_EDGE ( 'NONE', *, *, #1307, .T. ) ;
#289 = DIRECTION ( 'NONE',  ( -0.000000000000000000, 1.000000000000000000, -0.000000000000000000 ) ) ;
#290 = ORIENTED_EDGE ( 'NONE', *, *, #1515, .T. ) ;
#291 = CYLINDRICAL_SURFACE ( 'NONE', #14, 1.650000000000045430 ) ;
#292 = ORIENTED_EDGE ( 'NONE', *, *, #797, .T. ) ;
#293 = DIRECTION ( 'NONE',  ( 1.000000000000000000, 0.000000000000000000, 0.000000000000000000 ) ) ;
#294 = EDGE_CURVE ( 'NONE', #511, #419, #142, .T. ) ;
#295 = ORIENTED_EDGE ( 'NONE', *, *, #948, .T. ) ;
#296 =( LENGTH_UNIT ( ) NAMED_UNIT ( * ) SI_UNIT ( .MILLI., .METRE. ) );
#297 = DIRECTION ( 'NONE',  ( -0.000000000000000000, 1.000000000000000000, -0.000000000000000000 ) ) ;
#298 = CARTESIAN_POINT ( 'NONE',  ( -49.77916164112706099, 11.99999999999999645, -56.10235885831693281 ) ) ;
#299 = CARTESIAN_POINT ( 'NONE',  ( -54.93916164112710732, -3.000000000000000000, 11.53540281210529983 ) ) ;
#300 = ORIENTED_EDGE ( 'NONE', *, *, #29, .F. ) ;
#301 = ORIENTED_EDGE ( 'NONE', *, *, #37, .T. ) ;
#302 = APPLICATION_PROTOCOL_DEFINITION ( 'draft international standard', 'automotive_design', 1998, #461 ) ;
#303 = CARTESIAN_POINT ( 'NONE',  ( -8.619161641127075058, 0.000000000000000000, -52.10235885831693281 ) ) ;
#304 = ORIENTED_EDGE ( 'NONE', *, *, #77, .F. ) ;
#305 = EDGE_CURVE ( 'NONE', #1337, #212, #375, .T. ) ;
#306 = PLANE ( 'NONE',  #886 ) ;
#307 = CIRCLE ( 'NONE', #204, 2.000000000000001776 ) ;
#308 = ORIENTED_EDGE ( 'NONE', *, *, #872, .F. ) ;
#309 = CIRCLE ( 'NONE', #1388, 2.000000000000001776 ) ;
#310 = AXIS2_PLACEMENT_3D ( 'NONE', #789, #540, #1010 ) ;
#311 = AXIS2_PLACEMENT_3D ( 'NONE', #334, #1037, #2 ) ;
#312 = ORIENTED_EDGE ( 'NONE', *, *, #1211, .F. ) ;
#313 = EDGE_CURVE ( 'NONE', #129, #569, #1432, .T. ) ;
#314 = EDGE_LOOP ( 'NONE', ( #792, #1301, #362, #85, #1246, #1265 ) ) ;
#315 = DIRECTION ( 'NONE',  ( 0.000000000000000000, 0.000000000000000000, 1.000000000000000000 ) ) ;
#316 = VERTEX_POINT ( 'NONE', #1349 ) ;
#317 = DIRECTION ( 'NONE',  ( 0.000000000000000000, 0.000000000000000000, -1.000000000000000000 ) ) ;
#318 = CARTESIAN_POINT ( 'NONE',  ( -9.065977032071851127, 3.692328847567139416, -52.16761704041462622 ) ) ;
#319 = CARTESIAN_POINT ( 'NONE',  ( -49.77916164112706099, 1.200000000000003064, -52.10235885831693281 ) ) ;
#320 = ADVANCED_FACE ( 'NONE', ( #169 ), #1121, .F. ) ;
#321 = EDGE_CURVE ( 'NONE', #537, #1052, #641, .T. ) ;
#322 = CARTESIAN_POINT ( 'NONE',  ( -51.93916164112710732, 0.000000000000000000, 8.535402812105299830 ) ) ;
#323 = VERTEX_POINT ( 'NONE', #274 ) ;
#324 = CARTESIAN_POINT ( 'NONE',  ( -51.47916164112705673, -38.14093046811553478, 0.000000000000000000 ) ) ;
#325 = CARTESIAN_POINT ( 'NONE',  ( -54.93916164112710732, 12.00000000000000000, 11.53540281210529983 ) ) ;
#326 = AXIS2_PLACEMENT_3D ( 'NONE', #1057, #268, #150 ) ;
#327 = CIRCLE ( 'NONE', #1273, 1.650000000000047207 ) ;
#328 = ADVANCED_FACE ( 'NONE', ( #620, #742, #1226, #411, #1219 ), #647, .F. ) ;
#329 = VECTOR ( 'NONE', #1291, 1000.000000000000000 ) ;
#330 = CARTESIAN_POINT ( 'NONE',  ( 0.000000000000000000, 11.99999999999999645, -52.10235885831693281 ) ) ;
#331 = VECTOR ( 'NONE', #729, 1000.000000000000000 ) ;
#332 = ORIENTED_EDGE ( 'NONE', *, *, #1354, .F. ) ;
#333 = CARTESIAN_POINT ( 'NONE',  ( -9.829161641127125648, -3.000000000000000000, -35.54459718789470912 ) ) ;
#334 = CARTESIAN_POINT ( 'NONE',  ( -48.72916164112550774, -3.000000000000000000, 5.535402812103855652 ) ) ;
#335 = EDGE_CURVE ( 'NONE', #1082, #615, #529, .T. ) ;
#336 = VERTEX_POINT ( 'NONE', #895 ) ;
#337 = CARTESIAN_POINT ( 'NONE',  ( -9.051829710963612996, 3.691045961701616029, -56.03985262655597666 ) ) ;
#338 = CARTESIAN_POINT ( 'NONE',  ( -7.079161641127129201, -38.14093046811553478, -55.80235885831693565 ) ) ;
#339 = EDGE_LOOP ( 'NONE', ( #192, #866, #1424, #584 ) ) ;
#340 = CARTESIAN_POINT ( 'NONE',  ( -10.89805160096355330, 7.656233372330847331, -55.80235885831694276 ) ) ;
#341 = DIRECTION ( 'NONE',  ( -0.000000000000000000, 1.000000000000000000, -0.000000000000000000 ) ) ;
#342 = CARTESIAN_POINT ( 'NONE',  ( -8.779161641127130267, 1.200000000000003064, -52.10235885831693281 ) ) ;
#343 = CARTESIAN_POINT ( 'NONE',  ( -8.779161641127130267, 0.000000000000000000, -52.10235885831693281 ) ) ;
#344 = EDGE_CURVE ( 'NONE', #681, #1483, #530, .T. ) ;
#345 = DIRECTION ( 'NONE',  ( 0.000000000000000000, 0.000000000000000000, 1.000000000000000000 ) ) ;
#346 = CARTESIAN_POINT ( 'NONE',  ( -47.25131670917414084, 8.143446588703850963, -52.40235885831693707 ) ) ;
#347 = AXIS2_PLACEMENT_3D ( 'NONE', #1324, #387, #1458 ) ;
#348 = PRESENTATION_LAYER_ASSIGNMENT (  '', '', ( #1150 ) ) ;
#349 = CARTESIAN_POINT ( 'NONE',  ( -9.829161641127125648, 0.000000000000000000, 7.185402812105340153 ) ) ;
#350 = VECTOR ( 'NONE', #799, 1000.000000000000000 ) ;
#351 = ORIENTED_EDGE ( 'NONE', *, *, #321, .T. ) ;
#352 = AXIS2_PLACEMENT_3D ( 'NONE', #606, #3, #811 ) ;
#353 = CIRCLE ( 'NONE', #509, 1.649999999999936184 ) ;
#354 = CARTESIAN_POINT ( 'NONE',  ( -8.779161641127132043, 11.99999999999999645, -52.10235885831693281 ) ) ;
#355 = CARTESIAN_POINT ( 'NONE',  ( -51.47916164112705673, 14.66862915010152157, -55.80235885831693565 ) ) ;
#356 = CARTESIAN_POINT ( 'NONE',  ( -8.610328523917228694, 17.65685424949237969, -56.10235885831693281 ) ) ;
#357 = EDGE_CURVE ( 'NONE', #1052, #709, #175, .T. ) ;
#358 = DIRECTION ( 'NONE',  ( -0.000000000000000000, -1.000000000000000000, 0.000000000000000000 ) ) ;
#359 = CARTESIAN_POINT ( 'NONE',  ( -3.619161641127077722, -3.000000000000000000, 11.53540281210529983 ) ) ;
#360 = ORIENTED_EDGE ( 'NONE', *, *, #305, .F. ) ;
#361 = DIRECTION ( 'NONE',  ( -0.000000000000000000, -1.000000000000000000, -0.000000000000000000 ) ) ;
#362 = ORIENTED_EDGE ( 'NONE', *, *, #1277, .F. ) ;
#363 = DIRECTION ( 'NONE',  ( 0.000000000000000000, 1.000000000000000000, -0.000000000000000000 ) ) ;
#364 = DIRECTION ( 'NONE',  ( 0.000000000000000000, 0.000000000000000000, 1.000000000000000000 ) ) ;
#365 = CARTESIAN_POINT ( 'NONE',  ( -49.93916164112710732, 0.000000000000000000, -52.10235885831693281 ) ) ;
#366 = ORIENTED_EDGE ( 'NONE', *, *, #485, .F. ) ;
#367 = CYLINDRICAL_SURFACE ( 'NONE', #556, 1.649999999999936184 ) ;
#368 = CARTESIAN_POINT ( 'NONE',  ( -49.32964178044078807, 4.299405522703414917, -56.00389393380082481 ) ) ;
#369 = EDGE_CURVE ( 'NONE', #401, #376, #649, .T. ) ;
#370 = EDGE_CURVE ( 'NONE', #1337, #513, #996, .T. ) ;
#371 = DIRECTION ( 'NONE',  ( -1.000000000000000000, 0.000000000000000000, 0.000000000000000000 ) ) ;
#372 = ORIENTED_EDGE ( 'NONE', *, *, #1223, .T. ) ;
#373 = FACE_OUTER_BOUND ( 'NONE', #1401, .T. ) ;
#374 = CARTESIAN_POINT ( 'NONE',  ( -53.77916164112706099, 17.65685424949237969, -56.10235885831693281 ) ) ;
#375 = LINE ( 'NONE', #1092, #1248 ) ;
#376 = VERTEX_POINT ( 'NONE', #1243 ) ;
#377 = LINE ( 'NONE', #146, #1000 ) ;
#378 = CARTESIAN_POINT ( 'NONE',  ( -54.93916164112710732, -3.000000000000000000, 11.53540281210529983 ) ) ;
#379 = ADVANCED_FACE ( 'NONE', ( #1463 ), #1338, .F. ) ;
#380 = VERTEX_POINT ( 'NONE', #391 ) ;
#381 = CIRCLE ( 'NONE', #283, 10.79999999999999716 ) ;
#382 = LINE ( 'NONE', #865, #482 ) ;
#383 =( NAMED_UNIT ( * ) SI_UNIT ( $, .STERADIAN. ) SOLID_ANGLE_UNIT ( ) );
#384 = VECTOR ( 'NONE', #686, 1000.000000000000000 ) ;
#385 = ORIENTED_EDGE ( 'NONE', *, *, #716, .T. ) ;
#386 = VECTOR ( 'NONE', #837, 1000.000000000000000 ) ;
#387 = DIRECTION ( 'NONE',  ( -1.000000000000000000, 0.000000000000000000, 0.000000000000000000 ) ) ;
#388 = DIRECTION ( 'NONE',  ( -1.000000000000000000, -0.000000000000000000, -0.000000000000000000 ) ) ;
#389 = ORIENTED_EDGE ( 'NONE', *, *, #1296, .F. ) ;
#390 = ADVANCED_FACE ( 'NONE', ( #870 ), #1479, .F. ) ;
#391 = CARTESIAN_POINT ( 'NONE',  ( -7.079161641127129201, 14.19999999999999751, -55.80235885831693565 ) ) ;
#392 = VERTEX_POINT ( 'NONE', #763 ) ;
#393 = DIRECTION ( 'NONE',  ( 0.000000000000000000, 0.000000000000000000, -1.000000000000000000 ) ) ;
#394 = ORIENTED_EDGE ( 'NONE', *, *, #29, .T. ) ;
#395 = DIRECTION ( 'NONE',  ( -1.000000000000000000, 0.000000000000000000, 0.000000000000000000 ) ) ;
#396 = ORIENTED_EDGE ( 'NONE', *, *, #567, .F. ) ;
#397 = EDGE_CURVE ( 'NONE', #185, #1310, #1108, .T. ) ;
#398 = LINE ( 'NONE', #405, #475 ) ;
#399 = ORIENTED_EDGE ( 'NONE', *, *, #1307, .F. ) ;
#400 = ORIENTED_EDGE ( 'NONE', *, *, #1387, .T. ) ;
#401 = VERTEX_POINT ( 'NONE', #900 ) ;
#402 = AXIS2_PLACEMENT_3D ( 'NONE', #952, #1060, #126 ) ;
#403 = CARTESIAN_POINT ( 'NONE',  ( -49.77916164112706099, 17.65685424949237969, -56.10235885831693281 ) ) ;
#404 = CARTESIAN_POINT ( 'NONE',  ( -51.47916164112705673, 14.66862915010152157, -52.40235885831693707 ) ) ;
#405 = CARTESIAN_POINT ( 'NONE',  ( -51.47916164112705673, 14.19999999999999929, -55.80235885831693565 ) ) ;
#406 = VECTOR ( 'NONE', #1263, 1000.000000000000000 ) ;
#407 = ORIENTED_EDGE ( 'NONE', *, *, #1371, .F. ) ;
#408 = EDGE_CURVE ( 'NONE', #734, #392, #1363, .T. ) ;
#409 = PRODUCT_DEFINITION_FORMATION_WITH_SPECIFIED_SOURCE ( 'ANY', '', #1453, .NOT_KNOWN. ) ;
#410 = ORIENTED_EDGE ( 'NONE', *, *, #658, .F. ) ;
#411 = FACE_BOUND ( 'NONE', #273, .T. ) ;
#412 = ORIENTED_EDGE ( 'NONE', *, *, #408, .F. ) ;
#413 = FACE_OUTER_BOUND ( 'NONE', #109, .T. ) ;
#414 = ORIENTED_EDGE ( 'NONE', *, *, #415, .F. ) ;
#415 = EDGE_CURVE ( 'NONE', #1131, #624, #309, .T. ) ;
#416 = ADVANCED_FACE ( 'NONE', ( #1099 ), #41, .F. ) ;
#417 = ORIENTED_EDGE ( 'NONE', *, *, #234, .T. ) ;
#418 = DIRECTION ( 'NONE',  ( 0.000000000000000000, 0.000000000000000000, 1.000000000000000000 ) ) ;
#419 = VERTEX_POINT ( 'NONE', #666 ) ;
#420 = CARTESIAN_POINT ( 'NONE',  ( 0.000000000000000000, 12.00000000000000000, 8.535402812105299830 ) ) ;
#421 = DIRECTION ( 'NONE',  ( -0.000000000000000000, 0.000000000000000000, 1.000000000000000000 ) ) ;
#422 = DIRECTION ( 'NONE',  ( 0.000000000000000000, 0.000000000000000000, 1.000000000000000000 ) ) ;
#423 = ORIENTED_EDGE ( 'NONE', *, *, #1477, .F. ) ;
#424 = ORIENTED_EDGE ( 'NONE', *, *, #522, .T. ) ;
#425 = EDGE_CURVE ( 'NONE', #251, #157, #426, .T. ) ;
#426 = LINE ( 'NONE', #545, #906 ) ;
#427 = ORIENTED_EDGE ( 'NONE', *, *, #1344, .T. ) ;
#428 = DIRECTION ( 'NONE',  ( 0.000000000000000000, 1.000000000000000000, -0.000000000000000000 ) ) ;
#429 = CIRCLE ( 'NONE', #1020, 10.79999999999999716 ) ;
#430 = DIRECTION ( 'NONE',  ( 0.000000000000000000, 0.000000000000000000, 1.000000000000000000 ) ) ;
#431 = FACE_OUTER_BOUND ( 'NONE', #1195, .T. ) ;
#432 = AXIS2_PLACEMENT_3D ( 'NONE', #57, #1476, #887 ) ;
#433 = PLANE ( 'NONE',  #352 ) ;
#434 = AXIS2_PLACEMENT_3D ( 'NONE', #703, #363, #15 ) ;
#435 = AXIS2_PLACEMENT_3D ( 'NONE', #438, #1377, #201 ) ;
#436 = VERTEX_POINT ( 'NONE', #303 ) ;
#437 = ADVANCED_FACE ( 'NONE', ( #1151 ), #1024, .F. ) ;
#438 = CARTESIAN_POINT ( 'NONE',  ( -9.829161641127125648, -3.000000000000000000, -35.54459718789470912 ) ) ;
#439 = DIRECTION ( 'NONE',  ( 0.000000000000000000, 0.000000000000000000, -1.000000000000000000 ) ) ;
#440 = DIRECTION ( 'NONE',  ( 0.000000000000000000, 0.000000000000000000, -1.000000000000000000 ) ) ;
#441 = CARTESIAN_POINT ( 'NONE',  ( -48.89949400770625232, 5.480854785494906345, -52.27669755137096530 ) ) ;
#442 = DIRECTION ( 'NONE',  ( -0.000000000000000000, 1.000000000000000000, -0.000000000000000000 ) ) ;
#443 = VERTEX_POINT ( 'NONE', #1159 ) ;
#444 = CARTESIAN_POINT ( 'NONE',  ( -8.834856682952421991, 2.461680972290542169, -52.11620326460965913 ) ) ;
#445 = LINE ( 'NONE', #450, #1471 ) ;
#446 = DIRECTION ( 'NONE',  ( -1.000000000000000000, 0.000000000000000000, 0.000000000000000000 ) ) ;
#447 = EDGE_CURVE ( 'NONE', #1021, #1357, #598, .T. ) ;
#448 = CARTESIAN_POINT ( 'NONE',  ( -49.94799475833695368, 0.000000000000000000, -58.10235885831693992 ) ) ;
#449 = ORIENTED_EDGE ( 'NONE', *, *, #872, .T. ) ;
#450 = CARTESIAN_POINT ( 'NONE',  ( -51.93916164112710732, 12.00000000000000000, 8.535402812105299830 ) ) ;
#451 = CARTESIAN_POINT ( 'NONE',  ( -9.829161641127125648, -3.000000000000000000, -33.89459718789466081 ) ) ;
#452 = AXIS2_PLACEMENT_3D ( 'NONE', #644, #1138, #896 ) ;
#453 = VECTOR ( 'NONE', #446, 1000.000000000000000 ) ;
#454 = ORIENTED_EDGE ( 'NONE', *, *, #640, .T. ) ;
#455 = UNCERTAINTY_MEASURE_WITH_UNIT (LENGTH_MEASURE( 1.000000000000000082E-05 ), #296, 'distance_accuracy_value', 'NONE');
#456 = LINE ( 'NONE', #1398, #18 ) ;
#457 = CARTESIAN_POINT ( 'NONE',  ( -47.25131670917414084, 8.143446588703850963, -52.40235885831693707 ) ) ;
#458 = DIRECTION ( 'NONE',  ( 1.000000000000000000, -0.000000000000000000, 0.000000000000000000 ) ) ;
#459 = EDGE_CURVE ( 'NONE', #1131, #206, #1260, .T. ) ;
#460 = EDGE_LOOP ( 'NONE', ( #535, #1290, #427, #479 ) ) ;
#461 = APPLICATION_CONTEXT ( 'automotive_design' ) ;
#462 = DIRECTION ( 'NONE',  ( 1.000000000000000000, 0.000000000000000000, 0.000000000000000000 ) ) ;
#463 = CARTESIAN_POINT ( 'NONE',  ( -9.914475535974011322, 6.060415071766447781, -52.31680374250584720 ) ) ;
#464 = DIRECTION ( 'NONE',  ( 1.000000000000000000, 0.000000000000000000, -0.000000000000000000 ) ) ;
#465 = DIRECTION ( 'NONE',  ( -0.000000000000000000, 1.000000000000000000, -0.000000000000000000 ) ) ;
#466 = DIRECTION ( 'NONE',  ( -0.000000000000000000, 1.000000000000000000, 0.000000000000000000 ) ) ;
#467 = CARTESIAN_POINT ( 'NONE',  ( -9.829161641127125648, -3.000000000000000000, 5.535402812105294501 ) ) ;
#468 = CARTESIAN_POINT ( 'NONE',  ( -47.25131670917411242, 12.00000000000000000, -66.60235885831693281 ) ) ;
#469 = ORIENTED_EDGE ( 'NONE', *, *, #294, .T. ) ;
#470 = ADVANCED_FACE ( 'NONE', ( #1015 ), #191, .F. ) ;
#471 = DIRECTION ( 'NONE',  ( 1.000000000000000000, 0.000000000000000000, -0.000000000000000000 ) ) ;
#472 = FACE_OUTER_BOUND ( 'NONE', #135, .T. ) ;
#473 = LINE ( 'NONE', #356, #386 ) ;
#474 = CARTESIAN_POINT ( 'NONE',  ( -8.610328523917230470, 12.00000000000000000, -58.10235885831693992 ) ) ;
#475 = VECTOR ( 'NONE', #524, 1000.000000000000000 ) ;
#476 = VECTOR ( 'NONE', #1449, 1000.000000000000000 ) ;
#477 = CARTESIAN_POINT ( 'NONE',  ( -48.72916164112706383, -3.000000000000000000, -35.54459718789470912 ) ) ;
#478 = AXIS2_PLACEMENT_3D ( 'NONE', #912, #555, #1360 ) ;
#479 = ORIENTED_EDGE ( 'NONE', *, *, #313, .T. ) ;
#480 = VECTOR ( 'NONE', #1403, 1000.000000000000000 ) ;
#481 = CARTESIAN_POINT ( 'NONE',  ( -51.93916164112710732, 0.000000000000000000, 0.000000000000000000 ) ) ;
#482 = VECTOR ( 'NONE', #267, 1000.000000000000000 ) ;
#483 = DIRECTION ( 'NONE',  ( 1.000000000000000000, 0.000000000000000000, 0.000000000000000000 ) ) ;
#484 = DIRECTION ( 'NONE',  ( -0.000000000000000000, 1.000000000000000000, -0.000000000000000000 ) ) ;
#485 = EDGE_CURVE ( 'NONE', #993, #144, #558, .T. ) ;
#486 = CARTESIAN_POINT ( 'NONE',  ( -3.619161641127077722, -3.000000000000000000, -60.91459718789471367 ) ) ;
#487 = LINE ( 'NONE', #964, #1346 ) ;
#488 = ORIENTED_EDGE ( 'NONE', *, *, #1071, .T. ) ;
#489 = DIRECTION ( 'NONE',  ( 0.000000000000000000, 0.000000000000000000, 1.000000000000000000 ) ) ;
#490 = DIRECTION ( 'NONE',  ( -0.000000000000000000, -1.000000000000000000, 0.000000000000000000 ) ) ;
#491 = CARTESIAN_POINT ( 'NONE',  ( -7.079161641127128313, 14.66862915010152157, -52.40235885831691576 ) ) ;
#492 = ORIENTED_EDGE ( 'NONE', *, *, #696, .F. ) ;
#493 = ORIENTED_EDGE ( 'NONE', *, *, #67, .T. ) ;
#494 = DIRECTION ( 'NONE',  ( 0.000000000000000000, 0.000000000000000000, 1.000000000000000000 ) ) ;
#495 = EDGE_CURVE ( 'NONE', #1382, #193, #564, .T. ) ;
#496 = ORIENTED_EDGE ( 'NONE', *, *, #1318, .T. ) ;
#497 = PLANE ( 'NONE',  #1299 ) ;
#498 = FILL_AREA_STYLE_COLOUR ( '', #802 ) ;
#499 = ORIENTED_EDGE ( 'NONE', *, *, #1023, .T. ) ;
#500 = FACE_OUTER_BOUND ( 'NONE', #1492, .T. ) ;
#501 = LINE ( 'NONE', #378, #752 ) ;
#502 = PRODUCT_RELATED_PRODUCT_CATEGORY ( 'part', '', ( #1453 ) ) ;
#503 = ORIENTED_EDGE ( 'NONE', *, *, #1269, .T. ) ;
#504 = FACE_BOUND ( 'NONE', #1025, .T. ) ;
#505 = CARTESIAN_POINT ( 'NONE',  ( -8.619161641127075058, 17.65685424949237969, -50.10235885831693281 ) ) ;
#506 = VECTOR ( 'NONE', #1255, 1000.000000000000000 ) ;
#507 = ORIENTED_EDGE ( 'NONE', *, *, #696, .T. ) ;
#508 = ORIENTED_EDGE ( 'NONE', *, *, #305, .T. ) ;
#509 = AXIS2_PLACEMENT_3D ( 'NONE', #477, #840, #246 ) ;
#510 = FACE_OUTER_BOUND ( 'NONE', #76, .T. ) ;
#511 = VERTEX_POINT ( 'NONE', #1033 ) ;
#512 = CARTESIAN_POINT ( 'NONE',  ( -49.77916164112706099, 1.200000000000003064, -56.10235885831693281 ) ) ;
#513 = VERTEX_POINT ( 'NONE', #1498 ) ;
#514 = ADVANCED_FACE ( 'NONE', ( #806 ), #905, .F. ) ;
#515 = CARTESIAN_POINT ( 'NONE',  ( -47.25131670917414084, 1.200000000000003064, -52.40235885831693707 ) ) ;
#516 = VERTEX_POINT ( 'NONE', #920 ) ;
#517 = CARTESIAN_POINT ( 'NONE',  ( -9.829161641127125648, -3.000000000000000000, -37.19459718789475744 ) ) ;
#518 = ORIENTED_EDGE ( 'NONE', *, *, #112, .F. ) ;
#519 = CARTESIAN_POINT ( 'NONE',  ( -49.94799475833695368, 12.00000000000000000, -58.10235885831693992 ) ) ;
#520 = EDGE_LOOP ( 'NONE', ( #170, #78, #1234, #292 ) ) ;
#521 = CARTESIAN_POINT ( 'NONE',  ( -48.72916164112550774, -3.000000000000000000, 5.535402812103855652 ) ) ;
#522 = EDGE_CURVE ( 'NONE', #58, #624, #1164, .T. ) ;
#523 = CARTESIAN_POINT ( 'NONE',  ( -48.72916164112706383, 0.000000000000000000, -37.19459718789464375 ) ) ;
#524 = DIRECTION ( 'NONE',  ( -0.000000000000000000, 0.000000000000000000, -1.000000000000000000 ) ) ;
#525 = EDGE_LOOP ( 'NONE', ( #46, #778, #851, #1315 ) ) ;
#526 = LINE ( 'NONE', #1470, #931 ) ;
#527 = ORIENTED_EDGE ( 'NONE', *, *, #1086, .F. ) ;
#528 = VECTOR ( 'NONE', #697, 1000.000000000000000 ) ;
#529 = LINE ( 'NONE', #633, #138 ) ;
#530 = CIRCLE ( 'NONE', #670, 10.79999999999999716 ) ;
#531 = VECTOR ( 'NONE', #542, 1000.000000000000000 ) ;
#532 = EDGE_CURVE ( 'NONE', #1082, #436, #1222, .T. ) ;
#533 = CARTESIAN_POINT ( 'NONE',  ( -51.47916164112705673, 14.19999999999999751, -52.40235885831693707 ) ) ;
#534 = AXIS2_PLACEMENT_3D ( 'NONE', #125, #1305, #9 ) ;
#535 = ORIENTED_EDGE ( 'NONE', *, *, #1396, .T. ) ;
#536 = ADVANCED_FACE ( 'NONE', ( #413 ), #1488, .T. ) ;
#537 = VERTEX_POINT ( 'NONE', #298 ) ;
#538 =( NAMED_UNIT ( * ) SI_UNIT ( $, .STERADIAN. ) SOLID_ANGLE_UNIT ( ) );
#539 = CARTESIAN_POINT ( 'NONE',  ( -49.77916164112706099, 17.65685424949237969, -52.10235885831693281 ) ) ;
#540 = DIRECTION ( 'NONE',  ( -0.000000000000000000, 1.000000000000000000, 0.000000000000000000 ) ) ;
#541 = ORIENTED_EDGE ( 'NONE', *, *, #1457, .F. ) ;
#542 = DIRECTION ( 'NONE',  ( 0.000000000000000000, 0.000000000000000000, -1.000000000000000000 ) ) ;
#543 = ADVANCED_FACE ( 'NONE', ( #902 ), #771, .T. ) ;
#544 = ORIENTED_EDGE ( 'NONE', *, *, #198, .F. ) ;
#545 = CARTESIAN_POINT ( 'NONE',  ( -53.77916164112706099, 0.000000000000000000, -52.10235885831693281 ) ) ;
#546 = DIRECTION ( 'NONE',  ( 1.000000000000000000, -0.000000000000000000, 0.000000000000000000 ) ) ;
#547 = ORIENTED_EDGE ( 'NONE', *, *, #1309, .T. ) ;
#548 = EDGE_LOOP ( 'NONE', ( #758, #1119, #675, #1104 ) ) ;
#549 = CARTESIAN_POINT ( 'NONE',  ( -7.079161641127129201, -38.14093046811553478, 0.000000000000000000 ) ) ;
#550 = AXIS2_PLACEMENT_3D ( 'NONE', #662, #910, #430 ) ;
#551 = DIRECTION ( 'NONE',  ( 0.000000000000000000, 0.000000000000000000, -1.000000000000000000 ) ) ;
#552 = LINE ( 'NONE', #299, #92 ) ;
#553 = VECTOR ( 'NONE', #824, 1000.000000000000000 ) ;
#554 = VECTOR ( 'NONE', #1139, 1000.000000000000000 ) ;
#555 = DIRECTION ( 'NONE',  ( 0.000000000000000000, 1.000000000000000000, -0.000000000000000000 ) ) ;
#556 = AXIS2_PLACEMENT_3D ( 'NONE', #134, #596, #1075 ) ;
#557 = CARTESIAN_POINT ( 'NONE',  ( -47.25131670917411242, 8.143446588703884714, -55.80235885831693565 ) ) ;
#558 = LINE ( 'NONE', #926, #350 ) ;
#559 = DIRECTION ( 'NONE',  ( -1.000000000000000000, 0.000000000000000000, 0.000000000000000000 ) ) ;
#560 = ADVANCED_FACE ( 'NONE', ( #1268 ), #1145, .T. ) ;
#561 = LINE ( 'NONE', #80, #860 ) ;
#562 = DIRECTION ( 'NONE',  ( 0.000000000000000000, 1.000000000000000000, 0.000000000000000000 ) ) ;
#563 = ORIENTED_EDGE ( 'NONE', *, *, #370, .T. ) ;
#564 = LINE ( 'NONE', #196, #226 ) ;
#565 = ORIENTED_EDGE ( 'NONE', *, *, #825, .T. ) ;
#566 = CARTESIAN_POINT ( 'NONE',  ( 0.000000000000000000, -38.14093046811553478, -55.80235885831693565 ) ) ;
#567 = EDGE_CURVE ( 'NONE', #663, #1097, #1158, .T. ) ;
#568 = LINE ( 'NONE', #1395, #726 ) ;
#569 = VERTEX_POINT ( 'NONE', #1414 ) ;
#570 = CARTESIAN_POINT ( 'NONE',  ( -9.213094852353849618, 4.295981944793962448, -56.00501224693226021 ) ) ;
#571 = DIRECTION ( 'NONE',  ( -0.000000000000000000, 1.000000000000000000, -0.000000000000000000 ) ) ;
#572 = AXIS2_PLACEMENT_3D ( 'NONE', #845, #823, #1293 ) ;
#573 = EDGE_CURVE ( 'NONE', #1316, #663, #812, .T. ) ;
#574 = VECTOR ( 'NONE', #687, 1000.000000000000000 ) ;
#575 = AXIS2_PLACEMENT_3D ( 'NONE', #1292, #712, #968 ) ;
#576 = VERTEX_POINT ( 'NONE', #775 ) ;
#577 = CARTESIAN_POINT ( 'NONE',  ( -48.72916164112706383, -3.000000000000000000, -37.19459718789464375 ) ) ;
#578 = CARTESIAN_POINT ( 'NONE',  ( -11.30700657308008061, 8.143446588703881162, -55.80235885831693565 ) ) ;
#579 = FACE_OUTER_BOUND ( 'NONE', #856, .T. ) ;
#580 = FACE_OUTER_BOUND ( 'NONE', #960, .T. ) ;
#581 = CARTESIAN_POINT ( 'NONE',  ( 0.000000000000000000, 12.00000000000000000, -57.91459718789471367 ) ) ;
#582 = CARTESIAN_POINT ( 'NONE',  ( -48.64384774628015862, 6.060415071766476203, -55.88791397412801842 ) ) ;
#583 = EDGE_CURVE ( 'NONE', #436, #1201, #1366, .T. ) ;
#584 = ORIENTED_EDGE ( 'NONE', *, *, #152, .F. ) ;
#585 = DIRECTION ( 'NONE',  ( 0.000000000000000000, 0.000000000000000000, 1.000000000000000000 ) ) ;
#586 = CARTESIAN_POINT ( 'NONE',  ( -8.779161641127130267, 1.200000000000003064, -52.10235885831693281 ) ) ;
#587 = LINE ( 'NONE', #486, #724 ) ;
#588 = DIRECTION ( 'NONE',  ( -0.000000000000000000, -1.000000000000000000, -0.000000000000000000 ) ) ;
#589 = EDGE_CURVE ( 'NONE', #42, #173, #228, .T. ) ;
#590 = ORIENTED_EDGE ( 'NONE', *, *, #1515, .F. ) ;
#591 = CARTESIAN_POINT ( 'NONE',  ( -10.06915104410837891, 6.328120785928911474, -55.87238053427994089 ) ) ;
#592 = DIRECTION ( 'NONE',  ( 0.000000000000000000, 0.000000000000000000, 1.000000000000000000 ) ) ;
#593 = FACE_OUTER_BOUND ( 'NONE', #1438, .T. ) ;
#594 = EDGE_CURVE ( 'NONE', #667, #949, #1049, .T. ) ;
#595 = LINE ( 'NONE', #231, #115 ) ;
#596 = DIRECTION ( 'NONE',  ( -0.000000000000000000, 1.000000000000000000, -0.000000000000000000 ) ) ;
#597 = CARTESIAN_POINT ( 'NONE',  ( -49.77916164112706099, 1.200000000000003064, -52.10235885831693281 ) ) ;
#598 = CIRCLE ( 'NONE', #1294, 2.000000000000001776 ) ;
#599 = DIRECTION ( 'NONE',  ( 1.000000000000000000, -0.000000000000000000, 0.000000000000000000 ) ) ;
#600 = VECTOR ( 'NONE', #341, 1000.000000000000000 ) ;
#601 = ORIENTED_EDGE ( 'NONE', *, *, #982, .F. ) ;
#602 = AXIS2_PLACEMENT_3D ( 'NONE', #566, #939, #810 ) ;
#603 = LINE ( 'NONE', #130, #480 ) ;
#604 = LINE ( 'NONE', #853, #1128 ) ;
#605 = CARTESIAN_POINT ( 'NONE',  ( -49.93916164112710732, 0.000000000000000000, -50.10235885831693281 ) ) ;
#606 = CARTESIAN_POINT ( 'NONE',  ( -54.93916164112710732, -3.000000000000000000, 11.53540281210529983 ) ) ;
#607 = DIRECTION ( 'NONE',  ( -0.000000000000000000, -0.000000000000000000, 1.000000000000000000 ) ) ;
#608 = ORIENTED_EDGE ( 'NONE', *, *, #1223, .F. ) ;
#609 = EDGE_CURVE ( 'NONE', #655, #1467, #1472, .T. ) ;
#610 = ORIENTED_EDGE ( 'NONE', *, *, #825, .F. ) ;
#611 = CARTESIAN_POINT ( 'NONE',  ( -48.63385762698494119, 6.050315183423962573, -52.31434166039451839 ) ) ;
#612 = ORIENTED_EDGE ( 'NONE', *, *, #1353, .T. ) ;
#613 = CARTESIAN_POINT ( 'NONE',  ( 0.000000000000000000, 11.99999999999999645, -56.10235885831693281 ) ) ;
#614 = DIRECTION ( 'NONE',  ( -0.000000000000000000, -0.000000000000000000, -1.000000000000000000 ) ) ;
#615 = VERTEX_POINT ( 'NONE', #1239 ) ;
#616 = EDGE_CURVE ( 'NONE', #1240, #734, #638, .T. ) ;
#617 = DIRECTION ( 'NONE',  ( -0.000000000000000000, 1.000000000000000000, -0.000000000000000000 ) ) ;
#618 = ORIENTED_EDGE ( 'NONE', *, *, #370, .F. ) ;
#619 = DIRECTION ( 'NONE',  ( -0.000000000000000000, -0.000000000000000000, -1.000000000000000000 ) ) ;
#620 = FACE_BOUND ( 'NONE', #990, .T. ) ;
#621 = ORIENTED_EDGE ( 'NONE', *, *, #59, .F. ) ;
#622 = CARTESIAN_POINT ( 'NONE',  ( -38.97916164112706383, 11.99999999999999645, -52.40235885831693707 ) ) ;
#623 = EDGE_CURVE ( 'NONE', #995, #1253, #1325, .T. ) ;
#624 = VERTEX_POINT ( 'NONE', #132 ) ;
#625 = DIRECTION ( 'NONE',  ( 0.000000000000000000, 0.000000000000000000, -1.000000000000000000 ) ) ;
#626 = AXIS2_PLACEMENT_3D ( 'NONE', #183, #755, #1011 ) ;
#627 = ORIENTED_EDGE ( 'NONE', *, *, #998, .F. ) ;
#628 = VECTOR ( 'NONE', #388, 1000.000000000000000 ) ;
#629 = CARTESIAN_POINT ( 'NONE',  ( -8.779161641127130267, 17.65685424949237969, -52.10235885831693281 ) ) ;
#630 = ADVANCED_FACE ( 'NONE', ( #1180, #593 ), #1312, .T. ) ;
#631 = ORIENTED_EDGE ( 'NONE', *, *, #738, .F. ) ;
#632 = CARTESIAN_POINT ( 'NONE',  ( 0.000000000000000000, 0.000000000000000000, 0.000000000000000000 ) ) ;
#633 = CARTESIAN_POINT ( 'NONE',  ( -6.619161641127069728, 0.000000000000000000, 9.200653117106032960E-16 ) ) ;
#634 = ORIENTED_EDGE ( 'NONE', *, *, #259, .F. ) ;
#635 = PRODUCT_DEFINITION_SHAPE ( 'NONE', 'NONE',  #1034 ) ;
#636 = FACE_OUTER_BOUND ( 'NONE', #1062, .T. ) ;
#637 = VERTEX_POINT ( 'NONE', #1189 ) ;
#638 = LINE ( 'NONE', #645, #909 ) ;
#639 = VERTEX_POINT ( 'NONE', #1196 ) ;
#640 = EDGE_CURVE ( 'NONE', #637, #68, #1063, .T. ) ;
#641 = LINE ( 'NONE', #1333, #930 ) ;
#642 = ORIENTED_EDGE ( 'NONE', *, *, #658, .T. ) ;
#643 = EDGE_CURVE ( 'NONE', #569, #1249, #1003, .T. ) ;
#644 = CARTESIAN_POINT ( 'NONE',  ( -53.77916164112706099, 17.65685424949237969, -52.10235885831693281 ) ) ;
#645 = CARTESIAN_POINT ( 'NONE',  ( -3.619161641127077722, 12.00000000000000000, 0.000000000000000000 ) ) ;
#646 = ORIENTED_EDGE ( 'NONE', *, *, #1161, .F. ) ;
#647 = PLANE ( 'NONE',  #1126 ) ;
#648 = ORIENTED_EDGE ( 'NONE', *, *, #738, .T. ) ;
#649 = CIRCLE ( 'NONE', #432, 2.000000000000001776 ) ;
#650 = ORIENTED_EDGE ( 'NONE', *, *, #1353, .F. ) ;
#651 = VECTOR ( 'NONE', #1044, 1000.000000000000000 ) ;
#652 = CARTESIAN_POINT ( 'NONE',  ( 0.000000000000000000, 12.00000000000000000, 8.535402812105299830 ) ) ;
#653 = LINE ( 'NONE', #1146, #554 ) ;
#654 = VERTEX_POINT ( 'NONE', #1055 ) ;
#655 = VERTEX_POINT ( 'NONE', #1399 ) ;
#656 = DIRECTION ( 'NONE',  ( 0.000000000000000000, 0.000000000000000000, -1.000000000000000000 ) ) ;
#657 = EDGE_LOOP ( 'NONE', ( #1486, #943, #493, #965 ) ) ;
#658 = EDGE_CURVE ( 'NONE', #1097, #681, #604, .T. ) ;
#659 = ORIENTED_EDGE ( 'NONE', *, *, #682, .F. ) ;
#660 = CARTESIAN_POINT ( 'NONE',  ( -51.93916164112710732, 12.00000000000000000, 0.000000000000000000 ) ) ;
#661 = DIRECTION ( 'NONE',  ( -0.000000000000000000, 1.000000000000000000, 0.000000000000000000 ) ) ;
#662 = CARTESIAN_POINT ( 'NONE',  ( -54.93916164112710732, -3.000000000000000000, -60.91459718789471367 ) ) ;
#663 = VERTEX_POINT ( 'NONE', #1430 ) ;
#664 = ADVANCED_FACE ( 'NONE', ( #373 ), #817, .T. ) ;
#665 = CARTESIAN_POINT ( 'NONE',  ( -48.90920366178421119, 5.493571801953134326, -55.92809772533012591 ) ) ;
#666 = CARTESIAN_POINT ( 'NONE',  ( -8.779161641127130267, 0.000000000000000000, -52.10235885831693281 ) ) ;
#667 = VERTEX_POINT ( 'NONE', #1 ) ;
#668 = CARTESIAN_POINT ( 'NONE',  ( -8.779161641127130267, 1.200000000000003064, -52.10235885831693281 ) ) ;
#669 = CARTESIAN_POINT ( 'NONE',  ( -7.079161641127129201, 15.00000000000000000, -53.20235885831693423 ) ) ;
#670 = AXIS2_PLACEMENT_3D ( 'NONE', #1129, #989, #1005 ) ;
#671 = CARTESIAN_POINT ( 'NONE',  ( -50.67916164112705246, 14.19999999999999929, 0.000000000000000000 ) ) ;
#672 = AXIS2_PLACEMENT_3D ( 'NONE', #1258, #47, #733 ) ;
#673 = CARTESIAN_POINT ( 'NONE',  ( -8.619161641127075058, 12.00000000000000000, -50.10235885831693281 ) ) ;
#674 = AXIS2_PLACEMENT_3D ( 'NONE', #324, #559, #1154 ) ;
#675 = ORIENTED_EDGE ( 'NONE', *, *, #1335, .T. ) ;
#676 = ADVANCED_FACE ( 'NONE', ( #938 ), #1404, .T. ) ;
#677 = CARTESIAN_POINT ( 'NONE',  ( -11.30700657308008061, 17.65685424949237969, -66.60235885831693281 ) ) ;
#678 = ORIENTED_EDGE ( 'NONE', *, *, #1233, .T. ) ;
#679 = DIRECTION ( 'NONE',  ( -1.000000000000000000, 0.000000000000000000, -0.000000000000000000 ) ) ;
#680 = PLANE ( 'NONE',  #602 ) ;
#681 = VERTEX_POINT ( 'NONE', #131 ) ;
#682 = EDGE_CURVE ( 'NONE', #392, #1283, #456, .T. ) ;
#683 = FACE_OUTER_BOUND ( 'NONE', #1440, .T. ) ;
#684 = CARTESIAN_POINT ( 'NONE',  ( -54.93916164112710732, -3.000000000000000000, -60.91459718789471367 ) ) ;
#685 = EDGE_CURVE ( 'NONE', #160, #921, #843, .T. ) ;
#686 = DIRECTION ( 'NONE',  ( 1.000000000000000000, 0.000000000000000000, 0.000000000000000000 ) ) ;
#687 = DIRECTION ( 'NONE',  ( 0.000000000000000000, -1.000000000000000000, -0.000000000000000000 ) ) ;
#688 = ORIENTED_EDGE ( 'NONE', *, *, #1264, .F. ) ;
#689 = ORIENTED_EDGE ( 'NONE', *, *, #397, .F. ) ;
#690 = DIRECTION ( 'NONE',  ( -0.000000000000000000, 1.000000000000000000, -0.000000000000000000 ) ) ;
#691 = CARTESIAN_POINT ( 'NONE',  ( -38.97916164112706383, 1.200000000000001510, -55.80235885831693565 ) ) ;
#692 = CARTESIAN_POINT ( 'NONE',  ( -4.779161641127129379, 0.000000000000000000, -52.10235885831693281 ) ) ;
#693 = CARTESIAN_POINT ( 'NONE',  ( 0.000000000000000000, 11.99999999999999645, -55.80235885831693565 ) ) ;
#694 = ORIENTED_EDGE ( 'NONE', *, *, #1185, .T. ) ;
#695 = CLOSED_SHELL ( 'NONE', ( #194, #514, #128, #1114, #1096, #159, #1437, #907, #379, #211, #1051, #768, #416, #208, #630, #1102, #747, #167, #807, #536, #328, #1013, #543, #1469, #320, #864, #664, #1328, #1256, #1087, #1493, #1167, #676, #107, #560, #139, #1194, #390, #104, #1176, #470, #1447, #925, #933, #437 ) ) ;
#696 = EDGE_CURVE ( 'NONE', #1021, #376, #1054, .T. ) ;
#697 = DIRECTION ( 'NONE',  ( 0.000000000000000000, 0.000000000000000000, 1.000000000000000000 ) ) ;
#698 = MECHANICAL_DESIGN_GEOMETRIC_PRESENTATION_REPRESENTATION (  '', ( #1150 ), #163 ) ;
#699 = CIRCLE ( 'NONE', #1345, 1.649999999999096634 ) ;
#700 = CIRCLE ( 'NONE', #264, 10.79999999999999716 ) ;
#701 = ORIENTED_EDGE ( 'NONE', *, *, #982, .T. ) ;
#702 = FACE_OUTER_BOUND ( 'NONE', #222, .T. ) ;
#703 = CARTESIAN_POINT ( 'NONE',  ( -48.72916164112550774, 0.000000000000000000, 5.535402812103855652 ) ) ;
#704 = CARTESIAN_POINT ( 'NONE',  ( -3.619161641127077722, -3.000000000000000000, -60.91459718789471367 ) ) ;
#705 = CARTESIAN_POINT ( 'NONE',  ( -50.67916164112705246, 15.00000000000000000, -55.00235885831693139 ) ) ;
#706 = CARTESIAN_POINT ( 'NONE',  ( -49.02085388687038403, 5.188048151631104332, -52.25697257964706210 ) ) ;
#707 = EDGE_CURVE ( 'NONE', #1316, #336, #561, .T. ) ;
#708 = CARTESIAN_POINT ( 'NONE',  ( -6.619161641127080387, 12.00000000000000000, 8.535402812105299830 ) ) ;
#709 = VERTEX_POINT ( 'NONE', #1280 ) ;
#710 = LINE ( 'NONE', #842, #1174 ) ;
#711 = CARTESIAN_POINT ( 'NONE',  ( 0.000000000000000000, 12.00000000000000000, 0.000000000000000000 ) ) ;
#712 = DIRECTION ( 'NONE',  ( 0.000000000000000000, 1.000000000000000000, 0.000000000000000000 ) ) ;
#713 = SURFACE_STYLE_FILL_AREA ( #261 ) ;
#714 = CYLINDRICAL_SURFACE ( 'NONE', #1030, 10.79999999999999893 ) ;
#715 = ORIENTED_EDGE ( 'NONE', *, *, #716, .F. ) ;
#716 = EDGE_CURVE ( 'NONE', #206, #68, #445, .T. ) ;
#717 = ORIENTED_EDGE ( 'NONE', *, *, #1379, .F. ) ;
#718 = CARTESIAN_POINT ( 'NONE',  ( -10.53893240423450450, 7.141720922883025402, -52.37958178153689204 ) ) ;
#719 = PLANE ( 'NONE',  #1130 ) ;
#720 = LINE ( 'NONE', #581, #1468 ) ;
#721 = ORIENTED_EDGE ( 'NONE', *, *, #761, .F. ) ;
#722 = LINE ( 'NONE', #19, #830 ) ;
#723 = CARTESIAN_POINT ( 'NONE',  ( -49.77916164112706099, 11.99999999999999645, -52.10235885831693281 ) ) ;
#724 = VECTOR ( 'NONE', #1193, 1000.000000000000000 ) ;
#725 = VECTOR ( 'NONE', #1136, 1000.000000000000000 ) ;
#726 = VECTOR ( 'NONE', #1168, 1000.000000000000000 ) ;
#727 = ORIENTED_EDGE ( 'NONE', *, *, #594, .T. ) ;
#728 = CIRCLE ( 'NONE', #932, 1.650000000000047207 ) ;
#729 = DIRECTION ( 'NONE',  ( 1.000000000000000000, -0.000000000000000000, -0.000000000000000000 ) ) ;
#730 = CYLINDRICAL_SURFACE ( 'NONE', #326, 2.000000000000001776 ) ;
#731 = EDGE_LOOP ( 'NONE', ( #507, #98, #764, #276 ) ) ;
#732 = CARTESIAN_POINT ( 'NONE',  ( -9.829161641127125648, -3.000000000000000000, 5.535402812105294501 ) ) ;
#733 = DIRECTION ( 'NONE',  ( -1.000000000000000000, 0.000000000000000000, -0.000000000000000000 ) ) ;
#734 = VERTEX_POINT ( 'NONE', #1494 ) ;
#735 = FACE_BOUND ( 'NONE', #882, .T. ) ;
#736 = DIRECTION ( 'NONE',  ( 0.000000000000000000, 0.000000000000000000, 1.000000000000000000 ) ) ;
#737 = ORIENTED_EDGE ( 'NONE', *, *, #259, .T. ) ;
#738 = EDGE_CURVE ( 'NONE', #1016, #1085, #803, .T. ) ;
#739 = DIRECTION ( 'NONE',  ( 0.000000000000000000, 0.000000000000000000, 1.000000000000000000 ) ) ;
#740 = CYLINDRICAL_SURFACE ( 'NONE', #210, 2.000000000000001776 ) ;
#741 = ORIENTED_EDGE ( 'NONE', *, *, #522, .F. ) ;
#742 = FACE_BOUND ( 'NONE', #179, .T. ) ;
#743 = ORIENTED_EDGE ( 'NONE', *, *, #589, .T. ) ;
#744 = B_SPLINE_CURVE_WITH_KNOTS ( 'NONE', 3,
 ( #346, #1497, #11, #962, #611, #441, #706, #1317, #93, #857, #254, #597 ),
 .UNSPECIFIED., .F., .F.,
 ( 4, 2, 2, 2, 2, 4 ),
 ( 0.000000000000000000, 0.001879847319131657327, 0.002819770978697490760, 0.003759694638263323761, 0.005639541957394998868, 0.007519389276526672675 ),
 .UNSPECIFIED. ) ;
#745 = CARTESIAN_POINT ( 'NONE',  ( -48.72916164112706383, -3.000000000000000000, -35.54459718789470912 ) ) ;
#746 = CARTESIAN_POINT ( 'NONE',  ( -9.829161641127125648, -3.000000000000000000, 5.535402812105294501 ) ) ;
#747 = ADVANCED_FACE ( 'NONE', ( #1392 ), #306, .T. ) ;
#748 = CIRCLE ( 'NONE', #947, 10.79999999999999893 ) ;
#749 = ORIENTED_EDGE ( 'NONE', *, *, #1387, .F. ) ;
#750 = VECTOR ( 'NONE', #997, 1000.000000000000000 ) ;
#751 = DIRECTION ( 'NONE',  ( 0.000000000000000000, 0.000000000000000000, -1.000000000000000000 ) ) ;
#752 = VECTOR ( 'NONE', #1326, 1000.000000000000000 ) ;
#753 = ORIENTED_EDGE ( 'NONE', *, *, #1362, .T. ) ;
#754 = VECTOR ( 'NONE', #111, 1000.000000000000000 ) ;
#755 = DIRECTION ( 'NONE',  ( 0.000000000000000000, 1.000000000000000000, 0.000000000000000000 ) ) ;
#756 = CARTESIAN_POINT ( 'NONE',  ( -19.57916164112712920, 11.99999999999999645, -55.80235885831693565 ) ) ;
#757 = CYLINDRICAL_SURFACE ( 'NONE', #928, 1.649999999999936184 ) ;
#758 = ORIENTED_EDGE ( 'NONE', *, *, #1197, .F. ) ;
#759 = LINE ( 'NONE', #1231, #70 ) ;
#760 = EDGE_CURVE ( 'NONE', #316, #84, #1254, .T. ) ;
#761 = EDGE_CURVE ( 'NONE', #200, #1330, #327, .T. ) ;
#762 = ORIENTED_EDGE ( 'NONE', *, *, #294, .F. ) ;
#763 = CARTESIAN_POINT ( 'NONE',  ( -54.93916164112710732, 12.00000000000000000, -60.91459718789471367 ) ) ;
#764 = ORIENTED_EDGE ( 'NONE', *, *, #287, .F. ) ;
#765 = CARTESIAN_POINT ( 'NONE',  ( -48.72916164112550774, 0.000000000000000000, 3.885402812104758574 ) ) ;
#766 = DIRECTION ( 'NONE',  ( 1.390002785237829826E-16, 0.000000000000000000, 1.000000000000000000 ) ) ;
#767 = ORIENTED_EDGE ( 'NONE', *, *, #1288, .T. ) ;
#768 = ADVANCED_FACE ( 'NONE', ( #683 ), #74, .F. ) ;
#769 = CARTESIAN_POINT ( 'NONE',  ( 0.000000000000000000, -3.000000000000000000, 0.000000000000000000 ) ) ;
#770 = ORIENTED_EDGE ( 'NONE', *, *, #344, .F. ) ;
#771 = PLANE ( 'NONE',  #1410 ) ;
#772 = CARTESIAN_POINT ( 'NONE',  ( -51.14779079122857297, 15.00000000000000178, -52.73372970821540662 ) ) ;
#773 = ORIENTED_EDGE ( 'NONE', *, *, #924, .T. ) ;
#774 = ORIENTED_EDGE ( 'NONE', *, *, #948, .F. ) ;
#775 = CARTESIAN_POINT ( 'NONE',  ( -49.94799475833695368, 11.99999999999999645, -56.10235885831693281 ) ) ;
#776 = DIRECTION ( 'NONE',  ( 0.000000000000000000, 1.000000000000000000, 0.000000000000000000 ) ) ;
#777 = DIRECTION ( 'NONE',  ( -0.000000000000000000, -1.000000000000000000, 0.000000000000000000 ) ) ;
#778 = ORIENTED_EDGE ( 'NONE', *, *, #56, .F. ) ;
#779 = AXIS2_PLACEMENT_3D ( 'NONE', #677, #777, #914 ) ;
#780 = CARTESIAN_POINT ( 'NONE',  ( -3.619161641127077722, -3.000000000000000000, -60.91459718789471367 ) ) ;
#781 = AXIS2_PLACEMENT_3D ( 'NONE', #467, #941, #1067 ) ;
#782 = CYLINDRICAL_SURFACE ( 'NONE', #1153, 10.79999999999999716 ) ;
#783 = AXIS2_PLACEMENT_3D ( 'NONE', #605, #1190, #364 ) ;
#784 = ORIENTED_EDGE ( 'NONE', *, *, #1354, .T. ) ;
#785 = ORIENTED_EDGE ( 'NONE', *, *, #1507, .F. ) ;
#786 = FACE_OUTER_BOUND ( 'NONE', #937, .T. ) ;
#787 = CARTESIAN_POINT ( 'NONE',  ( -48.72916164112550774, -3.000000000000000000, 5.535402812103855652 ) ) ;
#788 = ORIENTED_EDGE ( 'NONE', *, *, #884, .F. ) ;
#789 = CARTESIAN_POINT ( 'NONE',  ( -49.93916164112710732, 12.00000000000000000, -50.10235885831693281 ) ) ;
#790 = EDGE_CURVE ( 'NONE', #206, #1467, #1480, .T. ) ;
#791 = ORIENTED_EDGE ( 'NONE', *, *, #95, .T. ) ;
#792 = ORIENTED_EDGE ( 'NONE', *, *, #1427, .F. ) ;
#793 = CARTESIAN_POINT ( 'NONE',  ( -9.228681501813406740, 4.299405522703395377, -52.20082378283304791 ) ) ;
#794 = LINE ( 'NONE', #669, #1225 ) ;
#795 = DIRECTION ( 'NONE',  ( -1.000000000000000000, 0.000000000000000000, 0.000000000000000000 ) ) ;
#796 = ORIENTED_EDGE ( 'NONE', *, *, #77, .T. ) ;
#797 = EDGE_CURVE ( 'NONE', #323, #1031, #187, .T. ) ;
#798 = DIRECTION ( 'NONE',  ( -0.000000000000000000, -1.000000000000000000, 0.000000000000000000 ) ) ;
#799 = DIRECTION ( 'NONE',  ( 0.000000000000000000, 0.000000000000000000, 1.000000000000000000 ) ) ;
#800 = ORIENTED_EDGE ( 'NONE', *, *, #120, .T. ) ;
#801 = CARTESIAN_POINT ( 'NONE',  ( -11.30700657308008061, 11.99999999999999645, -55.80235885831693565 ) ) ;
#802 = COLOUR_RGB ( '',0.7921568627450980005, 0.8196078431372548767, 0.9333333333333333481 ) ;
#803 = CIRCLE ( 'NONE', #143, 1.649999999999936184 ) ;
#804 = VECTOR ( 'NONE', #936, 1000.000000000000000 ) ;
#805 = EDGE_CURVE ( 'NONE', #157, #709, #1372, .T. ) ;
#806 = FACE_OUTER_BOUND ( 'NONE', #983, .T. ) ;
#807 = ADVANCED_FACE ( 'NONE', ( #786 ), #433, .T. ) ;
#808 = ORIENTED_EDGE ( 'NONE', *, *, #219, .F. ) ;
#809 = DIRECTION ( 'NONE',  ( 0.000000000000000000, 1.000000000000000000, 0.000000000000000000 ) ) ;
#810 = DIRECTION ( 'NONE',  ( -1.000000000000000000, 0.000000000000000000, 0.000000000000000000 ) ) ;
#811 = DIRECTION ( 'NONE',  ( 1.000000000000000000, 0.000000000000000000, -0.000000000000000000 ) ) ;
#812 = LINE ( 'NONE', #693, #553 ) ;
#813 = LINE ( 'NONE', #1282, #384 ) ;
#814 = ORIENTED_EDGE ( 'NONE', *, *, #447, .T. ) ;
#815 = EDGE_CURVE ( 'NONE', #1201, #655, #1103, .T. ) ;
#816 = CARTESIAN_POINT ( 'NONE',  ( -8.834864075408495054, 2.460990630592843509, -56.08851693223581947 ) ) ;
#817 = PLANE ( 'NONE',  #165 ) ;
#818 = DIRECTION ( 'NONE',  ( -0.000000000000000000, -1.000000000000000000, 0.000000000000000000 ) ) ;
#819 = PLANE ( 'NONE',  #1250 ) ;
#820 = ORIENTED_EDGE ( 'NONE', *, *, #643, .T. ) ;
#821 = CARTESIAN_POINT ( 'NONE',  ( -9.829161641127125648, 0.000000000000000000, -35.54459718789470912 ) ) ;
#822 = B_SPLINE_CURVE_WITH_KNOTS ( 'NONE', 3,
 ( #668, #99, #444, #915, #318, #793, #1308, #244, #463, #718, #834, #1302 ),
 .UNSPECIFIED., .F., .F.,
 ( 4, 2, 2, 2, 2, 4 ),
 ( 0.000000000000000000, 0.001879490850410921307, 0.002819236275616380117, 0.003758981700821839144, 0.005638472551232756765, 0.007517963401643674819 ),
 .UNSPECIFIED. ) ;
#823 = DIRECTION ( 'NONE',  ( 1.000000000000000000, 0.000000000000000000, -1.390002785237829826E-16 ) ) ;
#824 = DIRECTION ( 'NONE',  ( 1.000000000000000000, 0.000000000000000000, 0.000000000000000000 ) ) ;
#825 = EDGE_CURVE ( 'NONE', #1327, #1230, #568, .T. ) ;
#826 = CARTESIAN_POINT ( 'NONE',  ( -47.25131670917414084, 12.00000000000000000, -41.60235885831693992 ) ) ;
#827 = CARTESIAN_POINT ( 'NONE',  ( -49.72346659930175861, 2.461680972290552827, -56.08851445202422070 ) ) ;
#828 = AXIS2_PLACEMENT_3D ( 'NONE', #539, #395, #736 ) ;
#829 = VECTOR ( 'NONE', #248, 1000.000000000000000 ) ;
#830 = VECTOR ( 'NONE', #484, 1000.000000000000000 ) ;
#831 = LINE ( 'NONE', #235, #1275 ) ;
#832 = DIRECTION ( 'NONE',  ( 1.000000000000000000, 0.000000000000000000, 0.000000000000000000 ) ) ;
#833 = ORIENTED_EDGE ( 'NONE', *, *, #1296, .T. ) ;
#834 = CARTESIAN_POINT ( 'NONE',  ( -10.89801206230229980, 7.656186267491359665, -52.40235885831693707 ) ) ;
#835 = DIRECTION ( 'NONE',  ( 0.000000000000000000, 1.000000000000000000, -0.000000000000000000 ) ) ;
#836 = LINE ( 'NONE', #586, #257 ) ;
#837 = DIRECTION ( 'NONE',  ( -0.000000000000000000, -1.000000000000000000, -0.000000000000000000 ) ) ;
#838 = CYLINDRICAL_SURFACE ( 'NONE', #255, 1.650000000000045430 ) ;
#839 = EDGE_CURVE ( 'NONE', #212, #1334, #813, .T. ) ;
#840 = DIRECTION ( 'NONE',  ( 0.000000000000000000, 1.000000000000000000, 0.000000000000000000 ) ) ;
#841 = ORIENTED_EDGE ( 'NONE', *, *, #761, .T. ) ;
#842 = CARTESIAN_POINT ( 'NONE',  ( -7.079161641127129201, 14.19999999999999929, -52.40235885831693707 ) ) ;
#843 = LINE ( 'NONE', #224, #600 ) ;
#844 = DIRECTION ( 'NONE',  ( 0.000000000000000000, -0.000000000000000000, -1.000000000000000000 ) ) ;
#845 = CARTESIAN_POINT ( 'NONE',  ( -6.619161641127069728, 12.00000000000000000, 9.200653117106032960E-16 ) ) ;
#846 = VERTEX_POINT ( 'NONE', #1112 ) ;
#847 = FACE_OUTER_BOUND ( 'NONE', #1238, .T. ) ;
#848 = CARTESIAN_POINT ( 'NONE',  ( -8.779161641127130267, 17.65685424949237969, -56.10235885831693281 ) ) ;
#849 = ADVANCED_BREP_SHAPE_REPRESENTATION ( 'cover cam fcb', ( #272, #1006 ), #1475 ) ;
#850 = EDGE_CURVE ( 'NONE', #212, #846, #759, .T. ) ;
#851 = ORIENTED_EDGE ( 'NONE', *, *, #1148, .T. ) ;
#852 = CARTESIAN_POINT ( 'NONE',  ( -47.25131670917411242, 11.99999999999999645, -55.80235885831693565 ) ) ;
#853 = CARTESIAN_POINT ( 'NONE',  ( 0.000000000000000000, 11.99999999999999645, -52.40235885831693707 ) ) ;
#854 = LINE ( 'NONE', #613, #1393 ) ;
#855 = CARTESIAN_POINT ( 'NONE',  ( -51.14779079122858008, 14.99999999999999822, -55.47098800841845900 ) ) ;
#856 = EDGE_LOOP ( 'NONE', ( #424, #1428, #894, #1077, #1093 ) ) ;
#857 = CARTESIAN_POINT ( 'NONE',  ( -49.72345920684572462, 2.460990630592836403, -52.11620078439806036 ) ) ;
#858 = CARTESIAN_POINT ( 'NONE',  ( -4.779161641127129379, 0.000000000000000000, -56.10235885831693281 ) ) ;
#859 = AXIS2_PLACEMENT_3D ( 'NONE', #1389, #442, #1143 ) ;
#860 = VECTOR ( 'NONE', #86, 1000.000000000000000 ) ;
#861 = EDGE_CURVE ( 'NONE', #576, #537, #526, .T. ) ;
#862 = EDGE_LOOP ( 'NONE', ( #54, #1008, #492, #814, #108, #934, #168, #64, #454, #678, #12, #1376, #650, #762 ) ) ;
#863 = AXIS2_PLACEMENT_3D ( 'NONE', #1500, #462, #317 ) ;
#864 = ADVANCED_FACE ( 'NONE', ( #253 ), #819, .F. ) ;
#865 = CARTESIAN_POINT ( 'NONE',  ( -49.93916164112710732, 17.65685424949237969, -52.10235885831693281 ) ) ;
#866 = ORIENTED_EDGE ( 'NONE', *, *, #277, .F. ) ;
#867 = DIRECTION ( 'NONE',  ( -0.000000000000000000, 1.000000000000000000, -0.000000000000000000 ) ) ;
#868 = DIRECTION ( 'NONE',  ( 0.000000000000000000, 0.000000000000000000, 1.000000000000000000 ) ) ;
#869 = ORIENTED_EDGE ( 'NONE', *, *, #917, .T. ) ;
#870 = FACE_OUTER_BOUND ( 'NONE', #548, .T. ) ;
#871 = ORIENTED_EDGE ( 'NONE', *, *, #893, .T. ) ;
#872 = EDGE_CURVE ( 'NONE', #655, #1082, #1203, .T. ) ;
#873 = CARTESIAN_POINT ( 'NONE',  ( -48.72916164112550774, -3.000000000000000000, 3.885402812104758574 ) ) ;
#874 = EDGE_LOOP ( 'NONE', ( #913, #176, #1485, #610 ) ) ;
#875 = DIRECTION ( 'NONE',  ( -1.000000000000000000, 0.000000000000000000, 0.000000000000000000 ) ) ;
#876 = EDGE_LOOP ( 'NONE', ( #162, #547, #1367, #385 ) ) ;
#877 = CARTESIAN_POINT ( 'NONE',  ( -49.93916164112710732, 12.00000000000000000, -50.10235885831693281 ) ) ;
#878 = ORIENTED_EDGE ( 'NONE', *, *, #1427, .T. ) ;
#879 = EDGE_CURVE ( 'NONE', #1327, #160, #1413, .T. ) ;
#880 = LINE ( 'NONE', #89, #750 ) ;
#881 = PLANE ( 'NONE',  #1046 ) ;
#882 = EDGE_LOOP ( 'NONE', ( #1204, #988 ) ) ;
#883 = CARTESIAN_POINT ( 'NONE',  ( -51.93916164112710732, 0.000000000000000000, -57.91459718789471367 ) ) ;
#884 = EDGE_CURVE ( 'NONE', #1253, #995, #699, .T. ) ;
#885 = ORIENTED_EDGE ( 'NONE', *, *, #219, .T. ) ;
#886 = AXIS2_PLACEMENT_3D ( 'NONE', #780, #439, #679 ) ;
#887 = DIRECTION ( 'NONE',  ( 0.000000000000000000, 0.000000000000000000, 1.000000000000000000 ) ) ;
#888 = AXIS2_PLACEMENT_3D ( 'NONE', #1448, #123, #585 ) ;
#889 = CYLINDRICAL_SURFACE ( 'NONE', #1417, 10.79999999999999716 ) ;
#890 = PLANE ( 'NONE',  #1247 ) ;
#891 = ORIENTED_EDGE ( 'NONE', *, *, #1288, .F. ) ;
#892 = CARTESIAN_POINT ( 'NONE',  ( -6.619161641127069728, 12.00000000000000000, 9.200653117106032960E-16 ) ) ;
#893 = EDGE_CURVE ( 'NONE', #58, #185, #1443, .T. ) ;
#894 = ORIENTED_EDGE ( 'NONE', *, *, #425, .T. ) ;
#895 = CARTESIAN_POINT ( 'NONE',  ( -11.30700657308008061, 8.143446588703881162, -55.80235885831693565 ) ) ;
#896 = DIRECTION ( 'NONE',  ( -1.000000000000000000, 0.000000000000000000, -0.000000000000000000 ) ) ;
#897 = FACE_OUTER_BOUND ( 'NONE', #195, .T. ) ;
#898 = VERTEX_POINT ( 'NONE', #1512 ) ;
#899 = ORIENTED_EDGE ( 'NONE', *, *, #344, .T. ) ;
#900 = CARTESIAN_POINT ( 'NONE',  ( -8.610328523917230470, 0.000000000000000000, -56.10235885831693281 ) ) ;
#901 = ORIENTED_EDGE ( 'NONE', *, *, #112, .T. ) ;
#902 = FACE_OUTER_BOUND ( 'NONE', #1450, .T. ) ;
#903 = FACE_OUTER_BOUND ( 'NONE', #731, .T. ) ;
#904 = ORIENTED_EDGE ( 'NONE', *, *, #839, .T. ) ;
#905 = CYLINDRICAL_SURFACE ( 'NONE', #859, 1.649999999999096634 ) ;
#906 = VECTOR ( 'NONE', #1040, 1000.000000000000000 ) ;
#907 = ADVANCED_FACE ( 'NONE', ( #579 ), #177, .F. ) ;
#908 = DIRECTION ( 'NONE',  ( 0.000000000000000000, 0.000000000000000000, 1.000000000000000000 ) ) ;
#909 = VECTOR ( 'NONE', #1125, 1000.000000000000000 ) ;
#910 = DIRECTION ( 'NONE',  ( -1.000000000000000000, 0.000000000000000000, 0.000000000000000000 ) ) ;
#911 = CARTESIAN_POINT ( 'NONE',  ( -47.25131670917414084, 17.65685424949237969, -41.60235885831693992 ) ) ;
#912 = CARTESIAN_POINT ( 'NONE',  ( -48.72916164112706383, 0.000000000000000000, -35.54459718789470912 ) ) ;
#913 = ORIENTED_EDGE ( 'NONE', *, *, #1043, .F. ) ;
#914 = DIRECTION ( 'NONE',  ( 0.000000000000000000, 0.000000000000000000, -1.000000000000000000 ) ) ;
#915 = CARTESIAN_POINT ( 'NONE',  ( -8.998165075090275522, 3.386434002443423186, -52.15282630089538429 ) ) ;
#916 = LINE ( 'NONE', #197, #1444 ) ;
#917 = EDGE_CURVE ( 'NONE', #200, #1031, #81, .T. ) ;
#918 =( BOUNDED_CURVE ( )  B_SPLINE_CURVE ( 3, ( #147, #31, #1452, #973 ),
 .UNSPECIFIED., .F., .T. ) 
 B_SPLINE_CURVE_WITH_KNOTS ( ( 4, 4 ),
 ( 4.712388980384689674, 6.283185307179586232 ),
 .UNSPECIFIED. ) 
 CURVE ( )  GEOMETRIC_REPRESENTATION_ITEM ( )  RATIONAL_B_SPLINE_CURVE ( ( 1.000000000000000000, 0.8047378541243649375, 0.8047378541243649375, 1.000000000000000000 ) ) 
 REPRESENTATION_ITEM ( '' )  );
#919 = LINE ( 'NONE', #1380, #1076 ) ;
#920 = CARTESIAN_POINT ( 'NONE',  ( -11.30700657308005574, 8.143446588703847411, -52.40235885831693707 ) ) ;
#921 = VERTEX_POINT ( 'NONE', #991 ) ;
#922 = DIRECTION ( 'NONE',  ( 0.000000000000000000, 1.000000000000000000, 0.000000000000000000 ) ) ;
#923 = LINE ( 'NONE', #1405, #286 ) ;
#924 = EDGE_CURVE ( 'NONE', #1330, #200, #1173, .T. ) ;
#925 = ADVANCED_FACE ( 'NONE', ( #897 ), #782, .F. ) ;
#926 = CARTESIAN_POINT ( 'NONE',  ( -19.57916164112712920, 12.00000000000000000, 0.000000000000000000 ) ) ;
#927 = ORIENTED_EDGE ( 'NONE', *, *, #20, .T. ) ;
#928 = AXIS2_PLACEMENT_3D ( 'NONE', #745, #617, #739 ) ;
#929 = LINE ( 'NONE', #1267, #453 ) ;
#930 = VECTOR ( 'NONE', #73, 1000.000000000000000 ) ;
#931 = VECTOR ( 'NONE', #293, 1000.000000000000000 ) ;
#932 = AXIS2_PLACEMENT_3D ( 'NONE', #821, #835, #26 ) ;
#933 = ADVANCED_FACE ( 'NONE', ( #431 ), #889, .F. ) ;
#934 = ORIENTED_EDGE ( 'NONE', *, *, #805, .F. ) ;
#935 = CARTESIAN_POINT ( 'NONE',  ( 0.000000000000000000, 12.00000000000000000, 0.000000000000000000 ) ) ;
#936 = DIRECTION ( 'NONE',  ( 0.000000000000000000, 1.000000000000000000, 0.000000000000000000 ) ) ;
#937 = EDGE_LOOP ( 'NONE', ( #784, #10, #1041, #499 ) ) ;
#938 = FACE_OUTER_BOUND ( 'NONE', #178, .T. ) ;
#939 = DIRECTION ( 'NONE',  ( -0.000000000000000000, 0.000000000000000000, -1.000000000000000000 ) ) ;
#940 = CARTESIAN_POINT ( 'NONE',  ( -38.97916164112706383, 12.00000000000000000, -0.000000000000000000 ) ) ;
#941 = DIRECTION ( 'NONE',  ( 0.000000000000000000, 1.000000000000000000, 0.000000000000000000 ) ) ;
#942 = CARTESIAN_POINT ( 'NONE',  ( -49.49234625018233658, 3.692328847567157624, -56.03710067621923940 ) ) ;
#943 = ORIENTED_EDGE ( 'NONE', *, *, #1277, .T. ) ;
#944 = CARTESIAN_POINT ( 'NONE',  ( 0.000000000000000000, 0.000000000000000000, 0.000000000000000000 ) ) ;
#945 = LINE ( 'NONE', #1412, #1323 ) ;
#946 = CYLINDRICAL_SURFACE ( 'NONE', #534, 0.8000000000000003775 ) ;
#947 = AXIS2_PLACEMENT_3D ( 'NONE', #1336, #278, #1221 ) ;
#948 = EDGE_CURVE ( 'NONE', #185, #1337, #653, .T. ) ;
#949 = VERTEX_POINT ( 'NONE', #523 ) ;
#950 = AXIS2_PLACEMENT_3D ( 'NONE', #671, #551, #795 ) ;
#951 = DIRECTION ( 'NONE',  ( 6.424901762877065270E-15, 0.000000000000000000, 1.000000000000000000 ) ) ;
#952 = CARTESIAN_POINT ( 'NONE',  ( -48.72916164112706383, 0.000000000000000000, -35.54459718789470912 ) ) ;
#953 = CIRCLE ( 'NONE', #284, 1.650000000000045430 ) ;
#954 = AXIS2_PLACEMENT_3D ( 'NONE', #1091, #490, #1313 ) ;
#955 = VERTEX_POINT ( 'NONE', #75 ) ;
#956 = CARTESIAN_POINT ( 'NONE',  ( 0.000000000000000000, 15.00000000000000000, 0.000000000000000000 ) ) ;
#957 = DIRECTION ( 'NONE',  ( 0.000000000000000000, 0.000000000000000000, 1.000000000000000000 ) ) ;
#958 = ORIENTED_EDGE ( 'NONE', *, *, #1134, .T. ) ;
#959 = CARTESIAN_POINT ( 'NONE',  ( -8.779161641127130267, 1.200000000000003064, -56.10235885831693281 ) ) ;
#960 = EDGE_LOOP ( 'NONE', ( #820, #958, #1266, #13, #1347, #891, #1113, #1007, #1116, #1147 ) ) ;
#961 = EDGE_CURVE ( 'NONE', #1279, #419, #880, .T. ) ;
#962 = CARTESIAN_POINT ( 'NONE',  ( -48.48917223814582655, 6.328120785928891046, -52.33233718235392473 ) ) ;
#963 = LINE ( 'NONE', #980, #628 ) ;
#964 = CARTESIAN_POINT ( 'NONE',  ( 0.000000000000000000, 11.99999999999999645, -52.10235885831693281 ) ) ;
#965 = ORIENTED_EDGE ( 'NONE', *, *, #805, .T. ) ;
#966 = CARTESIAN_POINT ( 'NONE',  ( -9.658829274547960253, 5.480854785494927661, -55.92802016526292164 ) ) ;
#967 = DIRECTION ( 'NONE',  ( -1.000000000000000000, 0.000000000000000000, 0.000000000000000000 ) ) ;
#968 = DIRECTION ( 'NONE',  ( 0.000000000000000000, 0.000000000000000000, 1.000000000000000000 ) ) ;
#969 = CARTESIAN_POINT ( 'NONE',  ( -19.57916164112712920, 1.200000000000001510, -55.80235885831693565 ) ) ;
#970 = ORIENTED_EDGE ( 'NONE', *, *, #961, .T. ) ;
#971 = CARTESIAN_POINT ( 'NONE',  ( -48.72916164112550774, -3.000000000000000000, 7.185402812102951842 ) ) ;
#972 = ORIENTED_EDGE ( 'NONE', *, *, #998, .T. ) ;
#973 = CARTESIAN_POINT ( 'NONE',  ( -7.079161641127129201, 14.19999999999999751, -55.80235885831693565 ) ) ;
#974 = EDGE_CURVE ( 'NONE', #84, #1283, #552, .T. ) ;
#975 = ORIENTED_EDGE ( 'NONE', *, *, #1371, .T. ) ;
#976 = DIRECTION ( 'NONE',  ( -0.000000000000000000, 1.000000000000000000, -0.000000000000000000 ) ) ;
#977 = PRESENTATION_STYLE_ASSIGNMENT (( #117 ) ) ;
#978 = EDGE_LOOP ( 'NONE', ( #417, #247, #469, #1109 ) ) ;
#979 = CARTESIAN_POINT ( 'NONE',  ( -49.77916164112706099, 0.000000000000000000, -52.10235885831693281 ) ) ;
#980 = CARTESIAN_POINT ( 'NONE',  ( -53.77916164112706099, 0.000000000000000000, -56.10235885831693281 ) ) ;
#981 = AXIS2_PLACEMENT_3D ( 'NONE', #711, #122, #489 ) ;
#982 = EDGE_CURVE ( 'NONE', #513, #1213, #1123, .T. ) ;
#983 = EDGE_LOOP ( 'NONE', ( #407, #1207, #1373, #1375 ) ) ;
#984 = DIRECTION ( 'NONE',  ( 0.000000000000000000, -1.000000000000000000, 0.000000000000000000 ) ) ;
#985 = DIRECTION ( 'NONE',  ( 0.000000000000000000, -1.000000000000000000, 0.000000000000000000 ) ) ;
#986 = ORIENTED_EDGE ( 'NONE', *, *, #616, .F. ) ;
#987 = DIRECTION ( 'NONE',  ( 1.000000000000000000, 0.000000000000000000, -0.000000000000000000 ) ) ;
#988 = ORIENTED_EDGE ( 'NONE', *, *, #1416, .F. ) ;
#989 = DIRECTION ( 'NONE',  ( -0.000000000000000000, -1.000000000000000000, 0.000000000000000000 ) ) ;
#990 = EDGE_LOOP ( 'NONE', ( #1002, #1459 ) ) ;
#991 = CARTESIAN_POINT ( 'NONE',  ( -9.829161641127125648, 0.000000000000000000, 3.885402812105248849 ) ) ;
#992 = CARTESIAN_POINT ( 'NONE',  ( -19.57916164112712920, 11.99999999999999645, -52.40235885831693707 ) ) ;
#993 = VERTEX_POINT ( 'NONE', #756 ) ;
#994 = DIRECTION ( 'NONE',  ( 0.000000000000000000, 1.000000000000000000, 0.000000000000000000 ) ) ;
#995 = VERTEX_POINT ( 'NONE', #765 ) ;
#996 = LINE ( 'NONE', #1356, #1342 ) ;
#997 = DIRECTION ( 'NONE',  ( -0.000000000000000000, -1.000000000000000000, -0.000000000000000000 ) ) ;
#998 = EDGE_CURVE ( 'NONE', #1230, #921, #953, .T. ) ;
#999 = CARTESIAN_POINT ( 'NONE',  ( -51.93916164112710732, 12.00000000000000000, -57.91459718789471367 ) ) ;
#1000 = VECTOR ( 'NONE', #1435, 1000.000000000000000 ) ;
#1001 = VECTOR ( 'NONE', #625, 1000.000000000000000 ) ;
#1002 = ORIENTED_EDGE ( 'NONE', *, *, #879, .T. ) ;
#1003 = CIRCLE ( 'NONE', #207, 10.79999999999999716 ) ;
#1004 = APPLICATION_PROTOCOL_DEFINITION ( 'draft international standard', 'automotive_design', 1998, #1070 ) ;
#1005 = DIRECTION ( 'NONE',  ( 0.000000000000000000, 0.000000000000000000, 1.000000000000000000 ) ) ;
#1006 = AXIS2_PLACEMENT_3D ( 'NONE', #632, #1242, #180 ) ;
#1007 = ORIENTED_EDGE ( 'NONE', *, *, #707, .T. ) ;
#1008 = ORIENTED_EDGE ( 'NONE', *, *, #369, .T. ) ;
#1009 = DIRECTION ( 'NONE',  ( 0.000000000000000000, 0.000000000000000000, 1.000000000000000000 ) ) ;
#1010 = DIRECTION ( 'NONE',  ( 0.000000000000000000, 0.000000000000000000, 1.000000000000000000 ) ) ;
#1011 = DIRECTION ( 'NONE',  ( 0.000000000000000000, 0.000000000000000000, 1.000000000000000000 ) ) ;
#1012 = ORIENTED_EDGE ( 'NONE', *, *, #49, .T. ) ;
#1013 = ADVANCED_FACE ( 'NONE', ( #903 ), #1019, .F. ) ;
#1014 = EDGE_LOOP ( 'NONE', ( #55, #1352, #1120, #1160, #1261, #256, #642, #899, #312, #266, #1322, #172, #1045, #1499, #741, #871, #295, #508, #904, #927, #1088, #503 ) ) ;
#1015 = FACE_OUTER_BOUND ( 'NONE', #314, .T. ) ;
#1016 = VERTEX_POINT ( 'NONE', #1460 ) ;
#1017 = DIRECTION ( 'NONE',  ( 0.000000000000000000, 1.000000000000000000, -0.000000000000000000 ) ) ;
#1018 = ORIENTED_EDGE ( 'NONE', *, *, #1211, .T. ) ;
#1019 = PLANE ( 'NONE',  #672 ) ;
#1020 = AXIS2_PLACEMENT_3D ( 'NONE', #468, #798, #233 ) ;
#1021 = VERTEX_POINT ( 'NONE', #883 ) ;
#1022 = CIRCLE ( 'NONE', #402, 1.649999999999936184 ) ;
#1023 = EDGE_CURVE ( 'NONE', #84, #639, #501, .T. ) ;
#1024 = CYLINDRICAL_SURFACE ( 'NONE', #779, 10.80000000000000426 ) ;
#1025 = EDGE_LOOP ( 'NONE', ( #1169, #1218 ) ) ;
#1026 = AXIS2_PLACEMENT_3D ( 'NONE', #96, #656, #102 ) ;
#1027 = AXIS2_PLACEMENT_3D ( 'NONE', #1487, #428, #908 ) ;
#1028 = FACE_OUTER_BOUND ( 'NONE', #1142, .T. ) ;
#1029 = DIRECTION ( 'NONE',  ( 0.000000000000000000, 1.000000000000000000, 0.000000000000000000 ) ) ;
#1030 = AXIS2_PLACEMENT_3D ( 'NONE', #1425, #1191, #1415 ) ;
#1031 = VERTEX_POINT ( 'NONE', #24 ) ;
#1032 = DIRECTION ( 'NONE',  ( -0.000000000000000000, -1.000000000000000000, 0.000000000000000000 ) ) ;
#1033 = CARTESIAN_POINT ( 'NONE',  ( -8.779161641127130267, 0.000000000000000000, -56.10235885831693281 ) ) ;
#1034 = PRODUCT_DEFINITION ( 'UNKNOWN', '', #409, #1505 ) ;
#1035 = FACE_OUTER_BOUND ( 'NONE', #876, .T. ) ;
#1036 = CARTESIAN_POINT ( 'NONE',  ( -51.47916164112705673, 14.19999999999999929, -52.40235885831693707 ) ) ;
#1037 = DIRECTION ( 'NONE',  ( 0.000000000000000000, 1.000000000000000000, 0.000000000000000000 ) ) ;
#1038 = EDGE_CURVE ( 'NONE', #709, #1357, #963, .T. ) ;
#1039 = DIRECTION ( 'NONE',  ( 0.000000000000000000, 1.000000000000000000, 0.000000000000000000 ) ) ;
#1040 = DIRECTION ( 'NONE',  ( 1.000000000000000000, 0.000000000000000000, 0.000000000000000000 ) ) ;
#1041 = ORIENTED_EDGE ( 'NONE', *, *, #974, .F. ) ;
#1042 = CARTESIAN_POINT ( 'NONE',  ( -9.829161641127125648, -3.000000000000000000, 7.185402812105340153 ) ) ;
#1043 = EDGE_CURVE ( 'NONE', #160, #1327, #1206, .T. ) ;
#1044 = DIRECTION ( 'NONE',  ( -0.000000000000000000, 1.000000000000000000, 0.000000000000000000 ) ) ;
#1045 = ORIENTED_EDGE ( 'NONE', *, *, #459, .F. ) ;
#1046 = AXIS2_PLACEMENT_3D ( 'NONE', #1466, #1118, #987 ) ;
#1047 = LINE ( 'NONE', #338, #71 ) ;
#1048 = AXIS2_PLACEMENT_3D ( 'NONE', #1278, #1017, #88 ) ;
#1049 = CIRCLE ( 'NONE', #478, 1.649999999999936184 ) ;
#1050 = CIRCLE ( 'NONE', #783, 2.000000000000001776 ) ;
#1051 = ADVANCED_FACE ( 'NONE', ( #1343 ), #740, .F. ) ;
#1052 = VERTEX_POINT ( 'NONE', #512 ) ;
#1053 = FACE_OUTER_BOUND ( 'NONE', #121, .T. ) ;
#1054 = LINE ( 'NONE', #1274, #1510 ) ;
#1055 = CARTESIAN_POINT ( 'NONE',  ( -50.67916164112705246, 15.00000000000000000, -55.00235885831693139 ) ) ;
#1056 = CARTESIAN_POINT ( 'NONE',  ( -49.94799475833695368, 0.000000000000000000, -56.10235885831693281 ) ) ;
#1057 = CARTESIAN_POINT ( 'NONE',  ( -8.610328523917230470, 12.00000000000000000, -58.10235885831693992 ) ) ;
#1058 = EDGE_LOOP ( 'NONE', ( #796, #288, #1509, #833 ) ) ;
#1059 = CARTESIAN_POINT ( 'NONE',  ( -8.779161641127130267, 17.65685424949237969, -52.10235885831693281 ) ) ;
#1060 = DIRECTION ( 'NONE',  ( 0.000000000000000000, 1.000000000000000000, -0.000000000000000000 ) ) ;
#1061 = EDGE_CURVE ( 'NONE', #193, #380, #918, .T. ) ;
#1062 = EDGE_LOOP ( 'NONE', ( #1390, #694, #488, #1365, #1454 ) ) ;
#1063 = LINE ( 'NONE', #481, #829 ) ;
#1064 = LINE ( 'NONE', #190, #1107 ) ;
#1065 = CARTESIAN_POINT ( 'NONE',  ( -7.079161641127129201, 14.19999999999999751, -52.40235885831693707 ) ) ;
#1066 = ORIENTED_EDGE ( 'NONE', *, *, #1464, .T. ) ;
#1067 = DIRECTION ( 'NONE',  ( 0.000000000000000000, 0.000000000000000000, 1.000000000000000000 ) ) ;
#1068 = DIRECTION ( 'NONE',  ( 0.000000000000000000, 0.000000000000000000, -1.000000000000000000 ) ) ;
#1069 = EDGE_LOOP ( 'NONE', ( #753, #412, #590, #394 ) ) ;
#1070 = APPLICATION_CONTEXT ( 'automotive_design' ) ;
#1071 = EDGE_CURVE ( 'NONE', #401, #511, #1089, .T. ) ;
#1072 = DIRECTION ( 'NONE',  ( 0.000000000000000000, 0.000000000000000000, 1.000000000000000000 ) ) ;
#1073 = DIRECTION ( 'NONE',  ( 1.000000000000000000, -0.000000000000000000, 0.000000000000000000 ) ) ;
#1074 =( LENGTH_UNIT ( ) NAMED_UNIT ( * ) SI_UNIT ( .MILLI., .METRE. ) );
#1075 = DIRECTION ( 'NONE',  ( 0.000000000000000000, 0.000000000000000000, 1.000000000000000000 ) ) ;
#1076 = VECTOR ( 'NONE', #1298, 1000.000000000000000 ) ;
#1077 = ORIENTED_EDGE ( 'NONE', *, *, #67, .F. ) ;
#1078 = DIRECTION ( 'NONE',  ( -0.000000000000000000, -1.000000000000000000, -0.000000000000000000 ) ) ;
#1079 = AXIS2_PLACEMENT_3D ( 'NONE', #1177, #832, #38 ) ;
#1080 = DIRECTION ( 'NONE',  ( -0.000000000000000000, 1.000000000000000000, 0.000000000000000000 ) ) ;
#1081 = CIRCLE ( 'NONE', #1369, 2.000000000000001776 ) ;
#1082 = VERTEX_POINT ( 'NONE', #1409 ) ;
#1083 = CARTESIAN_POINT ( 'NONE',  ( -9.924465655269273157, 6.050315183423985665, -55.89037605623937566 ) ) ;
#1084 = FACE_BOUND ( 'NONE', #1436, .T. ) ;
#1085 = VERTEX_POINT ( 'NONE', #577 ) ;
#1086 = EDGE_CURVE ( 'NONE', #898, #513, #229, .T. ) ;
#1087 = ADVANCED_FACE ( 'NONE', ( #1053 ), #1511, .T. ) ;
#1088 = ORIENTED_EDGE ( 'NONE', *, *, #861, .F. ) ;
#1089 = LINE ( 'NONE', #858, #1297 ) ;
#1090 = ORIENTED_EDGE ( 'NONE', *, *, #1309, .F. ) ;
#1091 = CARTESIAN_POINT ( 'NONE',  ( -11.30700657308008061, 12.00000000000000000, -66.60235885831693281 ) ) ;
#1092 = CARTESIAN_POINT ( 'NONE',  ( -51.47916164112705673, 11.99999999999999645, 0.000000000000000000 ) ) ;
#1093 = ORIENTED_EDGE ( 'NONE', *, *, #120, .F. ) ;
#1094 = CARTESIAN_POINT ( 'NONE',  ( -9.829161641127125648, -3.000000000000000000, 3.885402812105248849 ) ) ;
#1095 = EDGE_LOOP ( 'NONE', ( #770, #275, #227, #544 ) ) ;
#1096 = ADVANCED_FACE ( 'NONE', ( #1284 ), #213, .T. ) ;
#1097 = VERTEX_POINT ( 'NONE', #1383 ) ;
#1098 = DIRECTION ( 'NONE',  ( 0.000000000000000000, 1.000000000000000000, -0.000000000000000000 ) ) ;
#1099 = FACE_OUTER_BOUND ( 'NONE', #62, .T. ) ;
#1100 = EDGE_LOOP ( 'NONE', ( #1259, #631, #400, #727 ) ) ;
#1101 = LINE ( 'NONE', #1331, #65 ) ;
#1102 = ADVANCED_FACE ( 'NONE', ( #1035 ), #1517, .T. ) ;
#1103 = CIRCLE ( 'NONE', #1391, 2.000000000000001776 ) ;
#1104 = ORIENTED_EDGE ( 'NONE', *, *, #884, .T. ) ;
#1105 = AXIS2_PLACEMENT_3D ( 'NONE', #549, #116, #440 ) ;
#1106 = B_SPLINE_CURVE_WITH_KNOTS ( 'NONE', 3,
 ( #578, #340, #1311, #591, #1083, #966, #258, #570, #337, #816, #1285, #959 ),
 .UNSPECIFIED., .F., .F.,
 ( 4, 2, 2, 2, 2, 4 ),
 ( 0.000000000000000000, 0.001879847319131681396, 0.002819770978697518950, 0.003759694638263357154, 0.005639541957395033563, 0.007519389276526710839 ),
 .UNSPECIFIED. ) ;
#1107 = VECTOR ( 'NONE', #776, 1000.000000000000000 ) ;
#1108 = LINE ( 'NONE', #515, #1441 ) ;
#1109 = ORIENTED_EDGE ( 'NONE', *, *, #961, .F. ) ;
#1110 = DIRECTION ( 'NONE',  ( -0.000000000000000000, -1.000000000000000000, -0.000000000000000000 ) ) ;
#1111 = ORIENTED_EDGE ( 'NONE', *, *, #495, .F. ) ;
#1112 = CARTESIAN_POINT ( 'NONE',  ( -51.47916164112705673, 14.19999999999999751, -55.80235885831693565 ) ) ;
#1113 = ORIENTED_EDGE ( 'NONE', *, *, #573, .F. ) ;
#1114 = ADVANCED_FACE ( 'NONE', ( #702 ), #1179, .F. ) ;
#1115 = CARTESIAN_POINT ( 'NONE',  ( 0.000000000000000000, 12.00000000000000000, -60.91459718789471367 ) ) ;
#1116 = ORIENTED_EDGE ( 'NONE', *, *, #245, .T. ) ;
#1117 = DIRECTION ( 'NONE',  ( 0.000000000000000000, 1.000000000000000000, -0.000000000000000000 ) ) ;
#1118 = DIRECTION ( 'NONE',  ( 0.000000000000000000, 0.000000000000000000, 1.000000000000000000 ) ) ;
#1119 = ORIENTED_EDGE ( 'NONE', *, *, #589, .F. ) ;
#1120 = ORIENTED_EDGE ( 'NONE', *, *, #1402, .F. ) ;
#1121 = PLANE ( 'NONE',  #828 ) ;
#1122 = EDGE_CURVE ( 'NONE', #1279, #516, #822, .T. ) ;
#1123 =( BOUNDED_CURVE ( )  B_SPLINE_CURVE ( 3, ( #533, #404, #772, #1350 ),
 .UNSPECIFIED., .F., .T. ) 
 B_SPLINE_CURVE_WITH_KNOTS ( ( 4, 4 ),
 ( -1.776356839400250465E-15, 1.570796326794896558 ),
 .UNSPECIFIED. ) 
 CURVE ( )  GEOMETRIC_REPRESENTATION_ITEM ( )  RATIONAL_B_SPLINE_CURVE ( ( 1.000000000000000000, 0.8047378541243646044, 0.8047378541243646044, 1.000000000000000000 ) ) 
 REPRESENTATION_ITEM ( '' )  );
#1124 = EDGE_LOOP ( 'NONE', ( #646, #72, #717, #301 ) ) ;
#1125 = DIRECTION ( 'NONE',  ( 0.000000000000000000, 0.000000000000000000, -1.000000000000000000 ) ) ;
#1126 = AXIS2_PLACEMENT_3D ( 'NONE', #769, #63, #1009 ) ;
#1127 = ORIENTED_EDGE ( 'NONE', *, *, #861, .T. ) ;
#1128 = VECTOR ( 'NONE', #967, 1000.000000000000000 ) ;
#1129 = CARTESIAN_POINT ( 'NONE',  ( -11.30700657308005397, 12.00000000000000000, -41.60235885831693992 ) ) ;
#1130 = AXIS2_PLACEMENT_3D ( 'NONE', #374, #249, #471 ) ;
#1131 = VERTEX_POINT ( 'NONE', #1429 ) ;
#1132 = DIRECTION ( 'NONE',  ( -1.000000000000000000, 0.000000000000000000, -0.000000000000000000 ) ) ;
#1133 = CARTESIAN_POINT ( 'NONE',  ( -47.25131670917411242, 17.65685424949237969, -66.60235885831693281 ) ) ;
#1134 = EDGE_CURVE ( 'NONE', #1249, #1334, #237, .T. ) ;
#1135 = VERTEX_POINT ( 'NONE', #140 ) ;
#1136 = DIRECTION ( 'NONE',  ( 0.000000000000000000, 0.000000000000000000, 1.000000000000000000 ) ) ;
#1137 = CARTESIAN_POINT ( 'NONE',  ( -48.72916164112706383, -3.000000000000000000, -35.54459718789470912 ) ) ;
#1138 = DIRECTION ( 'NONE',  ( 0.000000000000000000, 0.000000000000000000, -1.000000000000000000 ) ) ;
#1139 = DIRECTION ( 'NONE',  ( -1.000000000000000000, 0.000000000000000000, 0.000000000000000000 ) ) ;
#1140 = EDGE_LOOP ( 'NONE', ( #1018, #1516, #970, #612, #103 ) ) ;
#1141 = EDGE_CURVE ( 'NONE', #380, #898, #710, .T. ) ;
#1142 = EDGE_LOOP ( 'NONE', ( #767, #1224, #1227, #396 ) ) ;
#1143 = DIRECTION ( 'NONE',  ( 0.000000000000000000, 0.000000000000000000, 1.000000000000000000 ) ) ;
#1144 = DIRECTION ( 'NONE',  ( 0.000000000000000000, 0.000000000000000000, 1.000000000000000000 ) ) ;
#1145 = CYLINDRICAL_SURFACE ( 'NONE', #950, 0.8000000000000020428 ) ;
#1146 = CARTESIAN_POINT ( 'NONE',  ( 0.000000000000000000, 11.99999999999999645, -52.40235885831693707 ) ) ;
#1147 = ORIENTED_EDGE ( 'NONE', *, *, #1396, .F. ) ;
#1148 = EDGE_CURVE ( 'NONE', #1135, #376, #603, .T. ) ;
#1149 = CARTESIAN_POINT ( 'NONE',  ( -48.01939087801964945, 7.141720922883062705, -55.82513593509696648 ) ) ;
#1150 = STYLED_ITEM ( 'NONE', ( #977 ), #272 ) ;
#1151 = FACE_OUTER_BOUND ( 'NONE', #1124, .T. ) ;
#1152 = ORIENTED_EDGE ( 'NONE', *, *, #174, .T. ) ;
#1153 = AXIS2_PLACEMENT_3D ( 'NONE', #911, #1245, #66 ) ;
#1154 = DIRECTION ( 'NONE',  ( 0.000000000000000000, 0.000000000000000000, 1.000000000000000000 ) ) ;
#1155 = DIRECTION ( 'NONE',  ( 1.000000000000000000, -0.000000000000000000, 0.000000000000000000 ) ) ;
#1156 = VECTOR ( 'NONE', #571, 1000.000000000000000 ) ;
#1157 = CARTESIAN_POINT ( 'NONE',  ( -48.72916164112550774, -3.000000000000000000, 7.185402812102951842 ) ) ;
#1158 = LINE ( 'NONE', #1481, #91 ) ;
#1159 = CARTESIAN_POINT ( 'NONE',  ( -8.610328523917230470, 11.99999999999999645, -56.10235885831693281 ) ) ;
#1160 = ORIENTED_EDGE ( 'NONE', *, *, #1379, .T. ) ;
#1161 = EDGE_CURVE ( 'NONE', #336, #1504, #1106, .T. ) ;
#1162 = CARTESIAN_POINT ( 'NONE',  ( -54.93916164112710732, -3.000000000000000000, -60.91459718789471367 ) ) ;
#1163 = DIRECTION ( 'NONE',  ( -0.000000000000000000, -0.000000000000000000, 1.000000000000000000 ) ) ;
#1164 = LINE ( 'NONE', #330, #69 ) ;
#1165 = ORIENTED_EDGE ( 'NONE', *, *, #685, .F. ) ;
#1166 = PLANE ( 'NONE',  #1105 ) ;
#1167 = ADVANCED_FACE ( 'NONE', ( #252 ), #946, .T. ) ;
#1168 = DIRECTION ( 'NONE',  ( -0.000000000000000000, 1.000000000000000000, -0.000000000000000000 ) ) ;
#1169 = ORIENTED_EDGE ( 'NONE', *, *, #594, .F. ) ;
#1170 = DIRECTION ( 'NONE',  ( -1.000000000000000000, 0.000000000000000000, 0.000000000000000000 ) ) ;
#1171 = CARTESIAN_POINT ( 'NONE',  ( -3.619161641127077722, -3.000000000000000000, 11.53540281210529983 ) ) ;
#1172 = CARTESIAN_POINT ( 'NONE',  ( -51.93916164112710732, 12.00000000000000000, 8.535402812105299830 ) ) ;
#1173 = CIRCLE ( 'NONE', #626, 1.650000000000047207 ) ;
#1174 = VECTOR ( 'NONE', #1188, 1000.000000000000000 ) ;
#1175 = CARTESIAN_POINT ( 'NONE',  ( -49.77916164112706099, 1.200000000000003064, -56.10235885831693281 ) ) ;
#1176 = ADVANCED_FACE ( 'NONE', ( #847 ), #714, .F. ) ;
#1177 = CARTESIAN_POINT ( 'NONE',  ( 0.000000000000000000, 14.19999999999999929, -55.00235885831693139 ) ) ;
#1178 = ORIENTED_EDGE ( 'NONE', *, *, #408, .T. ) ;
#1179 = CYLINDRICAL_SURFACE ( 'NONE', #435, 1.650000000000047207 ) ;
#1180 = FACE_BOUND ( 'NONE', #1014, .T. ) ;
#1181 = CARTESIAN_POINT ( 'NONE',  ( -51.93916164112710732, 12.00000000000000000, -57.91459718789471367 ) ) ;
#1182 = CARTESIAN_POINT ( 'NONE',  ( -7.879161641127129911, 15.00000000000000000, -53.20235885831693423 ) ) ;
#1183 = CARTESIAN_POINT ( 'NONE',  ( -8.619161641127075058, 12.00000000000000000, -52.10235885831693281 ) ) ;
#1184 = LINE ( 'NONE', #359, #1465 ) ;
#1185 = EDGE_CURVE ( 'NONE', #443, #401, #473, .T. ) ;
#1186 = LINE ( 'NONE', #127, #188 ) ;
#1187 = ORIENTED_EDGE ( 'NONE', *, *, #277, .T. ) ;
#1188 = DIRECTION ( 'NONE',  ( -0.000000000000000000, 0.000000000000000000, 1.000000000000000000 ) ) ;
#1189 = CARTESIAN_POINT ( 'NONE',  ( -51.93916164112710732, 0.000000000000000000, -50.10235885831693281 ) ) ;
#1190 = DIRECTION ( 'NONE',  ( 0.000000000000000000, 1.000000000000000000, -0.000000000000000000 ) ) ;
#1191 = DIRECTION ( 'NONE',  ( 0.000000000000000000, 0.000000000000000000, 1.000000000000000000 ) ) ;
#1192 = ORIENTED_EDGE ( 'NONE', *, *, #83, .T. ) ;
#1193 = DIRECTION ( 'NONE',  ( -1.000000000000000000, 0.000000000000000000, 0.000000000000000000 ) ) ;
#1194 = ADVANCED_FACE ( 'NONE', ( #240 ), #367, .F. ) ;
#1195 = EDGE_LOOP ( 'NONE', ( #217, #6, #621, #32 ) ) ;
#1196 = CARTESIAN_POINT ( 'NONE',  ( -3.619161641127077722, -3.000000000000000000, 11.53540281210529983 ) ) ;
#1197 = EDGE_CURVE ( 'NONE', #173, #995, #722, .T. ) ;
#1198 = CARTESIAN_POINT ( 'NONE',  ( -6.619161641127080387, 12.00000000000000000, 8.535402812105299830 ) ) ;
#1199 = DIRECTION ( 'NONE',  ( 1.000000000000000000, -0.000000000000000000, 0.000000000000000000 ) ) ;
#1200 = EDGE_LOOP ( 'NONE', ( #627, #785 ) ) ;
#1201 = VERTEX_POINT ( 'NONE', #1183 ) ;
#1202 = VECTOR ( 'NONE', #466, 1000.000000000000000 ) ;
#1203 = LINE ( 'NONE', #118, #574 ) ;
#1204 = ORIENTED_EDGE ( 'NONE', *, *, #797, .F. ) ;
#1205 = VECTOR ( 'NONE', #546, 1000.000000000000000 ) ;
#1206 = CIRCLE ( 'NONE', #230, 1.650000000000045430 ) ;
#1207 = ORIENTED_EDGE ( 'NONE', *, *, #1197, .T. ) ;
#1208 = CARTESIAN_POINT ( 'NONE',  ( -38.97916164112706383, 1.200000000000001510, -52.40235885831693707 ) ) ;
#1209 = PLANE ( 'NONE',  #572 ) ;
#1210 = EDGE_LOOP ( 'NONE', ( #300, #1462, #1418, #1503 ) ) ;
#1211 = EDGE_CURVE ( 'NONE', #1201, #1483, #487, .T. ) ;
#1212 = DIRECTION ( 'NONE',  ( 0.000000000000000000, 0.000000000000000000, 1.000000000000000000 ) ) ;
#1213 = VERTEX_POINT ( 'NONE', #136 ) ;
#1214 = CARTESIAN_POINT ( 'NONE',  ( -7.879161641127129911, 15.00000000000000000, -53.20235885831693423 ) ) ;
#1215 = DIRECTION ( 'NONE',  ( -1.000000000000000000, 0.000000000000000000, 0.000000000000000000 ) ) ;
#1216 = EDGE_LOOP ( 'NONE', ( #885, #518, #701, #304 ) ) ;
#1217 = LINE ( 'NONE', #999, #1508 ) ;
#1218 = ORIENTED_EDGE ( 'NONE', *, *, #83, .F. ) ;
#1219 = FACE_OUTER_BOUND ( 'NONE', #1210, .T. ) ;
#1220 = ORIENTED_EDGE ( 'NONE', *, *, #893, .F. ) ;
#1221 = DIRECTION ( 'NONE',  ( 1.000000000000000000, -8.834239923955962676E-16, 0.000000000000000000 ) ) ;
#1222 = CIRCLE ( 'NONE', #1048, 2.000000000000001776 ) ;
#1223 = EDGE_CURVE ( 'NONE', #1085, #1016, #353, .T. ) ;
#1224 = ORIENTED_EDGE ( 'NONE', *, *, #1141, .T. ) ;
#1225 = VECTOR ( 'NONE', #225, 1000.000000000000000 ) ;
#1226 = FACE_BOUND ( 'NONE', #1361, .T. ) ;
#1227 = ORIENTED_EDGE ( 'NONE', *, *, #1318, .F. ) ;
#1228 = B_SPLINE_CURVE_WITH_KNOTS ( 'NONE', 3,
 ( #1175, #22, #827, #30, #942, #368, #199, #665, #582, #1149, #1270, #557 ),
 .UNSPECIFIED., .F., .F.,
 ( 4, 2, 2, 2, 2, 4 ),
 ( 0.000000000000000000, 0.001879490850410936486, 0.002819236275616404837, 0.003758981700821872971, 0.005638472551232798398, 0.007517963401643724258 ),
 .UNSPECIFIED. ) ;
#1229 = FACE_OUTER_BOUND ( 'NONE', #520, .T. ) ;
#1230 = VERTEX_POINT ( 'NONE', #349 ) ;
#1231 = CARTESIAN_POINT ( 'NONE',  ( -51.47916164112705673, -38.14093046811553478, -55.80235885831693565 ) ) ;
#1232 =( BOUNDED_CURVE ( )  B_SPLINE_CURVE ( 3, ( #705, #855, #355, #239 ),
 .UNSPECIFIED., .F., .T. ) 
 B_SPLINE_CURVE_WITH_KNOTS ( ( 4, 4 ),
 ( 1.570796326794896558, 3.141592653589795336 ),
 .UNSPECIFIED. ) 
 CURVE ( )  GEOMETRIC_REPRESENTATION_ITEM ( )  RATIONAL_B_SPLINE_CURVE ( ( 1.000000000000000000, 0.8047378541243644934, 0.8047378541243644934, 1.000000000000000000 ) ) 
 REPRESENTATION_ITEM ( '' )  );
#1233 = EDGE_CURVE ( 'NONE', #68, #615, #831, .T. ) ;
#1234 = ORIENTED_EDGE ( 'NONE', *, *, #1264, .T. ) ;
#1235 = PRODUCT_CONTEXT ( 'NONE', #461, 'mechanical' ) ;
#1236 = DIRECTION ( 'NONE',  ( -0.000000000000000000, -1.000000000000000000, 0.000000000000000000 ) ) ;
#1237 = CARTESIAN_POINT ( 'NONE',  ( -9.829161641127125648, 0.000000000000000000, 5.535402812105294501 ) ) ;
#1238 = EDGE_LOOP ( 'NONE', ( #50, #148, #1433, #39, #137, #366 ) ) ;
#1239 = CARTESIAN_POINT ( 'NONE',  ( -6.619161641127080387, 0.000000000000000000, 8.535402812105299830 ) ) ;
#1240 = VERTEX_POINT ( 'NONE', #1300 ) ;
#1241 = EDGE_CURVE ( 'NONE', #1467, #615, #1421, .T. ) ;
#1242 = DIRECTION ( 'NONE',  ( 0.000000000000000000, 0.000000000000000000, 1.000000000000000000 ) ) ;
#1243 = CARTESIAN_POINT ( 'NONE',  ( -6.619161641127077722, 0.000000000000000000, -57.91459718789471367 ) ) ;
#1244 = EDGE_CURVE ( 'NONE', #1504, #511, #1186, .T. ) ;
#1245 = DIRECTION ( 'NONE',  ( 0.000000000000000000, -1.000000000000000000, 0.000000000000000000 ) ) ;
#1246 = ORIENTED_EDGE ( 'NONE', *, *, #643, .F. ) ;
#1247 = AXIS2_PLACEMENT_3D ( 'NONE', #1451, #265, #393 ) ;
#1248 = VECTOR ( 'NONE', #27, 1000.000000000000000 ) ;
#1249 = VERTEX_POINT ( 'NONE', #202 ) ;
#1250 = AXIS2_PLACEMENT_3D ( 'NONE', #1059, #458, #1289 ) ;
#1251 = VECTOR ( 'NONE', #361, 1000.000000000000000 ) ;
#1252 = ORIENTED_EDGE ( 'NONE', *, *, #609, .F. ) ;
#1253 = VERTEX_POINT ( 'NONE', #1400 ) ;
#1254 = LINE ( 'NONE', #1162, #1295 ) ;
#1255 = DIRECTION ( 'NONE',  ( -0.000000000000000000, 1.000000000000000000, -0.000000000000000000 ) ) ;
#1256 = ADVANCED_FACE ( 'NONE', ( #580 ), #680, .T. ) ;
#1257 = DIRECTION ( 'NONE',  ( 0.000000000000000000, 0.000000000000000000, 1.000000000000000000 ) ) ;
#1258 = CARTESIAN_POINT ( 'NONE',  ( 0.000000000000000000, 12.00000000000000000, -57.91459718789471367 ) ) ;
#1259 = ORIENTED_EDGE ( 'NONE', *, *, #270, .F. ) ;
#1260 = LINE ( 'NONE', #660, #725 ) ;
#1261 = ORIENTED_EDGE ( 'NONE', *, *, #573, .T. ) ;
#1262 = CARTESIAN_POINT ( 'NONE',  ( -49.77916164112706099, 0.000000000000000000, -52.10235885831693281 ) ) ;
#1263 = DIRECTION ( 'NONE',  ( -1.000000000000000000, 0.000000000000000000, 0.000000000000000000 ) ) ;
#1264 = EDGE_CURVE ( 'NONE', #1330, #323, #923, .T. ) ;
#1265 = ORIENTED_EDGE ( 'NONE', *, *, #313, .F. ) ;
#1266 = ORIENTED_EDGE ( 'NONE', *, *, #839, .F. ) ;
#1267 = CARTESIAN_POINT ( 'NONE',  ( 0.000000000000000000, 11.99999999999999645, -52.40235885831693707 ) ) ;
#1268 = FACE_OUTER_BOUND ( 'NONE', #1216, .T. ) ;
#1269 = EDGE_CURVE ( 'NONE', #576, #1422, #1081, .T. ) ;
#1270 = CARTESIAN_POINT ( 'NONE',  ( -47.66031121995187192, 7.656186267491397857, -55.80235885831693565 ) ) ;
#1271 = AXIS2_PLACEMENT_3D ( 'NONE', #181, #1455, #161 ) ;
#1272 = ORIENTED_EDGE ( 'NONE', *, *, #335, .T. ) ;
#1273 = AXIS2_PLACEMENT_3D ( 'NONE', #333, #809, #220 ) ;
#1274 = CARTESIAN_POINT ( 'NONE',  ( 0.000000000000000000, 0.000000000000000000, -57.91459718789471367 ) ) ;
#1275 = VECTOR ( 'NONE', #599, 1000.000000000000000 ) ;
#1276 = LINE ( 'NONE', #106, #754 ) ;
#1277 = EDGE_CURVE ( 'NONE', #1052, #1319, #1495, .T. ) ;
#1278 = CARTESIAN_POINT ( 'NONE',  ( -8.619161641127075058, 0.000000000000000000, -50.10235885831693281 ) ) ;
#1279 = VERTEX_POINT ( 'NONE', #342 ) ;
#1280 = CARTESIAN_POINT ( 'NONE',  ( -49.77916164112706099, 0.000000000000000000, -56.10235885831693281 ) ) ;
#1281 = LINE ( 'NONE', #1157, #1156 ) ;
#1282 = CARTESIAN_POINT ( 'NONE',  ( 0.000000000000000000, 11.99999999999999645, -55.80235885831693565 ) ) ;
#1283 = VERTEX_POINT ( 'NONE', #325 ) ;
#1284 = FACE_OUTER_BOUND ( 'NONE', #460, .T. ) ;
#1285 = CARTESIAN_POINT ( 'NONE',  ( -8.779161641127128490, 1.835872319175243295, -56.10235885831693281 ) ) ;
#1286 = CARTESIAN_POINT ( 'NONE',  ( 0.000000000000000000, -38.14093046811553478, -52.40235885831693707 ) ) ;
#1287 = LINE ( 'NONE', #1501, #406 ) ;
#1288 = EDGE_CURVE ( 'NONE', #663, #380, #1047, .T. ) ;
#1289 = DIRECTION ( 'NONE',  ( 0.000000000000000000, 0.000000000000000000, -1.000000000000000000 ) ) ;
#1290 = ORIENTED_EDGE ( 'NONE', *, *, #485, .T. ) ;
#1291 = DIRECTION ( 'NONE',  ( -1.000000000000000000, 0.000000000000000000, -0.000000000000000000 ) ) ;
#1292 = CARTESIAN_POINT ( 'NONE',  ( -11.30700657308005397, 17.65685424949237969, -41.60235885831693992 ) ) ;
#1293 = DIRECTION ( 'NONE',  ( -1.390002785237829826E-16, 0.000000000000000000, -1.000000000000000000 ) ) ;
#1294 = AXIS2_PLACEMENT_3D ( 'NONE', #448, #1374, #315 ) ;
#1295 = VECTOR ( 'NONE', #105, 1000.000000000000000 ) ;
#1296 = EDGE_CURVE ( 'NONE', #193, #654, #1287, .T. ) ;
#1297 = VECTOR ( 'NONE', #875, 1000.000000000000000 ) ;
#1298 = DIRECTION ( 'NONE',  ( -0.000000000000000000, -1.000000000000000000, -0.000000000000000000 ) ) ;
#1299 = AXIS2_PLACEMENT_3D ( 'NONE', #956, #984, #844 ) ;
#1300 = CARTESIAN_POINT ( 'NONE',  ( -3.619161641127077722, 12.00000000000000000, 11.53540281210529983 ) ) ;
#1301 = ORIENTED_EDGE ( 'NONE', *, *, #5, .T. ) ;
#1302 = CARTESIAN_POINT ( 'NONE',  ( -11.30700657308005574, 8.143446588703847411, -52.40235885831693707 ) ) ;
#1303 = CARTESIAN_POINT ( 'NONE',  ( -48.72916164112706383, -3.000000000000000000, -33.89459718789477449 ) ) ;
#1304 = DIRECTION ( 'NONE',  ( -1.000000000000000000, 0.000000000000000000, 0.000000000000000000 ) ) ;
#1305 = DIRECTION ( 'NONE',  ( -0.000000000000000000, 0.000000000000000000, 1.000000000000000000 ) ) ;
#1306 = CARTESIAN_POINT ( 'NONE',  ( -9.829161641127125648, -3.000000000000000000, 5.535402812105294501 ) ) ;
#1307 = EDGE_CURVE ( 'NONE', #1213, #1382, #794, .T. ) ;
#1308 = CARTESIAN_POINT ( 'NONE',  ( -9.323995075658659815, 4.601717515040541606, -52.21931583156502654 ) ) ;
#1309 = EDGE_CURVE ( 'NONE', #637, #1131, #916, .T. ) ;
#1310 = VERTEX_POINT ( 'NONE', #457 ) ;
#1311 = CARTESIAN_POINT ( 'NONE',  ( -10.53846923316827144, 7.141176498524141714, -55.82514980695305695 ) ) ;
#1312 = PLANE ( 'NONE',  #981 ) ;
#1313 = DIRECTION ( 'NONE',  ( -6.264279218805138658E-15, 0.000000000000000000, 1.000000000000000000 ) ) ;
#1314 = LINE ( 'NONE', #250, #1202 ) ;
#1315 = ORIENTED_EDGE ( 'NONE', *, *, #369, .F. ) ;
#1316 = VERTEX_POINT ( 'NONE', #801 ) ;
#1317 = CARTESIAN_POINT ( 'NONE',  ( -49.34522842990035940, 4.295981944793948237, -52.19970546970161962 ) ) ;
#1318 = EDGE_CURVE ( 'NONE', #1097, #898, #1276, .T. ) ;
#1319 = VERTEX_POINT ( 'NONE', #87 ) ;
#1320 = DIRECTION ( 'NONE',  ( 0.000000000000000000, 0.000000000000000000, 1.000000000000000000 ) ) ;
#1321 = DIRECTION ( 'NONE',  ( -0.000000000000000000, 1.000000000000000000, -0.000000000000000000 ) ) ;
#1322 = ORIENTED_EDGE ( 'NONE', *, *, #609, .T. ) ;
#1323 = VECTOR ( 'NONE', #1321, 1000.000000000000000 ) ;
#1324 = CARTESIAN_POINT ( 'NONE',  ( 0.000000000000000000, 14.19999999999999929, -53.20235885831693423 ) ) ;
#1325 = CIRCLE ( 'NONE', #434, 1.649999999999096634 ) ;
#1326 = DIRECTION ( 'NONE',  ( 1.000000000000000000, 0.000000000000000000, 0.000000000000000000 ) ) ;
#1327 = VERTEX_POINT ( 'NONE', #1042 ) ;
#1328 = ADVANCED_FACE ( 'NONE', ( #1028 ), #1166, .T. ) ;
#1329 = FACE_OUTER_BOUND ( 'NONE', #1095, .T. ) ;
#1330 = VERTEX_POINT ( 'NONE', #451 ) ;
#1331 = CARTESIAN_POINT ( 'NONE',  ( -49.77916164112706099, 17.65685424949237969, -52.10235885831693281 ) ) ;
#1332 = ORIENTED_EDGE ( 'NONE', *, *, #532, .F. ) ;
#1333 = CARTESIAN_POINT ( 'NONE',  ( -49.77916164112706099, 17.65685424949237969, -56.10235885831693281 ) ) ;
#1334 = VERTEX_POINT ( 'NONE', #1506 ) ;
#1335 = EDGE_CURVE ( 'NONE', #42, #1253, #1281, .T. ) ;
#1336 = CARTESIAN_POINT ( 'NONE',  ( -19.57916164112712920, 1.200000000000001510, -52.40235885831693707 ) ) ;
#1337 = VERTEX_POINT ( 'NONE', #1378 ) ;
#1338 = PLANE ( 'NONE',  #1271 ) ;
#1339 = ORIENTED_EDGE ( 'NONE', *, *, #1038, .T. ) ;
#1340 = VECTOR ( 'NONE', #1110, 1000.000000000000000 ) ;
#1341 = CARTESIAN_POINT ( 'NONE',  ( -47.25131670917414084, 11.99999999999999645, -52.40235885831693707 ) ) ;
#1342 = VECTOR ( 'NONE', #297, 1000.000000000000000 ) ;
#1343 = FACE_OUTER_BOUND ( 'NONE', #339, .T. ) ;
#1344 = EDGE_CURVE ( 'NONE', #144, #129, #929, .T. ) ;
#1345 = AXIS2_PLACEMENT_3D ( 'NONE', #241, #1406, #345 ) ;
#1346 = VECTOR ( 'NONE', #371, 1000.000000000000000 ) ;
#1347 = ORIENTED_EDGE ( 'NONE', *, *, #1477, .T. ) ;
#1348 =( NAMED_UNIT ( * ) PLANE_ANGLE_UNIT ( ) SI_UNIT ( $, .RADIAN. ) );
#1349 = CARTESIAN_POINT ( 'NONE',  ( -54.93916164112710732, -3.000000000000000000, -60.91459718789471367 ) ) ;
#1350 = CARTESIAN_POINT ( 'NONE',  ( -50.67916164112705246, 15.00000000000000000, -53.20235885831693423 ) ) ;
#1351 = CARTESIAN_POINT ( 'NONE',  ( -7.879161641127129911, 15.00000000000000000, -55.00235885831693139 ) ) ;
#1352 = ORIENTED_EDGE ( 'NONE', *, *, #56, .T. ) ;
#1353 = EDGE_CURVE ( 'NONE', #419, #436, #100, .T. ) ;
#1354 = EDGE_CURVE ( 'NONE', #639, #1240, #1394, .T. ) ;
#1355 = EDGE_LOOP ( 'NONE', ( #1127, #351, #189, #1339, #1187 ) ) ;
#1356 = CARTESIAN_POINT ( 'NONE',  ( -51.47916164112705673, -38.14093046811553478, -52.40235885831693707 ) ) ;
#1357 = VERTEX_POINT ( 'NONE', #1056 ) ;
#1358 = CARTESIAN_POINT ( 'NONE',  ( -9.829161641127125648, -3.000000000000000000, -37.19459718789475744 ) ) ;
#1359 = ORIENTED_EDGE ( 'NONE', *, *, #1241, .T. ) ;
#1360 = DIRECTION ( 'NONE',  ( 0.000000000000000000, 0.000000000000000000, 1.000000000000000000 ) ) ;
#1361 = EDGE_LOOP ( 'NONE', ( #648, #372 ) ) ;
#1362 = EDGE_CURVE ( 'NONE', #316, #392, #221, .T. ) ;
#1363 = LINE ( 'NONE', #1115, #1489 ) ;
#1364 = DIRECTION ( 'NONE',  ( 0.000000000000000000, 0.000000000000000000, 1.000000000000000000 ) ) ;
#1365 = ORIENTED_EDGE ( 'NONE', *, *, #1244, .F. ) ;
#1366 = LINE ( 'NONE', #101, #651 ) ;
#1367 = ORIENTED_EDGE ( 'NONE', *, *, #459, .T. ) ;
#1368 = VECTOR ( 'NONE', #766, 1000.000000000000000 ) ;
#1369 = AXIS2_PLACEMENT_3D ( 'NONE', #215, #818, #1144 ) ;
#1370 = ORIENTED_EDGE ( 'NONE', *, *, #1061, .T. ) ;
#1371 = EDGE_CURVE ( 'NONE', #173, #42, #97, .T. ) ;
#1372 = LINE ( 'NONE', #1262, #531 ) ;
#1373 = ORIENTED_EDGE ( 'NONE', *, *, #623, .T. ) ;
#1374 = DIRECTION ( 'NONE',  ( 0.000000000000000000, 1.000000000000000000, -0.000000000000000000 ) ) ;
#1375 = ORIENTED_EDGE ( 'NONE', *, *, #1335, .F. ) ;
#1376 = ORIENTED_EDGE ( 'NONE', *, *, #532, .T. ) ;
#1377 = DIRECTION ( 'NONE',  ( -0.000000000000000000, 1.000000000000000000, -0.000000000000000000 ) ) ;
#1378 = CARTESIAN_POINT ( 'NONE',  ( -51.47916164112705673, 11.99999999999999645, -52.40235885831693707 ) ) ;
#1379 = EDGE_CURVE ( 'NONE', #955, #1316, #1513, .T. ) ;
#1380 = CARTESIAN_POINT ( 'NONE',  ( -49.77916164112706099, 17.65685424949237969, -52.10235885831693281 ) ) ;
#1381 = DIRECTION ( 'NONE',  ( -1.000000000000000000, 0.000000000000000000, 0.000000000000000000 ) ) ;
#1382 = VERTEX_POINT ( 'NONE', #1214 ) ;
#1383 = CARTESIAN_POINT ( 'NONE',  ( -7.079161641127129201, 11.99999999999999645, -52.40235885831693707 ) ) ;
#1384 =( BOUNDED_CURVE ( )  B_SPLINE_CURVE ( 3, ( #1065, #491, #8, #1182 ),
 .UNSPECIFIED., .F., .F. ) 
 B_SPLINE_CURVE_WITH_KNOTS ( ( 4, 4 ),
 ( 3.141592653589790896, 4.712388980384689674 ),
 .UNSPECIFIED. ) 
 CURVE ( )  GEOMETRIC_REPRESENTATION_ITEM ( )  RATIONAL_B_SPLINE_CURVE ( ( 1.000000000000000000, 0.8047378541243644934, 0.8047378541243644934, 1.000000000000000000 ) ) 
 REPRESENTATION_ITEM ( '' )  );
#1385 = DIRECTION ( 'NONE',  ( 0.000000000000000000, 0.000000000000000000, 1.000000000000000000 ) ) ;
#1386 = DIRECTION ( 'NONE',  ( -0.000000000000000000, 1.000000000000000000, -0.000000000000000000 ) ) ;
#1387 = EDGE_CURVE ( 'NONE', #1016, #667, #1411, .T. ) ;
#1388 = AXIS2_PLACEMENT_3D ( 'NONE', #877, #156, #281 ) ;
#1389 = CARTESIAN_POINT ( 'NONE',  ( -48.72916164112550774, -3.000000000000000000, 5.535402812103855652 ) ) ;
#1390 = ORIENTED_EDGE ( 'NONE', *, *, #1402, .T. ) ;
#1391 = AXIS2_PLACEMENT_3D ( 'NONE', #673, #1496, #216 ) ;
#1392 = FACE_OUTER_BOUND ( 'NONE', #1069, .T. ) ;
#1393 = VECTOR ( 'NONE', #1423, 1000.000000000000000 ) ;
#1394 = LINE ( 'NONE', #1171, #804 ) ;
#1395 = CARTESIAN_POINT ( 'NONE',  ( -9.829161641127125648, -3.000000000000000000, 7.185402812105340153 ) ) ;
#1396 = EDGE_CURVE ( 'NONE', #569, #993, #7, .T. ) ;
#1397 = VERTEX_POINT ( 'NONE', #704 ) ;
#1398 = CARTESIAN_POINT ( 'NONE',  ( -54.93916164112710732, 12.00000000000000000, 0.000000000000000000 ) ) ;
#1399 = CARTESIAN_POINT ( 'NONE',  ( -6.619161641127076834, 12.00000000000000000, -50.10235885831693281 ) ) ;
#1400 = CARTESIAN_POINT ( 'NONE',  ( -48.72916164112550774, 0.000000000000000000, 7.185402812102951842 ) ) ;
#1401 = EDGE_LOOP ( 'NONE', ( #1152, #1012, #410, #496, #1490, #618, #774, #1456, #878, #236 ) ) ;
#1402 = EDGE_CURVE ( 'NONE', #955, #443, #854, .T. ) ;
#1403 = DIRECTION ( 'NONE',  ( -0.000000000000000000, -1.000000000000000000, -0.000000000000000000 ) ) ;
#1404 = CYLINDRICAL_SURFACE ( 'NONE', #1079, 0.8000000000000020428 ) ;
#1405 = CARTESIAN_POINT ( 'NONE',  ( -9.829161641127125648, -3.000000000000000000, -33.89459718789466081 ) ) ;
#1406 = DIRECTION ( 'NONE',  ( 0.000000000000000000, 1.000000000000000000, -0.000000000000000000 ) ) ;
#1407 = LINE ( 'NONE', #209, #528 ) ;
#1408 = EDGE_LOOP ( 'NONE', ( #290, #986, #332, #791 ) ) ;
#1409 = CARTESIAN_POINT ( 'NONE',  ( -6.619161641127076834, 0.000000000000000000, -50.10235885831693281 ) ) ;
#1410 = AXIS2_PLACEMENT_3D ( 'NONE', #652, #203, #1132 ) ;
#1411 = LINE ( 'NONE', #1303, #1473 ) ;
#1412 = CARTESIAN_POINT ( 'NONE',  ( -48.72916164112706383, -3.000000000000000000, -37.19459718789464375 ) ) ;
#1413 = CIRCLE ( 'NONE', #781, 1.650000000000045430 ) ;
#1414 = CARTESIAN_POINT ( 'NONE',  ( -38.97916164112706383, 11.99999999999999645, -55.80235885831693565 ) ) ;
#1415 = DIRECTION ( 'NONE',  ( 1.000000000000000000, 0.000000000000000000, 0.000000000000000000 ) ) ;
#1416 = EDGE_CURVE ( 'NONE', #1031, #323, #728, .T. ) ;
#1417 = AXIS2_PLACEMENT_3D ( 'NONE', #1133, #1117, #1364 ) ;
#1418 = ORIENTED_EDGE ( 'NONE', *, *, #1023, .F. ) ;
#1419 = VECTOR ( 'NONE', #1163, 1000.000000000000000 ) ;
#1420 = FACE_OUTER_BOUND ( 'NONE', #1478, .T. ) ;
#1421 = LINE ( 'NONE', #708, #1251 ) ;
#1422 = VERTEX_POINT ( 'NONE', #1181 ) ;
#1423 = DIRECTION ( 'NONE',  ( 1.000000000000000000, 0.000000000000000000, 0.000000000000000000 ) ) ;
#1424 = ORIENTED_EDGE ( 'NONE', *, *, #447, .F. ) ;
#1425 = CARTESIAN_POINT ( 'NONE',  ( -19.57916164112712920, 1.200000000000001510, 0.000000000000000000 ) ) ;
#1426 = LINE ( 'NONE', #848, #90 ) ;
#1427 = EDGE_CURVE ( 'NONE', #1310, #129, #700, .T. ) ;
#1428 = ORIENTED_EDGE ( 'NONE', *, *, #1502, .T. ) ;
#1429 = CARTESIAN_POINT ( 'NONE',  ( -51.93916164112710732, 12.00000000000000000, -50.10235885831693281 ) ) ;
#1430 = CARTESIAN_POINT ( 'NONE',  ( -7.079161641127129201, 11.99999999999999645, -55.80235885831693565 ) ) ;
#1431 = DIRECTION ( 'NONE',  ( 1.000000000000000000, 0.000000000000000000, 0.000000000000000000 ) ) ;
#1432 = LINE ( 'NONE', #940, #1001 ) ;
#1433 = ORIENTED_EDGE ( 'NONE', *, *, #234, .F. ) ;
#1434 = ORIENTED_EDGE ( 'NONE', *, *, #790, .T. ) ;
#1435 = DIRECTION ( 'NONE',  ( -0.000000000000000000, 1.000000000000000000, -0.000000000000000000 ) ) ;
#1436 = EDGE_LOOP ( 'NONE', ( #788, #151 ) ) ;
#1437 = ADVANCED_FACE ( 'NONE', ( #238 ), #719, .F. ) ;
#1438 = EDGE_LOOP ( 'NONE', ( #1066, #263, #1178, #279 ) ) ;
#1439 = PLANE ( 'NONE',  #48 ) ;
#1440 = EDGE_LOOP ( 'NONE', ( #154, #414, #1090, #541 ) ) ;
#1441 = VECTOR ( 'NONE', #1236, 1000.000000000000000 ) ;
#1442 = DIRECTION ( 'NONE',  ( 0.000000000000000000, 0.000000000000000000, 1.000000000000000000 ) ) ;
#1443 = CIRCLE ( 'NONE', #262, 10.79999999999999716 ) ;
#1444 = VECTOR ( 'NONE', #661, 1000.000000000000000 ) ;
#1445 = CIRCLE ( 'NONE', #888, 1.650000000000045430 ) ;
#1446 = ORIENTED_EDGE ( 'NONE', *, *, #270, .T. ) ;
#1447 = ADVANCED_FACE ( 'NONE', ( #1329 ), #133, .F. ) ;
#1448 = CARTESIAN_POINT ( 'NONE',  ( -9.829161641127125648, 0.000000000000000000, 5.535402812105294501 ) ) ;
#1449 = DIRECTION ( 'NONE',  ( -0.000000000000000000, -1.000000000000000000, -0.000000000000000000 ) ) ;
#1450 = EDGE_LOOP ( 'NONE', ( #82, #715, #1434, #1359 ) ) ;
#1451 = CARTESIAN_POINT ( 'NONE',  ( -3.619161641127077722, -3.000000000000000000, 11.53540281210529983 ) ) ;
#1452 = CARTESIAN_POINT ( 'NONE',  ( -7.079161641127129201, 14.66862915010151980, -55.80235885831694276 ) ) ;
#1453 = PRODUCT ( 'cover cam fcb', 'cover cam fcb', '', ( #1235 ) ) ;
#1454 = ORIENTED_EDGE ( 'NONE', *, *, #37, .F. ) ;
#1455 = DIRECTION ( 'NONE',  ( 0.000000000000000000, 0.000000000000000000, -1.000000000000000000 ) ) ;
#1456 = ORIENTED_EDGE ( 'NONE', *, *, #397, .T. ) ;
#1457 = EDGE_CURVE ( 'NONE', #251, #637, #1050, .T. ) ;
#1458 = DIRECTION ( 'NONE',  ( 0.000000000000000000, 0.000000000000000000, 1.000000000000000000 ) ) ;
#1459 = ORIENTED_EDGE ( 'NONE', *, *, #1043, .T. ) ;
#1460 = CARTESIAN_POINT ( 'NONE',  ( -48.72916164112706383, -3.000000000000000000, -33.89459718789477449 ) ) ;
#1461 = DIRECTION ( 'NONE',  ( -0.000000000000000000, 1.000000000000000000, -0.000000000000000000 ) ) ;
#1462 = ORIENTED_EDGE ( 'NONE', *, *, #95, .F. ) ;
#1463 = FACE_OUTER_BOUND ( 'NONE', #1140, .T. ) ;
#1464 = EDGE_CURVE ( 'NONE', #1283, #1240, #595, .T. ) ;
#1465 = VECTOR ( 'NONE', #1068, 1000.000000000000000 ) ;
#1466 = CARTESIAN_POINT ( 'NONE',  ( -53.77916164112706099, 17.65685424949237969, -56.10235885831693281 ) ) ;
#1467 = VERTEX_POINT ( 'NONE', #1198 ) ;
#1468 = VECTOR ( 'NONE', #1199, 1000.000000000000000 ) ;
#1469 = ADVANCED_FACE ( 'NONE', ( #33, #1084, #504, #735, #141 ), #1439, .T. ) ;
#1470 = CARTESIAN_POINT ( 'NONE',  ( 0.000000000000000000, 11.99999999999999645, -56.10235885831693281 ) ) ;
#1471 = VECTOR ( 'NONE', #214, 1000.000000000000000 ) ;
#1472 = LINE ( 'NONE', #892, #1368 ) ;
#1473 = VECTOR ( 'NONE', #976, 1000.000000000000000 ) ;
#1474 = ORIENTED_EDGE ( 'NONE', *, *, #1362, .F. ) ;
#1475 =( GEOMETRIC_REPRESENTATION_CONTEXT ( 3 ) GLOBAL_UNCERTAINTY_ASSIGNED_CONTEXT ( ( #455 ) ) GLOBAL_UNIT_ASSIGNED_CONTEXT ( ( #296, #1348, #538 ) ) REPRESENTATION_CONTEXT ( 'NONE', 'WORKASPACE' ) );
#1476 = DIRECTION ( 'NONE',  ( 0.000000000000000000, 1.000000000000000000, -0.000000000000000000 ) ) ;
#1477 = EDGE_CURVE ( 'NONE', #846, #380, #16, .T. ) ;
#1478 = EDGE_LOOP ( 'NONE', ( #1165, #28, #565, #972 ) ) ;
#1479 = CYLINDRICAL_SURFACE ( 'NONE', #205, 1.649999999999096634 ) ;
#1480 = LINE ( 'NONE', #420, #1205 ) ;
#1481 = CARTESIAN_POINT ( 'NONE',  ( -7.079161641127129201, 11.99999999999999645, 0.000000000000000000 ) ) ;
#1482 = DIRECTION ( 'NONE',  ( 0.000000000000000000, 1.000000000000000000, -0.000000000000000000 ) ) ;
#1483 = VERTEX_POINT ( 'NONE', #354 ) ;
#1484 = ORIENTED_EDGE ( 'NONE', *, *, #974, .T. ) ;
#1485 = ORIENTED_EDGE ( 'NONE', *, *, #1507, .T. ) ;
#1486 = ORIENTED_EDGE ( 'NONE', *, *, #357, .F. ) ;
#1487 = CARTESIAN_POINT ( 'NONE',  ( -9.829161641127125648, 0.000000000000000000, -35.54459718789470912 ) ) ;
#1488 = PLANE ( 'NONE',  #550 ) ;
#1489 = VECTOR ( 'NONE', #1215, 1000.000000000000000 ) ;
#1490 = ORIENTED_EDGE ( 'NONE', *, *, #1086, .T. ) ;
#1491 = VECTOR ( 'NONE', #562, 1000.000000000000000 ) ;
#1492 = EDGE_LOOP ( 'NONE', ( #737, #399, #601, #527 ) ) ;
#1493 = ADVANCED_FACE ( 'NONE', ( #149 ), #497, .F. ) ;
#1494 = CARTESIAN_POINT ( 'NONE',  ( -3.619161641127077722, 12.00000000000000000, -60.91459718789471367 ) ) ;
#1495 = LINE ( 'NONE', #319, #1419 ) ;
#1496 = DIRECTION ( 'NONE',  ( -0.000000000000000000, -1.000000000000000000, 0.000000000000000000 ) ) ;
#1497 = CARTESIAN_POINT ( 'NONE',  ( -47.66027168129067348, 7.656233372330819797, -52.40235885831694418 ) ) ;
#1498 = CARTESIAN_POINT ( 'NONE',  ( -51.47916164112705673, 14.19999999999999751, -52.40235885831693707 ) ) ;
#1499 = ORIENTED_EDGE ( 'NONE', *, *, #415, .T. ) ;
#1500 = CARTESIAN_POINT ( 'NONE',  ( -51.93916164112710732, 12.00000000000000000, 0.000000000000000000 ) ) ;
#1501 = CARTESIAN_POINT ( 'NONE',  ( -51.47916164112705673, 15.00000000000000000, -55.00235885831693139 ) ) ;
#1502 = EDGE_CURVE ( 'NONE', #624, #251, #382, .T. ) ;
#1503 = ORIENTED_EDGE ( 'NONE', *, *, #760, .F. ) ;
#1504 = VERTEX_POINT ( 'NONE', #155 ) ;
#1505 = PRODUCT_DEFINITION_CONTEXT ( 'detailed design', #1070, 'design' ) ;
#1506 = CARTESIAN_POINT ( 'NONE',  ( -47.25131670917411242, 11.99999999999999645, -55.80235885831693565 ) ) ;
#1507 = EDGE_CURVE ( 'NONE', #921, #1230, #1445, .T. ) ;
#1508 = VECTOR ( 'NONE', #158, 1000.000000000000000 ) ;
#1509 = ORIENTED_EDGE ( 'NONE', *, *, #495, .T. ) ;
#1510 = VECTOR ( 'NONE', #1155, 1000.000000000000000 ) ;
#1511 = PLANE ( 'NONE',  #674 ) ;
#1512 = CARTESIAN_POINT ( 'NONE',  ( -7.079161641127129201, 14.19999999999999751, -52.40235885831693707 ) ) ;
#1513 = CIRCLE ( 'NONE', #954, 10.79999999999999716 ) ;
#1514 = DIRECTION ( 'NONE',  ( 1.000000000000000000, -0.000000000000000000, -0.000000000000000000 ) ) ;
#1515 = EDGE_CURVE ( 'NONE', #1397, #734, #1064, .T. ) ;
#1516 = ORIENTED_EDGE ( 'NONE', *, *, #198, .T. ) ;
#1517 = PLANE ( 'NONE',  #863 ) ;
ENDSEC;
END-ISO-10303-21;
