ISO-10303-21;
HEADER;
FILE_DESCRIPTION (( 'STEP AP214' ),
    '1' );
FILE_NAME ('mount fcb .STEP',
    '2026-08-26T17:00:29',
    ( '' ),
    ( '' ),
    'SwSTEP 2.0',
    'SolidWorks 2026',
    '' );
FILE_SCHEMA (( 'AUTOMOTIVE_DESIGN' ));
ENDSEC;

DATA;
#1 = CARTESIAN_POINT ( 'NONE',  ( -224.0896161243090603, -4.262026388480024686, -33.78336146153527153 ) ) ;
#2 = VERTEX_POINT ( 'NONE', #913 ) ;
#3 = CARTESIAN_POINT ( 'NONE',  ( -178.8857914749645772, -18.24637795240630922, 16.45169479829371184 ) ) ;
#4 = EDGE_CURVE ( 'NONE', #1257, #208, #1167, .T. ) ;
#5 = LINE ( 'NONE', #1446, #295 ) ;
#6 = FACE_OUTER_BOUND ( 'NONE', #1863, .T. ) ;
#7 = ORIENTED_EDGE ( 'NONE', *, *, #916, .F. ) ;
#8 = EDGE_LOOP ( 'NONE', ( #282, #555, #925, #1748, #93 ) ) ;
#9 = CARTESIAN_POINT ( 'NONE',  ( -190.2896161243090489, -18.26202638848002735, -7.254620711090439933 ) ) ;
#10 = DIRECTION ( 'NONE',  ( 0.000000000000000000, 0.000000000000000000, 1.000000000000000000 ) ) ;
#11 = ORIENTED_EDGE ( 'NONE', *, *, #1531, .F. ) ;
#12 = CARTESIAN_POINT ( 'NONE',  ( -178.7520772953278652, -18.16790365745211133, -12.23930082198866920 ) ) ;
#13 = VECTOR ( 'NONE', #696, 1000.000000000000000 ) ;
#14 = LINE ( 'NONE', #1472, #594 ) ;
#15 = DIRECTION ( 'NONE',  ( -0.000000000000000000, 1.000000000000000000, -0.000000000000000000 ) ) ;
#16 = ADVANCED_FACE ( 'NONE', ( #1491 ), #200, .F. ) ;
#17 =( GEOMETRIC_REPRESENTATION_CONTEXT ( 3 ) GLOBAL_UNCERTAINTY_ASSIGNED_CONTEXT ( ( #118 ) ) GLOBAL_UNIT_ASSIGNED_CONTEXT ( ( #311, #918, #1622 ) ) REPRESENTATION_CONTEXT ( 'NONE', 'WORKASPACE' ) );
#18 = CIRCLE ( 'NONE', #744, 1.999999999999994893 ) ;
#19 = EDGE_LOOP ( 'NONE', ( #1593, #691, #1763, #1149 ) ) ;
#20 = CIRCLE ( 'NONE', #1852, 1.599999999999990319 ) ;
#21 = DIRECTION ( 'NONE',  ( 0.000000000000000000, -1.000000000000000000, 0.000000000000000000 ) ) ;
#22 = B_SPLINE_CURVE_WITH_KNOTS ( 'NONE', 3,
 ( #204, #482, #1661, #1629, #57, #1487, #347, #211, #915, #1495, #636, #1208, #785, #1785, #496, #1073, #1085, #1644 ),
 .UNSPECIFIED., .F., .F.,
 ( 4, 2, 2, 2, 2, 2, 2, 2, 4 ),
 ( 0.006410478961547731031, 0.007139305410451129985, 0.007868131859354528940, 0.008596958308257927894, 0.009325784757161326849, 0.01005461120606472580, 0.01078343765496812649, 0.01151226410387152545, 0.01224109055277492440 ),
 .UNSPECIFIED. ) ;
#23 = FACE_BOUND ( 'NONE', #1409, .T. ) ;
#24 = DIRECTION ( 'NONE',  ( 1.000000000000000000, 0.000000000000000000, 0.000000000000000000 ) ) ;
#25 = CARTESIAN_POINT ( 'NONE',  ( -152.6296161243090808, -4.262026388480024686, 45.39999999999940172 ) ) ;
#26 = ORIENTED_EDGE ( 'NONE', *, *, #312, .T. ) ;
#27 = ORIENTED_EDGE ( 'NONE', *, *, #1381, .F. ) ;
#28 = DIRECTION ( 'NONE',  ( -0.000000000000000000, 0.000000000000000000, -1.000000000000000000 ) ) ;
#29 = EDGE_CURVE ( 'NONE', #154, #215, #1074, .T. ) ;
#30 = CARTESIAN_POINT ( 'NONE',  ( -205.2896161243090489, -22.26202638848002735, -14.85462071109042093 ) ) ;
#31 = CARTESIAN_POINT ( 'NONE',  ( -178.8842769286146677, -18.26202638848002735, 16.94137342654851608 ) ) ;
#32 = CARTESIAN_POINT ( 'NONE',  ( -190.2896161243090489, -18.26202638848002735, 16.74537928890956806 ) ) ;
#33 = DIRECTION ( 'NONE',  ( 0.000000000000000000, -1.000000000000000000, 0.000000000000000000 ) ) ;
#34 = ORIENTED_EDGE ( 'NONE', *, *, #1687, .T. ) ;
#35 = ORIENTED_EDGE ( 'NONE', *, *, #338, .F. ) ;
#36 = CARTESIAN_POINT ( 'NONE',  ( -205.2896161243090489, -22.26202638848002735, -14.85462071109042093 ) ) ;
#37 = CARTESIAN_POINT ( 'NONE',  ( -201.6934407736535491, -18.24637795240631277, -12.96093622047458105 ) ) ;
#38 = EDGE_CURVE ( 'NONE', #486, #222, #344, .T. ) ;
#39 = DIRECTION ( 'NONE',  ( -0.000000000000000000, 1.000000000000000000, -0.000000000000000000 ) ) ;
#40 = PLANE ( 'NONE',  #1282 ) ;
#41 = AXIS2_PLACEMENT_3D ( 'NONE', #1338, #747, #1068 ) ;
#42 = ORIENTED_EDGE ( 'NONE', *, *, #1826, .F. ) ;
#43 = VERTEX_POINT ( 'NONE', #352 ) ;
#44 = CARTESIAN_POINT ( 'NONE',  ( -190.2896161243090489, -0.2620263884800244636, 40.99999999999938893 ) ) ;
#45 = AXIS2_PLACEMENT_3D ( 'NONE', #576, #438, #855 ) ;
#46 = AXIS2_PLACEMENT_3D ( 'NONE', #1570, #439, #274 ) ;
#47 = VECTOR ( 'NONE', #280, 1000.000000000000000 ) ;
#48 = CARTESIAN_POINT ( 'NONE',  ( -203.4302651463907807, -18.05599860493753539, -10.16224637125733388 ) ) ;
#49 = EDGE_CURVE ( 'NONE', #144, #54, #400, .T. ) ;
#50 = ADVANCED_FACE ( 'NONE', ( #216 ), #370, .F. ) ;
#51 = ADVANCED_FACE ( 'NONE', ( #1667, #1510, #1530, #110, #362 ), #1799, .F. ) ;
#52 = FACE_OUTER_BOUND ( 'NONE', #73, .T. ) ;
#53 = CARTESIAN_POINT ( 'NONE',  ( -205.2896161243090489, -19.26202638848002735, 16.74537928890956806 ) ) ;
#54 = VERTEX_POINT ( 'NONE', #244 ) ;
#55 = ORIENTED_EDGE ( 'NONE', *, *, #430, .T. ) ;
#56 = CARTESIAN_POINT ( 'NONE',  ( -190.2896161243090489, -18.26202638848002735, 1.745379288909568061 ) ) ;
#57 = CARTESIAN_POINT ( 'NONE',  ( -201.8271549532902327, -18.16790365745210778, 15.73005939980782308 ) ) ;
#58 = DIRECTION ( 'NONE',  ( 0.000000000000000000, 1.000000000000000000, 0.000000000000000000 ) ) ;
#59 = FACE_OUTER_BOUND ( 'NONE', #19, .T. ) ;
#60 = EDGE_CURVE ( 'NONE', #1211, #372, #1747, .T. ) ;
#61 = ORIENTED_EDGE ( 'NONE', *, *, #601, .F. ) ;
#62 = ORIENTED_EDGE ( 'NONE', *, *, #1839, .T. ) ;
#63 = FACE_OUTER_BOUND ( 'NONE', #1483, .T. ) ;
#64 = DIRECTION ( 'NONE',  ( 0.000000000000000000, -1.000000000000000000, 0.000000000000000000 ) ) ;
#65 = CARTESIAN_POINT ( 'NONE',  ( -227.9496161243090171, -0.2620263884800244636, -41.90924142218027981 ) ) ;
#66 = LINE ( 'NONE', #1102, #503 ) ;
#67 = ORIENTED_EDGE ( 'NONE', *, *, #1127, .F. ) ;
#68 = CARTESIAN_POINT ( 'NONE',  ( -175.2896161243090489, -22.26202638848002735, 15.14537928890957730 ) ) ;
#69 = ADVANCED_FACE ( 'NONE', ( #811, #1365, #540, #1089, #1658 ), #820, .T. ) ;
#70 = DIRECTION ( 'NONE',  ( 0.000000000000000000, 0.000000000000000000, -1.000000000000000000 ) ) ;
#71 = AXIS2_PLACEMENT_3D ( 'NONE', #1084, #776, #217 ) ;
#72 = CIRCLE ( 'NONE', #1134, 9.000000000000007105 ) ;
#73 = EDGE_LOOP ( 'NONE', ( #1386, #442, #1427, #1023, #336 ) ) ;
#74 = DIRECTION ( 'NONE',  ( 0.000000000000000000, -1.000000000000000000, 0.000000000000000000 ) ) ;
#75 = AXIS2_PLACEMENT_3D ( 'NONE', #1638, #58, #1178 ) ;
#76 = AXIS2_PLACEMENT_3D ( 'NONE', #1384, #807, #523 ) ;
#77 = VERTEX_POINT ( 'NONE', #68 ) ;
#78 = DIRECTION ( 'NONE',  ( 0.000000000000000000, -1.000000000000000000, 0.000000000000000000 ) ) ;
#79 = CARTESIAN_POINT ( 'NONE',  ( -175.2896161243090489, -22.26202638848002735, 15.14537928890957730 ) ) ;
#80 = ORIENTED_EDGE ( 'NONE', *, *, #1086, .F. ) ;
#81 = LINE ( 'NONE', #90, #1373 ) ;
#82 = DIRECTION ( 'NONE',  ( 0.000000000000000000, -1.000000000000000000, 0.000000000000000000 ) ) ;
#83 = ORIENTED_EDGE ( 'NONE', *, *, #396, .F. ) ;
#84 = EDGE_LOOP ( 'NONE', ( #113, #181, #702, #898 ) ) ;
#85 = DIRECTION ( 'NONE',  ( -1.000000000000000000, 0.000000000000000000, 0.000000000000000000 ) ) ;
#86 = ADVANCED_FACE ( 'NONE', ( #1834 ), #1387, .T. ) ;
#87 = VERTEX_POINT ( 'NONE', #669 ) ;
#88 = CARTESIAN_POINT ( 'NONE',  ( -224.0896161243090603, -4.262026388480024686, -35.78336146153526443 ) ) ;
#89 = ORIENTED_EDGE ( 'NONE', *, *, #653, .T. ) ;
#90 = CARTESIAN_POINT ( 'NONE',  ( -190.2896161243090489, -4.262026388480024686, 38.99999999999939604 ) ) ;
#91 = CARTESIAN_POINT ( 'NONE',  ( -205.2896161243090489, -19.26202638848002735, -13.25462071109043194 ) ) ;
#92 = ORIENTED_EDGE ( 'NONE', *, *, #1606, .T. ) ;
#93 = ORIENTED_EDGE ( 'NONE', *, *, #60, .T. ) ;
#94 = DIRECTION ( 'NONE',  ( 0.000000000000000000, 1.000000000000000000, 0.000000000000000000 ) ) ;
#95 = EDGE_CURVE ( 'NONE', #1872, #153, #1283, .T. ) ;
#96 = CARTESIAN_POINT ( 'NONE',  ( -190.2896161243090489, -14.26202638848002735, 1.745379288909568061 ) ) ;
#97 = FACE_BOUND ( 'NONE', #926, .T. ) ;
#98 = DIRECTION ( 'NONE',  ( 0.000000000000000000, 0.000000000000000000, -1.000000000000000000 ) ) ;
#99 = ORIENTED_EDGE ( 'NONE', *, *, #391, .F. ) ;
#100 = ORIENTED_EDGE ( 'NONE', *, *, #1050, .T. ) ;
#101 = CARTESIAN_POINT ( 'NONE',  ( -156.4896161243090660, -4.262026388480024686, -37.78336146153526443 ) ) ;
#102 = AXIS2_PLACEMENT_3D ( 'NONE', #1029, #440, #1602 ) ;
#103 = CLOSED_SHELL ( 'NONE', ( #1313, #940, #779, #565, #1592, #1635, #1392, #1368, #507, #378, #16, #1496, #133, #173, #120, #1516, #441, #897, #191, #1714, #587, #51, #788, #1535, #1118, #1428, #937, #566, #1026, #1246, #1012, #806, #1001, #263, #876, #1152, #1272, #276, #86, #674, #69, #50, #1302, #1838, #250, #334, #825, #1213, #1544, #1314, #129, #148, #1553 ) ) ;
#104 = CIRCLE ( 'NONE', #45, 20.99999999999999645 ) ;
#105 = AXIS2_PLACEMENT_3D ( 'NONE', #617, #928, #1191 ) ;
#106 = AXIS2_PLACEMENT_3D ( 'NONE', #590, #602, #164 ) ;
#107 = CARTESIAN_POINT ( 'NONE',  ( -178.5856690000512685, -18.10693759934559210, 15.27737584573737095 ) ) ;
#108 = EDGE_CURVE ( 'NONE', #1390, #510, #81, .T. ) ;
#109 = EDGE_CURVE ( 'NONE', #1872, #980, #386, .T. ) ;
#110 = FACE_BOUND ( 'NONE', #574, .T. ) ;
#111 = DIRECTION ( 'NONE',  ( -0.000000000000000000, 0.000000000000000000, -1.000000000000000000 ) ) ;
#112 = VERTEX_POINT ( 'NONE', #1096 ) ;
#113 = ORIENTED_EDGE ( 'NONE', *, *, #212, .F. ) ;
#114 = CARTESIAN_POINT ( 'NONE',  ( -152.6296161243090808, -0.2620263884800244636, -41.90924142218027981 ) ) ;
#115 = CARTESIAN_POINT ( 'NONE',  ( -190.2896161243090489, -14.26202638848002735, 1.745379288909568061 ) ) ;
#116 = ORIENTED_EDGE ( 'NONE', *, *, #609, .F. ) ;
#117 = CARTESIAN_POINT ( 'NONE',  ( -175.2896161243090489, -22.26202638848002735, -14.85462071109042093 ) ) ;
#118 = UNCERTAINTY_MEASURE_WITH_UNIT (LENGTH_MEASURE( 1.000000000000000082E-05 ), #311, 'distance_accuracy_value', 'NONE');
#119 = CARTESIAN_POINT ( 'NONE',  ( -175.2896161243098447, -18.25884038786822927, -9.654620711090439400 ) ) ;
#120 = ADVANCED_FACE ( 'NONE', ( #390, #97 ), #528, .F. ) ;
#121 = EDGE_LOOP ( 'NONE', ( #492, #227, #792, #35 ) ) ;
#122 = ORIENTED_EDGE ( 'NONE', *, *, #653, .F. ) ;
#123 = LINE ( 'NONE', #1711, #355 ) ;
#124 = CARTESIAN_POINT ( 'NONE',  ( -169.2896161243090489, -18.26202638848002735, -19.25462071109042839 ) ) ;
#125 = VERTEX_POINT ( 'NONE', #1233 ) ;
#126 = DIRECTION ( 'NONE',  ( 0.000000000000000000, 0.000000000000000000, -1.000000000000000000 ) ) ;
#127 = CARTESIAN_POINT ( 'NONE',  ( -205.2896161243090489, -19.26202638848002735, 20.34537928890955882 ) ) ;
#128 = FACE_OUTER_BOUND ( 'NONE', #1836, .T. ) ;
#129 = ADVANCED_FACE ( 'NONE', ( #1808, #1539 ), #1254, .T. ) ;
#130 = ORIENTED_EDGE ( 'NONE', *, *, #1625, .F. ) ;
#131 = VERTEX_POINT ( 'NONE', #1685 ) ;
#132 = FACE_OUTER_BOUND ( 'NONE', #1564, .T. ) ;
#133 = ADVANCED_FACE ( 'NONE', ( #827 ), #1547, .F. ) ;
#134 = CARTESIAN_POINT ( 'NONE',  ( -149.6296161243090523, -0.2620263884800244636, -38.90924142218025850 ) ) ;
#135 = ORIENTED_EDGE ( 'NONE', *, *, #366, .T. ) ;
#136 = CIRCLE ( 'NONE', #1371, 3.599999999999992095 ) ;
#137 = VERTEX_POINT ( 'NONE', #1425 ) ;
#138 = CIRCLE ( 'NONE', #832, 19.00000000000000000 ) ;
#139 = VECTOR ( 'NONE', #1132, 1000.000000000000000 ) ;
#140 = FACE_OUTER_BOUND ( 'NONE', #1389, .T. ) ;
#141 = CARTESIAN_POINT ( 'NONE',  ( -175.2896161243090489, -18.26202638848002735, 20.34537928890955882 ) ) ;
#142 = CARTESIAN_POINT ( 'NONE',  ( -205.2896161243090489, -18.26202638848002735, 16.74537928890956806 ) ) ;
#143 = VERTEX_POINT ( 'NONE', #584 ) ;
#144 = VERTEX_POINT ( 'NONE', #1716 ) ;
#145 = DIRECTION ( 'NONE',  ( 0.000000000000000000, 0.000000000000000000, -1.000000000000000000 ) ) ;
#146 = CARTESIAN_POINT ( 'NONE',  ( -190.2896161243090489, -4.262026388480024686, 22.74537928890956451 ) ) ;
#147 = VERTEX_POINT ( 'NONE', #1693 ) ;
#148 = ADVANCED_FACE ( 'NONE', ( #577 ), #705, .F. ) ;
#149 = LINE ( 'NONE', #117, #294 ) ;
#150 = DIRECTION ( 'NONE',  ( 0.000000000000000000, 0.000000000000000000, 1.000000000000000000 ) ) ;
#151 = DIRECTION ( 'NONE',  ( -0.000000000000000000, 0.000000000000000000, 1.000000000000000000 ) ) ;
#152 = BREP_WITH_VOIDS ( 'NONE', #103, ( #1367 ) );
#153 = VERTEX_POINT ( 'NONE', #141 ) ;
#154 = VERTEX_POINT ( 'NONE', #1844 ) ;
#155 = DIRECTION ( 'NONE',  ( 0.000000000000000000, -1.000000000000000000, 0.000000000000000000 ) ) ;
#156 = DIRECTION ( 'NONE',  ( 0.000000000000000000, 1.000000000000000000, 0.000000000000000000 ) ) ;
#157 = ORIENTED_EDGE ( 'NONE', *, *, #29, .F. ) ;
#158 = EDGE_CURVE ( 'NONE', #1011, #544, #431, .T. ) ;
#159 = DIRECTION ( 'NONE',  ( 0.000000000000000000, 0.000000000000000000, 1.000000000000000000 ) ) ;
#160 = CARTESIAN_POINT ( 'NONE',  ( -205.2896161243090489, -22.26202638848002735, -13.25462071109043194 ) ) ;
#161 = CARTESIAN_POINT ( 'NONE',  ( -210.8777114060707731, -0.2620263884800244636, -23.01660316448185384 ) ) ;
#162 = EDGE_LOOP ( 'NONE', ( #1243, #1164, #563, #55 ) ) ;
#163 = VERTEX_POINT ( 'NONE', #127 ) ;
#164 = DIRECTION ( 'NONE',  ( 0.000000000000000000, 0.000000000000000000, -1.000000000000000000 ) ) ;
#165 = LINE ( 'NONE', #134, #802 ) ;
#166 = VECTOR ( 'NONE', #177, 1000.000000000000000 ) ;
#167 = AXIS2_PLACEMENT_3D ( 'NONE', #371, #953, #800 ) ;
#168 = AXIS2_PLACEMENT_3D ( 'NONE', #1734, #451, #1021 ) ;
#169 = LINE ( 'NONE', #1185, #1793 ) ;
#170 = FACE_OUTER_BOUND ( 'NONE', #493, .T. ) ;
#171 = AXIS2_PLACEMENT_3D ( 'NONE', #695, #304, #126 ) ;
#172 = CIRCLE ( 'NONE', #1374, 1.599999999999990319 ) ;
#173 = ADVANCED_FACE ( 'NONE', ( #1707 ), #1455, .F. ) ;
#174 = VERTEX_POINT ( 'NONE', #423 ) ;
#175 = ORIENTED_EDGE ( 'NONE', *, *, #688, .F. ) ;
#176 = CIRCLE ( 'NONE', #888, 1.599999999999990319 ) ;
#177 = DIRECTION ( 'NONE',  ( 1.000000000000000000, 0.000000000000000000, 0.000000000000000000 ) ) ;
#178 = CARTESIAN_POINT ( 'NONE',  ( -230.9496161243090455, -0.2620263884800244636, -41.90924142218027981 ) ) ;
#179 = CARTESIAN_POINT ( 'NONE',  ( -175.2896161243090489, -19.26202638848002735, -16.85462071109042270 ) ) ;
#180 = DIRECTION ( 'NONE',  ( -0.000000000000000000, 0.000000000000000000, -1.000000000000000000 ) ) ;
#181 = ORIENTED_EDGE ( 'NONE', *, *, #1726, .T. ) ;
#182 = ORIENTED_EDGE ( 'NONE', *, *, #1064, .T. ) ;
#183 = EDGE_CURVE ( 'NONE', #732, #500, #298, .T. ) ;
#184 = CARTESIAN_POINT ( 'NONE',  ( -230.9496161243090455, -0.2620263884800244636, 42.39999999999943725 ) ) ;
#185 = CARTESIAN_POINT ( 'NONE',  ( -175.2896161243090489, -18.26202638848002735, -16.85462071109042270 ) ) ;
#186 = PLANE ( 'NONE',  #1218 ) ;
#187 = CARTESIAN_POINT ( 'NONE',  ( -175.2896161243090489, -22.26202638848002735, -11.65462071109044118 ) ) ;
#188 = VERTEX_POINT ( 'NONE', #1724 ) ;
#189 = ORIENTED_EDGE ( 'NONE', *, *, #524, .T. ) ;
#190 = DIRECTION ( 'NONE',  ( 0.000000000000000000, -1.000000000000000000, 0.000000000000000000 ) ) ;
#191 = ADVANCED_FACE ( 'NONE', ( #727 ), #999, .F. ) ;
#192 = CARTESIAN_POINT ( 'NONE',  ( -201.6949553200034302, -18.26202638848002735, -13.45061484872939772 ) ) ;
#193 = EDGE_CURVE ( 'NONE', #1180, #486, #870, .T. ) ;
#194 = APPLICATION_PROTOCOL_DEFINITION ( 'draft international standard', 'automotive_design', 1998, #1220 ) ;
#195 = DIRECTION ( 'NONE',  ( -0.000000000000000000, 1.000000000000000000, -0.000000000000000000 ) ) ;
#196 = CARTESIAN_POINT ( 'NONE',  ( -175.0936219866701151, -18.26202638848002735, 13.15071848460395465 ) ) ;
#197 = VECTOR ( 'NONE', #719, 1000.000000000000000 ) ;
#198 = STYLED_ITEM ( 'NONE', ( #265 ), #152 ) ;
#199 = ORIENTED_EDGE ( 'NONE', *, *, #748, .T. ) ;
#200 = CYLINDRICAL_SURFACE ( 'NONE', #472, 1.599999999999990319 ) ;
#201 = DIRECTION ( 'NONE',  ( 0.000000000000000000, -1.000000000000000000, 0.000000000000000000 ) ) ;
#202 = VECTOR ( 'NONE', #581, 1000.000000000000000 ) ;
#203 = AXIS2_PLACEMENT_3D ( 'NONE', #1391, #94, #1831 ) ;
#204 = CARTESIAN_POINT ( 'NONE',  ( -201.6949553200034302, -18.26202638848002735, 16.94137342654853384 ) ) ;
#205 = EDGE_CURVE ( 'NONE', #1633, #1083, #5, .T. ) ;
#206 = DIRECTION ( 'NONE',  ( -0.000000000000000000, 1.000000000000000000, -0.000000000000000000 ) ) ;
#207 = DIRECTION ( 'NONE',  ( 0.000000000000000000, 0.000000000000000000, -1.000000000000000000 ) ) ;
#208 = VERTEX_POINT ( 'NONE', #1859 ) ;
#209 = ORIENTED_EDGE ( 'NONE', *, *, #1655, .T. ) ;
#210 = LINE ( 'NONE', #1511, #1702 ) ;
#211 = CARTESIAN_POINT ( 'NONE',  ( -202.3583261866816088, -18.03186258572183931, 14.64141015260001844 ) ) ;
#212 = EDGE_CURVE ( 'NONE', #982, #1257, #1591, .T. ) ;
#213 = CARTESIAN_POINT ( 'NONE',  ( -175.2896161243090489, -19.26202638848002735, 16.74537928890956806 ) ) ;
#214 = DIRECTION ( 'NONE',  ( 0.000000000000000000, 0.000000000000000000, -1.000000000000000000 ) ) ;
#215 = VERTEX_POINT ( 'NONE', #735 ) ;
#216 = FACE_OUTER_BOUND ( 'NONE', #1586, .T. ) ;
#217 = DIRECTION ( 'NONE',  ( 0.000000000000000000, 0.000000000000000000, 1.000000000000000000 ) ) ;
#218 = CARTESIAN_POINT ( 'NONE',  ( -205.2896161243090489, -18.25884038786825769, -9.654620711090439400 ) ) ;
#219 = ORIENTED_EDGE ( 'NONE', *, *, #1596, .T. ) ;
#220 = DIRECTION ( 'NONE',  ( 0.000000000000000000, -1.000000000000000000, 0.000000000000000000 ) ) ;
#221 = CARTESIAN_POINT ( 'NONE',  ( -178.7529935823912695, -18.16835088763041028, 15.73344290172805415 ) ) ;
#222 = VERTEX_POINT ( 'NONE', #1311 ) ;
#223 = DIRECTION ( 'NONE',  ( 0.000000000000000000, 0.000000000000000000, 1.000000000000000000 ) ) ;
#224 = CARTESIAN_POINT ( 'NONE',  ( -227.9496161243090171, -4.262026388480024686, -41.90924142218027981 ) ) ;
#225 = EDGE_CURVE ( 'NONE', #1141, #1030, #14, .T. ) ;
#226 = CIRCLE ( 'NONE', #1740, 3.599999999999992095 ) ;
#227 = ORIENTED_EDGE ( 'NONE', *, *, #1506, .T. ) ;
#228 = ORIENTED_EDGE ( 'NONE', *, *, #1866, .T. ) ;
#229 = DIRECTION ( 'NONE',  ( -1.000000000000000000, 0.000000000000000000, -0.000000000000000000 ) ) ;
#230 = AXIS2_PLACEMENT_3D ( 'NONE', #407, #1095, #1528 ) ;
#231 = VECTOR ( 'NONE', #657, 1000.000000000000000 ) ;
#232 = AXIS2_PLACEMENT_3D ( 'NONE', #289, #155, #1327 ) ;
#233 = VERTEX_POINT ( 'NONE', #179 ) ;
#234 = DIRECTION ( 'NONE',  ( 0.000000000000000000, -1.000000000000000000, 0.000000000000000000 ) ) ;
#235 = VERTEX_POINT ( 'NONE', #1172 ) ;
#236 = DIRECTION ( 'NONE',  ( 0.000000000000000000, -0.000000000000000000, -1.000000000000000000 ) ) ;
#237 = CYLINDRICAL_SURFACE ( 'NONE', #1822, 3.599999999999992095 ) ;
#238 = EDGE_CURVE ( 'NONE', #980, #1609, #1345, .T. ) ;
#239 = ORIENTED_EDGE ( 'NONE', *, *, #1162, .T. ) ;
#240 = EDGE_LOOP ( 'NONE', ( #1266, #306, #521, #1260 ) ) ;
#241 = FACE_OUTER_BOUND ( 'NONE', #411, .T. ) ;
#242 = VERTEX_POINT ( 'NONE', #1481 ) ;
#243 = CARTESIAN_POINT ( 'NONE',  ( -190.2896161243090489, -18.26202638848002735, 1.745379288909568061 ) ) ;
#244 = CARTESIAN_POINT ( 'NONE',  ( -149.6296161243090523, -0.2620263884800244636, -38.90924142218025850 ) ) ;
#245 = FACE_OUTER_BOUND ( 'NONE', #1158, .T. ) ;
#246 = VERTEX_POINT ( 'NONE', #1631 ) ;
#247 = ORIENTED_EDGE ( 'NONE', *, *, #358, .F. ) ;
#248 = CARTESIAN_POINT ( 'NONE',  ( -224.0896161243090603, -0.2620263884800244636, -35.78336146153526443 ) ) ;
#249 = EDGE_CURVE ( 'NONE', #703, #351, #447, .T. ) ;
#250 = ADVANCED_FACE ( 'NONE', ( #1028 ), #186, .F. ) ;
#251 = CARTESIAN_POINT ( 'NONE',  ( -190.2896161243090489, -10.26202638848002380, 22.74537928890956451 ) ) ;
#252 = UNCERTAINTY_MEASURE_WITH_UNIT (LENGTH_MEASURE( 1.000000000000000082E-05 ), #840, 'distance_accuracy_value', 'NONE');
#253 = DIRECTION ( 'NONE',  ( 0.000000000000000000, -0.000000000000000000, -1.000000000000000000 ) ) ;
#254 = CARTESIAN_POINT ( 'NONE',  ( -175.1592300714705459, -18.26202638848002735, -9.656382712522923129 ) ) ;
#255 = VERTEX_POINT ( 'NONE', #746 ) ;
#256 = ORIENTED_EDGE ( 'NONE', *, *, #1336, .F. ) ;
#257 = PLANE ( 'NONE',  #1081 ) ;
#258 = AXIS2_PLACEMENT_3D ( 'NONE', #1366, #1765, #1790 ) ;
#259 = CLOSED_SHELL ( 'NONE', ( #1804, #288, #1723, #1292 ) ) ;
#260 = CARTESIAN_POINT ( 'NONE',  ( -230.9496161243090455, -4.262026388480024686, -38.90924142218030113 ) ) ;
#261 = AXIS2_PLACEMENT_3D ( 'NONE', #1067, #1322, #604 ) ;
#262 = VECTOR ( 'NONE', #908, 1000.000000000000000 ) ;
#263 = ADVANCED_FACE ( 'NONE', ( #884 ), #1500, .F. ) ;
#264 = CARTESIAN_POINT ( 'NONE',  ( -205.2896161243090489, -7.262026388480027350, 20.34537928890955882 ) ) ;
#265 = PRESENTATION_STYLE_ASSIGNMENT (( #878 ) ) ;
#266 = FACE_OUTER_BOUND ( 'NONE', #162, .T. ) ;
#267 = ORIENTED_EDGE ( 'NONE', *, *, #1700, .T. ) ;
#268 = EDGE_LOOP ( 'NONE', ( #1110, #868, #842, #668 ) ) ;
#269 = FACE_OUTER_BOUND ( 'NONE', #1364, .T. ) ;
#270 = LINE ( 'NONE', #1649, #1706 ) ;
#271 = ORIENTED_EDGE ( 'NONE', *, *, #609, .T. ) ;
#272 = DIRECTION ( 'NONE',  ( 0.000000000000000000, -1.000000000000000000, 0.000000000000000000 ) ) ;
#273 = EDGE_CURVE ( 'NONE', #1257, #982, #1076, .T. ) ;
#274 = DIRECTION ( 'NONE',  ( 0.000000000000000000, 0.000000000000000000, 1.000000000000000000 ) ) ;
#275 = DIRECTION ( 'NONE',  ( 0.000000000000000000, 1.000000000000000000, 0.000000000000000000 ) ) ;
#276 = ADVANCED_FACE ( 'NONE', ( #753 ), #1607, .F. ) ;
#277 = ORIENTED_EDGE ( 'NONE', *, *, #1569, .F. ) ;
#278 = VERTEX_POINT ( 'NONE', #922 ) ;
#279 = DIRECTION ( 'NONE',  ( 0.000000000000000000, -1.000000000000000000, 0.000000000000000000 ) ) ;
#280 = DIRECTION ( 'NONE',  ( 0.000000000000000000, 0.000000000000000000, 1.000000000000000000 ) ) ;
#281 = ORIENTED_EDGE ( 'NONE', *, *, #193, .T. ) ;
#282 = ORIENTED_EDGE ( 'NONE', *, *, #1347, .T. ) ;
#283 = DIRECTION ( 'NONE',  ( 0.000000000000000000, 0.000000000000000000, -1.000000000000000000 ) ) ;
#284 = DIRECTION ( 'NONE',  ( 0.000000000000000000, -1.000000000000000000, 0.000000000000000000 ) ) ;
#285 = DIRECTION ( 'NONE',  ( 0.7071067811865507924, -0.000000000000000000, -0.7071067811865441310 ) ) ;
#286 = ORIENTED_EDGE ( 'NONE', *, *, #618, .F. ) ;
#287 = ORIENTED_EDGE ( 'NONE', *, *, #766, .F. ) ;
#288 = ADVANCED_FACE ( 'NONE', ( #1760 ), #1623, .T. ) ;
#289 = CARTESIAN_POINT ( 'NONE',  ( -190.2896161243090489, -0.2620263884800244636, 40.99999999999938893 ) ) ;
#290 = DIRECTION ( 'NONE',  ( 0.000000000000000000, -1.000000000000000000, 0.000000000000000000 ) ) ;
#291 = EDGE_LOOP ( 'NONE', ( #1810, #797 ) ) ;
#292 = AXIS2_PLACEMENT_3D ( 'NONE', #1037, #1330, #349 ) ;
#293 = ORIENTED_EDGE ( 'NONE', *, *, #212, .T. ) ;
#294 = VECTOR ( 'NONE', #1270, 1000.000000000000000 ) ;
#295 = VECTOR ( 'NONE', #1160, 1000.000000000000000 ) ;
#296 = CARTESIAN_POINT ( 'NONE',  ( -190.2896161243090489, -18.26202638848002735, 1.745379288909568061 ) ) ;
#297 = AXIS2_PLACEMENT_3D ( 'NONE', #889, #290, #1033 ) ;
#298 = LINE ( 'NONE', #989, #1436 ) ;
#299 = DIRECTION ( 'NONE',  ( 0.000000000000000000, 0.000000000000000000, -1.000000000000000000 ) ) ;
#300 = ORIENTED_EDGE ( 'NONE', *, *, #183, .F. ) ;
#301 = CARTESIAN_POINT ( 'NONE',  ( -210.8777114060707731, 1.537973611519975581, -23.01660316448185384 ) ) ;
#302 = PLANE ( 'NONE',  #297 ) ;
#303 = ORIENTED_EDGE ( 'NONE', *, *, #929, .F. ) ;
#304 = DIRECTION ( 'NONE',  ( 0.000000000000000000, -1.000000000000000000, 0.000000000000000000 ) ) ;
#305 = DIRECTION ( 'NONE',  ( -0.000000000000000000, 1.000000000000000000, -0.000000000000000000 ) ) ;
#306 = ORIENTED_EDGE ( 'NONE', *, *, #1839, .F. ) ;
#307 = EDGE_LOOP ( 'NONE', ( #130, #1224 ) ) ;
#308 = CARTESIAN_POINT ( 'NONE',  ( -169.2896161243090489, -18.26202638848002735, 0.000000000000000000 ) ) ;
#309 = DIRECTION ( 'NONE',  ( 0.000000000000000000, 1.000000000000000000, 0.000000000000000000 ) ) ;
#310 = EDGE_CURVE ( 'NONE', #872, #188, #623, .T. ) ;
#311 =( LENGTH_UNIT ( ) NAMED_UNIT ( * ) SI_UNIT ( .MILLI., .METRE. ) );
#312 = EDGE_CURVE ( 'NONE', #808, #982, #1329, .T. ) ;
#313 = CARTESIAN_POINT ( 'NONE',  ( -149.6296161243090523, -4.262026388480024686, 42.39999999999939462 ) ) ;
#314 = DIRECTION ( 'NONE',  ( -0.000000000000000000, 1.000000000000000000, -0.000000000000000000 ) ) ;
#315 = VERTEX_POINT ( 'NONE', #341 ) ;
#316 = ORIENTED_EDGE ( 'NONE', *, *, #1741, .T. ) ;
#317 = CARTESIAN_POINT ( 'NONE',  ( -190.2896161243090489, -14.26202638848002735, 1.745379288909568061 ) ) ;
#318 = DIRECTION ( 'NONE',  ( -1.000000000000000000, 0.000000000000000000, 0.000000000000000000 ) ) ;
#319 = PRODUCT_CONTEXT ( 'NONE', #1220, 'mechanical' ) ;
#320 = CIRCLE ( 'NONE', #1370, 15.00000000000000000 ) ;
#321 = EDGE_CURVE ( 'NONE', #1801, #843, #169, .T. ) ;
#322 = AXIS2_PLACEMENT_3D ( 'NONE', #491, #1624, #1489 ) ;
#323 = CIRCLE ( 'NONE', #261, 9.000000000000007105 ) ;
#324 = LINE ( 'NONE', #894, #983 ) ;
#325 = CARTESIAN_POINT ( 'NONE',  ( -190.2896161243090489, -10.26202638848002380, 1.745379288909568061 ) ) ;
#326 = AXIS2_PLACEMENT_3D ( 'NONE', #213, #786, #1221 ) ;
#327 = ORIENTED_EDGE ( 'NONE', *, *, #723, .T. ) ;
#328 = EDGE_LOOP ( 'NONE', ( #1764, #1274, #582, #964 ) ) ;
#329 = AXIS2_PLACEMENT_3D ( 'NONE', #1584, #1025, #28 ) ;
#330 = CARTESIAN_POINT ( 'NONE',  ( -175.2896161243090489, -22.26202638848002735, 16.74537928890956806 ) ) ;
#331 = CARTESIAN_POINT ( 'NONE',  ( -175.0936219866701151, -18.26202638848002735, -9.659959906784813199 ) ) ;
#332 = DIRECTION ( 'NONE',  ( 0.000000000000000000, -0.000000000000000000, -1.000000000000000000 ) ) ;
#333 = CARTESIAN_POINT ( 'NONE',  ( -190.2896161243090489, -18.26202638848002735, 1.745379288909568061 ) ) ;
#334 = ADVANCED_FACE ( 'NONE', ( #52 ), #631, .F. ) ;
#335 = ORIENTED_EDGE ( 'NONE', *, *, #601, .T. ) ;
#336 = ORIENTED_EDGE ( 'NONE', *, *, #395, .F. ) ;
#337 = PLANE ( 'NONE',  #1042 ) ;
#338 = EDGE_CURVE ( 'NONE', #544, #2, #323, .T. ) ;
#339 = CARTESIAN_POINT ( 'NONE',  ( -230.9496161243090455, -0.2620263884800244636, 45.39999999999940172 ) ) ;
#340 = DIRECTION ( 'NONE',  ( 0.000000000000000000, 0.000000000000000000, 1.000000000000000000 ) ) ;
#341 = CARTESIAN_POINT ( 'NONE',  ( -230.9496161243090455, -4.262026388480024686, 42.39999999999943725 ) ) ;
#342 = CARTESIAN_POINT ( 'NONE',  ( -205.2896161243090489, -19.26202638848002735, -14.85462071109042093 ) ) ;
#343 = ORIENTED_EDGE ( 'NONE', *, *, #916, .T. ) ;
#344 = LINE ( 'NONE', #1775, #1248 ) ;
#345 = DIRECTION ( 'NONE',  ( 0.000000000000000000, 1.000000000000000000, 0.000000000000000000 ) ) ;
#346 = EDGE_CURVE ( 'NONE', #125, #246, #1823, .T. ) ;
#347 = CARTESIAN_POINT ( 'NONE',  ( -202.1019807138017939, -18.07645416670408878, 15.05477959807223876 ) ) ;
#348 = DIRECTION ( 'NONE',  ( 0.7071067811865425767, 0.000000000000000000, -0.7071067811865524577 ) ) ;
#349 = DIRECTION ( 'NONE',  ( 0.000000000000000000, -0.000000000000000000, 1.000000000000000000 ) ) ;
#350 = VECTOR ( 'NONE', #1226, 1000.000000000000000 ) ;
#351 = VERTEX_POINT ( 'NONE', #1752 ) ;
#352 = CARTESIAN_POINT ( 'NONE',  ( -227.9496161243090171, -4.262026388480024686, 45.39999999999940172 ) ) ;
#353 = CARTESIAN_POINT ( 'NONE',  ( -190.2896161243090489, -14.26202638848002735, 1.745379288909568061 ) ) ;
#354 = CIRCLE ( 'NONE', #743, 1.999999999999994893 ) ;
#355 = VECTOR ( 'NONE', #984, 1000.000000000000000 ) ;
#356 = VECTOR ( 'NONE', #1032, 1000.000000000000000 ) ;
#357 = CARTESIAN_POINT ( 'NONE',  ( -156.4896161243090660, -4.262026388480024686, -35.78336146153526443 ) ) ;
#358 = EDGE_CURVE ( 'NONE', #143, #1390, #1219, .T. ) ;
#359 = LINE ( 'NONE', #930, #1320 ) ;
#360 = CARTESIAN_POINT ( 'NONE',  ( -175.2896161243090489, -22.26202638848002735, -13.25462071109043194 ) ) ;
#361 = ORIENTED_EDGE ( 'NONE', *, *, #1606, .F. ) ;
#362 = FACE_BOUND ( 'NONE', #291, .T. ) ;
#363 = DIRECTION ( 'NONE',  ( 0.000000000000000000, -1.000000000000000000, 0.000000000000000000 ) ) ;
#364 = DIRECTION ( 'NONE',  ( -1.000000000000000000, 0.000000000000000000, 0.000000000000000000 ) ) ;
#365 = ORIENTED_EDGE ( 'NONE', *, *, #1103, .T. ) ;
#366 = EDGE_CURVE ( 'NONE', #1801, #1633, #324, .T. ) ;
#367 = LINE ( 'NONE', #972, #231 ) ;
#368 = CARTESIAN_POINT ( 'NONE',  ( -177.1489671022274024, -18.05599860493755315, 13.65300494907647000 ) ) ;
#369 = EDGE_LOOP ( 'NONE', ( #1774, #460, #1867, #402, #1853, #1181, #157, #912, #588, #1324 ) ) ;
#370 = PLANE ( 'NONE',  #1045 ) ;
#371 = CARTESIAN_POINT ( 'NONE',  ( -210.8777114060707731, 1.537973611519975581, -23.01660316448185384 ) ) ;
#372 = VERTEX_POINT ( 'NONE', #845 ) ;
#373 = ORIENTED_EDGE ( 'NONE', *, *, #249, .F. ) ;
#374 = CARTESIAN_POINT ( 'NONE',  ( -190.2896161243090489, -10.26202638848002380, 1.745379288909568061 ) ) ;
#375 = ORIENTED_EDGE ( 'NONE', *, *, #312, .F. ) ;
#376 = DIRECTION ( 'NONE',  ( -0.000000000000000000, 1.000000000000000000, -0.000000000000000000 ) ) ;
#377 = DIRECTION ( 'NONE',  ( -0.000000000000000000, 1.000000000000000000, -0.000000000000000000 ) ) ;
#378 = ADVANCED_FACE ( 'NONE', ( #1362 ), #420, .F. ) ;
#379 = ORIENTED_EDGE ( 'NONE', *, *, #158, .T. ) ;
#380 = CARTESIAN_POINT ( 'NONE',  ( -149.6296161243090523, -4.262026388480024686, -38.90924142218025850 ) ) ;
#381 = PLANE ( 'NONE',  #796 ) ;
#382 = VECTOR ( 'NONE', #1845, 1000.000000000000114 ) ;
#383 = ORIENTED_EDGE ( 'NONE', *, *, #417, .T. ) ;
#384 = VECTOR ( 'NONE', #1232, 1000.000000000000000 ) ;
#385 = ORIENTED_EDGE ( 'NONE', *, *, #1034, .T. ) ;
#386 = CIRCLE ( 'NONE', #768, 19.00000000000000000 ) ;
#387 = DIRECTION ( 'NONE',  ( 0.000000000000000000, 0.000000000000000000, 1.000000000000000000 ) ) ;
#388 = VECTOR ( 'NONE', #610, 1000.000000000000114 ) ;
#389 = DIRECTION ( 'NONE',  ( 0.000000000000000000, -1.000000000000000000, 0.000000000000000000 ) ) ;
#390 = FACE_OUTER_BOUND ( 'NONE', #1230, .T. ) ;
#391 = EDGE_CURVE ( 'NONE', #1449, #398, #367, .T. ) ;
#392 = DIRECTION ( 'NONE',  ( 0.000000000000000000, -1.000000000000000000, 0.000000000000000000 ) ) ;
#393 = ORIENTED_EDGE ( 'NONE', *, *, #1759, .T. ) ;
#394 = ORIENTED_EDGE ( 'NONE', *, *, #524, .F. ) ;
#395 = EDGE_CURVE ( 'NONE', #112, #606, #1469, .T. ) ;
#396 = EDGE_CURVE ( 'NONE', #1180, #137, #497, .T. ) ;
#397 = CYLINDRICAL_SURFACE ( 'NONE', #76, 3.599999999999992095 ) ;
#398 = VERTEX_POINT ( 'NONE', #1841 ) ;
#399 = DIRECTION ( 'NONE',  ( 0.000000000000000000, 0.000000000000000000, -1.000000000000000000 ) ) ;
#400 = LINE ( 'NONE', #380, #1468 ) ;
#401 = CARTESIAN_POINT ( 'NONE',  ( -205.2896161243090489, -19.26202638848002735, 16.74537928890956806 ) ) ;
#402 = ORIENTED_EDGE ( 'NONE', *, *, #1486, .F. ) ;
#403 = ORIENTED_EDGE ( 'NONE', *, *, #1663, .F. ) ;
#404 = PLANE ( 'NONE',  #1408 ) ;
#405 = EDGE_CURVE ( 'NONE', #153, #656, #1276, .T. ) ;
#406 = ORIENTED_EDGE ( 'NONE', *, *, #1474, .T. ) ;
#407 = CARTESIAN_POINT ( 'NONE',  ( -175.2896161243090489, -18.26202638848002735, -13.25462071109043194 ) ) ;
#408 = DIRECTION ( 'NONE',  ( -0.000000000000000000, 1.000000000000000000, -0.000000000000000000 ) ) ;
#409 = PLANE ( 'NONE',  #1217 ) ;
#410 = ORIENTED_EDGE ( 'NONE', *, *, #238, .T. ) ;
#411 = EDGE_LOOP ( 'NONE', ( #1789, #1670, #1490, #1053 ) ) ;
#412 = CARTESIAN_POINT ( 'NONE',  ( -156.4896161243090660, -4.262026388480024686, -33.78336146153527153 ) ) ;
#413 = AXIS2_PLACEMENT_3D ( 'NONE', #721, #279, #145 ) ;
#414 = AXIS2_PLACEMENT_3D ( 'NONE', #1407, #392, #520 ) ;
#415 = COLOUR_RGB ( '',0.7921568627450980005, 0.8196078431372548767, 0.9333333333333333481 ) ;
#416 = LINE ( 'NONE', #994, #651 ) ;
#417 = EDGE_CURVE ( 'NONE', #398, #843, #1094, .T. ) ;
#418 = CIRCLE ( 'NONE', #1192, 1.999999999999994893 ) ;
#419 = ORIENTED_EDGE ( 'NONE', *, *, #611, .T. ) ;
#420 = TOROIDAL_SURFACE ( 'NONE', #1346, 19.00000000000000000, 4.000000000000000000 ) ;
#421 = AXIS2_PLACEMENT_3D ( 'NONE', #1812, #824, #1683 ) ;
#422 = DIRECTION ( 'NONE',  ( -1.000000000000000000, 0.000000000000000000, 0.000000000000000000 ) ) ;
#423 = CARTESIAN_POINT ( 'NONE',  ( -190.2896161243090489, -14.26202638848002735, -13.25462071109043194 ) ) ;
#424 = CARTESIAN_POINT ( 'NONE',  ( -210.8777114060707731, 1.537973611519975581, -23.01660316448185384 ) ) ;
#425 = EDGE_LOOP ( 'NONE', ( #963, #1563, #1739, #1517, #831 ) ) ;
#426 = EDGE_LOOP ( 'NONE', ( #1458, #1549, #1431, #546, #680, #756, #1846, #403, #1640, #1688 ) ) ;
#427 = CYLINDRICAL_SURFACE ( 'NONE', #975, 1.599999999999990319 ) ;
#428 = VERTEX_POINT ( 'NONE', #260 ) ;
#429 = CARTESIAN_POINT ( 'NONE',  ( -176.4867697762537659, -18.14325490278631037, -9.850865676662740711 ) ) ;
#430 = EDGE_CURVE ( 'NONE', #686, #1141, #1514, .T. ) ;
#431 = LINE ( 'NONE', #1579, #139 ) ;
#432 = CARTESIAN_POINT ( 'NONE',  ( -190.2896161243090489, -4.262026388480024686, 38.99999999999939604 ) ) ;
#433 = VERTEX_POINT ( 'NONE', #1268 ) ;
#434 = ORIENTED_EDGE ( 'NONE', *, *, #1326, .F. ) ;
#435 = CARTESIAN_POINT ( 'NONE',  ( -169.7015208425473247, -0.2620263884800244636, 28.47154394071548111 ) ) ;
#436 = FACE_BOUND ( 'NONE', #755, .T. ) ;
#437 = ORIENTED_EDGE ( 'NONE', *, *, #1093, .T. ) ;
#438 = DIRECTION ( 'NONE',  ( -0.000000000000000000, 1.000000000000000000, -0.000000000000000000 ) ) ;
#439 = DIRECTION ( 'NONE',  ( -0.000000000000000000, 1.000000000000000000, -0.000000000000000000 ) ) ;
#440 = DIRECTION ( 'NONE',  ( -0.000000000000000000, 1.000000000000000000, -0.000000000000000000 ) ) ;
#441 = ADVANCED_FACE ( 'NONE', ( #1422 ), #554, .F. ) ;
#442 = ORIENTED_EDGE ( 'NONE', *, *, #665, .T. ) ;
#443 = ORIENTED_EDGE ( 'NONE', *, *, #463, .T. ) ;
#444 = FACE_OUTER_BOUND ( 'NONE', #1465, .T. ) ;
#445 = CARTESIAN_POINT ( 'NONE',  ( -152.6296161243090808, -0.2620263884800244636, 45.39999999999940172 ) ) ;
#446 = ORIENTED_EDGE ( 'NONE', *, *, #193, .F. ) ;
#447 = CIRCLE ( 'NONE', #1494, 3.599999999999992095 ) ;
#448 = VECTOR ( 'NONE', #704, 1000.000000000000000 ) ;
#449 = CARTESIAN_POINT ( 'NONE',  ( -175.5344086714030141, -18.25105702587483592, -9.654620711090494467 ) ) ;
#450 = AXIS2_PLACEMENT_3D ( 'NONE', #1013, #21, #1175 ) ;
#451 = DIRECTION ( 'NONE',  ( 0.000000000000000000, -1.000000000000000000, 0.000000000000000000 ) ) ;
#452 = PLANE ( 'NONE',  #1643 ) ;
#453 = ORIENTED_EDGE ( 'NONE', *, *, #1700, .F. ) ;
#454 = LINE ( 'NONE', #301, #166 ) ;
#455 = EDGE_CURVE ( 'NONE', #153, #1503, #1527, .T. ) ;
#456 = FACE_OUTER_BOUND ( 'NONE', #1240, .T. ) ;
#457 = DIRECTION ( 'NONE',  ( -0.000000000000000000, 0.000000000000000000, 1.000000000000000000 ) ) ;
#458 = B_SPLINE_CURVE_WITH_KNOTS ( 'NONE', 3,
 ( #1816, #509, #1113, #1684, #966, #1546, #368, #939, #826, #1515, #547, #1404, #107, #221, #1692, #3, #869, #1130 ),
 .UNSPECIFIED., .F., .F.,
 ( 4, 2, 2, 2, 2, 2, 2, 2, 4 ),
 ( 0.006604967399285257418, 0.007333696167922415347, 0.008062424936559573277, 0.008791153705196730339, 0.009519882473833889136, 0.01024861124247104620, 0.01097734001110820326, 0.01170606877974536553, 0.01243479754838252779 ),
 .UNSPECIFIED. ) ;
#459 = CYLINDRICAL_SURFACE ( 'NONE', #102, 1.999999999999994893 ) ;
#460 = ORIENTED_EDGE ( 'NONE', *, *, #709, .T. ) ;
#461 = CARTESIAN_POINT ( 'NONE',  ( -175.2896161243090489, -19.26202638848002735, 15.14537928890957730 ) ) ;
#462 = FACE_OUTER_BOUND ( 'NONE', #775, .T. ) ;
#463 = EDGE_CURVE ( 'NONE', #315, #1124, #416, .T. ) ;
#464 = CARTESIAN_POINT ( 'NONE',  ( -190.2896161243090489, -4.262026388480024686, 40.99999999999938893 ) ) ;
#465 = CARTESIAN_POINT ( 'NONE',  ( -175.0936219866701151, -18.26202638848002735, 13.15071848460395465 ) ) ;
#466 = EDGE_LOOP ( 'NONE', ( #1583, #1832 ) ) ;
#467 = CARTESIAN_POINT ( 'NONE',  ( -205.4204554601735992, -18.26202638848002735, -9.656407427181864733 ) ) ;
#468 = CARTESIAN_POINT ( 'NONE',  ( -156.4896161243090660, -0.2620263884800244636, -35.78336146153526443 ) ) ;
#469 = CYLINDRICAL_SURFACE ( 'NONE', #1108, 1.999999999999994893 ) ;
#470 = CIRCLE ( 'NONE', #1523, 19.00000000000000000 ) ;
#471 = AXIS2_PLACEMENT_3D ( 'NONE', #1668, #1263, #1398 ) ;
#472 = AXIS2_PLACEMENT_3D ( 'NONE', #627, #634, #1199 ) ;
#473 = EDGE_CURVE ( 'NONE', #131, #1332, #1209, .T. ) ;
#474 = DIRECTION ( 'NONE',  ( 0.000000000000000000, -0.000000000000000000, -1.000000000000000000 ) ) ;
#475 = FACE_BOUND ( 'NONE', #1054, .T. ) ;
#476 = AXIS2_PLACEMENT_3D ( 'NONE', #525, #795, #1657 ) ;
#477 = VECTOR ( 'NONE', #644, 1000.000000000000000 ) ;
#478 = VERTEX_POINT ( 'NONE', #853 ) ;
#479 = ORIENTED_EDGE ( 'NONE', *, *, #929, .T. ) ;
#480 = VECTOR ( 'NONE', #673, 1000.000000000000000 ) ;
#481 = CARTESIAN_POINT ( 'NONE',  ( -190.2896161243090489, -18.26202638848002735, 1.745379288909568061 ) ) ;
#482 = CARTESIAN_POINT ( 'NONE',  ( -201.6816427492205435, -18.26202638848002735, 16.69721216247206641 ) ) ;
#483 = CARTESIAN_POINT ( 'NONE',  ( -175.2896161243090489, -18.26202638848002735, -13.25462071109043194 ) ) ;
#484 = DIRECTION ( 'NONE',  ( -1.000000000000000000, -0.000000000000000000, -0.000000000000000000 ) ) ;
#485 = EDGE_CURVE ( 'NONE', #633, #552, #172, .T. ) ;
#486 = VERTEX_POINT ( 'NONE', #65 ) ;
#487 = CARTESIAN_POINT ( 'NONE',  ( -205.4856102619480112, -18.26202638848002735, -9.659959906784816752 ) ) ;
#488 = DIRECTION ( 'NONE',  ( 0.000000000000000000, 1.000000000000000000, 0.000000000000000000 ) ) ;
#489 = CARTESIAN_POINT ( 'NONE',  ( -204.0875465780239892, -18.14257743837044856, -9.852579253565599160 ) ) ;
#490 = CARTESIAN_POINT ( 'NONE',  ( -205.2896161243090489, -7.262026388480027350, -13.25462071109043194 ) ) ;
#491 = CARTESIAN_POINT ( 'NONE',  ( -175.2896161243090489, -22.26202638848002735, 16.74537928890956806 ) ) ;
#492 = ORIENTED_EDGE ( 'NONE', *, *, #158, .F. ) ;
#493 = EDGE_LOOP ( 'NONE', ( #116, #1150, #899, #62 ) ) ;
#494 = EDGE_CURVE ( 'NONE', #174, #1257, #270, .T. ) ;
#495 = DIRECTION ( 'NONE',  ( -0.7071067811865507924, -0.000000000000000000, 0.7071067811865441310 ) ) ;
#496 = CARTESIAN_POINT ( 'NONE',  ( -204.3277231857453557, -18.17606942262123582, 13.26776566689613190 ) ) ;
#497 = LINE ( 'NONE', #1079, #1016 ) ;
#498 = DIRECTION ( 'NONE',  ( 0.000000000000000000, 0.000000000000000000, -1.000000000000000000 ) ) ;
#499 = VECTOR ( 'NONE', #1772, 1000.000000000000000 ) ;
#500 = VERTEX_POINT ( 'NONE', #124 ) ;
#501 = ORIENTED_EDGE ( 'NONE', *, *, #1474, .F. ) ;
#502 = LINE ( 'NONE', #1642, #1562 ) ;
#503 = VECTOR ( 'NONE', #377, 1000.000000000000000 ) ;
#504 = VECTOR ( 'NONE', #1605, 1000.000000000000000 ) ;
#505 = AXIS2_PLACEMENT_3D ( 'NONE', #1307, #1316, #708 ) ;
#506 = CARTESIAN_POINT ( 'NONE',  ( -201.9935632485668577, -18.10693759934559566, -11.78661726791824726 ) ) ;
#507 = ADVANCED_FACE ( 'NONE', ( #1430 ), #1656, .F. ) ;
#508 = DIRECTION ( 'NONE',  ( 0.000000000000000000, -1.000000000000000000, 0.000000000000000000 ) ) ;
#509 = CARTESIAN_POINT ( 'NONE',  ( -175.5350664871673416, -18.25103611013103588, 13.14537928890957019 ) ) ;
#510 = VERTEX_POINT ( 'NONE', #837 ) ;
#511 = CARTESIAN_POINT ( 'NONE',  ( 0.000000000000000000, -0.2620263884800244636, 0.000000000000000000 ) ) ;
#512 = FACE_OUTER_BOUND ( 'NONE', #592, .T. ) ;
#513 = ORIENTED_EDGE ( 'NONE', *, *, #896, .T. ) ;
#514 = DIRECTION ( 'NONE',  ( -0.000000000000000000, 1.000000000000000000, -0.000000000000000000 ) ) ;
#515 = EDGE_CURVE ( 'NONE', #1538, #1699, #359, .T. ) ;
#516 = DIRECTION ( 'NONE',  ( 0.000000000000000000, 0.000000000000000000, -1.000000000000000000 ) ) ;
#517 = DIRECTION ( 'NONE',  ( 0.000000000000000000, 0.000000000000000000, -1.000000000000000000 ) ) ;
#518 = ORIENTED_EDGE ( 'NONE', *, *, #1596, .F. ) ;
#519 = DIRECTION ( 'NONE',  ( 0.000000000000000000, 1.000000000000000000, 0.000000000000000000 ) ) ;
#520 = DIRECTION ( 'NONE',  ( 0.000000000000000000, -0.000000000000000000, -1.000000000000000000 ) ) ;
#521 = ORIENTED_EDGE ( 'NONE', *, *, #550, .F. ) ;
#522 = ORIENTED_EDGE ( 'NONE', *, *, #1784, .F. ) ;
#523 = DIRECTION ( 'NONE',  ( 0.000000000000000000, 0.000000000000000000, -1.000000000000000000 ) ) ;
#524 = EDGE_CURVE ( 'NONE', #1448, #905, #715, .T. ) ;
#525 = CARTESIAN_POINT ( 'NONE',  ( -190.2896161243090489, -18.26202638848002735, 1.745379288909568061 ) ) ;
#526 = EDGE_CURVE ( 'NONE', #640, #1290, #1797, .T. ) ;
#527 = ORIENTED_EDGE ( 'NONE', *, *, #642, .T. ) ;
#528 = PLANE ( 'NONE',  #1525 ) ;
#529 = DIRECTION ( 'NONE',  ( -1.000000000000000000, 0.000000000000000000, 0.000000000000000000 ) ) ;
#530 = VECTOR ( 'NONE', #314, 1000.000000000000000 ) ;
#531 = AXIS2_PLACEMENT_3D ( 'NONE', #511, #1122, #1678 ) ;
#532 = VERTEX_POINT ( 'NONE', #1460 ) ;
#533 = AXIS2_PLACEMENT_3D ( 'NONE', #96, #389, #1385 ) ;
#534 = VERTEX_POINT ( 'NONE', #146 ) ;
#535 = AXIS2_PLACEMENT_3D ( 'NONE', #903, #612, #1745 ) ;
#536 = PLANE ( 'NONE',  #1256 ) ;
#537 = VECTOR ( 'NONE', #1300, 1000.000000000000000 ) ;
#538 = EDGE_LOOP ( 'NONE', ( #1265, #995, #1542, #1534, #1002 ) ) ;
#539 = DIRECTION ( 'NONE',  ( 0.000000000000000000, -1.000000000000000000, 0.000000000000000000 ) ) ;
#540 = FACE_BOUND ( 'NONE', #466, .T. ) ;
#541 = CARTESIAN_POINT ( 'NONE',  ( -175.2245553284017205, -18.26090904450073182, -9.654620711090425189 ) ) ;
#542 = EDGE_CURVE ( 'NONE', #54, #854, #165, .T. ) ;
#543 = ORIENTED_EDGE ( 'NONE', *, *, #1625, .T. ) ;
#544 = VERTEX_POINT ( 'NONE', #1017 ) ;
#545 = LINE ( 'NONE', #553, #480 ) ;
#546 = ORIENTED_EDGE ( 'NONE', *, *, #1478, .F. ) ;
#547 = CARTESIAN_POINT ( 'NONE',  ( -178.2221592551404683, -18.03196829085559116, 14.64296210429967537 ) ) ;
#548 = DIRECTION ( 'NONE',  ( -0.000000000000000000, 1.000000000000000000, -0.000000000000000000 ) ) ;
#549 = LINE ( 'NONE', #968, #1014 ) ;
#550 = EDGE_CURVE ( 'NONE', #1124, #1437, #901, .T. ) ;
#551 = ORIENTED_EDGE ( 'NONE', *, *, #108, .F. ) ;
#552 = VERTEX_POINT ( 'NONE', #1183 ) ;
#553 = CARTESIAN_POINT ( 'NONE',  ( 0.000000000000000000, -22.26202638848002735, 22.74537928890956451 ) ) ;
#554 = CYLINDRICAL_SURFACE ( 'NONE', #1619, 1.599999999999990319 ) ;
#555 = ORIENTED_EDGE ( 'NONE', *, *, #1791, .T. ) ;
#556 = CARTESIAN_POINT ( 'NONE',  ( -205.2896161243090489, -19.26202638848002735, 13.14537928890957552 ) ) ;
#557 = CARTESIAN_POINT ( 'NONE',  ( -175.2896161243090489, -19.26202638848002735, 16.74537928890956806 ) ) ;
#558 = EDGE_LOOP ( 'NONE', ( #957, #1484, #1399, #446 ) ) ;
#559 = VERTEX_POINT ( 'NONE', #1289 ) ;
#560 = FACE_OUTER_BOUND ( 'NONE', #425, .T. ) ;
#561 = CIRCLE ( 'NONE', #1166, 1.999999999999994893 ) ;
#562 = DIRECTION ( 'NONE',  ( 0.000000000000000000, 0.000000000000000000, 1.000000000000000000 ) ) ;
#563 = ORIENTED_EDGE ( 'NONE', *, *, #973, .T. ) ;
#564 = CIRCLE ( 'NONE', #1646, 1.599999999999990319 ) ;
#565 = ADVANCED_FACE ( 'NONE', ( #456 ), #1328, .F. ) ;
#566 = ADVANCED_FACE ( 'NONE', ( #462 ), #469, .F. ) ;
#567 = AXIS2_PLACEMENT_3D ( 'NONE', #641, #201, #1352 ) ;
#568 = CARTESIAN_POINT ( 'NONE',  ( -178.0688205597168121, -18.01732690412108795, -10.95345433080407815 ) ) ;
#569 = CARTESIAN_POINT ( 'NONE',  ( -134.9294287732435862, -4.262026388480024686, -134.9294287732448367 ) ) ;
#570 = EDGE_LOOP ( 'NONE', ( #27, #1533, #1718, #1129 ) ) ;
#571 = ORIENTED_EDGE ( 'NONE', *, *, #1815, .T. ) ;
#572 = DIRECTION ( 'NONE',  ( 0.000000000000000000, 1.000000000000000000, 0.000000000000000000 ) ) ;
#573 = CARTESIAN_POINT ( 'NONE',  ( -175.2896161243090489, -7.262026388480027350, 13.14537928890957552 ) ) ;
#574 = EDGE_LOOP ( 'NONE', ( #1244, #1277 ) ) ;
#575 = EDGE_CURVE ( 'NONE', #147, #996, #1865, .T. ) ;
#576 = CARTESIAN_POINT ( 'NONE',  ( -190.2896161243090489, -4.262026388480024686, 1.745379288909568061 ) ) ;
#577 = FACE_OUTER_BOUND ( 'NONE', #846, .T. ) ;
#578 = LINE ( 'NONE', #1173, #647 ) ;
#579 = ORIENTED_EDGE ( 'NONE', *, *, #1072, .T. ) ;
#580 = CYLINDRICAL_SURFACE ( 'NONE', #413, 3.599999999999992095 ) ;
#581 = DIRECTION ( 'NONE',  ( 0.000000000000000000, -1.000000000000000000, 0.000000000000000000 ) ) ;
#582 = ORIENTED_EDGE ( 'NONE', *, *, #816, .F. ) ;
#583 = CARTESIAN_POINT ( 'NONE',  ( -175.2896161243090489, -7.262026388480027350, -16.85462071109042270 ) ) ;
#584 = CARTESIAN_POINT ( 'NONE',  ( -190.2896161243090489, -4.262026388480024686, 42.99999999999938893 ) ) ;
#585 = CARTESIAN_POINT ( 'NONE',  ( -175.2896161243090489, -7.262026388480027350, -9.654620711090439400 ) ) ;
#586 = EDGE_CURVE ( 'NONE', #854, #137, #1148, .T. ) ;
#587 = ADVANCED_FACE ( 'NONE', ( #436, #23, #1005, #1585, #603 ), #302, .T. ) ;
#588 = ORIENTED_EDGE ( 'NONE', *, *, #60, .F. ) ;
#589 = ORIENTED_EDGE ( 'NONE', *, *, #358, .T. ) ;
#590 = CARTESIAN_POINT ( 'NONE',  ( -205.2896161243090489, -18.26202638848002735, -13.25462071109043194 ) ) ;
#591 = DIRECTION ( 'NONE',  ( -0.000000000000000000, 1.000000000000000000, -0.000000000000000000 ) ) ;
#592 = EDGE_LOOP ( 'NONE', ( #1418, #626, #267, #1811, #1567 ) ) ;
#593 = AXIS2_PLACEMENT_3D ( 'NONE', #1281, #1589, #299 ) ;
#594 = VECTOR ( 'NONE', #1356, 1000.000000000000000 ) ;
#595 = AXIS2_PLACEMENT_3D ( 'NONE', #53, #632, #624 ) ;
#596 = CARTESIAN_POINT ( 'NONE',  ( -177.1463455882663425, -18.05628653190116850, -10.16062494348018674 ) ) ;
#597 = SURFACE_STYLE_FILL_AREA ( #1601 ) ;
#598 = DIRECTION ( 'NONE',  ( 0.000000000000000000, 0.000000000000000000, 1.000000000000000000 ) ) ;
#599 = ORIENTED_EDGE ( 'NONE', *, *, #1402, .F. ) ;
#600 = ORIENTED_EDGE ( 'NONE', *, *, #630, .T. ) ;
#601 = EDGE_CURVE ( 'NONE', #246, #125, #564, .T. ) ;
#602 = DIRECTION ( 'NONE',  ( -0.000000000000000000, 1.000000000000000000, -0.000000000000000000 ) ) ;
#603 = FACE_BOUND ( 'NONE', #1438, .T. ) ;
#604 = DIRECTION ( 'NONE',  ( 0.000000000000000000, 0.000000000000000000, -1.000000000000000000 ) ) ;
#605 = FACE_OUTER_BOUND ( 'NONE', #866, .T. ) ;
#606 = VERTEX_POINT ( 'NONE', #1729 ) ;
#607 = VERTEX_POINT ( 'NONE', #331 ) ;
#608 = FACE_OUTER_BOUND ( 'NONE', #639, .T. ) ;
#609 = EDGE_CURVE ( 'NONE', #1538, #43, #1470, .T. ) ;
#610 = DIRECTION ( 'NONE',  ( 0.7071067811865507924, -0.000000000000000000, -0.7071067811865441310 ) ) ;
#611 = EDGE_CURVE ( 'NONE', #486, #854, #1027, .T. ) ;
#612 = DIRECTION ( 'NONE',  ( 0.000000000000000000, -1.000000000000000000, 0.000000000000000000 ) ) ;
#613 = DIRECTION ( 'NONE',  ( 0.000000000000000000, -1.000000000000000000, 0.000000000000000000 ) ) ;
#614 = ORIENTED_EDGE ( 'NONE', *, *, #225, .T. ) ;
#615 = ORIENTED_EDGE ( 'NONE', *, *, #109, .T. ) ;
#616 = DIRECTION ( 'NONE',  ( 1.000000000000000000, 0.000000000000000000, 0.000000000000000000 ) ) ;
#617 = CARTESIAN_POINT ( 'NONE',  ( -190.2896161243090489, -14.26202638848002735, 20.74537928890956806 ) ) ;
#618 = EDGE_CURVE ( 'NONE', #532, #235, #1858, .T. ) ;
#619 = EDGE_CURVE ( 'NONE', #996, #656, #1559, .T. ) ;
#620 = VECTOR ( 'NONE', #1447, 1000.000000000000000 ) ;
#621 = CIRCLE ( 'NONE', #863, 5.999999999999998224 ) ;
#622 = AXIS2_PLACEMENT_3D ( 'NONE', #798, #548, #1379 ) ;
#623 = LINE ( 'NONE', #313, #499 ) ;
#624 = DIRECTION ( 'NONE',  ( 0.000000000000000000, -0.000000000000000000, 1.000000000000000000 ) ) ;
#625 = VECTOR ( 'NONE', #318, 1000.000000000000000 ) ;
#626 = ORIENTED_EDGE ( 'NONE', *, *, #1204, .T. ) ;
#627 = CARTESIAN_POINT ( 'NONE',  ( -205.2896161243090489, -22.26202638848002735, 16.74537928890956806 ) ) ;
#628 = CARTESIAN_POINT ( 'NONE',  ( -190.2896161243090489, -18.26202638848002735, -17.25462071109043194 ) ) ;
#629 = DIRECTION ( 'NONE',  ( 0.000000000000000000, 0.000000000000000000, -1.000000000000000000 ) ) ;
#630 = EDGE_CURVE ( 'NONE', #1211, #1837, #874, .T. ) ;
#631 = CYLINDRICAL_SURFACE ( 'NONE', #1439, 3.599999999999992095 ) ;
#632 = DIRECTION ( 'NONE',  ( 0.000000000000000000, 1.000000000000000000, 0.000000000000000000 ) ) ;
#633 = VERTEX_POINT ( 'NONE', #30 ) ;
#634 = DIRECTION ( 'NONE',  ( -0.000000000000000000, 1.000000000000000000, -0.000000000000000000 ) ) ;
#635 = CARTESIAN_POINT ( 'NONE',  ( -149.6296161243090523, -4.262026388480024686, -38.90924142218025850 ) ) ;
#636 = CARTESIAN_POINT ( 'NONE',  ( -203.0300939434584961, -18.02008752900475130, 13.93205143269347523 ) ) ;
#637 = DIRECTION ( 'NONE',  ( -0.000000000000000000, 1.000000000000000000, -0.000000000000000000 ) ) ;
#638 = DIRECTION ( 'NONE',  ( 0.000000000000000000, -1.000000000000000000, 0.000000000000000000 ) ) ;
#639 = EDGE_LOOP ( 'NONE', ( #662, #1174, #1154, #1660 ) ) ;
#640 = VERTEX_POINT ( 'NONE', #1 ) ;
#641 = CARTESIAN_POINT ( 'NONE',  ( -175.2896161243090489, -22.26202638848002735, 16.74537928890956806 ) ) ;
#642 = EDGE_CURVE ( 'NONE', #1699, #872, #1157, .T. ) ;
#643 = CARTESIAN_POINT ( 'NONE',  ( -201.7652466483138767, -18.19978725493991689, -12.48160872582492864 ) ) ;
#644 = DIRECTION ( 'NONE',  ( -1.000000000000000000, 0.000000000000000000, 0.000000000000000000 ) ) ;
#645 = AXIS2_PLACEMENT_3D ( 'NONE', #1864, #1719, #1440 ) ;
#646 = LINE ( 'NONE', #1222, #384 ) ;
#647 = VECTOR ( 'NONE', #706, 1000.000000000000000 ) ;
#648 = AXIS2_PLACEMENT_3D ( 'NONE', #649, #1518, #223 ) ;
#649 = CARTESIAN_POINT ( 'NONE',  ( -190.2896161243090489, -18.26202638848002735, 1.745379288909568061 ) ) ;
#650 = LINE ( 'NONE', #934, #652 ) ;
#651 = VECTOR ( 'NONE', #1552, 1000.000000000000000 ) ;
#652 = VECTOR ( 'NONE', #1492, 1000.000000000000000 ) ;
#653 = EDGE_CURVE ( 'NONE', #1124, #222, #1170, .T. ) ;
#654 = ORIENTED_EDGE ( 'NONE', *, *, #955, .T. ) ;
#655 = LINE ( 'NONE', #1505, #1594 ) ;
#656 = VERTEX_POINT ( 'NONE', #1361 ) ;
#657 = DIRECTION ( 'NONE',  ( -0.000000000000000000, 1.000000000000000000, -0.000000000000000000 ) ) ;
#658 = CARTESIAN_POINT ( 'NONE',  ( -205.2896161243090489, -22.26202638848002735, -13.25462071109043194 ) ) ;
#659 = EDGE_LOOP ( 'NONE', ( #819, #300, #1031, #1155 ) ) ;
#660 = CARTESIAN_POINT ( 'NONE',  ( -190.2896161243090489, -18.26202638848002735, 1.745379288909568061 ) ) ;
#661 = DIRECTION ( 'NONE',  ( 0.000000000000000000, 1.000000000000000000, -0.000000000000000000 ) ) ;
#662 = ORIENTED_EDGE ( 'NONE', *, *, #839, .F. ) ;
#663 = ORIENTED_EDGE ( 'NONE', *, *, #1750, .T. ) ;
#664 = CARTESIAN_POINT ( 'NONE',  ( -190.2896161243090489, -14.26202638848002735, 16.74537928890956806 ) ) ;
#665 = EDGE_CURVE ( 'NONE', #215, #1258, #1035, .T. ) ;
#666 = ORIENTED_EDGE ( 'NONE', *, *, #642, .F. ) ;
#667 = EDGE_CURVE ( 'NONE', #1699, #1437, #655, .T. ) ;
#668 = ORIENTED_EDGE ( 'NONE', *, *, #1086, .T. ) ;
#669 = CARTESIAN_POINT ( 'NONE',  ( -205.2896161243090489, -19.26202638848002735, 15.14537928890957730 ) ) ;
#670 = DIRECTION ( 'NONE',  ( -0.000000000000000000, 1.000000000000000000, -0.000000000000000000 ) ) ;
#671 = ORIENTED_EDGE ( 'NONE', *, *, #734, .T. ) ;
#672 = ORIENTED_EDGE ( 'NONE', *, *, #273, .T. ) ;
#673 = DIRECTION ( 'NONE',  ( -1.000000000000000000, 0.000000000000000000, 0.000000000000000000 ) ) ;
#674 = ADVANCED_FACE ( 'NONE', ( #1056 ), #1674, .F. ) ;
#675 = CYLINDRICAL_SURFACE ( 'NONE', #476, 9.000000000000007105 ) ;
#676 = DIRECTION ( 'NONE',  ( 0.000000000000000000, -1.000000000000000000, 0.000000000000000000 ) ) ;
#677 = DIRECTION ( 'NONE',  ( 0.7071067811865442421, 0.000000000000000000, 0.7071067811865509034 ) ) ;
#678 = AXIS2_PLACEMENT_3D ( 'NONE', #1761, #484, #772 ) ;
#679 = AXIS2_PLACEMENT_3D ( 'NONE', #1051, #1779, #474 ) ;
#680 = ORIENTED_EDGE ( 'NONE', *, *, #699, .F. ) ;
#681 = VECTOR ( 'NONE', #1722, 1000.000000000000000 ) ;
#682 = ORIENTED_EDGE ( 'NONE', *, *, #962, .T. ) ;
#683 = AXIS2_PLACEMENT_3D ( 'NONE', #865, #722, #1442 ) ;
#684 = DIRECTION ( 'NONE',  ( 0.000000000000000000, 0.000000000000000000, -1.000000000000000000 ) ) ;
#685 = CIRCLE ( 'NONE', #985, 1.999999999999994893 ) ;
#686 = VERTEX_POINT ( 'NONE', #1201 ) ;
#687 = DIRECTION ( 'NONE',  ( 0.000000000000000000, 0.000000000000000000, 1.000000000000000000 ) ) ;
#688 = EDGE_CURVE ( 'NONE', #552, #1109, #1343, .T. ) ;
#689 = CARTESIAN_POINT ( 'NONE',  ( 0.000000000000000000, -22.26202638848002735, 0.000000000000000000 ) ) ;
#690 = LINE ( 'NONE', #1161, #13 ) ;
#691 = ORIENTED_EDGE ( 'NONE', *, *, #485, .T. ) ;
#692 = VERTEX_POINT ( 'NONE', #1335 ) ;
#693 = CARTESIAN_POINT ( 'NONE',  ( -152.6296161243090808, -4.262026388480024686, 45.39999999999940172 ) ) ;
#694 = DIRECTION ( 'NONE',  ( -0.000000000000000000, 1.000000000000000000, -0.000000000000000000 ) ) ;
#695 = CARTESIAN_POINT ( 'NONE',  ( -205.2896161243090489, -22.26202638848002735, 16.74537928890956806 ) ) ;
#696 = DIRECTION ( 'NONE',  ( -0.000000000000000000, 1.000000000000000000, -0.000000000000000000 ) ) ;
#697 = ORIENTED_EDGE ( 'NONE', *, *, #1647, .T. ) ;
#698 = ORIENTED_EDGE ( 'NONE', *, *, #273, .F. ) ;
#699 = EDGE_CURVE ( 'NONE', #607, #1503, #1824, .T. ) ;
#700 = CARTESIAN_POINT ( 'NONE',  ( -230.9496161243090455, -4.262026388480024686, 45.39999999999940172 ) ) ;
#701 = CARTESIAN_POINT ( 'NONE',  ( -210.8777114060707731, 1.537973611519975581, -23.01660316448185384 ) ) ;
#702 = ORIENTED_EDGE ( 'NONE', *, *, #850, .F. ) ;
#703 = VERTEX_POINT ( 'NONE', #185 ) ;
#704 = DIRECTION ( 'NONE',  ( -0.000000000000000000, 1.000000000000000000, -0.000000000000000000 ) ) ;
#705 = CYLINDRICAL_SURFACE ( 'NONE', #1767, 3.599999999999992095 ) ;
#706 = DIRECTION ( 'NONE',  ( 1.000000000000000000, 0.000000000000000000, 0.000000000000000000 ) ) ;
#707 = VERTEX_POINT ( 'NONE', #1637 ) ;
#708 = DIRECTION ( 'NONE',  ( -0.000000000000000000, 0.000000000000000000, -1.000000000000000000 ) ) ;
#709 = EDGE_CURVE ( 'NONE', #980, #808, #921, .T. ) ;
#710 = AXIS2_PLACEMENT_3D ( 'NONE', #360, #931, #1632 ) ;
#711 = AXIS2_PLACEMENT_3D ( 'NONE', #1827, #519, #1114 ) ;
#712 = DIRECTION ( 'NONE',  ( 0.000000000000000000, 0.000000000000000000, -1.000000000000000000 ) ) ;
#713 = AXIS2_PLACEMENT_3D ( 'NONE', #818, #1537, #687 ) ;
#714 = ORIENTED_EDGE ( 'NONE', *, *, #586, .T. ) ;
#715 = CIRCLE ( 'NONE', #326, 1.599999999999990319 ) ;
#716 = VECTOR ( 'NONE', #1485, 1000.000000000000000 ) ;
#717 = CARTESIAN_POINT ( 'NONE',  ( -210.8777114060707731, -0.2620263884800244636, -23.01660316448185384 ) ) ;
#718 = DIRECTION ( 'NONE',  ( -0.000000000000000000, 1.000000000000000000, -0.000000000000000000 ) ) ;
#719 = DIRECTION ( 'NONE',  ( 1.000000000000000000, 0.000000000000000000, 0.000000000000000000 ) ) ;
#720 = ORIENTED_EDGE ( 'NONE', *, *, #1701, .F. ) ;
#721 = CARTESIAN_POINT ( 'NONE',  ( -175.2896161243090489, -7.262026388480027350, 16.74537928890956806 ) ) ;
#722 = DIRECTION ( 'NONE',  ( 0.000000000000000000, -1.000000000000000000, 0.000000000000000000 ) ) ;
#723 = EDGE_CURVE ( 'NONE', #1609, #1211, #22, .T. ) ;
#724 = ORIENTED_EDGE ( 'NONE', *, *, #799, .F. ) ;
#725 = LINE ( 'NONE', #264, #1015 ) ;
#726 = EDGE_CURVE ( 'NONE', #1116, #1382, #18, .T. ) ;
#727 = FACE_OUTER_BOUND ( 'NONE', #268, .T. ) ;
#728 = CARTESIAN_POINT ( 'NONE',  ( -227.9496161243090171, -0.2620263884800244636, 45.39999999999940172 ) ) ;
#729 = ORIENTED_EDGE ( 'NONE', *, *, #1687, .F. ) ;
#730 = DIRECTION ( 'NONE',  ( -0.000000000000000000, 1.000000000000000000, -0.000000000000000000 ) ) ;
#731 = DIRECTION ( 'NONE',  ( 0.000000000000000000, 0.000000000000000000, 1.000000000000000000 ) ) ;
#732 = VERTEX_POINT ( 'NONE', #791 ) ;
#733 = LINE ( 'NONE', #717, #1104 ) ;
#734 = EDGE_CURVE ( 'NONE', #559, #1030, #123, .T. ) ;
#735 = CARTESIAN_POINT ( 'NONE',  ( -205.2896161243090489, -18.25884038786825769, -9.654620711090439400 ) ) ;
#736 = CARTESIAN_POINT ( 'NONE',  ( -169.2896161243090489, -22.26202638848002735, 0.000000000000000000 ) ) ;
#737 = ORIENTED_EDGE ( 'NONE', *, *, #1647, .F. ) ;
#738 = ORIENTED_EDGE ( 'NONE', *, *, #758, .F. ) ;
#739 = FACE_OUTER_BOUND ( 'NONE', #1018, .T. ) ;
#740 = DIRECTION ( 'NONE',  ( -0.7071067811865491270, -0.000000000000000000, -0.7071067811865459074 ) ) ;
#741 = CIRCLE ( 'NONE', #1588, 19.00000000000000000 ) ;
#742 = AXIS2_PLACEMENT_3D ( 'NONE', #1462, #348, #771 ) ;
#743 = AXIS2_PLACEMENT_3D ( 'NONE', #88, #539, #1798 ) ;
#744 = AXIS2_PLACEMENT_3D ( 'NONE', #357, #64, #1654 ) ;
#745 = CIRCLE ( 'NONE', #1223, 1.999999999999994893 ) ;
#746 = CARTESIAN_POINT ( 'NONE',  ( -175.2896161243090489, -19.26202638848002735, -9.654620711090439400 ) ) ;
#747 = DIRECTION ( 'NONE',  ( -0.000000000000000000, 1.000000000000000000, -0.000000000000000000 ) ) ;
#748 = EDGE_CURVE ( 'NONE', #315, #428, #946, .T. ) ;
#749 = ORIENTED_EDGE ( 'NONE', *, *, #455, .F. ) ;
#750 = EDGE_LOOP ( 'NONE', ( #859, #527, #738, #762, #1689, #1554, #122, #1662 ) ) ;
#751 = FACE_OUTER_BOUND ( 'NONE', #1829, .T. ) ;
#752 = CARTESIAN_POINT ( 'NONE',  ( -175.2896161243090489, -19.26202638848002735, 16.74537928890956806 ) ) ;
#753 = FACE_OUTER_BOUND ( 'NONE', #240, .T. ) ;
#754 = CARTESIAN_POINT ( 'NONE',  ( -224.0896161243090603, -0.2620263884800244636, -35.78336146153526443 ) ) ;
#755 = EDGE_LOOP ( 'NONE', ( #941, #393 ) ) ;
#756 = ORIENTED_EDGE ( 'NONE', *, *, #1204, .F. ) ;
#757 = DIRECTION ( 'NONE',  ( 0.000000000000000000, 0.000000000000000000, -1.000000000000000000 ) ) ;
#758 = EDGE_CURVE ( 'NONE', #54, #872, #1267, .T. ) ;
#759 = DIRECTION ( 'NONE',  ( 0.000000000000000000, 0.000000000000000000, -1.000000000000000000 ) ) ;
#760 = DIRECTION ( 'NONE',  ( 0.000000000000000000, -1.000000000000000000, 0.000000000000000000 ) ) ;
#761 = CARTESIAN_POINT ( 'NONE',  ( -175.2241085449888374, -18.26092325031331498, 13.14537928890957019 ) ) ;
#762 = ORIENTED_EDGE ( 'NONE', *, *, #542, .T. ) ;
#763 = ORIENTED_EDGE ( 'NONE', *, *, #1750, .F. ) ;
#764 = DIRECTION ( 'NONE',  ( 0.000000000000000000, 0.000000000000000000, -1.000000000000000000 ) ) ;
#765 = CARTESIAN_POINT ( 'NONE',  ( -202.0993791117126364, -18.07702069914562770, -11.56869217292821972 ) ) ;
#766 = EDGE_CURVE ( 'NONE', #2, #544, #1019, .T. ) ;
#767 = CIRCLE ( 'NONE', #1190, 1.999999999999994893 ) ;
#768 = AXIS2_PLACEMENT_3D ( 'NONE', #660, #1817, #1397 ) ;
#769 = CIRCLE ( 'NONE', #1526, 1.999999999999994893 ) ;
#770 = AXIS2_PLACEMENT_3D ( 'NONE', #1664, #637, #938 ) ;
#771 = DIRECTION ( 'NONE',  ( 0.000000000000000000, 1.000000000000000000, 0.000000000000000000 ) ) ;
#772 = DIRECTION ( 'NONE',  ( 0.000000000000000000, 0.000000000000000000, 1.000000000000000000 ) ) ;
#773 = VECTOR ( 'NONE', #514, 1000.000000000000000 ) ;
#774 = ORIENTED_EDGE ( 'NONE', *, *, #1394, .F. ) ;
#775 = EDGE_LOOP ( 'NONE', ( #434, #1652, #991, #1788 ) ) ;
#776 = DIRECTION ( 'NONE',  ( 0.000000000000000000, 1.000000000000000000, 0.000000000000000000 ) ) ;
#777 = CARTESIAN_POINT ( 'NONE',  ( -205.0441657614507278, -18.25103611013103233, -9.654620711090434071 ) ) ;
#778 = DIRECTION ( 'NONE',  ( 0.000000000000000000, 0.000000000000000000, 1.000000000000000000 ) ) ;
#779 = ADVANCED_FACE ( 'NONE', ( #560 ), #397, .F. ) ;
#780 = DIRECTION ( 'NONE',  ( 0.000000000000000000, 0.000000000000000000, -1.000000000000000000 ) ) ;
#781 = CARTESIAN_POINT ( 'NONE',  ( -175.2896161243090489, -18.25884038786825769, 13.14537928890957552 ) ) ;
#782 = ORIENTED_EDGE ( 'NONE', *, *, #748, .F. ) ;
#783 = ORIENTED_EDGE ( 'NONE', *, *, #864, .F. ) ;
#784 = DIRECTION ( 'NONE',  ( -0.7071067811865524577, -0.000000000000000000, -0.7071067811865425767 ) ) ;
#785 = CARTESIAN_POINT ( 'NONE',  ( -203.6470845113477708, -18.08357023593365653, 13.53277674561555521 ) ) ;
#786 = DIRECTION ( 'NONE',  ( 0.000000000000000000, 1.000000000000000000, 0.000000000000000000 ) ) ;
#787 = LINE ( 'NONE', #79, #950 ) ;
#788 = ADVANCED_FACE ( 'NONE', ( #241 ), #404, .F. ) ;
#789 = DIRECTION ( 'NONE',  ( 0.000000000000000000, 1.000000000000000000, 0.000000000000000000 ) ) ;
#790 = DIRECTION ( 'NONE',  ( -0.7071067811865459074, 0.000000000000000000, 0.7071067811865492381 ) ) ;
#791 = CARTESIAN_POINT ( 'NONE',  ( -169.2896161243090489, -22.26202638848002735, -19.25462071109042839 ) ) ;
#792 = ORIENTED_EDGE ( 'NONE', *, *, #1666, .T. ) ;
#793 = DIRECTION ( 'NONE',  ( -0.000000000000000000, 1.000000000000000000, -0.000000000000000000 ) ) ;
#794 = AXIS2_PLACEMENT_3D ( 'NONE', #1610, #572, #881 ) ;
#795 = DIRECTION ( 'NONE',  ( -0.000000000000000000, 1.000000000000000000, -0.000000000000000000 ) ) ;
#796 = AXIS2_PLACEMENT_3D ( 'NONE', #1818, #111, #529 ) ;
#797 = ORIENTED_EDGE ( 'NONE', *, *, #1142, .T. ) ;
#798 = CARTESIAN_POINT ( 'NONE',  ( -175.2896161243090489, -18.26202638848002735, 16.74537928890956806 ) ) ;
#799 = EDGE_CURVE ( 'NONE', #1390, #143, #745, .T. ) ;
#800 = DIRECTION ( 'NONE',  ( -1.000000000000000000, 0.000000000000000000, -0.000000000000000000 ) ) ;
#801 = CIRCLE ( 'NONE', #1673, 3.599999999999992095 ) ;
#802 = VECTOR ( 'NONE', #740, 1000.000000000000114 ) ;
#803 = CIRCLE ( 'NONE', #1131, 1.999999999999994893 ) ;
#804 = ORIENTED_EDGE ( 'NONE', *, *, #1176, .T. ) ;
#805 = EDGE_LOOP ( 'NONE', ( #513, #99, #501, #1358 ) ) ;
#806 = ADVANCED_FACE ( 'NONE', ( #1100 ), #257, .F. ) ;
#807 = DIRECTION ( 'NONE',  ( 0.000000000000000000, -1.000000000000000000, 0.000000000000000000 ) ) ;
#808 = VERTEX_POINT ( 'NONE', #664 ) ;
#809 = DIRECTION ( 'NONE',  ( 0.000000000000000000, -1.000000000000000000, 0.000000000000000000 ) ) ;
#810 = ORIENTED_EDGE ( 'NONE', *, *, #917, .F. ) ;
#811 = FACE_BOUND ( 'NONE', #307, .T. ) ;
#812 = DIRECTION ( 'NONE',  ( 0.000000000000000000, -1.000000000000000000, 0.000000000000000000 ) ) ;
#813 = ORIENTED_EDGE ( 'NONE', *, *, #29, .T. ) ;
#814 = ORIENTED_EDGE ( 'NONE', *, *, #1354, .F. ) ;
#815 = DIRECTION ( 'NONE',  ( -0.000000000000000000, 1.000000000000000000, -0.000000000000000000 ) ) ;
#816 = EDGE_CURVE ( 'NONE', #1290, #242, #685, .T. ) ;
#817 = ORIENTED_EDGE ( 'NONE', *, *, #95, .F. ) ;
#818 = CARTESIAN_POINT ( 'NONE',  ( -190.2896161243090489, -18.26202638848002735, 1.745379288909568061 ) ) ;
#819 = ORIENTED_EDGE ( 'NONE', *, *, #1195, .T. ) ;
#820 = PLANE ( 'NONE',  #830 ) ;
#821 = PLANE ( 'NONE',  #414 ) ;
#822 = ORIENTED_EDGE ( 'NONE', *, *, #1726, .F. ) ;
#823 = ORIENTED_EDGE ( 'NONE', *, *, #395, .T. ) ;
#824 = DIRECTION ( 'NONE',  ( 0.000000000000000000, 1.000000000000000000, 0.000000000000000000 ) ) ;
#825 = ADVANCED_FACE ( 'NONE', ( #965, #1522 ), #1237, .T. ) ;
#826 = CARTESIAN_POINT ( 'NONE',  ( -177.7377817787977392, -18.01155088705129970, 14.09479953908215499 ) ) ;
#827 = FACE_OUTER_BOUND ( 'NONE', #1205, .T. ) ;
#828 = DIRECTION ( 'NONE',  ( 0.000000000000000000, 0.000000000000000000, 1.000000000000000000 ) ) ;
#829 = VECTOR ( 'NONE', #598, 1000.000000000000000 ) ;
#830 = AXIS2_PLACEMENT_3D ( 'NONE', #689, #1262, #236 ) ;
#831 = ORIENTED_EDGE ( 'NONE', *, *, #249, .T. ) ;
#832 = AXIS2_PLACEMENT_3D ( 'NONE', #243, #1833, #517 ) ;
#833 = EDGE_LOOP ( 'NONE', ( #479, #1269 ) ) ;
#834 = AXIS2_PLACEMENT_3D ( 'NONE', #752, #309, #10 ) ;
#835 = CARTESIAN_POINT ( 'NONE',  ( -190.2896161243090489, -4.262026388480024686, 1.745379288909568061 ) ) ;
#836 = CIRCLE ( 'NONE', #1770, 15.00000000000000000 ) ;
#837 = CARTESIAN_POINT ( 'NONE',  ( -190.2896161243090489, -0.2620263884800244636, 38.99999999999939604 ) ) ;
#838 = CARTESIAN_POINT ( 'NONE',  ( -224.0896161243090603, -4.262026388480024686, -35.78336146153526443 ) ) ;
#839 = EDGE_CURVE ( 'NONE', #1382, #1830, #1671, .T. ) ;
#840 =( LENGTH_UNIT ( ) NAMED_UNIT ( * ) SI_UNIT ( .MILLI., .METRE. ) );
#841 = FACE_OUTER_BOUND ( 'NONE', #558, .T. ) ;
#842 = ORIENTED_EDGE ( 'NONE', *, *, #1402, .T. ) ;
#843 = VERTEX_POINT ( 'NONE', #958 ) ;
#844 = CARTESIAN_POINT ( 'NONE',  ( -149.6296161243090523, -0.2620263884800244636, -41.90924142218027981 ) ) ;
#845 = CARTESIAN_POINT ( 'NONE',  ( -205.4856102619480112, -18.26202638848002735, 13.15071848460395110 ) ) ;
#846 = EDGE_LOOP ( 'NONE', ( #1278, #804, #327, #600, #7 ) ) ;
#847 = CARTESIAN_POINT ( 'NONE',  ( -178.8129302588214102, -18.19919337956127592, -12.47644378824361944 ) ) ;
#848 = DIRECTION ( 'NONE',  ( 0.000000000000000000, 1.000000000000000000, 0.000000000000000000 ) ) ;
#849 = DIRECTION ( 'NONE',  ( 0.000000000000000000, 0.000000000000000000, -1.000000000000000000 ) ) ;
#850 = EDGE_CURVE ( 'NONE', #208, #534, #1049, .T. ) ;
#851 = ORIENTED_EDGE ( 'NONE', *, *, #366, .F. ) ;
#852 = CARTESIAN_POINT ( 'NONE',  ( -210.8777114060707731, 1.537973611519975581, 28.47154394071548111 ) ) ;
#853 = CARTESIAN_POINT ( 'NONE',  ( -205.2896161243090489, -18.26202638848002735, 20.34537928890955882 ) ) ;
#854 = VERTEX_POINT ( 'NONE', #114 ) ;
#855 = DIRECTION ( 'NONE',  ( 0.000000000000000000, 0.000000000000000000, -1.000000000000000000 ) ) ;
#856 = DIRECTION ( 'NONE',  ( 0.000000000000000000, 0.000000000000000000, -1.000000000000000000 ) ) ;
#857 = DIRECTION ( 'NONE',  ( -0.000000000000000000, 1.000000000000000000, -0.000000000000000000 ) ) ;
#858 = EDGE_CURVE ( 'NONE', #1109, #1521, #1796, .T. ) ;
#859 = ORIENTED_EDGE ( 'NONE', *, *, #667, .F. ) ;
#860 = ORIENTED_EDGE ( 'NONE', *, *, #1666, .F. ) ;
#861 = LINE ( 'NONE', #1504, #716 ) ;
#862 = CIRCLE ( 'NONE', #258, 3.599999999999992095 ) ;
#863 = AXIS2_PLACEMENT_3D ( 'NONE', #251, #1806, #1239 ) ;
#864 = EDGE_CURVE ( 'NONE', #1449, #1801, #545, .T. ) ;
#865 = CARTESIAN_POINT ( 'NONE',  ( -205.2896161243090489, -22.26202638848002735, 16.74537928890956806 ) ) ;
#866 = EDGE_LOOP ( 'NONE', ( #1576, #343 ) ) ;
#867 = VECTOR ( 'NONE', #78, 1000.000000000000000 ) ;
#868 = ORIENTED_EDGE ( 'NONE', *, *, #1803, .T. ) ;
#869 = CARTESIAN_POINT ( 'NONE',  ( -178.8977343897738592, -18.26202638848003090, 16.69455477810834410 ) ) ;
#870 = LINE ( 'NONE', #1280, #1105 ) ;
#871 = LINE ( 'NONE', #1735, #530 ) ;
#872 = VERTEX_POINT ( 'NONE', #1245 ) ;
#873 = LINE ( 'NONE', #852, #1648 ) ;
#874 = LINE ( 'NONE', #882, #537 ) ;
#875 = VERTEX_POINT ( 'NONE', #1690 ) ;
#876 = ADVANCED_FACE ( 'NONE', ( #269 ), #536, .F. ) ;
#877 = DIRECTION ( 'NONE',  ( 0.000000000000000000, -1.000000000000000000, 0.000000000000000000 ) ) ;
#878 = SURFACE_STYLE_USAGE ( .BOTH. , #976 ) ;
#879 = LINE ( 'NONE', #736, #829 ) ;
#880 = ORIENTED_EDGE ( 'NONE', *, *, #1531, .T. ) ;
#881 = DIRECTION ( 'NONE',  ( 0.000000000000000000, 0.000000000000000000, 1.000000000000000000 ) ) ;
#882 = CARTESIAN_POINT ( 'NONE',  ( -205.2896161243090489, -7.262026388480027350, 13.14537928890957552 ) ) ;
#883 = EDGE_CURVE ( 'NONE', #1116, #1466, #1697, .T. ) ;
#884 = FACE_OUTER_BOUND ( 'NONE', #1669, .T. ) ;
#885 = DIRECTION ( 'NONE',  ( 1.000000000000000000, 0.000000000000000000, 0.000000000000000000 ) ) ;
#886 = ORIENTED_EDGE ( 'NONE', *, *, #1347, .F. ) ;
#887 = DIRECTION ( 'NONE',  ( 0.000000000000000000, 0.000000000000000000, -1.000000000000000000 ) ) ;
#888 = AXIS2_PLACEMENT_3D ( 'NONE', #1617, #345, #914 ) ;
#889 = CARTESIAN_POINT ( 'NONE',  ( 0.000000000000000000, -4.262026388480024686, 0.000000000000000000 ) ) ;
#890 = CIRCLE ( 'NONE', #593, 1.999999999999994893 ) ;
#891 = AXIS2_PLACEMENT_3D ( 'NONE', #1488, #760, #332 ) ;
#892 = VECTOR ( 'NONE', #220, 1000.000000000000000 ) ;
#893 = AXIS2_PLACEMENT_3D ( 'NONE', #1536, #815, #1411 ) ;
#894 = CARTESIAN_POINT ( 'NONE',  ( -211.2896161243090489, -22.26202638848002735, 0.000000000000000000 ) ) ;
#895 = CARTESIAN_POINT ( 'NONE',  ( -169.7015208425473247, 1.537973611519975581, -23.01660316448185384 ) ) ;
#896 = EDGE_CURVE ( 'NONE', #500, #398, #1728, .T. ) ;
#897 = ADVANCED_FACE ( 'NONE', ( #444 ), #427, .F. ) ;
#898 = ORIENTED_EDGE ( 'NONE', *, *, #4, .F. ) ;
#899 = ORIENTED_EDGE ( 'NONE', *, *, #667, .T. ) ;
#900 = CARTESIAN_POINT ( 'NONE',  ( -230.9496161243090455, -4.262026388480024686, 45.39999999999940172 ) ) ;
#901 = LINE ( 'NONE', #1751, #954 ) ;
#902 = CARTESIAN_POINT ( 'NONE',  ( 0.000000000000000000, 0.000000000000000000, 0.000000000000000000 ) ) ;
#903 = CARTESIAN_POINT ( 'NONE',  ( -190.2896161243090489, -18.26202638848002735, 1.745379288909568061 ) ) ;
#904 = PLANE ( 'NONE',  #292 ) ;
#905 = VERTEX_POINT ( 'NONE', #461 ) ;
#906 = DIRECTION ( 'NONE',  ( 0.000000000000000000, 0.000000000000000000, 1.000000000000000000 ) ) ;
#907 = EDGE_CURVE ( 'NONE', #707, #875, #1621, .T. ) ;
#908 = DIRECTION ( 'NONE',  ( -0.000000000000000000, 1.000000000000000000, -0.000000000000000000 ) ) ;
#909 = CARTESIAN_POINT ( 'NONE',  ( -203.6419591107093936, -18.08290249901668290, -10.04462325963356228 ) ) ;
#910 = DIRECTION ( 'NONE',  ( 0.000000000000000000, 0.000000000000000000, -1.000000000000000000 ) ) ;
#911 = CARTESIAN_POINT ( 'NONE',  ( -201.6949553200034302, -18.26202638848002735, 16.94137342654853384 ) ) ;
#912 = ORIENTED_EDGE ( 'NONE', *, *, #1184, .F. ) ;
#913 = CARTESIAN_POINT ( 'NONE',  ( -190.2896161243090489, -4.262026388480024686, 10.74537928890957694 ) ) ;
#914 = DIRECTION ( 'NONE',  ( 0.000000000000000000, 0.000000000000000000, 1.000000000000000000 ) ) ;
#915 = CARTESIAN_POINT ( 'NONE',  ( -202.5104116889012289, -18.01732690412107374, 14.44421290862322138 ) ) ;
#916 = EDGE_CURVE ( 'NONE', #163, #1837, #226, .T. ) ;
#917 = EDGE_CURVE ( 'NONE', #1677, #154, #1499, .T. ) ;
#918 =( NAMED_UNIT ( * ) PLANE_ANGLE_UNIT ( ) SI_UNIT ( $, .RADIAN. ) );
#919 = AXIS2_PLACEMENT_3D ( 'NONE', #1022, #15, #1426 ) ;
#920 = AXIS2_PLACEMENT_3D ( 'NONE', #1121, #234, #949 ) ;
#921 = CIRCLE ( 'NONE', #105, 4.000000000000000000 ) ;
#922 = CARTESIAN_POINT ( 'NONE',  ( -210.8777114060707731, -0.2620263884800244636, -23.01660316448185384 ) ) ;
#923 = CARTESIAN_POINT ( 'NONE',  ( -175.2896161243098447, -18.25884038786822927, -9.654620711090439400 ) ) ;
#924 = AXIS2_PLACEMENT_3D ( 'NONE', #835, #1275, #1848 ) ;
#925 = ORIENTED_EDGE ( 'NONE', *, *, #1252, .F. ) ;
#926 = EDGE_LOOP ( 'NONE', ( #886, #970, #810, #256, #1273, #1309, #373, #453, #1339, #749, #817, #615, #410, #1782 ) ) ;
#927 = DIRECTION ( 'NONE',  ( 0.000000000000000000, 0.000000000000000000, -1.000000000000000000 ) ) ;
#928 = DIRECTION ( 'NONE',  ( 1.000000000000000000, 0.000000000000000000, -1.224646799147353207E-16 ) ) ;
#929 = EDGE_CURVE ( 'NONE', #433, #510, #1861, .T. ) ;
#930 = CARTESIAN_POINT ( 'NONE',  ( -152.6296161243090808, -4.262026388480024686, 45.39999999999940172 ) ) ;
#931 = DIRECTION ( 'NONE',  ( 0.000000000000000000, -1.000000000000000000, 0.000000000000000000 ) ) ;
#932 = ORIENTED_EDGE ( 'NONE', *, *, #618, .T. ) ;
#933 = CARTESIAN_POINT ( 'NONE',  ( -205.4200021771475519, -18.26202638848002735, 13.14714129034206103 ) ) ;
#934 = CARTESIAN_POINT ( 'NONE',  ( -211.2896161243090489, -18.26202638848002735, 0.000000000000000000 ) ) ;
#935 = PRODUCT ( 'mount fcb ', 'mount fcb ', '', ( #319 ) ) ;
#936 = DIRECTION ( 'NONE',  ( 0.000000000000000000, -1.000000000000000000, 0.000000000000000000 ) ) ;
#937 = ADVANCED_FACE ( 'NONE', ( #1749 ), #1467, .F. ) ;
#938 = DIRECTION ( 'NONE',  ( 0.000000000000000000, 0.000000000000000000, 1.000000000000000000 ) ) ;
#939 = CARTESIAN_POINT ( 'NONE',  ( -177.5505990712222513, -18.02000911557500373, 13.93327665377841917 ) ) ;
#940 = ADVANCED_FACE ( 'NONE', ( #739 ), #580, .F. ) ;
#941 = ORIENTED_EDGE ( 'NONE', *, *, #850, .T. ) ;
#942 = DIRECTION ( 'NONE',  ( 0.000000000000000000, 0.000000000000000000, -1.000000000000000000 ) ) ;
#943 = CARTESIAN_POINT ( 'NONE',  ( -175.2896161243090489, -19.26202638848002735, 16.74537928890956806 ) ) ;
#944 = ORIENTED_EDGE ( 'NONE', *, *, #575, .F. ) ;
#945 = ORIENTED_EDGE ( 'NONE', *, *, #1803, .F. ) ;
#946 = LINE ( 'NONE', #700, #1078 ) ;
#947 = EDGE_LOOP ( 'NONE', ( #1651, #1372, #614, #1681 ) ) ;
#948 = AXIS2_PLACEMENT_3D ( 'NONE', #1271, #857, #1000 ) ;
#949 = DIRECTION ( 'NONE',  ( 0.000000000000000000, 0.000000000000000000, -1.000000000000000000 ) ) ;
#950 = VECTOR ( 'NONE', #1249, 1000.000000000000000 ) ;
#951 = MECHANICAL_DESIGN_GEOMETRIC_PRESENTATION_REPRESENTATION (  '', ( #198 ), #1704 ) ;
#952 = CARTESIAN_POINT ( 'NONE',  ( -205.4856102619480112, -18.26202638848002735, 13.15071848460395110 ) ) ;
#953 = DIRECTION ( 'NONE',  ( 0.000000000000000000, 0.000000000000000000, -1.000000000000000000 ) ) ;
#954 = VECTOR ( 'NONE', #1757, 1000.000000000000114 ) ;
#955 = EDGE_CURVE ( 'NONE', #233, #255, #1471, .T. ) ;
#956 = ORIENTED_EDGE ( 'NONE', *, *, #205, .F. ) ;
#957 = ORIENTED_EDGE ( 'NONE', *, *, #1454, .F. ) ;
#958 = CARTESIAN_POINT ( 'NONE',  ( -211.2896161243090489, -18.26202638848002735, 22.74537928890956451 ) ) ;
#959 = CARTESIAN_POINT ( 'NONE',  ( -205.2896161243090489, -18.26202638848002735, -16.85462071109042270 ) ) ;
#960 = CARTESIAN_POINT ( 'NONE',  ( 0.000000000000000000, -18.26202638848002735, 0.000000000000000000 ) ) ;
#961 = LINE ( 'NONE', #1107, #350 ) ;
#962 = EDGE_CURVE ( 'NONE', #1332, #1340, #873, .T. ) ;
#963 = ORIENTED_EDGE ( 'NONE', *, *, #1849, .T. ) ;
#964 = ORIENTED_EDGE ( 'NONE', *, *, #526, .F. ) ;
#965 = FACE_BOUND ( 'NONE', #992, .T. ) ;
#966 = CARTESIAN_POINT ( 'NONE',  ( -176.4916856705940518, -18.14257743837045567, 13.34333783138473528 ) ) ;
#967 = CARTESIAN_POINT ( 'NONE',  ( -205.3546769202163489, -18.26090904450073182, 13.14537928890956131 ) ) ;
#968 = CARTESIAN_POINT ( 'NONE',  ( -205.2896161243090489, -22.26202638848002735, 15.14537928890957730 ) ) ;
#969 = ORIENTED_EDGE ( 'NONE', *, *, #1581, .T. ) ;
#970 = ORIENTED_EDGE ( 'NONE', *, *, #1184, .T. ) ;
#971 = CARTESIAN_POINT ( 'NONE',  ( -190.2896161243090489, -4.262026388480024686, 40.99999999999938893 ) ) ;
#972 = CARTESIAN_POINT ( 'NONE',  ( -169.2896161243090489, -22.26202638848002735, 22.74537928890956451 ) ) ;
#973 = EDGE_CURVE ( 'NONE', #131, #686, #454, .T. ) ;
#974 = CARTESIAN_POINT ( 'NONE',  ( -175.2896161243090489, -22.26202638848002735, 18.34537928890955882 ) ) ;
#975 = AXIS2_PLACEMENT_3D ( 'NONE', #1147, #1604, #1182 ) ;
#976 = SURFACE_SIDE_STYLE ('',( #597 ) ) ;
#977 = CARTESIAN_POINT ( 'NONE',  ( -175.2896161243090489, -22.26202638848002735, 18.34537928890955882 ) ) ;
#978 = CIRCLE ( 'NONE', #1044, 3.599999999999992095 ) ;
#979 = AXIS2_PLACEMENT_3D ( 'NONE', #160, #718, #150 ) ;
#980 = VERTEX_POINT ( 'NONE', #1156 ) ;
#981 = AXIS2_PLACEMENT_3D ( 'NONE', #658, #809, #214 ) ;
#982 = VERTEX_POINT ( 'NONE', #1299 ) ;
#983 = VECTOR ( 'NONE', #516, 1000.000000000000000 ) ;
#984 = DIRECTION ( 'NONE',  ( 0.000000000000000000, -1.000000000000000000, 0.000000000000000000 ) ) ;
#985 = AXIS2_PLACEMENT_3D ( 'NONE', #248, #1840, #684 ) ;
#986 = DIRECTION ( 'NONE',  ( 0.000000000000000000, 1.000000000000000000, 0.000000000000000000 ) ) ;
#987 = ORIENTED_EDGE ( 'NONE', *, *, #1093, .F. ) ;
#988 = CARTESIAN_POINT ( 'NONE',  ( -178.8842769286146677, -18.26202638848002735, -13.45061484872937640 ) ) ;
#989 = CARTESIAN_POINT ( 'NONE',  ( -169.2896161243090489, -22.26202638848002735, -19.25462071109042839 ) ) ;
#990 = LINE ( 'NONE', #161, #197 ) ;
#991 = ORIENTED_EDGE ( 'NONE', *, *, #526, .T. ) ;
#992 = EDGE_LOOP ( 'NONE', ( #1842, #1006 ) ) ;
#993 = CARTESIAN_POINT ( 'NONE',  ( -190.2896161243090489, -4.262026388480024686, 40.99999999999938893 ) ) ;
#994 = CARTESIAN_POINT ( 'NONE',  ( -230.9496161243090455, -4.262026388480024686, 42.39999999999943725 ) ) ;
#995 = ORIENTED_EDGE ( 'NONE', *, *, #455, .T. ) ;
#996 = VERTEX_POINT ( 'NONE', #1459 ) ;
#997 = CARTESIAN_POINT ( 'NONE',  ( -176.2515090628727705, -18.17606942262123937, -9.777007089076994006 ) ) ;
#998 = EDGE_CURVE ( 'NONE', #808, #174, #836, .T. ) ;
#999 = CYLINDRICAL_SURFACE ( 'NONE', #46, 1.599999999999990319 ) ;
#1000 = DIRECTION ( 'NONE',  ( 0.000000000000000000, 0.000000000000000000, -1.000000000000000000 ) ) ;
#1001 = ADVANCED_FACE ( 'NONE', ( #132 ), #1004, .T. ) ;
#1002 = ORIENTED_EDGE ( 'NONE', *, *, #1253, .F. ) ;
#1003 = ORIENTED_EDGE ( 'NONE', *, *, #417, .F. ) ;
#1004 = PLANE ( 'NONE',  #505 ) ;
#1005 = FACE_OUTER_BOUND ( 'NONE', #1212, .T. ) ;
#1006 = ORIENTED_EDGE ( 'NONE', *, *, #1238, .F. ) ;
#1007 = PLANE ( 'NONE',  #1168 ) ;
#1008 = FILL_AREA_STYLE_COLOUR ( '', #415 ) ;
#1009 = DIRECTION ( 'NONE',  ( 0.000000000000000000, -1.000000000000000000, 0.000000000000000000 ) ) ;
#1010 = ORIENTED_EDGE ( 'NONE', *, *, #907, .T. ) ;
#1011 = VERTEX_POINT ( 'NONE', #9 ) ;
#1012 = ADVANCED_FACE ( 'NONE', ( #751 ), #1165, .F. ) ;
#1013 = CARTESIAN_POINT ( 'NONE',  ( -175.2896161243090489, -22.26202638848002735, -13.25462071109043194 ) ) ;
#1014 = VECTOR ( 'NONE', #670, 1000.000000000000000 ) ;
#1015 = VECTOR ( 'NONE', #877, 1000.000000000000000 ) ;
#1016 = VECTOR ( 'NONE', #1087, 1000.000000000000000 ) ;
#1017 = CARTESIAN_POINT ( 'NONE',  ( -190.2896161243090489, -4.262026388480024686, -7.254620711090439933 ) ) ;
#1018 = EDGE_LOOP ( 'NONE', ( #1634, #1098, #1306, #944, #316 ) ) ;
#1019 = CIRCLE ( 'NONE', #924, 9.000000000000007105 ) ;
#1020 = CARTESIAN_POINT ( 'NONE',  ( -178.4772515348162756, -18.07645416670408878, -11.56402102025308842 ) ) ;
#1021 = DIRECTION ( 'NONE',  ( 0.000000000000000000, 0.000000000000000000, -1.000000000000000000 ) ) ;
#1022 = CARTESIAN_POINT ( 'NONE',  ( -224.0896161243090603, -4.262026388480024686, -35.78336146153526443 ) ) ;
#1023 = ORIENTED_EDGE ( 'NONE', *, *, #1569, .T. ) ;
#1024 = ORIENTED_EDGE ( 'NONE', *, *, #391, .T. ) ;
#1025 = DIRECTION ( 'NONE',  ( 1.000000000000000000, 0.000000000000000000, -0.000000000000000000 ) ) ;
#1026 = ADVANCED_FACE ( 'NONE', ( #608 ), #1288, .F. ) ;
#1027 = LINE ( 'NONE', #178, #504 ) ;
#1028 = FACE_OUTER_BOUND ( 'NONE', #659, .T. ) ;
#1029 = CARTESIAN_POINT ( 'NONE',  ( -156.4896161243090660, -4.262026388480024686, -35.78336146153526443 ) ) ;
#1030 = VERTEX_POINT ( 'NONE', #435 ) ;
#1031 = ORIENTED_EDGE ( 'NONE', *, *, #1581, .F. ) ;
#1032 = DIRECTION ( 'NONE',  ( 0.000000000000000000, 0.000000000000000000, 1.000000000000000000 ) ) ;
#1033 = DIRECTION ( 'NONE',  ( 0.000000000000000000, -0.000000000000000000, -1.000000000000000000 ) ) ;
#1034 = EDGE_CURVE ( 'NONE', #222, #428, #861, .T. ) ;
#1035 = B_SPLINE_CURVE_WITH_KNOTS ( 'NONE', 3,
 ( #218, #777, #1512, #1777, #489, #909, #48, #1092, #1479, #1065, #1769, #765, #506, #1353, #643, #37, #1215, #192 ),
 .UNSPECIFIED., .F., .F.,
 ( 4, 2, 2, 2, 2, 2, 2, 2, 4 ),
 ( 0.006604967399285266959, 0.007333696167922426623, 0.008062424936559585420, 0.008791153705196744217, 0.009519882473833904749, 0.01024861124247106355, 0.01097734001110822408, 0.01170606877974538287, 0.01243479754838254167 ),
 .UNSPECIFIED. ) ;
#1036 = DIRECTION ( 'NONE',  ( 0.000000000000000000, -1.000000000000000000, 0.000000000000000000 ) ) ;
#1037 = CARTESIAN_POINT ( 'NONE',  ( -175.2896161243090489, -19.26202638848002735, -13.25462071109043194 ) ) ;
#1038 = ORIENTED_EDGE ( 'NONE', *, *, #1415, .F. ) ;
#1039 = ORIENTED_EDGE ( 'NONE', *, *, #1395, .T. ) ;
#1040 = CARTESIAN_POINT ( 'NONE',  ( -211.2896161243090489, -18.26202638848002735, -19.25462071109042839 ) ) ;
#1041 = PRODUCT_DEFINITION_SHAPE ( 'NONE', 'NONE',  #1291 ) ;
#1042 = AXIS2_PLACEMENT_3D ( 'NONE', #900, #1653, #1062 ) ;
#1043 = DIRECTION ( 'NONE',  ( -0.000000000000000000, 1.000000000000000000, -0.000000000000000000 ) ) ;
#1044 = AXIS2_PLACEMENT_3D ( 'NONE', #401, #1679, #1561 ) ;
#1045 = AXIS2_PLACEMENT_3D ( 'NONE', #1225, #1406, #942 ) ;
#1046 = CIRCLE ( 'NONE', #920, 9.000000000000007105 ) ;
#1047 = VECTOR ( 'NONE', #1369, 1000.000000000000000 ) ;
#1048 = CARTESIAN_POINT ( 'NONE',  ( -149.6296161243090523, -4.262026388480024686, -41.90924142218027981 ) ) ;
#1049 = CIRCLE ( 'NONE', #893, 20.99999999999999645 ) ;
#1050 = EDGE_CURVE ( 'NONE', #77, #1236, #20, .T. ) ;
#1051 = CARTESIAN_POINT ( 'NONE',  ( 0.000000000000000000, 1.537973611519975581, 0.000000000000000000 ) ) ;
#1052 = CYLINDRICAL_SURFACE ( 'NONE', #322, 1.599999999999990319 ) ;
#1053 = ORIENTED_EDGE ( 'NONE', *, *, #49, .T. ) ;
#1054 = EDGE_LOOP ( 'NONE', ( #61, #1727 ) ) ;
#1055 = CARTESIAN_POINT ( 'NONE',  ( -227.9496161243090171, -4.262026388480024686, -41.90924142218027981 ) ) ;
#1056 = FACE_OUTER_BOUND ( 'NONE', #1541, .T. ) ;
#1057 = DIRECTION ( 'NONE',  ( 0.000000000000000000, 0.000000000000000000, -1.000000000000000000 ) ) ;
#1058 = FACE_OUTER_BOUND ( 'NONE', #84, .T. ) ;
#1059 = EDGE_CURVE ( 'NONE', #1340, #1030, #210, .T. ) ;
#1060 = ORIENTED_EDGE ( 'NONE', *, *, #1868, .T. ) ;
#1061 = CARTESIAN_POINT ( 'NONE',  ( -205.3551237036292605, -18.26092325031331498, -9.654620711090434071 ) ) ;
#1062 = DIRECTION ( 'NONE',  ( 0.000000000000000000, 0.000000000000000000, -1.000000000000000000 ) ) ;
#1063 = EDGE_CURVE ( 'NONE', #633, #1521, #1477, .T. ) ;
#1064 = EDGE_CURVE ( 'NONE', #87, #1851, #176, .T. ) ;
#1065 = CARTESIAN_POINT ( 'NONE',  ( -202.5073507318312522, -18.01754542871005782, -10.95721187332703472 ) ) ;
#1066 = DIRECTION ( 'NONE',  ( 0.000000000000000000, -1.000000000000000000, 0.000000000000000000 ) ) ;
#1067 = CARTESIAN_POINT ( 'NONE',  ( -190.2896161243090489, -4.262026388480024686, 1.745379288909568061 ) ) ;
#1068 = DIRECTION ( 'NONE',  ( 0.000000000000000000, 0.000000000000000000, 1.000000000000000000 ) ) ;
#1069 = ORIENTED_EDGE ( 'NONE', *, *, #321, .T. ) ;
#1070 = DIRECTION ( 'NONE',  ( -0.7071067811865507924, -0.000000000000000000, 0.7071067811865441310 ) ) ;
#1071 = CARTESIAN_POINT ( 'NONE',  ( -156.4896161243090660, -4.262026388480024686, -33.78336146153527153 ) ) ;
#1072 = EDGE_CURVE ( 'NONE', #188, #1538, #502, .T. ) ;
#1073 = CARTESIAN_POINT ( 'NONE',  ( -204.8037382844316880, -18.22990019831168951, 13.17005311442028059 ) ) ;
#1074 = B_SPLINE_CURVE_WITH_KNOTS ( 'NONE', 3,
 ( #487, #467, #1061, #1206 ),
 .UNSPECIFIED., .F., .F.,
 ( 4, 4 ),
 ( 0.006410478961547749245, 0.006604967399285266959 ),
 .UNSPECIFIED. ) ;
#1075 = CIRCLE ( 'NONE', #1342, 3.599999999999992095 ) ;
#1076 = CIRCLE ( 'NONE', #1318, 15.00000000000000000 ) ;
#1077 = AXIS2_PLACEMENT_3D ( 'NONE', #325, #33, #207 ) ;
#1078 = VECTOR ( 'NONE', #1119, 1000.000000000000000 ) ;
#1079 = CARTESIAN_POINT ( 'NONE',  ( -230.9496161243090455, -4.262026388480024686, -41.90924142218027981 ) ) ;
#1080 = PLANE ( 'NONE',  #595 ) ;
#1081 = AXIS2_PLACEMENT_3D ( 'NONE', #1420, #1543, #229 ) ;
#1082 = ORIENTED_EDGE ( 'NONE', *, *, #1354, .T. ) ;
#1083 = VERTEX_POINT ( 'NONE', #1040 ) ;
#1084 = CARTESIAN_POINT ( 'NONE',  ( -205.2896161243090489, -19.26202638848002735, 16.74537928890956806 ) ) ;
#1085 = CARTESIAN_POINT ( 'NONE',  ( -205.0448235772151406, -18.25105702587483236, 13.14537928890963414 ) ) ;
#1086 = EDGE_CURVE ( 'NONE', #1851, #87, #1377, .T. ) ;
#1087 = DIRECTION ( 'NONE',  ( 1.000000000000000000, 0.000000000000000000, 0.000000000000000000 ) ) ;
#1088 = DIRECTION ( 'NONE',  ( 0.000000000000000000, 1.000000000000000000, 0.000000000000000000 ) ) ;
#1089 = FACE_BOUND ( 'NONE', #1350, .T. ) ;
#1090 = CARTESIAN_POINT ( 'NONE',  ( -175.2896161243090489, -7.262026388480027350, -13.25462071109043194 ) ) ;
#1091 = ORIENTED_EDGE ( 'NONE', *, *, #310, .F. ) ;
#1092 = CARTESIAN_POINT ( 'NONE',  ( -203.0286331773958466, -18.02000911557499307, -10.44251807595928305 ) ) ;
#1093 = EDGE_CURVE ( 'NONE', #843, #1083, #650, .T. ) ;
#1094 = LINE ( 'NONE', #1139, #477 ) ;
#1095 = DIRECTION ( 'NONE',  ( -0.000000000000000000, 1.000000000000000000, -0.000000000000000000 ) ) ;
#1096 = CARTESIAN_POINT ( 'NONE',  ( -205.2896161243090489, -19.26202638848002735, -9.654620711090439400 ) ) ;
#1097 = DIRECTION ( 'NONE',  ( 0.000000000000000000, 1.000000000000000000, 0.000000000000000000 ) ) ;
#1098 = ORIENTED_EDGE ( 'NONE', *, *, #405, .T. ) ;
#1099 = EDGE_LOOP ( 'NONE', ( #1710, #1284, #672, #375 ) ) ;
#1100 = FACE_OUTER_BOUND ( 'NONE', #1457, .T. ) ;
#1101 = VECTOR ( 'NONE', #1323, 1000.000000000000000 ) ;
#1102 = CARTESIAN_POINT ( 'NONE',  ( -190.2896161243090489, -18.26202638848002735, 10.74537928890957694 ) ) ;
#1103 = EDGE_CURVE ( 'NONE', #1236, #77, #1709, .T. ) ;
#1104 = VECTOR ( 'NONE', #1445, 1000.000000000000000 ) ;
#1105 = VECTOR ( 'NONE', #848, 1000.000000000000000 ) ;
#1106 = CARTESIAN_POINT ( 'NONE',  ( -205.2896161243082247, -18.25884038786822927, 13.14537928890957552 ) ) ;
#1107 = CARTESIAN_POINT ( 'NONE',  ( 0.000000000000000000, -18.26202638848002735, -19.25462071109042839 ) ) ;
#1108 = AXIS2_PLACEMENT_3D ( 'NONE', #1321, #1043, #731 ) ;
#1109 = VERTEX_POINT ( 'NONE', #1360 ) ;
#1110 = ORIENTED_EDGE ( 'NONE', *, *, #1229, .F. ) ;
#1111 = DIRECTION ( 'NONE',  ( 0.000000000000000000, 1.000000000000000000, 0.000000000000000000 ) ) ;
#1112 = B_SPLINE_CURVE_WITH_KNOTS ( 'NONE', 3,
 ( #988, #1568, #1424, #847, #12, #1869, #1020, #1279, #568, #1143, #1715, #596, #1557, #429, #997, #1578, #449, #1151 ),
 .UNSPECIFIED., .F., .F.,
 ( 4, 2, 2, 2, 2, 2, 2, 2, 4 ),
 ( 0.006410478961547731031, 0.007139305410451128250, 0.007868131859354525470, 0.008596958308257922690, 0.009325784757161319910, 0.01005461120606471713, 0.01078343765496811435, 0.01151226410387151157, 0.01224109055277490879 ),
 .UNSPECIFIED. ) ;
#1113 = CARTESIAN_POINT ( 'NONE',  ( -175.7805582379431826, -18.22941376322364704, 13.17074049771006550 ) ) ;
#1114 = DIRECTION ( 'NONE',  ( 0.000000000000000000, -0.000000000000000000, 1.000000000000000000 ) ) ;
#1115 = CARTESIAN_POINT ( 'NONE',  ( -175.0936219866701151, -18.26202638848002735, -9.659959906784813199 ) ) ;
#1116 = VERTEX_POINT ( 'NONE', #1071 ) ;
#1117 = ORIENTED_EDGE ( 'NONE', *, *, #1264, .F. ) ;
#1118 = ADVANCED_FACE ( 'NONE', ( #63 ), #337, .F. ) ;
#1119 = DIRECTION ( 'NONE',  ( 0.000000000000000000, 0.000000000000000000, -1.000000000000000000 ) ) ;
#1120 = ORIENTED_EDGE ( 'NONE', *, *, #766, .T. ) ;
#1121 = CARTESIAN_POINT ( 'NONE',  ( -190.2896161243090489, -18.26202638848002735, 1.745379288909568061 ) ) ;
#1122 = DIRECTION ( 'NONE',  ( 0.000000000000000000, -1.000000000000000000, 0.000000000000000000 ) ) ;
#1123 = DIRECTION ( 'NONE',  ( 0.000000000000000000, 0.000000000000000000, 1.000000000000000000 ) ) ;
#1124 = VERTEX_POINT ( 'NONE', #184 ) ;
#1125 = EDGE_LOOP ( 'NONE', ( #969, #406, #1400, #135 ) ) ;
#1126 = DIRECTION ( 'NONE',  ( -0.7071067811865442421, 0.000000000000000000, -0.7071067811865507924 ) ) ;
#1127 = EDGE_CURVE ( 'NONE', #510, #433, #803, .T. ) ;
#1128 = CARTESIAN_POINT ( 'NONE',  ( -175.2896161243090489, -18.26202638848002735, 16.74537928890956806 ) ) ;
#1129 = ORIENTED_EDGE ( 'NONE', *, *, #49, .F. ) ;
#1130 = CARTESIAN_POINT ( 'NONE',  ( -178.8842769286146677, -18.26202638848002735, 16.94137342654851608 ) ) ;
#1131 = AXIS2_PLACEMENT_3D ( 'NONE', #44, #1341, #757 ) ;
#1132 = DIRECTION ( 'NONE',  ( -0.000000000000000000, 1.000000000000000000, -0.000000000000000000 ) ) ;
#1133 = CARTESIAN_POINT ( 'NONE',  ( -55.36018735106404165, -4.262026388480024686, 55.36018735106430455 ) ) ;
#1134 = AXIS2_PLACEMENT_3D ( 'NONE', #333, #1639, #498 ) ;
#1135 = PRESENTATION_LAYER_ASSIGNMENT (  '', '', ( #198 ) ) ;
#1136 = VERTEX_POINT ( 'NONE', #628 ) ;
#1137 = ORIENTED_EDGE ( 'NONE', *, *, #321, .F. ) ;
#1138 = DIRECTION ( 'NONE',  ( 0.000000000000000000, -1.000000000000000000, 0.000000000000000000 ) ) ;
#1139 = CARTESIAN_POINT ( 'NONE',  ( 0.000000000000000000, -18.26202638848002735, 22.74537928890956451 ) ) ;
#1140 = EDGE_CURVE ( 'NONE', #174, #808, #320, .T. ) ;
#1141 = VERTEX_POINT ( 'NONE', #1200 ) ;
#1142 = EDGE_CURVE ( 'NONE', #1830, #1466, #561, .T. ) ;
#1143 = CARTESIAN_POINT ( 'NONE',  ( -177.7334715994197438, -18.01164079463824308, -10.60001821347955087 ) ) ;
#1144 = DIRECTION ( 'NONE',  ( -0.000000000000000000, 1.000000000000000000, -0.000000000000000000 ) ) ;
#1145 = DIRECTION ( 'NONE',  ( 0.000000000000000000, 0.000000000000000000, 1.000000000000000000 ) ) ;
#1146 = ORIENTED_EDGE ( 'NONE', *, *, #1826, .T. ) ;
#1147 = CARTESIAN_POINT ( 'NONE',  ( -175.2896161243090489, -22.26202638848002735, 16.74537928890956806 ) ) ;
#1148 = LINE ( 'NONE', #1620, #1498 ) ;
#1149 = ORIENTED_EDGE ( 'NONE', *, *, #858, .T. ) ;
#1150 = ORIENTED_EDGE ( 'NONE', *, *, #515, .T. ) ;
#1151 = CARTESIAN_POINT ( 'NONE',  ( -175.2896161243098447, -18.25884038786822927, -9.654620711090439400 ) ) ;
#1152 = ADVANCED_FACE ( 'NONE', ( #1333 ), #1776, .F. ) ;
#1153 = CYLINDRICAL_SURFACE ( 'NONE', #919, 1.999999999999994893 ) ;
#1154 = ORIENTED_EDGE ( 'NONE', *, *, #883, .T. ) ;
#1155 = ORIENTED_EDGE ( 'NONE', *, *, #205, .T. ) ;
#1156 = CARTESIAN_POINT ( 'NONE',  ( -190.2896161243090489, -18.26202638848002735, 20.74537928890956806 ) ) ;
#1157 = LINE ( 'NONE', #445, #388 ) ;
#1158 = EDGE_LOOP ( 'NONE', ( #383, #1137, #783, #1024 ) ) ;
#1159 = CARTESIAN_POINT ( 'NONE',  ( -211.2896161243090489, -22.26202638848002735, 22.74537928890956451 ) ) ;
#1160 = DIRECTION ( 'NONE',  ( -0.000000000000000000, 1.000000000000000000, -0.000000000000000000 ) ) ;
#1161 = CARTESIAN_POINT ( 'NONE',  ( -224.0896161243090603, -4.262026388480024686, -37.78336146153526443 ) ) ;
#1162 = EDGE_CURVE ( 'NONE', #43, #315, #1214, .T. ) ;
#1163 = EDGE_LOOP ( 'NONE', ( #361, #1572 ) ) ;
#1164 = ORIENTED_EDGE ( 'NONE', *, *, #1395, .F. ) ;
#1165 = PLANE ( 'NONE',  #329 ) ;
#1166 = AXIS2_PLACEMENT_3D ( 'NONE', #468, #1189, #927 ) ;
#1167 = CIRCLE ( 'NONE', #1855, 6.000000000000000000 ) ;
#1168 = AXIS2_PLACEMENT_3D ( 'NONE', #1294, #422, #1856 ) ;
#1169 = AXIS2_PLACEMENT_3D ( 'NONE', #374, #74, #759 ) ;
#1170 = LINE ( 'NONE', #339, #1047 ) ;
#1171 = CARTESIAN_POINT ( 'NONE',  ( -205.2896161243090489, -7.262026388480027350, -9.654620711090439400 ) ) ;
#1172 = CARTESIAN_POINT ( 'NONE',  ( -205.2896161243090489, -22.26202638848002735, 15.14537928890957730 ) ) ;
#1173 = CARTESIAN_POINT ( 'NONE',  ( -210.8777114060707731, 1.537973611519975581, 28.47154394071548111 ) ) ;
#1174 = ORIENTED_EDGE ( 'NONE', *, *, #1264, .T. ) ;
#1175 = DIRECTION ( 'NONE',  ( 0.000000000000000000, 0.000000000000000000, -1.000000000000000000 ) ) ;
#1176 = EDGE_CURVE ( 'NONE', #478, #1609, #862, .T. ) ;
#1177 = CARTESIAN_POINT ( 'NONE',  ( -224.0896161243090603, -4.262026388480024686, -33.78336146153527153 ) ) ;
#1178 = DIRECTION ( 'NONE',  ( 0.000000000000000000, 0.000000000000000000, 1.000000000000000000 ) ) ;
#1179 = LINE ( 'NONE', #895, #1101 ) ;
#1180 = VERTEX_POINT ( 'NONE', #1055 ) ;
#1181 = ORIENTED_EDGE ( 'NONE', *, *, #665, .F. ) ;
#1182 = DIRECTION ( 'NONE',  ( 0.000000000000000000, 0.000000000000000000, 1.000000000000000000 ) ) ;
#1183 = CARTESIAN_POINT ( 'NONE',  ( -205.2896161243090489, -22.26202638848002735, -11.65462071109044118 ) ) ;
#1184 = EDGE_CURVE ( 'NONE', #372, #154, #470, .T. ) ;
#1185 = CARTESIAN_POINT ( 'NONE',  ( -211.2896161243090489, -22.26202638848002735, 22.74537928890956451 ) ) ;
#1186 = CYLINDRICAL_SURFACE ( 'NONE', #41, 1.599999999999990319 ) ;
#1187 = EDGE_LOOP ( 'NONE', ( #1615, #1315 ) ) ;
#1188 = ORIENTED_EDGE ( 'NONE', *, *, #108, .T. ) ;
#1189 = DIRECTION ( 'NONE',  ( 0.000000000000000000, -1.000000000000000000, 0.000000000000000000 ) ) ;
#1190 = AXIS2_PLACEMENT_3D ( 'NONE', #1540, #1828, #1242 ) ;
#1191 = DIRECTION ( 'NONE',  ( 0.000000000000000000, 0.000000000000000000, -1.000000000000000000 ) ) ;
#1192 = AXIS2_PLACEMENT_3D ( 'NONE', #754, #613, #399 ) ;
#1193 = EDGE_CURVE ( 'NONE', #1258, #1136, #741, .T. ) ;
#1194 = AXIS2_PLACEMENT_3D ( 'NONE', #1743, #1451, #712 ) ;
#1195 = EDGE_CURVE ( 'NONE', #1083, #500, #961, .T. ) ;
#1196 = CARTESIAN_POINT ( 'NONE',  ( 0.000000000000000000, -22.26202638848002735, -19.25462071109042839 ) ) ;
#1197 = CARTESIAN_POINT ( 'NONE',  ( 0.000000000000000000, -22.26202638848002735, -19.25462071109042839 ) ) ;
#1198 = VERTEX_POINT ( 'NONE', #1800 ) ;
#1199 = DIRECTION ( 'NONE',  ( 0.000000000000000000, 0.000000000000000000, 1.000000000000000000 ) ) ;
#1200 = CARTESIAN_POINT ( 'NONE',  ( -169.7015208425473247, -0.2620263884800244636, -23.01660316448185384 ) ) ;
#1201 = CARTESIAN_POINT ( 'NONE',  ( -169.7015208425473247, 1.537973611519975581, -23.01660316448185384 ) ) ;
#1202 = DIRECTION ( 'NONE',  ( 0.000000000000000000, -1.000000000000000000, 0.000000000000000000 ) ) ;
#1203 = DIRECTION ( 'NONE',  ( 1.000000000000000000, 0.000000000000000000, 0.000000000000000000 ) ) ;
#1204 = EDGE_CURVE ( 'NONE', #1545, #607, #1676, .T. ) ;
#1205 = EDGE_LOOP ( 'NONE', ( #92, #1146, #1550, #518 ) ) ;
#1206 = CARTESIAN_POINT ( 'NONE',  ( -205.2896161243090489, -18.25884038786825769, -9.654620711090439400 ) ) ;
#1207 = DIRECTION ( 'NONE',  ( 0.000000000000000000, 0.000000000000000000, -1.000000000000000000 ) ) ;
#1208 = CARTESIAN_POINT ( 'NONE',  ( -203.4328866603517838, -18.05628653190115784, 13.65138352129932109 ) ) ;
#1209 = LINE ( 'NONE', #701, #47 ) ;
#1210 = FACE_OUTER_BOUND ( 'NONE', #1443, .T. ) ;
#1211 = VERTEX_POINT ( 'NONE', #1659 ) ;
#1212 = EDGE_LOOP ( 'NONE', ( #1060, #579, #271, #239, #199, #1452, #1475, #1573 ) ) ;
#1213 = ADVANCED_FACE ( 'NONE', ( #512 ), #1255, .F. ) ;
#1214 = LINE ( 'NONE', #1636, #1618 ) ;
#1215 = CARTESIAN_POINT ( 'NONE',  ( -201.6814978588443239, -18.26202638848003090, -13.20379620028922396 ) ) ;
#1216 = VECTOR ( 'NONE', #1259, 1000.000000000000000 ) ;
#1217 = AXIS2_PLACEMENT_3D ( 'NONE', #224, #677, #661 ) ;
#1218 = AXIS2_PLACEMENT_3D ( 'NONE', #1196, #457, #24 ) ;
#1219 = CIRCLE ( 'NONE', #1768, 1.999999999999994893 ) ;
#1220 = APPLICATION_CONTEXT ( 'automotive_design' ) ;
#1221 = DIRECTION ( 'NONE',  ( 0.000000000000000000, 0.000000000000000000, 1.000000000000000000 ) ) ;
#1222 = CARTESIAN_POINT ( 'NONE',  ( -190.2896161243090489, -4.262026388480024686, 42.99999999999938893 ) ) ;
#1223 = AXIS2_PLACEMENT_3D ( 'NONE', #971, #1138, #1551 ) ;
#1224 = ORIENTED_EDGE ( 'NONE', *, *, #485, .F. ) ;
#1225 = CARTESIAN_POINT ( 'NONE',  ( -211.2896161243090489, -22.26202638848002735, 0.000000000000000000 ) ) ;
#1226 = DIRECTION ( 'NONE',  ( 1.000000000000000000, 0.000000000000000000, 0.000000000000000000 ) ) ;
#1227 = ORIENTED_EDGE ( 'NONE', *, *, #1334, .F. ) ;
#1228 = CARTESIAN_POINT ( 'NONE',  ( -205.2896161243090489, -22.26202638848002735, -11.65462071109044118 ) ) ;
#1229 = EDGE_CURVE ( 'NONE', #235, #87, #549, .T. ) ;
#1230 = EDGE_LOOP ( 'NONE', ( #1781, #987, #1003, #1598 ) ) ;
#1231 = DIRECTION ( 'NONE',  ( 0.000000000000000000, -1.000000000000000000, 0.000000000000000000 ) ) ;
#1232 = DIRECTION ( 'NONE',  ( -0.000000000000000000, 1.000000000000000000, -0.000000000000000000 ) ) ;
#1233 = CARTESIAN_POINT ( 'NONE',  ( -175.2896161243090489, -19.26202638848002735, -14.85462071109042093 ) ) ;
#1234 = CARTESIAN_POINT ( 'NONE',  ( -224.0896161243090603, -0.2620263884800244636, -33.78336146153527153 ) ) ;
#1235 = EDGE_LOOP ( 'NONE', ( #1509, #1331 ) ) ;
#1236 = VERTEX_POINT ( 'NONE', #977 ) ;
#1237 = PLANE ( 'NONE',  #421 ) ;
#1238 = EDGE_CURVE ( 'NONE', #1521, #1109, #1732, .T. ) ;
#1239 = DIRECTION ( 'NONE',  ( 0.000000000000000000, 0.000000000000000000, -1.000000000000000000 ) ) ;
#1240 = EDGE_LOOP ( 'NONE', ( #813, #228, #774, #277, #1754 ) ) ;
#1241 = DIRECTION ( 'NONE',  ( -0.000000000000000000, 1.000000000000000000, -0.000000000000000000 ) ) ;
#1242 = DIRECTION ( 'NONE',  ( 0.000000000000000000, 0.000000000000000000, -1.000000000000000000 ) ) ;
#1243 = ORIENTED_EDGE ( 'NONE', *, *, #1441, .F. ) ;
#1244 = ORIENTED_EDGE ( 'NONE', *, *, #816, .T. ) ;
#1245 = CARTESIAN_POINT ( 'NONE',  ( -149.6296161243090523, -0.2620263884800244636, 42.39999999999939462 ) ) ;
#1246 = ADVANCED_FACE ( 'NONE', ( #266 ), #1532, .T. ) ;
#1247 = AXIS2_PLACEMENT_3D ( 'NONE', #635, #790, #488 ) ;
#1248 = VECTOR ( 'NONE', #1070, 1000.000000000000114 ) ;
#1249 = DIRECTION ( 'NONE',  ( -0.000000000000000000, 1.000000000000000000, -0.000000000000000000 ) ) ;
#1250 = TOROIDAL_SURFACE ( 'NONE', #533, 19.00000000000000000, 4.000000000000000000 ) ;
#1251 = VECTOR ( 'NONE', #591, 1000.000000000000000 ) ;
#1252 = EDGE_CURVE ( 'NONE', #1837, #163, #978, .T. ) ;
#1253 = EDGE_CURVE ( 'NONE', #656, #996, #1703, .T. ) ;
#1254 = PLANE ( 'NONE',  #711 ) ;
#1255 = CYLINDRICAL_SURFACE ( 'NONE', #1403, 3.599999999999992095 ) ;
#1256 = AXIS2_PLACEMENT_3D ( 'NONE', #693, #1126, #1111 ) ;
#1257 = VERTEX_POINT ( 'NONE', #1380 ) ;
#1258 = VERTEX_POINT ( 'NONE', #1519 ) ;
#1259 = DIRECTION ( 'NONE',  ( -0.000000000000000000, 1.000000000000000000, -0.000000000000000000 ) ) ;
#1260 = ORIENTED_EDGE ( 'NONE', *, *, #463, .F. ) ;
#1261 = DIRECTION ( 'NONE',  ( 0.000000000000000000, 0.000000000000000000, 1.000000000000000000 ) ) ;
#1262 = DIRECTION ( 'NONE',  ( 0.000000000000000000, -1.000000000000000000, 0.000000000000000000 ) ) ;
#1263 = DIRECTION ( 'NONE',  ( 0.000000000000000000, -1.000000000000000000, 0.000000000000000000 ) ) ;
#1264 = EDGE_CURVE ( 'NONE', #1382, #1116, #767, .T. ) ;
#1265 = ORIENTED_EDGE ( 'NONE', *, *, #405, .F. ) ;
#1266 = ORIENTED_EDGE ( 'NONE', *, *, #1162, .F. ) ;
#1267 = LINE ( 'NONE', #844, #1464 ) ;
#1268 = CARTESIAN_POINT ( 'NONE',  ( -190.2896161243090489, -0.2620263884800244636, 42.99999999999938893 ) ) ;
#1269 = ORIENTED_EDGE ( 'NONE', *, *, #1127, .T. ) ;
#1270 = DIRECTION ( 'NONE',  ( -0.000000000000000000, 1.000000000000000000, -0.000000000000000000 ) ) ;
#1271 = CARTESIAN_POINT ( 'NONE',  ( -205.2896161243090489, -18.26202638848002735, -13.25462071109043194 ) ) ;
#1272 = ADVANCED_FACE ( 'NONE', ( #841 ), #409, .F. ) ;
#1273 = ORIENTED_EDGE ( 'NONE', *, *, #1193, .T. ) ;
#1274 = ORIENTED_EDGE ( 'NONE', *, *, #1326, .T. ) ;
#1275 = DIRECTION ( 'NONE',  ( 0.000000000000000000, -1.000000000000000000, 0.000000000000000000 ) ) ;
#1276 = LINE ( 'NONE', #1786, #867 ) ;
#1277 = ORIENTED_EDGE ( 'NONE', *, *, #1612, .T. ) ;
#1278 = ORIENTED_EDGE ( 'NONE', *, *, #1791, .F. ) ;
#1279 = CARTESIAN_POINT ( 'NONE',  ( -178.2209060619364323, -18.03186258572184641, -11.15065157478087166 ) ) ;
#1280 = CARTESIAN_POINT ( 'NONE',  ( -227.9496161243090171, -4.262026388480024686, -41.90924142218027981 ) ) ;
#1281 = CARTESIAN_POINT ( 'NONE',  ( -156.4896161243090660, -0.2620263884800244636, -35.78336146153526443 ) ) ;
#1282 = AXIS2_PLACEMENT_3D ( 'NONE', #1773, #180, #1753 ) ;
#1283 = CIRCLE ( 'NONE', #622, 3.599999999999992095 ) ;
#1284 = ORIENTED_EDGE ( 'NONE', *, *, #494, .T. ) ;
#1285 = CIRCLE ( 'NONE', #981, 1.599999999999990319 ) ;
#1286 = ORIENTED_EDGE ( 'NONE', *, *, #1238, .T. ) ;
#1287 = AXIS2_PLACEMENT_3D ( 'NONE', #1375, #986, #562 ) ;
#1288 = CYLINDRICAL_SURFACE ( 'NONE', #645, 1.999999999999994893 ) ;
#1289 = CARTESIAN_POINT ( 'NONE',  ( -169.7015208425473247, 1.537973611519975581, 28.47154394071548111 ) ) ;
#1290 = VERTEX_POINT ( 'NONE', #1234 ) ;
#1291 = PRODUCT_DEFINITION ( 'UNKNOWN', '', #1794, #1600 ) ;
#1292 = ADVANCED_FACE ( 'NONE', ( #1809 ), #821, .F. ) ;
#1293 = ORIENTED_EDGE ( 'NONE', *, *, #962, .F. ) ;
#1294 = CARTESIAN_POINT ( 'NONE',  ( -169.2896161243090489, -22.26202638848002735, 0.000000000000000000 ) ) ;
#1295 =( NAMED_UNIT ( * ) PLANE_ANGLE_UNIT ( ) SI_UNIT ( $, .RADIAN. ) );
#1296 = CARTESIAN_POINT ( 'NONE',  ( -175.2896161243090489, -19.26202638848002735, 18.34537928890955882 ) ) ;
#1297 = ORIENTED_EDGE ( 'NONE', *, *, #1072, .F. ) ;
#1298 = ORIENTED_EDGE ( 'NONE', *, *, #883, .F. ) ;
#1299 = CARTESIAN_POINT ( 'NONE',  ( -190.2896161243090489, -10.26202638848002380, 16.74537928890956806 ) ) ;
#1300 = DIRECTION ( 'NONE',  ( 0.000000000000000000, -1.000000000000000000, 0.000000000000000000 ) ) ;
#1301 = ORIENTED_EDGE ( 'NONE', *, *, #1059, .T. ) ;
#1302 = ADVANCED_FACE ( 'NONE', ( #245 ), #381, .F. ) ;
#1303 = LINE ( 'NONE', #1171, #1590 ) ;
#1304 = DIRECTION ( 'NONE',  ( 0.000000000000000000, 0.000000000000000000, 1.000000000000000000 ) ) ;
#1305 = CARTESIAN_POINT ( 'NONE',  ( -156.4896161243090660, -0.2620263884800244636, -33.78336146153527153 ) ) ;
#1306 = ORIENTED_EDGE ( 'NONE', *, *, #619, .F. ) ;
#1307 = CARTESIAN_POINT ( 'NONE',  ( -169.7015208425473247, 1.537973611519975581, -23.01660316448185384 ) ) ;
#1308 = CARTESIAN_POINT ( 'NONE',  ( -149.6296161243090523, -4.262026388480024686, 45.39999999999940172 ) ) ;
#1309 = ORIENTED_EDGE ( 'NONE', *, *, #1663, .T. ) ;
#1310 = LINE ( 'NONE', #1453, #1344 ) ;
#1311 = CARTESIAN_POINT ( 'NONE',  ( -230.9496161243090455, -0.2620263884800244636, -38.90924142218030113 ) ) ;
#1312 = CARTESIAN_POINT ( 'NONE',  ( -210.8777114060707731, 1.537973611519975581, 28.47154394071548111 ) ) ;
#1313 = ADVANCED_FACE ( 'NONE', ( #1388 ), #1417, .F. ) ;
#1314 = ADVANCED_FACE ( 'NONE', ( #1835 ), #237, .F. ) ;
#1315 = ORIENTED_EDGE ( 'NONE', *, *, #1253, .T. ) ;
#1316 = DIRECTION ( 'NONE',  ( 1.000000000000000000, 0.000000000000000000, -0.000000000000000000 ) ) ;
#1317 = VECTOR ( 'NONE', #1009, 1000.000000000000000 ) ;
#1318 = AXIS2_PLACEMENT_3D ( 'NONE', #1337, #1348, #910 ) ;
#1319 = AXIS2_PLACEMENT_3D ( 'NONE', #902, #778, #1778 ) ;
#1320 = VECTOR ( 'NONE', #1507, 1000.000000000000000 ) ;
#1321 = CARTESIAN_POINT ( 'NONE',  ( -224.0896161243090603, -4.262026388480024686, -35.78336146153526443 ) ) ;
#1322 = DIRECTION ( 'NONE',  ( 0.000000000000000000, -1.000000000000000000, 0.000000000000000000 ) ) ;
#1323 = DIRECTION ( 'NONE',  ( 0.000000000000000000, 0.000000000000000000, 1.000000000000000000 ) ) ;
#1324 = ORIENTED_EDGE ( 'NONE', *, *, #723, .F. ) ;
#1325 = DIRECTION ( 'NONE',  ( -1.000000000000000000, -0.000000000000000000, -0.000000000000000000 ) ) ;
#1326 = EDGE_CURVE ( 'NONE', #1198, #242, #690, .T. ) ;
#1327 = DIRECTION ( 'NONE',  ( 0.000000000000000000, 0.000000000000000000, -1.000000000000000000 ) ) ;
#1328 = CYLINDRICAL_SURFACE ( 'NONE', #1194, 3.599999999999992095 ) ;
#1329 = LINE ( 'NONE', #32, #1556 ) ;
#1330 = DIRECTION ( 'NONE',  ( 0.000000000000000000, 1.000000000000000000, 0.000000000000000000 ) ) ;
#1331 = ORIENTED_EDGE ( 'NONE', *, *, #1506, .F. ) ;
#1332 = VERTEX_POINT ( 'NONE', #1312 ) ;
#1333 = FACE_OUTER_BOUND ( 'NONE', #570, .T. ) ;
#1334 = EDGE_CURVE ( 'NONE', #905, #1448, #1762, .T. ) ;
#1335 = CARTESIAN_POINT ( 'NONE',  ( -190.2896161243090489, -18.26202638848002735, 10.74537928890957694 ) ) ;
#1336 = EDGE_CURVE ( 'NONE', #1258, #1677, #1854, .T. ) ;
#1337 = CARTESIAN_POINT ( 'NONE',  ( -190.2896161243090489, -10.26202638848002380, 1.745379288909568061 ) ) ;
#1338 = CARTESIAN_POINT ( 'NONE',  ( -205.2896161243090489, -22.26202638848002735, -13.25462071109043194 ) ) ;
#1339 = ORIENTED_EDGE ( 'NONE', *, *, #699, .T. ) ;
#1340 = VERTEX_POINT ( 'NONE', #1456 ) ;
#1341 = DIRECTION ( 'NONE',  ( 0.000000000000000000, -1.000000000000000000, 0.000000000000000000 ) ) ;
#1342 = AXIS2_PLACEMENT_3D ( 'NONE', #1708, #1746, #1434 ) ;
#1343 = LINE ( 'NONE', #1228, #773 ) ;
#1344 = VECTOR ( 'NONE', #272, 1000.000000000000000 ) ;
#1345 = CIRCLE ( 'NONE', #535, 19.00000000000000000 ) ;
#1346 = AXIS2_PLACEMENT_3D ( 'NONE', #115, #1231, #1575 ) ;
#1347 = EDGE_CURVE ( 'NONE', #372, #478, #136, .T. ) ;
#1348 = DIRECTION ( 'NONE',  ( 0.000000000000000000, -1.000000000000000000, 0.000000000000000000 ) ) ;
#1349 = CARTESIAN_POINT ( 'NONE',  ( -205.2896161243090489, -7.262026388480027350, -16.85462071109042270 ) ) ;
#1350 = EDGE_LOOP ( 'NONE', ( #286, #945 ) ) ;
#1351 = ORIENTED_EDGE ( 'NONE', *, *, #338, .T. ) ;
#1352 = DIRECTION ( 'NONE',  ( 0.000000000000000000, 0.000000000000000000, -1.000000000000000000 ) ) ;
#1353 = CARTESIAN_POINT ( 'NONE',  ( -201.8262386662268568, -18.16835088763041384, -12.24268432390893580 ) ) ;
#1354 = EDGE_CURVE ( 'NONE', #1332, #559, #578, .T. ) ;
#1355 = ADVANCED_BREP_SHAPE_REPRESENTATION ( 'mount fcb ', ( #152, #1319 ), #17 ) ;
#1356 = DIRECTION ( 'NONE',  ( 0.000000000000000000, 0.000000000000000000, 1.000000000000000000 ) ) ;
#1357 = LINE ( 'NONE', #187, #1435 ) ;
#1358 = ORIENTED_EDGE ( 'NONE', *, *, #183, .T. ) ;
#1359 = EDGE_LOOP ( 'NONE', ( #589, #1188, #303, #729 ) ) ;
#1360 = CARTESIAN_POINT ( 'NONE',  ( -205.2896161243090489, -19.26202638848002735, -11.65462071109044118 ) ) ;
#1361 = CARTESIAN_POINT ( 'NONE',  ( -175.2896161243090489, -19.26202638848002735, 20.34537928890955882 ) ) ;
#1362 = FACE_OUTER_BOUND ( 'NONE', #369, .T. ) ;
#1363 = CARTESIAN_POINT ( 'NONE',  ( -175.2896161243090489, -19.26202638848002735, -13.25462071109043194 ) ) ;
#1364 = EDGE_LOOP ( 'NONE', ( #1297, #1091, #666, #1721 ) ) ;
#1365 = FACE_BOUND ( 'NONE', #1163, .T. ) ;
#1366 = CARTESIAN_POINT ( 'NONE',  ( -205.2896161243090489, -18.26202638848002735, 16.74537928890956806 ) ) ;
#1367 = ORIENTED_CLOSED_SHELL ( 'NONE', *, #259, .F. );
#1368 = ADVANCED_FACE ( 'NONE', ( #1463 ), #1153, .F. ) ;
#1369 = DIRECTION ( 'NONE',  ( 0.000000000000000000, 0.000000000000000000, -1.000000000000000000 ) ) ;
#1370 = AXIS2_PLACEMENT_3D ( 'NONE', #353, #1756, #1207 ) ;
#1371 = AXIS2_PLACEMENT_3D ( 'NONE', #142, #305, #849 ) ;
#1372 = ORIENTED_EDGE ( 'NONE', *, *, #1441, .T. ) ;
#1373 = VECTOR ( 'NONE', #1241, 1000.000000000000000 ) ;
#1374 = AXIS2_PLACEMENT_3D ( 'NONE', #1566, #508, #1412 ) ;
#1375 = CARTESIAN_POINT ( 'NONE',  ( -205.2896161243090489, -19.26202638848002735, -13.25462071109043194 ) ) ;
#1376 = CYLINDRICAL_SURFACE ( 'NONE', #713, 15.00000000000000000 ) ;
#1377 = CIRCLE ( 'NONE', #71, 1.599999999999990319 ) ;
#1378 = ORIENTED_EDGE ( 'NONE', *, *, #1334, .T. ) ;
#1379 = DIRECTION ( 'NONE',  ( 0.000000000000000000, 0.000000000000000000, -1.000000000000000000 ) ) ;
#1380 = CARTESIAN_POINT ( 'NONE',  ( -190.2896161243090489, -10.26202638848002380, -13.25462071109043194 ) ) ;
#1381 = EDGE_CURVE ( 'NONE', #137, #144, #1717, .T. ) ;
#1382 = VERTEX_POINT ( 'NONE', #1725 ) ;
#1383 = ORIENTED_EDGE ( 'NONE', *, *, #494, .F. ) ;
#1384 = CARTESIAN_POINT ( 'NONE',  ( -175.2896161243090489, -7.262026388480027350, -13.25462071109043194 ) ) ;
#1385 = DIRECTION ( 'NONE',  ( 0.000000000000000000, 0.000000000000000000, -1.000000000000000000 ) ) ;
#1386 = ORIENTED_EDGE ( 'NONE', *, *, #1866, .F. ) ;
#1387 = CYLINDRICAL_SURFACE ( 'NONE', #648, 15.00000000000000000 ) ;
#1388 = FACE_OUTER_BOUND ( 'NONE', #8, .T. ) ;
#1389 = EDGE_LOOP ( 'NONE', ( #1820, #379, #287, #860 ) ) ;
#1390 = VERTEX_POINT ( 'NONE', #432 ) ;
#1391 = CARTESIAN_POINT ( 'NONE',  ( -205.2896161243090489, -19.26202638848002735, -13.25462071109043194 ) ) ;
#1392 = ADVANCED_FACE ( 'NONE', ( #128 ), #459, .F. ) ;
#1393 = B_SPLINE_CURVE_WITH_KNOTS ( 'NONE', 3,
 ( #196, #1787, #761, #781 ),
 .UNSPECIFIED., .F., .F.,
 ( 4, 4 ),
 ( 0.006410478961547766592, 0.006604967399285257418 ),
 .UNSPECIFIED. ) ;
#1394 = EDGE_CURVE ( 'NONE', #606, #112, #1075, .T. ) ;
#1395 = EDGE_CURVE ( 'NONE', #131, #278, #1608, .T. ) ;
#1396 = FACE_OUTER_BOUND ( 'NONE', #121, .T. ) ;
#1397 = DIRECTION ( 'NONE',  ( 0.000000000000000000, 0.000000000000000000, -1.000000000000000000 ) ) ;
#1398 = DIRECTION ( 'NONE',  ( 0.000000000000000000, 0.000000000000000000, -1.000000000000000000 ) ) ;
#1399 = ORIENTED_EDGE ( 'NONE', *, *, #38, .F. ) ;
#1400 = ORIENTED_EDGE ( 'NONE', *, *, #864, .T. ) ;
#1401 = CARTESIAN_POINT ( 'NONE',  ( -149.6296161243090523, -4.262026388480024686, -41.90924142218027981 ) ) ;
#1402 = EDGE_CURVE ( 'NONE', #532, #1851, #871, .T. ) ;
#1403 = AXIS2_PLACEMENT_3D ( 'NONE', #1090, #82, #1686 ) ;
#1404 = CARTESIAN_POINT ( 'NONE',  ( -178.4798531369055183, -18.07702069914563836, 15.05945075074735584 ) ) ;
#1405 = TOROIDAL_SURFACE ( 'NONE', #1077, 20.99999999999999645, 6.000000000000000000 ) ;
#1406 = DIRECTION ( 'NONE',  ( 1.000000000000000000, 0.000000000000000000, 0.000000000000000000 ) ) ;
#1407 = CARTESIAN_POINT ( 'NONE',  ( 0.000000000000000000, -18.26202638848002735, 0.000000000000000000 ) ) ;
#1408 = AXIS2_PLACEMENT_3D ( 'NONE', #1401, #85, #387 ) ;
#1409 = EDGE_LOOP ( 'NONE', ( #720, #522 ) ) ;
#1410 = ORIENTED_EDGE ( 'NONE', *, *, #4, .T. ) ;
#1411 = DIRECTION ( 'NONE',  ( 0.000000000000000000, 0.000000000000000000, -1.000000000000000000 ) ) ;
#1412 = DIRECTION ( 'NONE',  ( 0.000000000000000000, 0.000000000000000000, -1.000000000000000000 ) ) ;
#1413 = EDGE_LOOP ( 'NONE', ( #1383, #1513, #26, #293 ) ) ;
#1414 = LINE ( 'NONE', #974, #448 ) ;
#1415 = EDGE_CURVE ( 'NONE', #1466, #1830, #890, .T. ) ;
#1416 =( NAMED_UNIT ( * ) SI_UNIT ( $, .STERADIAN. ) SOLID_ANGLE_UNIT ( ) );
#1417 = CYLINDRICAL_SURFACE ( 'NONE', #471, 3.599999999999992095 ) ;
#1418 = ORIENTED_EDGE ( 'NONE', *, *, #1461, .F. ) ;
#1419 = ORIENTED_EDGE ( 'NONE', *, *, #973, .F. ) ;
#1420 = CARTESIAN_POINT ( 'NONE',  ( -210.8777114060707731, 1.537973611519975581, 28.47154394071548111 ) ) ;
#1421 = APPLICATION_CONTEXT ( 'automotive_design' ) ;
#1422 = FACE_OUTER_BOUND ( 'NONE', #1813, .T. ) ;
#1423 = EDGE_LOOP ( 'NONE', ( #365, #697, #1378, #763 ) ) ;
#1424 = CARTESIAN_POINT ( 'NONE',  ( -178.8856324653309287, -18.24618541489922663, -12.95802622562329987 ) ) ;
#1425 = CARTESIAN_POINT ( 'NONE',  ( -152.6296161243090808, -4.262026388480024686, -41.90924142218027981 ) ) ;
#1426 = DIRECTION ( 'NONE',  ( 0.000000000000000000, 0.000000000000000000, 1.000000000000000000 ) ) ;
#1427 = ORIENTED_EDGE ( 'NONE', *, *, #1336, .T. ) ;
#1428 = ADVANCED_FACE ( 'NONE', ( #6 ), #452, .F. ) ;
#1429 = DIRECTION ( 'NONE',  ( 0.000000000000000000, -1.000000000000000000, 0.000000000000000000 ) ) ;
#1430 = FACE_OUTER_BOUND ( 'NONE', #1359, .T. ) ;
#1431 = ORIENTED_EDGE ( 'NONE', *, *, #1741, .F. ) ;
#1432 = FACE_OUTER_BOUND ( 'NONE', #805, .T. ) ;
#1433 = VECTOR ( 'NONE', #285, 1000.000000000000114 ) ;
#1434 = DIRECTION ( 'NONE',  ( 0.000000000000000000, 0.000000000000000000, 1.000000000000000000 ) ) ;
#1435 = VECTOR ( 'NONE', #1650, 1000.000000000000000 ) ;
#1436 = VECTOR ( 'NONE', #408, 1000.000000000000000 ) ;
#1437 = VERTEX_POINT ( 'NONE', #728 ) ;
#1438 = EDGE_LOOP ( 'NONE', ( #1502, #1117 ) ) ;
#1439 = AXIS2_PLACEMENT_3D ( 'NONE', #490, #1202, #780 ) ;
#1440 = DIRECTION ( 'NONE',  ( 0.000000000000000000, 0.000000000000000000, 1.000000000000000000 ) ) ;
#1441 = EDGE_CURVE ( 'NONE', #278, #1141, #990, .T. ) ;
#1442 = DIRECTION ( 'NONE',  ( 0.000000000000000000, 0.000000000000000000, -1.000000000000000000 ) ) ;
#1443 = EDGE_LOOP ( 'NONE', ( #654, #209 ) ) ;
#1444 = EDGE_LOOP ( 'NONE', ( #543, #1738, #1286, #175 ) ) ;
#1445 = DIRECTION ( 'NONE',  ( 0.000000000000000000, 0.000000000000000000, 1.000000000000000000 ) ) ;
#1446 = CARTESIAN_POINT ( 'NONE',  ( -211.2896161243090489, -22.26202638848002735, -19.25462071109042839 ) ) ;
#1447 = DIRECTION ( 'NONE',  ( 0.000000000000000000, -1.000000000000000000, 0.000000000000000000 ) ) ;
#1448 = VERTEX_POINT ( 'NONE', #1296 ) ;
#1449 = VERTEX_POINT ( 'NONE', #1571 ) ;
#1450 = DIRECTION ( 'NONE',  ( 0.000000000000000000, 0.000000000000000000, 1.000000000000000000 ) ) ;
#1451 = DIRECTION ( 'NONE',  ( 0.000000000000000000, -1.000000000000000000, 0.000000000000000000 ) ) ;
#1452 = ORIENTED_EDGE ( 'NONE', *, *, #1454, .T. ) ;
#1453 = CARTESIAN_POINT ( 'NONE',  ( -227.9496161243090171, -4.262026388480024686, 45.39999999999940172 ) ) ;
#1454 = EDGE_CURVE ( 'NONE', #428, #1180, #1860, .T. ) ;
#1455 = CYLINDRICAL_SURFACE ( 'NONE', #979, 1.599999999999990319 ) ;
#1456 = CARTESIAN_POINT ( 'NONE',  ( -210.8777114060707731, -0.2620263884800244636, 28.47154394071548111 ) ) ;
#1457 = EDGE_LOOP ( 'NONE', ( #1301, #1862, #814, #682 ) ) ;
#1458 = ORIENTED_EDGE ( 'NONE', *, *, #709, .F. ) ;
#1459 = CARTESIAN_POINT ( 'NONE',  ( -175.2896161243090489, -19.26202638848002735, 13.14537928890957552 ) ) ;
#1460 = CARTESIAN_POINT ( 'NONE',  ( -205.2896161243090489, -22.26202638848002735, 18.34537928890955882 ) ) ;
#1461 = EDGE_CURVE ( 'NONE', #1545, #255, #1871, .T. ) ;
#1462 = CARTESIAN_POINT ( 'NONE',  ( -230.9496161243090455, -4.262026388480024686, 42.39999999999943725 ) ) ;
#1463 = FACE_OUTER_BOUND ( 'NONE', #328, .T. ) ;
#1464 = VECTOR ( 'NONE', #1821, 1000.000000000000000 ) ;
#1465 = EDGE_LOOP ( 'NONE', ( #737, #100, #663, #189 ) ) ;
#1466 = VERTEX_POINT ( 'NONE', #1305 ) ;
#1467 = CYLINDRICAL_SURFACE ( 'NONE', #1529, 1.999999999999994893 ) ;
#1468 = VECTOR ( 'NONE', #789, 1000.000000000000000 ) ;
#1469 = CIRCLE ( 'NONE', #1287, 3.599999999999992095 ) ;
#1470 = LINE ( 'NONE', #1308, #625 ) ;
#1471 = CIRCLE ( 'NONE', #794, 3.599999999999992095 ) ;
#1472 = CARTESIAN_POINT ( 'NONE',  ( -169.7015208425473247, -0.2620263884800244636, -23.01660316448185384 ) ) ;
#1473 = FACE_BOUND ( 'NONE', #1626, .T. ) ;
#1474 = EDGE_CURVE ( 'NONE', #732, #1449, #879, .T. ) ;
#1475 = ORIENTED_EDGE ( 'NONE', *, *, #396, .T. ) ;
#1476 = EDGE_LOOP ( 'NONE', ( #1713, #823 ) ) ;
#1477 = LINE ( 'NONE', #36, #262 ) ;
#1478 = EDGE_CURVE ( 'NONE', #1503, #147, #1393, .T. ) ;
#1479 = CARTESIAN_POINT ( 'NONE',  ( -202.8414504698204155, -18.01155088705128904, -10.60404096126302242 ) ) ;
#1480 = APPLICATION_PROTOCOL_DEFINITION ( 'draft international standard', 'automotive_design', 1998, #1421 ) ;
#1481 = CARTESIAN_POINT ( 'NONE',  ( -224.0896161243090603, -0.2620263884800244636, -37.78336146153526443 ) ) ;
#1482 = LINE ( 'NONE', #1349, #1497 ) ;
#1483 = EDGE_LOOP ( 'NONE', ( #89, #385, #782, #443 ) ) ;
#1484 = ORIENTED_EDGE ( 'NONE', *, *, #1034, .F. ) ;
#1485 = DIRECTION ( 'NONE',  ( 0.000000000000000000, -1.000000000000000000, 0.000000000000000000 ) ) ;
#1486 = EDGE_CURVE ( 'NONE', #1136, #174, #1493, .T. ) ;
#1487 = CARTESIAN_POINT ( 'NONE',  ( -201.9957839217849482, -18.10623555290444742, 15.27222578040007761 ) ) ;
#1488 = CARTESIAN_POINT ( 'NONE',  ( 0.000000000000000000, -4.262026388480024686, 0.000000000000000000 ) ) ;
#1489 = DIRECTION ( 'NONE',  ( 0.000000000000000000, 0.000000000000000000, 1.000000000000000000 ) ) ;
#1490 = ORIENTED_EDGE ( 'NONE', *, *, #1868, .F. ) ;
#1491 = FACE_OUTER_BOUND ( 'NONE', #1819, .T. ) ;
#1492 = DIRECTION ( 'NONE',  ( 0.000000000000000000, 0.000000000000000000, -1.000000000000000000 ) ) ;
#1493 = CIRCLE ( 'NONE', #678, 4.000000000000000000 ) ;
#1494 = AXIS2_PLACEMENT_3D ( 'NONE', #483, #195, #1057 ) ;
#1495 = CARTESIAN_POINT ( 'NONE',  ( -202.8457606491983256, -18.01164079463822887, 14.09077679129869409 ) ) ;
#1496 = ADVANCED_FACE ( 'NONE', ( #1780 ), #1052, .F. ) ;
#1497 = VECTOR ( 'NONE', #638, 1000.000000000000000 ) ;
#1498 = VECTOR ( 'NONE', #1720, 1000.000000000000000 ) ;
#1499 = CIRCLE ( 'NONE', #106, 3.599999999999992095 ) ;
#1500 = PLANE ( 'NONE',  #679 ) ;
#1501 = LINE ( 'NONE', #1197, #1857 ) ;
#1502 = ORIENTED_EDGE ( 'NONE', *, *, #726, .F. ) ;
#1503 = VERTEX_POINT ( 'NONE', #465 ) ;
#1504 = CARTESIAN_POINT ( 'NONE',  ( -230.9496161243090455, -4.262026388480024686, -38.90924142218030113 ) ) ;
#1505 = CARTESIAN_POINT ( 'NONE',  ( -149.6296161243090523, -0.2620263884800244636, 45.39999999999940172 ) ) ;
#1506 = EDGE_CURVE ( 'NONE', #1011, #692, #72, .T. ) ;
#1507 = DIRECTION ( 'NONE',  ( 0.000000000000000000, 1.000000000000000000, 0.000000000000000000 ) ) ;
#1508 = CARTESIAN_POINT ( 'NONE',  ( -211.2896161243090489, -22.26202638848002735, -19.25462071109042839 ) ) ;
#1509 = ORIENTED_EDGE ( 'NONE', *, *, #1680, .F. ) ;
#1510 = FACE_OUTER_BOUND ( 'NONE', #750, .T. ) ;
#1511 = CARTESIAN_POINT ( 'NONE',  ( -210.8777114060707731, -0.2620263884800244636, 28.47154394071548111 ) ) ;
#1512 = CARTESIAN_POINT ( 'NONE',  ( -204.7986740106749153, -18.22941376322365059, -9.679981919890924047 ) ) ;
#1513 = ORIENTED_EDGE ( 'NONE', *, *, #1140, .T. ) ;
#1514 = LINE ( 'NONE', #1850, #892 ) ;
#1515 = CARTESIAN_POINT ( 'NONE',  ( -178.0718815167868172, -18.01754542871005427, 14.44797045114616196 ) ) ;
#1516 = ADVANCED_FACE ( 'NONE', ( #59 ), #1186, .F. ) ;
#1517 = ORIENTED_EDGE ( 'NONE', *, *, #1771, .F. ) ;
#1518 = DIRECTION ( 'NONE',  ( -0.000000000000000000, 1.000000000000000000, -0.000000000000000000 ) ) ;
#1519 = CARTESIAN_POINT ( 'NONE',  ( -201.6949553200034302, -18.26202638848002735, -13.45061484872939772 ) ) ;
#1520 = ORIENTED_EDGE ( 'NONE', *, *, #430, .F. ) ;
#1521 = VERTEX_POINT ( 'NONE', #342 ) ;
#1522 = FACE_OUTER_BOUND ( 'NONE', #1476, .T. ) ;
#1523 = AXIS2_PLACEMENT_3D ( 'NONE', #56, #363, #70 ) ;
#1524 = AXIS2_PLACEMENT_3D ( 'NONE', #296, #1744, #159 ) ;
#1525 = AXIS2_PLACEMENT_3D ( 'NONE', #960, #676, #253 ) ;
#1526 = AXIS2_PLACEMENT_3D ( 'NONE', #838, #1599, #283 ) ;
#1527 = CIRCLE ( 'NONE', #1795, 3.599999999999992095 ) ;
#1528 = DIRECTION ( 'NONE',  ( 0.000000000000000000, 0.000000000000000000, -1.000000000000000000 ) ) ;
#1529 = AXIS2_PLACEMENT_3D ( 'NONE', #993, #1742, #1574 ) ;
#1530 = FACE_BOUND ( 'NONE', #833, .T. ) ;
#1531 = EDGE_CURVE ( 'NONE', #686, #559, #1179, .T. ) ;
#1532 = PLANE ( 'NONE',  #167 ) ;
#1533 = ORIENTED_EDGE ( 'NONE', *, *, #586, .F. ) ;
#1534 = ORIENTED_EDGE ( 'NONE', *, *, #575, .T. ) ;
#1535 = ADVANCED_FACE ( 'NONE', ( #170 ), #40, .F. ) ;
#1536 = CARTESIAN_POINT ( 'NONE',  ( -190.2896161243090489, -4.262026388480024686, 1.745379288909568061 ) ) ;
#1537 = DIRECTION ( 'NONE',  ( -0.000000000000000000, 1.000000000000000000, -0.000000000000000000 ) ) ;
#1538 = VERTEX_POINT ( 'NONE', #25 ) ;
#1539 = FACE_OUTER_BOUND ( 'NONE', #1187, .T. ) ;
#1540 = CARTESIAN_POINT ( 'NONE',  ( -156.4896161243090660, -4.262026388480024686, -35.78336146153526443 ) ) ;
#1541 = EDGE_LOOP ( 'NONE', ( #822, #698, #1410, #1603 ) ) ;
#1542 = ORIENTED_EDGE ( 'NONE', *, *, #1478, .T. ) ;
#1543 = DIRECTION ( 'NONE',  ( 0.000000000000000000, 0.000000000000000000, -1.000000000000000000 ) ) ;
#1544 = ADVANCED_FACE ( 'NONE', ( #475, #1210 ), #904, .T. ) ;
#1545 = VERTEX_POINT ( 'NONE', #923 ) ;
#1546 = CARTESIAN_POINT ( 'NONE',  ( -176.9372731379086474, -18.08290249901668645, 13.53538183745270018 ) ) ;
#1547 = CYLINDRICAL_SURFACE ( 'NONE', #1733, 1.599999999999990319 ) ;
#1548 = DIRECTION ( 'NONE',  ( 0.000000000000000000, 1.000000000000000000, 0.000000000000000000 ) ) ;
#1549 = ORIENTED_EDGE ( 'NONE', *, *, #109, .F. ) ;
#1550 = ORIENTED_EDGE ( 'NONE', *, *, #346, .T. ) ;
#1551 = DIRECTION ( 'NONE',  ( 0.000000000000000000, 0.000000000000000000, -1.000000000000000000 ) ) ;
#1552 = DIRECTION ( 'NONE',  ( 0.000000000000000000, 1.000000000000000000, 0.000000000000000000 ) ) ;
#1553 = ADVANCED_FACE ( 'NONE', ( #1473, #605 ), #1080, .T. ) ;
#1554 = ORIENTED_EDGE ( 'NONE', *, *, #38, .T. ) ;
#1555 = AXIS2_PLACEMENT_3D ( 'NONE', #557, #275, #1145 ) ;
#1556 = VECTOR ( 'NONE', #206, 1000.000000000000000 ) ;
#1557 = CARTESIAN_POINT ( 'NONE',  ( -176.9321477372703271, -18.08357023593366009, -10.04201816779641554 ) ) ;
#1558 = CIRCLE ( 'NONE', #230, 3.599999999999992095 ) ;
#1559 = CIRCLE ( 'NONE', #834, 3.599999999999992095 ) ;
#1560 = CARTESIAN_POINT ( 'NONE',  ( -205.2896161243090489, -7.262026388480027350, 16.74537928890956806 ) ) ;
#1561 = DIRECTION ( 'NONE',  ( 0.000000000000000000, 0.000000000000000000, 1.000000000000000000 ) ) ;
#1562 = VECTOR ( 'NONE', #495, 1000.000000000000114 ) ;
#1563 = ORIENTED_EDGE ( 'NONE', *, *, #1461, .T. ) ;
#1564 = EDGE_LOOP ( 'NONE', ( #1695, #1520, #880, #671 ) ) ;
#1565 = DIRECTION ( 'NONE',  ( -0.000000000000000000, 1.000000000000000000, -0.000000000000000000 ) ) ;
#1566 = CARTESIAN_POINT ( 'NONE',  ( -205.2896161243090489, -22.26202638848002735, -13.25462071109043194 ) ) ;
#1567 = ORIENTED_EDGE ( 'NONE', *, *, #1655, .F. ) ;
#1568 = CARTESIAN_POINT ( 'NONE',  ( -178.8975894993974975, -18.26202638848002380, -13.20645358465290720 ) ) ;
#1569 = EDGE_CURVE ( 'NONE', #1677, #606, #1482, .T. ) ;
#1570 = CARTESIAN_POINT ( 'NONE',  ( -205.2896161243090489, -22.26202638848002735, 16.74537928890956806 ) ) ;
#1571 = CARTESIAN_POINT ( 'NONE',  ( -169.2896161243090489, -22.26202638848002735, 22.74537928890956451 ) ) ;
#1572 = ORIENTED_EDGE ( 'NONE', *, *, #907, .F. ) ;
#1573 = ORIENTED_EDGE ( 'NONE', *, *, #1381, .T. ) ;
#1574 = DIRECTION ( 'NONE',  ( 0.000000000000000000, 0.000000000000000000, 1.000000000000000000 ) ) ;
#1575 = DIRECTION ( 'NONE',  ( 0.000000000000000000, 0.000000000000000000, -1.000000000000000000 ) ) ;
#1576 = ORIENTED_EDGE ( 'NONE', *, *, #1252, .T. ) ;
#1577 = EDGE_LOOP ( 'NONE', ( #247, #724 ) ) ;
#1578 = CARTESIAN_POINT ( 'NONE',  ( -175.7754939641863814, -18.22990019831168595, -9.679294536601140919 ) ) ;
#1579 = CARTESIAN_POINT ( 'NONE',  ( -190.2896161243090489, -18.26202638848002735, -7.254620711090439933 ) ) ;
#1580 = CARTESIAN_POINT ( 'NONE',  ( -230.9496161243090455, -4.262026388480024686, -41.90924142218027981 ) ) ;
#1581 = EDGE_CURVE ( 'NONE', #1633, #732, #1501, .T. ) ;
#1582 = ORIENTED_EDGE ( 'NONE', *, *, #473, .F. ) ;
#1583 = ORIENTED_EDGE ( 'NONE', *, *, #1103, .F. ) ;
#1584 = CARTESIAN_POINT ( 'NONE',  ( -210.8777114060707731, 1.537973611519975581, -23.01660316448185384 ) ) ;
#1585 = FACE_BOUND ( 'NONE', #1577, .T. ) ;
#1586 = EDGE_LOOP ( 'NONE', ( #437, #956, #851, #1069 ) ) ;
#1587 = CARTESIAN_POINT ( 'NONE',  ( -205.2896161243090489, -19.26202638848002735, 18.34537928890955882 ) ) ;
#1588 = AXIS2_PLACEMENT_3D ( 'NONE', #481, #1628, #1783 ) ;
#1589 = DIRECTION ( 'NONE',  ( 0.000000000000000000, -1.000000000000000000, 0.000000000000000000 ) ) ;
#1590 = VECTOR ( 'NONE', #1066, 1000.000000000000000 ) ;
#1591 = CIRCLE ( 'NONE', #168, 15.00000000000000000 ) ;
#1592 = ADVANCED_FACE ( 'NONE', ( #1058 ), #1405, .F. ) ;
#1593 = ORIENTED_EDGE ( 'NONE', *, *, #1063, .F. ) ;
#1594 = VECTOR ( 'NONE', #364, 1000.000000000000000 ) ;
#1595 = DIRECTION ( 'NONE',  ( 0.000000000000000000, 1.000000000000000000, 0.000000000000000000 ) ) ;
#1596 = EDGE_CURVE ( 'NONE', #875, #246, #1357, .T. ) ;
#1597 = DIRECTION ( 'NONE',  ( 0.000000000000000000, 0.000000000000000000, 1.000000000000000000 ) ) ;
#1598 = ORIENTED_EDGE ( 'NONE', *, *, #896, .F. ) ;
#1599 = DIRECTION ( 'NONE',  ( 0.000000000000000000, -1.000000000000000000, 0.000000000000000000 ) ) ;
#1600 = PRODUCT_DEFINITION_CONTEXT ( 'detailed design', #1421, 'design' ) ;
#1601 = FILL_AREA_STYLE ('',( #1008 ) ) ;
#1602 = DIRECTION ( 'NONE',  ( 0.000000000000000000, 0.000000000000000000, 1.000000000000000000 ) ) ;
#1603 = ORIENTED_EDGE ( 'NONE', *, *, #1759, .F. ) ;
#1604 = DIRECTION ( 'NONE',  ( -0.000000000000000000, 1.000000000000000000, -0.000000000000000000 ) ) ;
#1605 = DIRECTION ( 'NONE',  ( 1.000000000000000000, 0.000000000000000000, 0.000000000000000000 ) ) ;
#1606 = EDGE_CURVE ( 'NONE', #875, #707, #1766, .T. ) ;
#1607 = PLANE ( 'NONE',  #742 ) ;
#1608 = LINE ( 'NONE', #424, #1317 ) ;
#1609 = VERTEX_POINT ( 'NONE', #911 ) ;
#1610 = CARTESIAN_POINT ( 'NONE',  ( -175.2896161243090489, -19.26202638848002735, -13.25462071109043194 ) ) ;
#1611 = CARTESIAN_POINT ( 'NONE',  ( -175.2896161243090489, -19.26202638848002735, -13.25462071109043194 ) ) ;
#1612 = EDGE_CURVE ( 'NONE', #242, #1290, #418, .T. ) ;
#1613 = DIRECTION ( 'NONE',  ( 0.000000000000000000, 0.000000000000000000, -1.000000000000000000 ) ) ;
#1614 = VECTOR ( 'NONE', #1565, 1000.000000000000000 ) ;
#1615 = ORIENTED_EDGE ( 'NONE', *, *, #619, .T. ) ;
#1616 = ORIENTED_EDGE ( 'NONE', *, *, #839, .T. ) ;
#1617 = CARTESIAN_POINT ( 'NONE',  ( -205.2896161243090489, -19.26202638848002735, 16.74537928890956806 ) ) ;
#1618 = VECTOR ( 'NONE', #784, 1000.000000000000114 ) ;
#1619 = AXIS2_PLACEMENT_3D ( 'NONE', #1805, #694, #1712 ) ;
#1620 = CARTESIAN_POINT ( 'NONE',  ( -152.6296161243090808, -4.262026388480024686, -41.90924142218027981 ) ) ;
#1621 = CIRCLE ( 'NONE', #450, 1.599999999999990319 ) ;
#1622 =( NAMED_UNIT ( * ) SI_UNIT ( $, .STERADIAN. ) SOLID_ANGLE_UNIT ( ) );
#1623 = PLANE ( 'NONE',  #891 ) ;
#1624 = DIRECTION ( 'NONE',  ( -0.000000000000000000, 1.000000000000000000, -0.000000000000000000 ) ) ;
#1625 = EDGE_CURVE ( 'NONE', #552, #633, #1285, .T. ) ;
#1626 = EDGE_LOOP ( 'NONE', ( #80, #1641 ) ) ;
#1627 = EDGE_LOOP ( 'NONE', ( #1120, #1351 ) ) ;
#1628 = DIRECTION ( 'NONE',  ( 0.000000000000000000, -1.000000000000000000, 0.000000000000000000 ) ) ;
#1629 = CARTESIAN_POINT ( 'NONE',  ( -201.7663019897966876, -18.19919337956126526, 15.96720236606276977 ) ) ;
#1630 = LINE ( 'NONE', #1048, #1645 ) ;
#1631 = CARTESIAN_POINT ( 'NONE',  ( -175.2896161243090489, -19.26202638848002735, -11.65462071109044118 ) ) ;
#1632 = DIRECTION ( 'NONE',  ( 0.000000000000000000, 0.000000000000000000, -1.000000000000000000 ) ) ;
#1633 = VERTEX_POINT ( 'NONE', #1508 ) ;
#1634 = ORIENTED_EDGE ( 'NONE', *, *, #95, .T. ) ;
#1635 = ADVANCED_FACE ( 'NONE', ( #1665 ), #1376, .T. ) ;
#1636 = CARTESIAN_POINT ( 'NONE',  ( -136.6748080621526356, -4.262026388480024686, 136.6748080621545114 ) ) ;
#1637 = CARTESIAN_POINT ( 'NONE',  ( -175.2896161243090489, -22.26202638848002735, -14.85462071109042093 ) ) ;
#1638 = CARTESIAN_POINT ( 'NONE',  ( -175.2896161243090489, -19.26202638848002735, -13.25462071109043194 ) ) ;
#1639 = DIRECTION ( 'NONE',  ( 0.000000000000000000, -1.000000000000000000, 0.000000000000000000 ) ) ;
#1640 = ORIENTED_EDGE ( 'NONE', *, *, #1486, .T. ) ;
#1641 = ORIENTED_EDGE ( 'NONE', *, *, #1064, .F. ) ;
#1642 = CARTESIAN_POINT ( 'NONE',  ( -53.61480806215413963, -4.262026388480024686, -53.61480806215463701 ) ) ;
#1643 = AXIS2_PLACEMENT_3D ( 'NONE', #1580, #151, #885 ) ;
#1644 = CARTESIAN_POINT ( 'NONE',  ( -205.2896161243082247, -18.25884038786822927, 13.14537928890957552 ) ) ;
#1645 = VECTOR ( 'NONE', #340, 1000.000000000000000 ) ;
#1646 = AXIS2_PLACEMENT_3D ( 'NONE', #1611, #156, #1597 ) ;
#1647 = EDGE_CURVE ( 'NONE', #77, #905, #787, .T. ) ;
#1648 = VECTOR ( 'NONE', #1429, 1000.000000000000000 ) ;
#1649 = CARTESIAN_POINT ( 'NONE',  ( -190.2896161243090489, -18.26202638848002735, -13.25462071109043194 ) ) ;
#1650 = DIRECTION ( 'NONE',  ( -0.000000000000000000, 1.000000000000000000, -0.000000000000000000 ) ) ;
#1651 = ORIENTED_EDGE ( 'NONE', *, *, #1815, .F. ) ;
#1652 = ORIENTED_EDGE ( 'NONE', *, *, #1784, .T. ) ;
#1653 = DIRECTION ( 'NONE',  ( 1.000000000000000000, 0.000000000000000000, 0.000000000000000000 ) ) ;
#1654 = DIRECTION ( 'NONE',  ( 0.000000000000000000, 0.000000000000000000, -1.000000000000000000 ) ) ;
#1655 = EDGE_CURVE ( 'NONE', #255, #233, #801, .T. ) ;
#1656 = CYLINDRICAL_SURFACE ( 'NONE', #770, 1.999999999999994893 ) ;
#1657 = DIRECTION ( 'NONE',  ( 0.000000000000000000, 0.000000000000000000, 1.000000000000000000 ) ) ;
#1658 = FACE_OUTER_BOUND ( 'NONE', #1125, .T. ) ;
#1659 = CARTESIAN_POINT ( 'NONE',  ( -205.2896161243082247, -18.25884038786822927, 13.14537928890957552 ) ) ;
#1660 = ORIENTED_EDGE ( 'NONE', *, *, #1142, .F. ) ;
#1661 = CARTESIAN_POINT ( 'NONE',  ( -201.6935997832871408, -18.24618541489923018, 16.44878480344245730 ) ) ;
#1662 = ORIENTED_EDGE ( 'NONE', *, *, #550, .T. ) ;
#1663 = EDGE_CURVE ( 'NONE', #1136, #351, #138, .T. ) ;
#1664 = CARTESIAN_POINT ( 'NONE',  ( -190.2896161243090489, -4.262026388480024686, 40.99999999999938893 ) ) ;
#1665 = FACE_OUTER_BOUND ( 'NONE', #1099, .T. ) ;
#1666 = EDGE_CURVE ( 'NONE', #692, #2, #66, .T. ) ;
#1667 = FACE_BOUND ( 'NONE', #947, .T. ) ;
#1668 = CARTESIAN_POINT ( 'NONE',  ( -205.2896161243090489, -7.262026388480027350, 16.74537928890956806 ) ) ;
#1669 = EDGE_LOOP ( 'NONE', ( #1419, #1730, #1082, #11 ) ) ;
#1670 = ORIENTED_EDGE ( 'NONE', *, *, #310, .T. ) ;
#1671 = LINE ( 'NONE', #101, #1216 ) ;
#1672 = AXIS2_PLACEMENT_3D ( 'NONE', #943, #1097, #828 ) ;
#1673 = AXIS2_PLACEMENT_3D ( 'NONE', #1363, #1088, #1261 ) ;
#1674 = TOROIDAL_SURFACE ( 'NONE', #1169, 20.99999999999999645, 6.000000000000000000 ) ;
#1675 = FACE_OUTER_BOUND ( 'NONE', #426, .T. ) ;
#1676 = B_SPLINE_CURVE_WITH_KNOTS ( 'NONE', 3,
 ( #119, #541, #254, #1115 ),
 .UNSPECIFIED., .F., .F.,
 ( 4, 4 ),
 ( 0.01224109055277490879, 0.01243479754838247575 ),
 .UNSPECIFIED. ) ;
#1677 = VERTEX_POINT ( 'NONE', #959 ) ;
#1678 = DIRECTION ( 'NONE',  ( 0.000000000000000000, -0.000000000000000000, -1.000000000000000000 ) ) ;
#1679 = DIRECTION ( 'NONE',  ( 0.000000000000000000, 1.000000000000000000, 0.000000000000000000 ) ) ;
#1680 = EDGE_CURVE ( 'NONE', #692, #1011, #1046, .T. ) ;
#1681 = ORIENTED_EDGE ( 'NONE', *, *, #1059, .F. ) ;
#1682 = ORIENTED_EDGE ( 'NONE', *, *, #1229, .T. ) ;
#1683 = DIRECTION ( 'NONE',  ( 0.000000000000000000, -0.000000000000000000, 1.000000000000000000 ) ) ;
#1684 = CARTESIAN_POINT ( 'NONE',  ( -176.2565620894370682, -18.17540987417233112, 13.26916264620583341 ) ) ;
#1685 = CARTESIAN_POINT ( 'NONE',  ( -210.8777114060707731, 1.537973611519975581, -23.01660316448185384 ) ) ;
#1686 = DIRECTION ( 'NONE',  ( 0.000000000000000000, 0.000000000000000000, -1.000000000000000000 ) ) ;
#1687 = EDGE_CURVE ( 'NONE', #143, #433, #646, .T. ) ;
#1688 = ORIENTED_EDGE ( 'NONE', *, *, #998, .F. ) ;
#1689 = ORIENTED_EDGE ( 'NONE', *, *, #611, .F. ) ;
#1690 = CARTESIAN_POINT ( 'NONE',  ( -175.2896161243090489, -22.26202638848002735, -11.65462071109044118 ) ) ;
#1691 = EDGE_LOOP ( 'NONE', ( #394, #1227 ) ) ;
#1692 = CARTESIAN_POINT ( 'NONE',  ( -178.8139856003042780, -18.19978725493992044, 15.97236730364405588 ) ) ;
#1693 = CARTESIAN_POINT ( 'NONE',  ( -175.2896161243090489, -18.25884038786825769, 13.14537928890957552 ) ) ;
#1694 = CARTESIAN_POINT ( 'NONE',  ( -175.2896161243090489, -7.262026388480027350, 16.74537928890956806 ) ) ;
#1695 = ORIENTED_EDGE ( 'NONE', *, *, #225, .F. ) ;
#1696 = ORIENTED_EDGE ( 'NONE', *, *, #726, .T. ) ;
#1697 = LINE ( 'NONE', #412, #1614 ) ;
#1698 = DIRECTION ( 'NONE',  ( 0.000000000000000000, 0.000000000000000000, -1.000000000000000000 ) ) ;
#1699 = VERTEX_POINT ( 'NONE', #1825 ) ;
#1700 = EDGE_CURVE ( 'NONE', #607, #703, #1558, .T. ) ;
#1701 = EDGE_CURVE ( 'NONE', #640, #1198, #354, .T. ) ;
#1702 = VECTOR ( 'NONE', #616, 1000.000000000000000 ) ;
#1703 = CIRCLE ( 'NONE', #1672, 3.599999999999992095 ) ;
#1704 =( GEOMETRIC_REPRESENTATION_CONTEXT ( 3 ) GLOBAL_UNCERTAINTY_ASSIGNED_CONTEXT ( ( #252 ) ) GLOBAL_UNIT_ASSIGNED_CONTEXT ( ( #840, #1295, #1416 ) ) REPRESENTATION_CONTEXT ( 'NONE', 'WORKASPACE' ) );
#1705 = CYLINDRICAL_SURFACE ( 'NONE', #1524, 9.000000000000007105 ) ;
#1706 = VECTOR ( 'NONE', #376, 1000.000000000000000 ) ;
#1707 = FACE_OUTER_BOUND ( 'NONE', #1444, .T. ) ;
#1708 = CARTESIAN_POINT ( 'NONE',  ( -205.2896161243090489, -19.26202638848002735, -13.25462071109043194 ) ) ;
#1709 = CIRCLE ( 'NONE', #567, 1.599999999999990319 ) ;
#1710 = ORIENTED_EDGE ( 'NONE', *, *, #998, .T. ) ;
#1711 = CARTESIAN_POINT ( 'NONE',  ( -169.7015208425473247, 1.537973611519975581, 28.47154394071548111 ) ) ;
#1712 = DIRECTION ( 'NONE',  ( 0.000000000000000000, 0.000000000000000000, 1.000000000000000000 ) ) ;
#1713 = ORIENTED_EDGE ( 'NONE', *, *, #1394, .T. ) ;
#1714 = ADVANCED_FACE ( 'NONE', ( #1675 ), #1250, .F. ) ;
#1715 = CARTESIAN_POINT ( 'NONE',  ( -177.5491383051596017, -18.02008752900475486, -10.44129285487433911 ) ) ;
#1716 = CARTESIAN_POINT ( 'NONE',  ( -149.6296161243090523, -4.262026388480024686, -38.90924142218025850 ) ) ;
#1717 = LINE ( 'NONE', #1133, #382 ) ;
#1718 = ORIENTED_EDGE ( 'NONE', *, *, #542, .F. ) ;
#1719 = DIRECTION ( 'NONE',  ( -0.000000000000000000, 1.000000000000000000, -0.000000000000000000 ) ) ;
#1720 = DIRECTION ( 'NONE',  ( 0.000000000000000000, -1.000000000000000000, 0.000000000000000000 ) ) ;
#1721 = ORIENTED_EDGE ( 'NONE', *, *, #515, .F. ) ;
#1722 = DIRECTION ( 'NONE',  ( 0.000000000000000000, -1.000000000000000000, 0.000000000000000000 ) ) ;
#1723 = ADVANCED_FACE ( 'NONE', ( #1396 ), #675, .F. ) ;
#1724 = CARTESIAN_POINT ( 'NONE',  ( -149.6296161243090523, -4.262026388480024686, 42.39999999999939462 ) ) ;
#1725 = CARTESIAN_POINT ( 'NONE',  ( -156.4896161243090660, -4.262026388480024686, -37.78336146153526443 ) ) ;
#1726 = EDGE_CURVE ( 'NONE', #982, #534, #621, .T. ) ;
#1727 = ORIENTED_EDGE ( 'NONE', *, *, #346, .F. ) ;
#1728 = LINE ( 'NONE', #308, #356 ) ;
#1729 = CARTESIAN_POINT ( 'NONE',  ( -205.2896161243090489, -19.26202638848002735, -16.85462071109042270 ) ) ;
#1730 = ORIENTED_EDGE ( 'NONE', *, *, #473, .T. ) ;
#1731 = LINE ( 'NONE', #583, #681 ) ;
#1732 = CIRCLE ( 'NONE', #1792, 1.599999999999990319 ) ;
#1733 = AXIS2_PLACEMENT_3D ( 'NONE', #1870, #1144, #1304 ) ;
#1734 = CARTESIAN_POINT ( 'NONE',  ( -190.2896161243090489, -10.26202638848002380, 1.745379288909568061 ) ) ;
#1735 = CARTESIAN_POINT ( 'NONE',  ( -205.2896161243090489, -22.26202638848002735, 18.34537928890955882 ) ) ;
#1736 = CIRCLE ( 'NONE', #171, 1.599999999999990319 ) ;
#1737 = AXIS2_PLACEMENT_3D ( 'NONE', #1802, #936, #629 ) ;
#1738 = ORIENTED_EDGE ( 'NONE', *, *, #1063, .T. ) ;
#1739 = ORIENTED_EDGE ( 'NONE', *, *, #955, .F. ) ;
#1740 = AXIS2_PLACEMENT_3D ( 'NONE', #1873, #1595, #1450 ) ;
#1741 = EDGE_CURVE ( 'NONE', #147, #1872, #458, .T. ) ;
#1742 = DIRECTION ( 'NONE',  ( -0.000000000000000000, 1.000000000000000000, -0.000000000000000000 ) ) ;
#1743 = CARTESIAN_POINT ( 'NONE',  ( -205.2896161243090489, -7.262026388480027350, -13.25462071109043194 ) ) ;
#1744 = DIRECTION ( 'NONE',  ( -0.000000000000000000, 1.000000000000000000, -0.000000000000000000 ) ) ;
#1745 = DIRECTION ( 'NONE',  ( 0.000000000000000000, 0.000000000000000000, -1.000000000000000000 ) ) ;
#1746 = DIRECTION ( 'NONE',  ( 0.000000000000000000, 1.000000000000000000, 0.000000000000000000 ) ) ;
#1747 = B_SPLINE_CURVE_WITH_KNOTS ( 'NONE', 3,
 ( #1106, #967, #933, #952 ),
 .UNSPECIFIED., .F., .F.,
 ( 4, 4 ),
 ( 0.01224109055277492440, 0.01243479754838252085 ),
 .UNSPECIFIED. ) ;
#1748 = ORIENTED_EDGE ( 'NONE', *, *, #630, .F. ) ;
#1749 = FACE_OUTER_BOUND ( 'NONE', #1847, .T. ) ;
#1750 = EDGE_CURVE ( 'NONE', #1236, #1448, #1414, .T. ) ;
#1751 = CARTESIAN_POINT ( 'NONE',  ( -230.9496161243090455, -0.2620263884800244636, 42.39999999999943725 ) ) ;
#1752 = CARTESIAN_POINT ( 'NONE',  ( -178.8842769286146677, -18.26202638848002735, -13.45061484872937640 ) ) ;
#1753 = DIRECTION ( 'NONE',  ( -1.000000000000000000, 0.000000000000000000, 0.000000000000000000 ) ) ;
#1754 = ORIENTED_EDGE ( 'NONE', *, *, #917, .T. ) ;
#1755 = CARTESIAN_POINT ( 'NONE',  ( -190.2896161243090489, -10.26202638848002380, -19.25462071109042839 ) ) ;
#1756 = DIRECTION ( 'NONE',  ( -0.000000000000000000, 1.000000000000000000, -0.000000000000000000 ) ) ;
#1757 = DIRECTION ( 'NONE',  ( 0.7071067811865524577, -0.000000000000000000, 0.7071067811865425767 ) ) ;
#1758 = SHAPE_DEFINITION_REPRESENTATION ( #1041, #1355 ) ;
#1759 = EDGE_CURVE ( 'NONE', #534, #208, #104, .T. ) ;
#1760 = FACE_OUTER_BOUND ( 'NONE', #1627, .T. ) ;
#1761 = CARTESIAN_POINT ( 'NONE',  ( -190.2896161243090489, -14.26202638848002735, -17.25462071109043194 ) ) ;
#1762 = CIRCLE ( 'NONE', #1555, 1.599999999999990319 ) ;
#1763 = ORIENTED_EDGE ( 'NONE', *, *, #688, .T. ) ;
#1764 = ORIENTED_EDGE ( 'NONE', *, *, #1701, .T. ) ;
#1765 = DIRECTION ( 'NONE',  ( -0.000000000000000000, 1.000000000000000000, -0.000000000000000000 ) ) ;
#1766 = CIRCLE ( 'NONE', #710, 1.599999999999990319 ) ;
#1767 = AXIS2_PLACEMENT_3D ( 'NONE', #1560, #284, #856 ) ;
#1768 = AXIS2_PLACEMENT_3D ( 'NONE', #464, #1036, #1613 ) ;
#1769 = CARTESIAN_POINT ( 'NONE',  ( -202.3570729934776580, -18.03196829085558761, -11.15220352648054813 ) ) ;
#1770 = AXIS2_PLACEMENT_3D ( 'NONE', #317, #730, #887 ) ;
#1771 = EDGE_CURVE ( 'NONE', #703, #233, #1731, .T. ) ;
#1772 = DIRECTION ( 'NONE',  ( 0.000000000000000000, -1.000000000000000000, 0.000000000000000000 ) ) ;
#1773 = CARTESIAN_POINT ( 'NONE',  ( -149.6296161243090523, -4.262026388480024686, 45.39999999999940172 ) ) ;
#1774 = ORIENTED_EDGE ( 'NONE', *, *, #238, .F. ) ;
#1775 = CARTESIAN_POINT ( 'NONE',  ( -227.9496161243090171, -0.2620263884800244636, -41.90924142218027981 ) ) ;
#1776 = PLANE ( 'NONE',  #1247 ) ;
#1777 = CARTESIAN_POINT ( 'NONE',  ( -204.3226701591809444, -18.17540987417232046, -9.778404068386691961 ) ) ;
#1778 = DIRECTION ( 'NONE',  ( 1.000000000000000000, 0.000000000000000000, 0.000000000000000000 ) ) ;
#1779 = DIRECTION ( 'NONE',  ( 0.000000000000000000, -1.000000000000000000, 0.000000000000000000 ) ) ;
#1780 = FACE_OUTER_BOUND ( 'NONE', #1423, .T. ) ;
#1781 = ORIENTED_EDGE ( 'NONE', *, *, #1195, .F. ) ;
#1782 = ORIENTED_EDGE ( 'NONE', *, *, #1176, .F. ) ;
#1783 = DIRECTION ( 'NONE',  ( 0.000000000000000000, 0.000000000000000000, -1.000000000000000000 ) ) ;
#1784 = EDGE_CURVE ( 'NONE', #1198, #640, #769, .T. ) ;
#1785 = CARTESIAN_POINT ( 'NONE',  ( -204.0924624723642751, -18.14325490278630681, 13.34162425448187683 ) ) ;
#1786 = CARTESIAN_POINT ( 'NONE',  ( -175.2896161243090489, -7.262026388480027350, 20.34537928890955882 ) ) ;
#1787 = CARTESIAN_POINT ( 'NONE',  ( -175.1587767884445270, -18.26202638848002735, 13.14716600500100085 ) ) ;
#1788 = ORIENTED_EDGE ( 'NONE', *, *, #1612, .F. ) ;
#1789 = ORIENTED_EDGE ( 'NONE', *, *, #758, .T. ) ;
#1790 = DIRECTION ( 'NONE',  ( 0.000000000000000000, 0.000000000000000000, -1.000000000000000000 ) ) ;
#1791 = EDGE_CURVE ( 'NONE', #478, #163, #725, .T. ) ;
#1792 = AXIS2_PLACEMENT_3D ( 'NONE', #91, #1548, #1123 ) ;
#1793 = VECTOR ( 'NONE', #39, 1000.000000000000000 ) ;
#1794 = PRODUCT_DEFINITION_FORMATION_WITH_SPECIFIED_SOURCE ( 'ANY', '', #935, .NOT_KNOWN. ) ;
#1795 = AXIS2_PLACEMENT_3D ( 'NONE', #1128, #793, #1698 ) ;
#1796 = CIRCLE ( 'NONE', #203, 1.599999999999990319 ) ;
#1797 = LINE ( 'NONE', #1177, #1251 ) ;
#1798 = DIRECTION ( 'NONE',  ( 0.000000000000000000, 0.000000000000000000, -1.000000000000000000 ) ) ;
#1799 = PLANE ( 'NONE',  #531 ) ;
#1800 = CARTESIAN_POINT ( 'NONE',  ( -224.0896161243090603, -4.262026388480024686, -37.78336146153526443 ) ) ;
#1801 = VERTEX_POINT ( 'NONE', #1159 ) ;
#1802 = CARTESIAN_POINT ( 'NONE',  ( -190.2896161243090489, -18.26202638848002735, 1.745379288909568061 ) ) ;
#1803 = EDGE_CURVE ( 'NONE', #235, #532, #1736, .T. ) ;
#1804 = ADVANCED_FACE ( 'NONE', ( #140 ), #1705, .F. ) ;
#1805 = CARTESIAN_POINT ( 'NONE',  ( -175.2896161243090489, -22.26202638848002735, -13.25462071109043194 ) ) ;
#1806 = DIRECTION ( 'NONE',  ( 1.000000000000000000, 0.000000000000000000, -1.224646799147353207E-16 ) ) ;
#1807 = ORIENTED_EDGE ( 'NONE', *, *, #799, .T. ) ;
#1808 = FACE_BOUND ( 'NONE', #1691, .T. ) ;
#1809 = FACE_OUTER_BOUND ( 'NONE', #1235, .T. ) ;
#1810 = ORIENTED_EDGE ( 'NONE', *, *, #1415, .T. ) ;
#1811 = ORIENTED_EDGE ( 'NONE', *, *, #1771, .T. ) ;
#1812 = CARTESIAN_POINT ( 'NONE',  ( -205.2896161243090489, -19.26202638848002735, -13.25462071109043194 ) ) ;
#1813 = EDGE_LOOP ( 'NONE', ( #42, #1010, #219, #335 ) ) ;
#1814 = PRODUCT_RELATED_PRODUCT_CATEGORY ( 'part', '', ( #935 ) ) ;
#1815 = EDGE_CURVE ( 'NONE', #278, #1340, #733, .T. ) ;
#1816 = CARTESIAN_POINT ( 'NONE',  ( -175.2896161243090489, -18.25884038786825769, 13.14537928890957552 ) ) ;
#1817 = DIRECTION ( 'NONE',  ( 0.000000000000000000, -1.000000000000000000, 0.000000000000000000 ) ) ;
#1818 = CARTESIAN_POINT ( 'NONE',  ( 0.000000000000000000, -22.26202638848002735, 22.74537928890956451 ) ) ;
#1819 = EDGE_LOOP ( 'NONE', ( #932, #1682, #182, #599 ) ) ;
#1820 = ORIENTED_EDGE ( 'NONE', *, *, #1680, .T. ) ;
#1821 = DIRECTION ( 'NONE',  ( 0.000000000000000000, 0.000000000000000000, 1.000000000000000000 ) ) ;
#1822 = AXIS2_PLACEMENT_3D ( 'NONE', #1694, #812, #98 ) ;
#1823 = CIRCLE ( 'NONE', #75, 1.599999999999990319 ) ;
#1824 = CIRCLE ( 'NONE', #1737, 19.00000000000000000 ) ;
#1825 = CARTESIAN_POINT ( 'NONE',  ( -152.6296161243090808, -0.2620263884800244636, 45.39999999999940172 ) ) ;
#1826 = EDGE_CURVE ( 'NONE', #707, #125, #149, .T. ) ;
#1827 = CARTESIAN_POINT ( 'NONE',  ( -175.2896161243090489, -19.26202638848002735, 16.74537928890956806 ) ) ;
#1828 = DIRECTION ( 'NONE',  ( 0.000000000000000000, -1.000000000000000000, 0.000000000000000000 ) ) ;
#1829 = EDGE_LOOP ( 'NONE', ( #571, #1293, #1582, #1039 ) ) ;
#1830 = VERTEX_POINT ( 'NONE', #1843 ) ;
#1831 = DIRECTION ( 'NONE',  ( 0.000000000000000000, 0.000000000000000000, 1.000000000000000000 ) ) ;
#1832 = ORIENTED_EDGE ( 'NONE', *, *, #1050, .F. ) ;
#1833 = DIRECTION ( 'NONE',  ( 0.000000000000000000, -1.000000000000000000, 0.000000000000000000 ) ) ;
#1834 = FACE_OUTER_BOUND ( 'NONE', #1413, .T. ) ;
#1835 = FACE_OUTER_BOUND ( 'NONE', #538, .T. ) ;
#1836 = EDGE_LOOP ( 'NONE', ( #1696, #1616, #1038, #1298 ) ) ;
#1837 = VERTEX_POINT ( 'NONE', #556 ) ;
#1838 = ADVANCED_FACE ( 'NONE', ( #1432 ), #1007, .F. ) ;
#1839 = EDGE_CURVE ( 'NONE', #1437, #43, #1310, .T. ) ;
#1840 = DIRECTION ( 'NONE',  ( 0.000000000000000000, -1.000000000000000000, 0.000000000000000000 ) ) ;
#1841 = CARTESIAN_POINT ( 'NONE',  ( -169.2896161243090489, -18.26202638848002735, 22.74537928890956451 ) ) ;
#1842 = ORIENTED_EDGE ( 'NONE', *, *, #858, .F. ) ;
#1843 = CARTESIAN_POINT ( 'NONE',  ( -156.4896161243090660, -0.2620263884800244636, -37.78336146153526443 ) ) ;
#1844 = CARTESIAN_POINT ( 'NONE',  ( -205.4856102619480112, -18.26202638848002735, -9.659959906784816752 ) ) ;
#1845 = DIRECTION ( 'NONE',  ( 0.7071067811865491270, -0.000000000000000000, 0.7071067811865459074 ) ) ;
#1846 = ORIENTED_EDGE ( 'NONE', *, *, #1849, .F. ) ;
#1847 = EDGE_LOOP ( 'NONE', ( #551, #1807, #34, #67 ) ) ;
#1848 = DIRECTION ( 'NONE',  ( 0.000000000000000000, 0.000000000000000000, -1.000000000000000000 ) ) ;
#1849 = EDGE_CURVE ( 'NONE', #351, #1545, #1112, .T. ) ;
#1850 = CARTESIAN_POINT ( 'NONE',  ( -169.7015208425473247, 1.537973611519975581, -23.01660316448185384 ) ) ;
#1851 = VERTEX_POINT ( 'NONE', #1587 ) ;
#1852 = AXIS2_PLACEMENT_3D ( 'NONE', #330, #190, #764 ) ;
#1853 = ORIENTED_EDGE ( 'NONE', *, *, #1193, .F. ) ;
#1854 = CIRCLE ( 'NONE', #948, 3.599999999999992095 ) ;
#1855 = AXIS2_PLACEMENT_3D ( 'NONE', #1755, #1325, #906 ) ;
#1856 = DIRECTION ( 'NONE',  ( 0.000000000000000000, 0.000000000000000000, 1.000000000000000000 ) ) ;
#1857 = VECTOR ( 'NONE', #1203, 1000.000000000000000 ) ;
#1858 = CIRCLE ( 'NONE', #683, 1.599999999999990319 ) ;
#1859 = CARTESIAN_POINT ( 'NONE',  ( -190.2896161243090489, -4.262026388480024686, -19.25462071109042839 ) ) ;
#1860 = LINE ( 'NONE', #569, #1433 ) ;
#1861 = CIRCLE ( 'NONE', #232, 1.999999999999994893 ) ;
#1862 = ORIENTED_EDGE ( 'NONE', *, *, #734, .F. ) ;
#1863 = EDGE_LOOP ( 'NONE', ( #419, #714, #83, #281 ) ) ;
#1864 = CARTESIAN_POINT ( 'NONE',  ( -156.4896161243090660, -4.262026388480024686, -35.78336146153526443 ) ) ;
#1865 = LINE ( 'NONE', #573, #202 ) ;
#1866 = EDGE_CURVE ( 'NONE', #215, #112, #1303, .T. ) ;
#1867 = ORIENTED_EDGE ( 'NONE', *, *, #1140, .F. ) ;
#1868 = EDGE_CURVE ( 'NONE', #144, #188, #1630, .T. ) ;
#1869 = CARTESIAN_POINT ( 'NONE',  ( -178.5834483268331496, -18.10623555290445807, -11.78146720258092728 ) ) ;
#1870 = CARTESIAN_POINT ( 'NONE',  ( -175.2896161243090489, -22.26202638848002735, -13.25462071109043194 ) ) ;
#1871 = LINE ( 'NONE', #585, #620 ) ;
#1872 = VERTEX_POINT ( 'NONE', #31 ) ;
#1873 = CARTESIAN_POINT ( 'NONE',  ( -205.2896161243090489, -19.26202638848002735, 16.74537928890956806 ) ) ;
ENDSEC;
END-ISO-10303-21;
