ISO-10303-21;
HEADER;
FILE_DESCRIPTION (( 'STEP AP214' ),
    '1' );
FILE_NAME ('enigma cf plate bottom.STEP',
    '2025-06-20T17:27:25',
    ( '' ),
    ( '' ),
    'SwSTEP 2.0',
    'SolidWorks 2023',
    '' );
FILE_SCHEMA (( 'AUTOMOTIVE_DESIGN' ));
ENDSEC;

DATA;
#1 = DIRECTION ( 'NONE',  ( 0.000000000000000000, 0.000000000000000000, -1.000000000000000000 ) ) ;
#2 = EDGE_CURVE ( 'NONE', #1589, #2208, #2210, .T. ) ;
#3 = CARTESIAN_POINT ( 'NONE',  ( 0.09386306146744580192, 0.07681453402145960174, 0.000000000000000000 ) ) ;
#4 = ORIENTED_EDGE ( 'NONE', *, *, #692, .T. ) ;
#5 = CIRCLE ( 'NONE', #411, 0.001499999999999668265 ) ;
#6 = EDGE_LOOP ( 'NONE', ( #64, #2001, #197, #2197 ) ) ;
#7 = VECTOR ( 'NONE', #2176, 1.000000000000000000 ) ;
#8 = VECTOR ( 'NONE', #994, 1.000000000000000000 ) ;
#9 = DIRECTION ( 'NONE',  ( 1.000000000000000000, 0.000000000000000000, 0.000000000000000000 ) ) ;
#10 = VECTOR ( 'NONE', #246, 1.000000000000000000 ) ;
#11 = DIRECTION ( 'NONE',  ( -0.000000000000000000, -0.000000000000000000, 1.000000000000000000 ) ) ;
#12 = VERTEX_POINT ( 'NONE', #871 ) ;
#13 = DIRECTION ( 'NONE',  ( 0.000000000000000000, 0.000000000000000000, 1.000000000000000000 ) ) ;
#14 = CARTESIAN_POINT ( 'NONE',  ( 0.1216244264730040048, 0.08700958727865409914, 0.000000000000000000 ) ) ;
#15 = CARTESIAN_POINT ( 'NONE',  ( -0.02707229364317199904, 0.07123628171287620103, 0.000000000000000000 ) ) ;
#16 = CARTESIAN_POINT ( 'NONE',  ( 0.09579079552821556653, 0.1128432182234423847, 0.003000000000000000062 ) ) ;
#17 = ORIENTED_EDGE ( 'NONE', *, *, #334, .F. ) ;
#18 = ORIENTED_EDGE ( 'NONE', *, *, #1993, .F. ) ;
#19 = CARTESIAN_POINT ( 'NONE',  ( -0.06575981277133230440, 0.08700958727864489817, 0.000000000000000000 ) ) ;
#20 = EDGE_LOOP ( 'NONE', ( #2406, #1393, #1339, #1304 ) ) ;
#21 = CIRCLE ( 'NONE', #1520, 0.001499999999999987454 ) ;
#22 = FACE_OUTER_BOUND ( 'NONE', #474, .T. ) ;
#23 = ORIENTED_EDGE ( 'NONE', *, *, #1391, .T. ) ;
#24 = CARTESIAN_POINT ( 'NONE',  ( -0.02092291545752369974, -0.01149612409153292006, 0.000000000000000000 ) ) ;
#25 = CARTESIAN_POINT ( 'NONE',  ( 0.1216244264730040048, -0.03341880784296014789, 0.000000000000000000 ) ) ;
#26 = CARTESIAN_POINT ( 'NONE',  ( 0.1216244264730040048, -0.03341880784296014789, 0.000000000000000000 ) ) ;
#27 = AXIS2_PLACEMENT_3D ( 'NONE', #322, #855, #1651 ) ;
#28 = EDGE_CURVE ( 'NONE', #2130, #2373, #2416, .T. ) ;
#29 = VERTEX_POINT ( 'NONE', #311 ) ;
#30 = VERTEX_POINT ( 'NONE', #940 ) ;
#31 = EDGE_CURVE ( 'NONE', #277, #2008, #1570, .T. ) ;
#32 = CARTESIAN_POINT ( 'NONE',  ( -0.06575981277133230440, -0.03341880784295089835, 0.000000000000000000 ) ) ;
#33 = AXIS2_PLACEMENT_3D ( 'NONE', #1890, #516, #1293 ) ;
#34 = ORIENTED_EDGE ( 'NONE', *, *, #1740, .T. ) ;
#35 = CYLINDRICAL_SURFACE ( 'NONE', #1866, 0.001500000000009896195 ) ;
#36 = ORIENTED_EDGE ( 'NONE', *, *, #865, .T. ) ;
#37 = DIRECTION ( 'NONE',  ( -1.000000000000000000, 0.000000000000000000, 0.000000000000000000 ) ) ;
#38 = CARTESIAN_POINT ( 'NONE',  ( -0.07131769314731559173, 0.08679538971784969692, 0.000000000000000000 ) ) ;
#39 = DIRECTION ( 'NONE',  ( 0.000000000000000000, 0.000000000000000000, 1.000000000000000000 ) ) ;
#40 = ORIENTED_EDGE ( 'NONE', *, *, #2413, .T. ) ;
#41 = ORIENTED_EDGE ( 'NONE', *, *, #491, .T. ) ;
#42 = CIRCLE ( 'NONE', #1416, 0.001500000000000001332 ) ;
#43 = CARTESIAN_POINT ( 'NONE',  ( -0.06575981277133230440, 0.08700958727864489817, 0.000000000000000000 ) ) ;
#44 = VECTOR ( 'NONE', #825, 1.000000000000000000 ) ;
#45 = ADVANCED_FACE ( 'NONE', ( #777 ), #1753, .F. ) ;
#46 = ORIENTED_EDGE ( 'NONE', *, *, #374, .T. ) ;
#47 = AXIS2_PLACEMENT_3D ( 'NONE', #301, #521, #114 ) ;
#48 = CARTESIAN_POINT ( 'NONE',  ( 0.1286823068508390067, 0.08679538971784969692, 0.000000000000000000 ) ) ;
#49 = CIRCLE ( 'NONE', #462, 0.001500000000008896994 ) ;
#50 = EDGE_LOOP ( 'NONE', ( #1049, #639, #434, #989 ) ) ;
#51 = LINE ( 'NONE', #1209, #1742 ) ;
#52 = CARTESIAN_POINT ( 'NONE',  ( -0.05736552165537646408, -0.04031309895953068267, -0.007000000000000000146 ) ) ;
#53 = CARTESIAN_POINT ( 'NONE',  ( 0.02868230685083995174, 0.09786218662219439701, 0.000000000000000000 ) ) ;
#54 = CIRCLE ( 'NONE', #1023, 0.001499999999999987454 ) ;
#55 = ORIENTED_EDGE ( 'NONE', *, *, #781, .T. ) ;
#56 = ORIENTED_EDGE ( 'NONE', *, *, #2051, .F. ) ;
#57 = VECTOR ( 'NONE', #1169, 1.000000000000000000 ) ;
#58 = EDGE_CURVE ( 'NONE', #1282, #244, #1243, .T. ) ;
#59 = LINE ( 'NONE', #844, #10 ) ;
#60 = ORIENTED_EDGE ( 'NONE', *, *, #88, .T. ) ;
#61 = EDGE_LOOP ( 'NONE', ( #673, #92 ) ) ;
#62 = VECTOR ( 'NONE', #1902, 1.000000000000000000 ) ;
#63 = DIRECTION ( 'NONE',  ( 0.000000000000000000, 0.000000000000000000, 1.000000000000000000 ) ) ;
#64 = ORIENTED_EDGE ( 'NONE', *, *, #1718, .T. ) ;
#65 = CARTESIAN_POINT ( 'NONE',  ( 0.1147301353564351423, 0.09390387839522292002, 0.003000000000000000062 ) ) ;
#66 = DIRECTION ( 'NONE',  ( 0.000000000000000000, 0.000000000000000000, 1.000000000000000000 ) ) ;
#67 = CYLINDRICAL_SURFACE ( 'NONE', #961, 0.001500000000009896195 ) ;
#68 = CIRCLE ( 'NONE', #1439, 0.001549999999999999295 ) ;
#69 = ORIENTED_EDGE ( 'NONE', *, *, #1871, .F. ) ;
#70 = ORIENTED_EDGE ( 'NONE', *, *, #2167, .T. ) ;
#71 = CARTESIAN_POINT ( 'NONE',  ( 0.08889650441164670402, -0.06614672990431730293, 0.000000000000000000 ) ) ;
#72 = ORIENTED_EDGE ( 'NONE', *, *, #74, .T. ) ;
#73 = ORIENTED_EDGE ( 'NONE', *, *, #1444, .F. ) ;
#74 = EDGE_CURVE ( 'NONE', #1600, #78, #481, .T. ) ;
#75 = ORIENTED_EDGE ( 'NONE', *, *, #585, .T. ) ;
#76 = CARTESIAN_POINT ( 'NONE',  ( 0.09386306146744580192, -0.02322375458576559845, 0.003000000000000000062 ) ) ;
#77 = VECTOR ( 'NONE', #2456, 1.000000000000000000 ) ;
#78 = VERTEX_POINT ( 'NONE', #1917 ) ;
#79 = FACE_BOUND ( 'NONE', #1613, .T. ) ;
#80 = LINE ( 'NONE', #2235, #1316 ) ;
#81 = DIRECTION ( 'NONE',  ( -0.000000000000000000, -0.000000000000000000, 1.000000000000000000 ) ) ;
#82 = EDGE_CURVE ( 'NONE', #671, #1134, #1712, .T. ) ;
#83 = ORIENTED_EDGE ( 'NONE', *, *, #1922, .T. ) ;
#84 = DIRECTION ( 'NONE',  ( 0.000000000000000000, 0.000000000000000000, 1.000000000000000000 ) ) ;
#85 = ORIENTED_EDGE ( 'NONE', *, *, #2167, .F. ) ;
#86 = ORIENTED_EDGE ( 'NONE', *, *, #1260, .F. ) ;
#87 = EDGE_LOOP ( 'NONE', ( #660, #1714, #1820, #1284 ) ) ;
#88 = EDGE_CURVE ( 'NONE', #2136, #1321, #787, .T. ) ;
#89 = VERTEX_POINT ( 'NONE', #1750 ) ;
#90 = LINE ( 'NONE', #48, #816 ) ;
#91 = CIRCLE ( 'NONE', #1014, 0.001500000000008900464 ) ;
#92 = ORIENTED_EDGE ( 'NONE', *, *, #849, .F. ) ;
#93 = CARTESIAN_POINT ( 'NONE',  ( 0.09386306146744580192, -0.02322375458576559845, 0.000000000000000000 ) ) ;
#94 = LINE ( 'NONE', #1480, #553 ) ;
#95 = DIRECTION ( 'NONE',  ( 0.000000000000000000, 0.000000000000000000, 1.000000000000000000 ) ) ;
#96 = AXIS2_PLACEMENT_3D ( 'NONE', #1980, #1008, #2161 ) ;
#97 = DIRECTION ( 'NONE',  ( 1.000000000000000000, 0.000000000000000000, 0.000000000000000000 ) ) ;
#98 = EDGE_LOOP ( 'NONE', ( #832, #1464 ) ) ;
#99 = AXIS2_PLACEMENT_3D ( 'NONE', #412, #1344, #181 ) ;
#100 = VERTEX_POINT ( 'NONE', #1734 ) ;
#101 = DIRECTION ( 'NONE',  ( -0.000000000000000000, -0.000000000000000000, 1.000000000000000000 ) ) ;
#102 = VECTOR ( 'NONE', #2484, 0.9999999999999998890 ) ;
#103 = CARTESIAN_POINT ( 'NONE',  ( -0.03649844776576580130, -0.02322375458576559845, 0.000000000000000000 ) ) ;
#104 = DIRECTION ( 'NONE',  ( -0.000000000000000000, -0.000000000000000000, 1.000000000000000000 ) ) ;
#105 = CARTESIAN_POINT ( 'NONE',  ( -0.03842618182715702713, -0.05925243878775028616, 0.003000000000000000062 ) ) ;
#106 = FACE_OUTER_BOUND ( 'NONE', #856, .T. ) ;
#107 = EDGE_CURVE ( 'NONE', #29, #1174, #1150, .T. ) ;
#108 = EDGE_CURVE ( 'NONE', #1982, #1963, #2333, .T. ) ;
#109 = CIRCLE ( 'NONE', #2204, 0.001499999999999987454 ) ;
#110 = DIRECTION ( 'NONE',  ( 0.000000000000000000, 0.000000000000000000, 1.000000000000000000 ) ) ;
#111 = EDGE_LOOP ( 'NONE', ( #2186, #2355, #285, #72 ) ) ;
#112 = EDGE_CURVE ( 'NONE', #244, #1778, #587, .T. ) ;
#113 = VERTEX_POINT ( 'NONE', #975 ) ;
#114 = DIRECTION ( 'NONE',  ( 1.000000000000000000, 0.000000000000000000, 0.000000000000000000 ) ) ;
#115 = DIRECTION ( 'NONE',  ( -0.7071067811865200392, -0.7071067811865749952, 0.000000000000000000 ) ) ;
#116 = DIRECTION ( 'NONE',  ( 0.000000000000000000, 0.000000000000000000, -1.000000000000000000 ) ) ;
#117 = CARTESIAN_POINT ( 'NONE',  ( -0.03799844776576580263, -0.02322375458576559845, 0.000000000000000000 ) ) ;
#118 = AXIS2_PLACEMENT_3D ( 'NONE', #1074, #2203, #294 ) ;
#119 = CARTESIAN_POINT ( 'NONE',  ( 0.1216244264730040048, 0.08700958727865409914, 0.000000000000000000 ) ) ;
#120 = DIRECTION ( 'NONE',  ( 0.000000000000000000, 0.000000000000000000, 1.000000000000000000 ) ) ;
#121 = DIRECTION ( 'NONE',  ( 6.193999293214080243E-16, 1.000000000000000000, 0.000000000000000000 ) ) ;
#122 = CARTESIAN_POINT ( 'NONE',  ( -0.07131769314915999136, 0.08679538971784700463, 0.000000000000000000 ) ) ;
#123 = VERTEX_POINT ( 'NONE', #1157 ) ;
#124 = ORIENTED_EDGE ( 'NONE', *, *, #920, .T. ) ;
#125 = CARTESIAN_POINT ( 'NONE',  ( 3.369704136303144828E-05, -0.01143436501375689855, 0.000000000000000000 ) ) ;
#126 = EDGE_CURVE ( 'NONE', #231, #237, #185, .T. ) ;
#127 = DIRECTION ( 'NONE',  ( 0.6858072767399776559, -0.7277831951690666434, 0.000000000000000000 ) ) ;
#128 = FACE_OUTER_BOUND ( 'NONE', #198, .T. ) ;
#129 = CARTESIAN_POINT ( 'NONE',  ( 0.08443690734485209681, -0.01764550227718194794, 0.000000000000000000 ) ) ;
#130 = VECTOR ( 'NONE', #115, 1.000000000000000000 ) ;
#131 = CIRCLE ( 'NONE', #1546, 0.001500000000009896195 ) ;
#132 = ADVANCED_FACE ( 'NONE', ( #207 ), #2486, .F. ) ;
#133 = AXIS2_PLACEMENT_3D ( 'NONE', #1924, #2470, #189 ) ;
#134 = ORIENTED_EDGE ( 'NONE', *, *, #1155, .T. ) ;
#135 = DIRECTION ( 'NONE',  ( -0.7277831951690647561, 0.6858072767399797653, 0.000000000000000000 ) ) ;
#136 = ADVANCED_FACE ( 'NONE', ( #1931 ), #1366, .F. ) ;
#137 = CARTESIAN_POINT ( 'NONE',  ( 0.1216244264730040048, 0.08700958727865409914, 0.003000000000000000062 ) ) ;
#138 = VERTEX_POINT ( 'NONE', #369 ) ;
#139 = EDGE_CURVE ( 'NONE', #2267, #453, #397, .T. ) ;
#140 = CARTESIAN_POINT ( 'NONE',  ( -0.05886552165506629686, 0.09390387839553272775, 0.000000000000000000 ) ) ;
#141 = LINE ( 'NONE', #1897, #1335 ) ;
#142 = DIRECTION ( 'NONE',  ( 1.000000000000000000, 0.000000000000000000, 0.000000000000000000 ) ) ;
#143 = DIRECTION ( 'NONE',  ( 0.000000000000000000, 0.000000000000000000, -1.000000000000000000 ) ) ;
#144 = LINE ( 'NONE', #193, #62 ) ;
#145 = CARTESIAN_POINT ( 'NONE',  ( 0.08443690734485209681, -0.01764550227718194794, -0.007000000000000000146 ) ) ;
#146 = VERTEX_POINT ( 'NONE', #1928 ) ;
#147 = DIRECTION ( 'NONE',  ( 0.000000000000000000, 0.000000000000000000, -1.000000000000000000 ) ) ;
#148 = B_SPLINE_CURVE_WITH_KNOTS ( 'NONE', 2,
 ( #1116, #1886, #329 ),
 .UNSPECIFIED., .F., .F.,
 ( 3, 3 ),
 ( 0.000000000000000000, 1.000000000000000000 ),
 .UNSPECIFIED. ) ;
#149 = ORIENTED_EDGE ( 'NONE', *, *, #2349, .F. ) ;
#150 = DIRECTION ( 'NONE',  ( 1.000000000000000000, 0.000000000000000000, 0.000000000000000000 ) ) ;
#151 = EDGE_CURVE ( 'NONE', #1569, #1449, #1497, .T. ) ;
#152 = PLANE ( 'NONE',  #172 ) ;
#153 = CARTESIAN_POINT ( 'NONE',  ( 0.1147301353564351423, 0.09390387839522292002, 0.003000000000000000062 ) ) ;
#154 = DIRECTION ( 'NONE',  ( -1.000000000000000000, 0.000000000000000000, 0.000000000000000000 ) ) ;
#155 = DIRECTION ( 'NONE',  ( -9.251858538542760807E-15, 1.000000000000000000, 0.000000000000000000 ) ) ;
#156 = PLANE ( 'NONE',  #1242 ) ;
#157 = EDGE_CURVE ( 'NONE', #453, #231, #2126, .T. ) ;
#158 = EDGE_CURVE ( 'NONE', #1965, #1713, #2475, .T. ) ;
#159 = VECTOR ( 'NONE', #490, 1.000000000000000000 ) ;
#160 = EDGE_LOOP ( 'NONE', ( #1233, #414 ) ) ;
#161 = LINE ( 'NONE', #321, #1774 ) ;
#162 = ORIENTED_EDGE ( 'NONE', *, *, #683, .F. ) ;
#163 = ORIENTED_EDGE ( 'NONE', *, *, #887, .T. ) ;
#164 = CARTESIAN_POINT ( 'NONE',  ( -0.03131769314916305058, -0.07320461028215301258, 0.003000000000000000062 ) ) ;
#165 = CARTESIAN_POINT ( 'NONE',  ( 0.08889650441164670402, -0.06614672990431730293, 0.000000000000000000 ) ) ;
#166 = DIRECTION ( 'NONE',  ( -1.000000000000000000, 0.000000000000000000, 0.000000000000000000 ) ) ;
#167 = DIRECTION ( 'NONE',  ( 1.000000000000000000, 0.000000000000000000, 0.000000000000000000 ) ) ;
#168 = CYLINDRICAL_SURFACE ( 'NONE', #1099, 0.001499999999999994393 ) ;
#169 = CARTESIAN_POINT ( 'NONE',  ( 0.08868230685083990095, -0.07320461028215301258, 0.003000000000000000062 ) ) ;
#170 = DIRECTION ( 'NONE',  ( 0.000000000000000000, 0.000000000000000000, -1.000000000000000000 ) ) ;
#171 = VECTOR ( 'NONE', #449, 1.000000000000000000 ) ;
#172 = AXIS2_PLACEMENT_3D ( 'NONE', #2060, #338, #2443 ) ;
#173 = EDGE_LOOP ( 'NONE', ( #2080, #654, #1046, #1396 ) ) ;
#174 = AXIS2_PLACEMENT_3D ( 'NONE', #1426, #63, #2146 ) ;
#175 = ORIENTED_EDGE ( 'NONE', *, *, #1190, .T. ) ;
#176 = EDGE_LOOP ( 'NONE', ( #1034, #1576, #1109, #259 ) ) ;
#177 = CARTESIAN_POINT ( 'NONE',  ( 0.09429079552790635421, -0.05925243878806000369, 0.000000000000000000 ) ) ;
#178 = CARTESIAN_POINT ( 'NONE',  ( 0.04852055313692039962, -0.05149033028815039326, 0.000000000000000000 ) ) ;
#179 = VERTEX_POINT ( 'NONE', #2092 ) ;
#180 = DIRECTION ( 'NONE',  ( -0.000000000000000000, -0.000000000000000000, 1.000000000000000000 ) ) ;
#181 = DIRECTION ( 'NONE',  ( 1.000000000000000000, 0.000000000000000000, 0.000000000000000000 ) ) ;
#182 = EDGE_CURVE ( 'NONE', #1174, #29, #2039, .T. ) ;
#183 = ADVANCED_FACE ( 'NONE', ( #1878 ), #1341, .F. ) ;
#184 = VECTOR ( 'NONE', #1302, 1.000000000000000000 ) ;
#185 = LINE ( 'NONE', #952, #57 ) ;
#186 = ORIENTED_EDGE ( 'NONE', *, *, #112, .F. ) ;
#187 = VERTEX_POINT ( 'NONE', #724 ) ;
#188 = CARTESIAN_POINT ( 'NONE',  ( 0.02868230685083850151, -0.05205333656652130075, 0.000000000000000000 ) ) ;
#189 = DIRECTION ( 'NONE',  ( 1.000000000000000000, 0.000000000000000000, 0.000000000000000000 ) ) ;
#190 = EDGE_CURVE ( 'NONE', #2351, #146, #1222, .T. ) ;
#191 = DIRECTION ( 'NONE',  ( 0.000000000000000000, 0.000000000000000000, 1.000000000000000000 ) ) ;
#192 = ORIENTED_EDGE ( 'NONE', *, *, #1336, .T. ) ;
#193 = CARTESIAN_POINT ( 'NONE',  ( 0.1132301353564351548, 0.09390387839522292002, -0.007000000000000000146 ) ) ;
#194 = DIRECTION ( 'NONE',  ( 0.000000000000000000, 0.000000000000000000, 1.000000000000000000 ) ) ;
#195 = CARTESIAN_POINT ( 'NONE',  ( -0.05887756714186569845, -0.01820461028215434804, 0.000000000000000000 ) ) ;
#196 = CIRCLE ( 'NONE', #2016, 0.001499999999999987454 ) ;
#197 = ORIENTED_EDGE ( 'NONE', *, *, #1471, .T. ) ;
#198 = EDGE_LOOP ( 'NONE', ( #1273, #46, #1581, #288 ) ) ;
#199 = DIRECTION ( 'NONE',  ( 0.000000000000000000, -1.000000000000000000, 0.000000000000000000 ) ) ;
#200 = ADVANCED_FACE ( 'NONE', ( #538 ), #562, .F. ) ;
#201 = LINE ( 'NONE', #354, #2027 ) ;
#202 = ORIENTED_EDGE ( 'NONE', *, *, #843, .T. ) ;
#203 = LINE ( 'NONE', #1186, #44 ) ;
#204 = CARTESIAN_POINT ( 'NONE',  ( 0.08889650441164670402, 0.1197375093400112056, 0.000000000000000000 ) ) ;
#205 = CARTESIAN_POINT ( 'NONE',  ( -0.03131769314916309915, -0.07320461028215301258, 0.003000000000000000062 ) ) ;
#206 = B_SPLINE_CURVE_WITH_KNOTS ( 'NONE', 2,
 ( #2378, #1371, #831 ),
 .UNSPECIFIED., .F., .F.,
 ( 3, 3 ),
 ( 0.000000000000000000, 1.000000000000000000 ),
 .UNSPECIFIED. ) ;
#207 = FACE_OUTER_BOUND ( 'NONE', #407, .T. ) ;
#208 = ORIENTED_EDGE ( 'NONE', *, *, #1498, .F. ) ;
#209 = ORIENTED_EDGE ( 'NONE', *, *, #2103, .F. ) ;
#210 = CIRCLE ( 'NONE', #1786, 0.001500000000000008271 ) ;
#211 = CARTESIAN_POINT ( 'NONE',  ( -0.03131769314916120484, -0.07320461028215180521, 0.003000000000000000062 ) ) ;
#212 = EDGE_CURVE ( 'NONE', #1475, #479, #583, .T. ) ;
#213 = VERTEX_POINT ( 'NONE', #1144 ) ;
#214 = CARTESIAN_POINT ( 'NONE',  ( -0.03003189070995644985, -0.06614672990430821298, 0.003000000000000000062 ) ) ;
#215 = ORIENTED_EDGE ( 'NONE', *, *, #1000, .T. ) ;
#216 = DIRECTION ( 'NONE',  ( 0.000000000000000000, 0.000000000000000000, 1.000000000000000000 ) ) ;
#217 = FACE_OUTER_BOUND ( 'NONE', #1751, .T. ) ;
#218 = CARTESIAN_POINT ( 'NONE',  ( 0.02868230685083995174, -0.04427140718650034862, 0.003000000000000000062 ) ) ;
#219 = EDGE_LOOP ( 'NONE', ( #717, #75, #192, #1165 ) ) ;
#220 = EDGE_LOOP ( 'NONE', ( #1952, #429 ) ) ;
#221 = FACE_OUTER_BOUND ( 'NONE', #626, .T. ) ;
#222 = ORIENTED_EDGE ( 'NONE', *, *, #1526, .F. ) ;
#223 = VECTOR ( 'NONE', #423, 1.000000000000000000 ) ;
#224 = LINE ( 'NONE', #821, #2147 ) ;
#225 = ORIENTED_EDGE ( 'NONE', *, *, #151, .T. ) ;
#226 = CARTESIAN_POINT ( 'NONE',  ( 0.09429079552821556520, 0.1128432182234423847, 0.003000000000000000062 ) ) ;
#227 = CARTESIAN_POINT ( 'NONE',  ( 0.1231244264730036037, -0.03341880784296014789, 0.000000000000000000 ) ) ;
#228 = LINE ( 'NONE', #271, #2134 ) ;
#229 = EDGE_CURVE ( 'NONE', #262, #835, #54, .T. ) ;
#230 = ORIENTED_EDGE ( 'NONE', *, *, #929, .T. ) ;
#231 = VERTEX_POINT ( 'NONE', #1887 ) ;
#232 = DIRECTION ( 'NONE',  ( 0.7071067811864926167, -0.7071067811866025288, 0.000000000000000000 ) ) ;
#233 = VERTEX_POINT ( 'NONE', #1353 ) ;
#234 = ORIENTED_EDGE ( 'NONE', *, *, #2052, .F. ) ;
#235 = DIRECTION ( 'NONE',  ( -1.000000000000000000, 0.000000000000000000, 0.000000000000000000 ) ) ;
#236 = ADVANCED_FACE ( 'NONE', ( #737 ), #1511, .F. ) ;
#237 = VERTEX_POINT ( 'NONE', #2485 ) ;
#238 = CARTESIAN_POINT ( 'NONE',  ( 0.09579079552821556653, 0.1128432182234423847, 0.000000000000000000 ) ) ;
#239 = DIRECTION ( 'NONE',  ( 1.000000000000000000, 0.000000000000000000, 0.000000000000000000 ) ) ;
#240 = LINE ( 'NONE', #2348, #1404 ) ;
#241 = CIRCLE ( 'NONE', #1567, 0.001500000000009896195 ) ;
#242 = EDGE_CURVE ( 'NONE', #2255, #2324, #939, .T. ) ;
#243 = ORIENTED_EDGE ( 'NONE', *, *, #1561, .T. ) ;
#244 = VERTEX_POINT ( 'NONE', #1916 ) ;
#245 = VECTOR ( 'NONE', #967, 1.000000000000000000 ) ;
#246 = DIRECTION ( 'NONE',  ( 0.9999956576321176183, -0.002946984375392938671, 0.000000000000000000 ) ) ;
#247 = ORIENTED_EDGE ( 'NONE', *, *, #1269, .F. ) ;
#248 = AXIS2_PLACEMENT_3D ( 'NONE', #2087, #352, #166 ) ;
#249 = ORIENTED_EDGE ( 'NONE', *, *, #795, .F. ) ;
#250 = AXIS2_PLACEMENT_3D ( 'NONE', #2199, #1966, #235 ) ;
#251 = DIRECTION ( 'NONE',  ( 0.000000000000000000, 0.000000000000000000, 1.000000000000000000 ) ) ;
#252 = AXIS2_PLACEMENT_3D ( 'NONE', #71, #1204, #457 ) ;
#253 = ORIENTED_EDGE ( 'NONE', *, *, #267, .T. ) ;
#254 = DIRECTION ( 'NONE',  ( 0.7071067811865650032, -0.7071067811865300312, 0.000000000000000000 ) ) ;
#255 = DIRECTION ( 'NONE',  ( -0.000000000000000000, -0.000000000000000000, 1.000000000000000000 ) ) ;
#256 = CYLINDRICAL_SURFACE ( 'NONE', #1543, 0.001500000000000001332 ) ;
#257 = EDGE_CURVE ( 'NONE', #2339, #543, #901, .T. ) ;
#258 = ADVANCED_FACE ( 'NONE', ( #343 ), #156, .F. ) ;
#259 = ORIENTED_EDGE ( 'NONE', *, *, #638, .F. ) ;
#260 = VERTEX_POINT ( 'NONE', #2273 ) ;
#261 = CARTESIAN_POINT ( 'NONE',  ( -0.03992618182715703540, -0.05925243878775028616, 0.000000000000000000 ) ) ;
#262 = VERTEX_POINT ( 'NONE', #960 ) ;
#263 = ORIENTED_EDGE ( 'NONE', *, *, #887, .F. ) ;
#264 = AXIS2_PLACEMENT_3D ( 'NONE', #1715, #2480, #757 ) ;
#265 = EDGE_CURVE ( 'NONE', #2489, #2313, #1683, .T. ) ;
#266 = CARTESIAN_POINT ( 'NONE',  ( 0.07349273433351169449, 0.08154923416753520615, -0.007000000000000000146 ) ) ;
#267 = EDGE_CURVE ( 'NONE', #1257, #1356, #1772, .T. ) ;
#268 = ORIENTED_EDGE ( 'NONE', *, *, #688, .F. ) ;
#269 = FACE_BOUND ( 'NONE', #1406, .T. ) ;
#270 = PLANE ( 'NONE',  #2166 ) ;
#271 = CARTESIAN_POINT ( 'NONE',  ( -0.07131769314915999136, -0.03320461028215499627, 0.003000000000000000062 ) ) ;
#272 = AXIS2_PLACEMENT_3D ( 'NONE', #1733, #1, #448 ) ;
#273 = VERTEX_POINT ( 'NONE', #2188 ) ;
#274 = CARTESIAN_POINT ( 'NONE',  ( -0.03692618182715701886, -0.05925243878775028616, -0.007000000000000000146 ) ) ;
#275 = ORIENTED_EDGE ( 'NONE', *, *, #2445, .T. ) ;
#276 = ORIENTED_EDGE ( 'NONE', *, *, #781, .F. ) ;
#277 = VERTEX_POINT ( 'NONE', #1361 ) ;
#278 = ORIENTED_EDGE ( 'NONE', *, *, #2412, .F. ) ;
#279 = DIRECTION ( 'NONE',  ( 0.000000000000000000, 0.000000000000000000, 1.000000000000000000 ) ) ;
#280 = CIRCLE ( 'NONE', #922, 0.001499999999999987454 ) ;
#281 = ORIENTED_EDGE ( 'NONE', *, *, #2366, .T. ) ;
#282 = CARTESIAN_POINT ( 'NONE',  ( -0.05736552165506630246, 0.09390387839553272775, 0.000000000000000000 ) ) ;
#283 = CARTESIAN_POINT ( 'NONE',  ( -0.03992618182684661704, 0.1128432182237521092, -0.007000000000000000146 ) ) ;
#284 = DIRECTION ( 'NONE',  ( 1.000000000000000000, 0.000000000000000000, 0.000000000000000000 ) ) ;
#285 = ORIENTED_EDGE ( 'NONE', *, *, #1334, .T. ) ;
#286 = CARTESIAN_POINT ( 'NONE',  ( -0.07131769314978189667, -0.003204610280088099946, 0.000000000000000000 ) ) ;
#287 = ORIENTED_EDGE ( 'NONE', *, *, #242, .T. ) ;
#288 = ORIENTED_EDGE ( 'NONE', *, *, #2240, .F. ) ;
#289 = CARTESIAN_POINT ( 'NONE',  ( -0.05886552165506629686, 0.09390387839553272775, 0.003000000000000000062 ) ) ;
#290 = AXIS2_PLACEMENT_3D ( 'NONE', #1376, #1783, #1388 ) ;
#291 = ADVANCED_FACE ( 'NONE', ( #1984 ), #1167, .F. ) ;
#292 = CARTESIAN_POINT ( 'NONE',  ( -0.07131769314915999136, 0.08679538971784700463, 0.003000000000000000062 ) ) ;
#293 = DIRECTION ( 'NONE',  ( 0.000000000000000000, 0.000000000000000000, 1.000000000000000000 ) ) ;
#294 = DIRECTION ( 'NONE',  ( 1.000000000000000000, 0.000000000000000000, 0.000000000000000000 ) ) ;
#295 = MECHANICAL_DESIGN_GEOMETRIC_PRESENTATION_REPRESENTATION (  '', ( #2465 ), #2227 ) ;
#296 = ADVANCED_FACE ( 'NONE', ( #217 ), #436, .F. ) ;
#297 = DIRECTION ( 'NONE',  ( -0.7071067811865665576, -0.7071067811865285879, 0.000000000000000000 ) ) ;
#298 = B_SPLINE_CURVE_WITH_KNOTS ( 'NONE', 2,
 ( #1746, #1558, #2149 ),
 .UNSPECIFIED., .F., .F.,
 ( 3, 3 ),
 ( 0.000000000000000000, 1.000000000000000000 ),
 .UNSPECIFIED. ) ;
#299 = ORIENTED_EDGE ( 'NONE', *, *, #972, .T. ) ;
#300 = EDGE_LOOP ( 'NONE', ( #1152, #1015 ) ) ;
#301 = CARTESIAN_POINT ( 'NONE',  ( -0.05736552165506630246, 0.09390387839553272775, -0.007000000000000000146 ) ) ;
#302 = AXIS2_PLACEMENT_3D ( 'NONE', #526, #180, #537 ) ;
#303 = FACE_BOUND ( 'NONE', #949, .T. ) ;
#304 = DIRECTION ( 'NONE',  ( 0.000000000000000000, 0.000000000000000000, -1.000000000000000000 ) ) ;
#305 = DIRECTION ( 'NONE',  ( 0.000000000000000000, 0.000000000000000000, -1.000000000000000000 ) ) ;
#306 = CYLINDRICAL_SURFACE ( 'NONE', #370, 0.001500000000009896195 ) ;
#307 = DIRECTION ( 'NONE',  ( 0.000000000000000000, 0.000000000000000000, 1.000000000000000000 ) ) ;
#308 = ADVANCED_FACE ( 'NONE', ( #648 ), #1365, .F. ) ;
#309 = DIRECTION ( 'NONE',  ( 1.000000000000000000, 0.000000000000000000, 0.000000000000000000 ) ) ;
#310 = ORIENTED_EDGE ( 'NONE', *, *, #1709, .F. ) ;
#311 = CARTESIAN_POINT ( 'NONE',  ( -0.05586552165537646969, -0.04031309895953068267, 0.003000000000000000062 ) ) ;
#312 = DIRECTION ( 'NONE',  ( -0.002946984375392938671, 0.9999956576321176183, 0.000000000000000000 ) ) ;
#313 = CARTESIAN_POINT ( 'NONE',  ( 0.07349273433351169449, -0.02795845473184115082, -0.007000000000000000146 ) ) ;
#314 = CARTESIAN_POINT ( 'NONE',  ( -0.05886552165537645848, -0.04031309895953068267, 0.003000000000000000062 ) ) ;
#315 = ADVANCED_FACE ( 'NONE', ( #1747 ), #2375, .F. ) ;
#316 = VECTOR ( 'NONE', #147, 1.000000000000000000 ) ;
#317 = DIRECTION ( 'NONE',  ( 0.000000000000000000, 0.000000000000000000, -1.000000000000000000 ) ) ;
#318 = EDGE_CURVE ( 'NONE', #2017, #2230, #241, .T. ) ;
#319 = EDGE_CURVE ( 'NONE', #833, #138, #997, .T. ) ;
#320 = VERTEX_POINT ( 'NONE', #1377 ) ;
#321 = CARTESIAN_POINT ( 'NONE',  ( -0.05586552165506630807, 0.09390387839553272775, -0.007000000000000000146 ) ) ;
#322 = CARTESIAN_POINT ( 'NONE',  ( 0.1147301353561258758, -0.04031309895984048347, 0.003000000000000000062 ) ) ;
#323 = EDGE_LOOP ( 'NONE', ( #1084, #2450, #1006, #249 ) ) ;
#324 = CARTESIAN_POINT ( 'NONE',  ( -0.07131769315040099866, -0.03320461028009080023, 0.003000000000000000062 ) ) ;
#325 = FACE_BOUND ( 'NONE', #1142, .T. ) ;
#326 = CARTESIAN_POINT ( 'NONE',  ( 0.03023230685083995103, 0.09786218662219439701, 0.000000000000000000 ) ) ;
#327 = DIRECTION ( 'NONE',  ( 0.000000000000000000, 0.000000000000000000, 1.000000000000000000 ) ) ;
#328 = AXIS2_PLACEMENT_3D ( 'NONE', #522, #1507, #2269 ) ;
#329 = CARTESIAN_POINT ( 'NONE',  ( -0.07131769314915999136, 0.08679538971784700463, 0.000000000000000000 ) ) ;
#330 = AXIS2_PLACEMENT_3D ( 'NONE', #917, #1692, #2454 ) ;
#331 = AXIS2_PLACEMENT_3D ( 'NONE', #1395, #1194, #1777 ) ;
#332 = ORIENTED_EDGE ( 'NONE', *, *, #2240, .T. ) ;
#333 = DIRECTION ( 'NONE',  ( 0.000000000000000000, 0.000000000000000000, -1.000000000000000000 ) ) ;
#334 = EDGE_CURVE ( 'NONE', #244, #1282, #21, .T. ) ;
#335 = CYLINDRICAL_SURFACE ( 'NONE', #1235, 0.001500000000000001332 ) ;
#336 = ORIENTED_EDGE ( 'NONE', *, *, #1107, .F. ) ;
#337 = CARTESIAN_POINT ( 'NONE',  ( 0.1286823068508390067, 0.08679538971784969692, 0.003000000000000000062 ) ) ;
#338 = DIRECTION ( 'NONE',  ( 0.000000000000000000, 0.000000000000000000, -1.000000000000000000 ) ) ;
#339 = FACE_OUTER_BOUND ( 'NONE', #1223, .T. ) ;
#340 = EDGE_CURVE ( 'NONE', #1720, #1778, #1436, .T. ) ;
#341 = DIRECTION ( 'NONE',  ( 1.000000000000000000, 0.000000000000000000, 0.000000000000000000 ) ) ;
#342 = CARTESIAN_POINT ( 'NONE',  ( 0.1201244264730041977, -0.03341880784296014789, 0.000000000000000000 ) ) ;
#343 = FACE_OUTER_BOUND ( 'NONE', #1942, .T. ) ;
#344 = ORIENTED_EDGE ( 'NONE', *, *, #2460, .T. ) ;
#345 = CARTESIAN_POINT ( 'NONE',  ( 0.02208199403484994994, 0.02208199403484654988, 0.000000000000000000 ) ) ;
#346 = VECTOR ( 'NONE', #304, 1.000000000000000000 ) ;
#347 = ORIENTED_EDGE ( 'NONE', *, *, #650, .F. ) ;
#348 = ORIENTED_EDGE ( 'NONE', *, *, #1306, .F. ) ;
#349 = AXIS2_PLACEMENT_3D ( 'NONE', #703, #2207, #1461 ) ;
#350 = DIRECTION ( 'NONE',  ( -0.6858072767399797653, 0.7277831951690647561, 0.000000000000000000 ) ) ;
#351 = CARTESIAN_POINT ( 'NONE',  ( 0.02868230685083995174, 0.09786218662219439701, 0.000000000000000000 ) ) ;
#352 = DIRECTION ( 'NONE',  ( 0.000000000000000000, 0.000000000000000000, -1.000000000000000000 ) ) ;
#353 = CARTESIAN_POINT ( 'NONE',  ( 0.1216244264730040048, -0.03341880784296014789, 0.000000000000000000 ) ) ;
#354 = CARTESIAN_POINT ( 'NONE',  ( 0.07799601534982270046, 0.06479538971784699897, -0.007000000000000000146 ) ) ;
#355 = CARTESIAN_POINT ( 'NONE',  ( 0.09429079552821556520, 0.1128432182234423847, -0.007000000000000000146 ) ) ;
#356 = DIRECTION ( 'NONE',  ( 0.7071067811865285879, 0.7071067811865665576, 0.000000000000000000 ) ) ;
#357 = CIRCLE ( 'NONE', #764, 0.001499999999999668265 ) ;
#358 = DIRECTION ( 'NONE',  ( -0.7071067811864926167, 0.7071067811866025288, 0.000000000000000000 ) ) ;
#359 = EDGE_LOOP ( 'NONE', ( #693, #55, #243, #978 ) ) ;
#360 = EDGE_LOOP ( 'NONE', ( #1822, #958, #275, #1879 ) ) ;
#361 = VERTEX_POINT ( 'NONE', #594 ) ;
#362 = DIRECTION ( 'NONE',  ( 0.000000000000000000, 0.000000000000000000, -1.000000000000000000 ) ) ;
#363 = SURFACE_SIDE_STYLE ('',( #2303 ) ) ;
#364 = EDGE_CURVE ( 'NONE', #941, #1257, #1642, .T. ) ;
#365 = EDGE_CURVE ( 'NONE', #2350, #2005, #2433, .T. ) ;
#366 = LINE ( 'NONE', #1936, #1502 ) ;
#367 = ORIENTED_EDGE ( 'NONE', *, *, #1604, .T. ) ;
#368 = CARTESIAN_POINT ( 'NONE',  ( -0.03303189070997419874, 0.1197375093400021989, 0.000000000000000000 ) ) ;
#369 = CARTESIAN_POINT ( 'NONE',  ( -0.03692618182684664213, 0.1128432182237521092, 0.003000000000000000062 ) ) ;
#370 = AXIS2_PLACEMENT_3D ( 'NONE', #1103, #1658, #1650 ) ;
#371 = AXIS2_PLACEMENT_3D ( 'NONE', #809, #1198, #1968 ) ;
#372 = AXIS2_PLACEMENT_3D ( 'NONE', #2383, #1824, #674 ) ;
#373 = DIRECTION ( 'NONE',  ( 0.000000000000000000, 0.000000000000000000, 1.000000000000000000 ) ) ;
#374 = EDGE_CURVE ( 'NONE', #1673, #123, #2150, .T. ) ;
#375 = VECTOR ( 'NONE', #232, 1.000000000000000000 ) ;
#376 = EDGE_LOOP ( 'NONE', ( #1844, #613, #566, #40 ) ) ;
#377 = EDGE_LOOP ( 'NONE', ( #1791, #743, #767, #463 ) ) ;
#378 = CARTESIAN_POINT ( 'NONE',  ( -0.03692618182684664213, 0.1128432182237521092, 0.000000000000000000 ) ) ;
#379 = DIRECTION ( 'NONE',  ( 0.000000000000000000, 0.000000000000000000, 1.000000000000000000 ) ) ;
#380 = AXIS2_PLACEMENT_3D ( 'NONE', #551, #1327, #1685 ) ;
#381 = CARTESIAN_POINT ( 'NONE',  ( 0.09579079552821556653, 0.1128432182234423847, 0.003000000000000000062 ) ) ;
#382 = VERTEX_POINT ( 'NONE', #620 ) ;
#383 = CARTESIAN_POINT ( 'NONE',  ( 0.09579079552790634167, -0.05925243878806000369, 0.003000000000000000062 ) ) ;
#384 = DIRECTION ( 'NONE',  ( 0.000000000000000000, 0.000000000000000000, 1.000000000000000000 ) ) ;
#385 = AXIS2_PLACEMENT_3D ( 'NONE', #2401, #1814, #1241 ) ;
#386 = DIRECTION ( 'NONE',  ( 1.000000000000000000, 0.000000000000000000, 0.000000000000000000 ) ) ;
#387 = ORIENTED_EDGE ( 'NONE', *, *, #1237, .F. ) ;
#388 = ORIENTED_EDGE ( 'NONE', *, *, #747, .F. ) ;
#389 = B_SPLINE_CURVE_WITH_KNOTS ( 'NONE', 2,
 ( #324, #2417, #1465 ),
 .UNSPECIFIED., .F., .F.,
 ( 3, 3 ),
 ( 0.000000000000000000, 1.000000000000000000 ),
 .UNSPECIFIED. ) ;
#390 = EDGE_CURVE ( 'NONE', #138, #726, #109, .T. ) ;
#391 = DIRECTION ( 'NONE',  ( -1.000000000000000000, 0.000000000000000000, 0.000000000000000000 ) ) ;
#392 = AXIS2_PLACEMENT_3D ( 'NONE', #1484, #120, #2238 ) ;
#393 = AXIS2_PLACEMENT_3D ( 'NONE', #1448, #1083, #1628 ) ;
#394 = DIRECTION ( 'NONE',  ( 0.7071067811865665576, -0.7071067811865285879, 0.000000000000000000 ) ) ;
#395 = EDGE_LOOP ( 'NONE', ( #2327, #2404, #459, #927 ) ) ;
#396 = CYLINDRICAL_SURFACE ( 'NONE', #371, 0.001499999999999668265 ) ;
#397 = LINE ( 'NONE', #1154, #1184 ) ;
#398 = EDGE_CURVE ( 'NONE', #1408, #2415, #432, .T. ) ;
#399 = ADVANCED_FACE ( 'NONE', ( #1011 ), #1784, .F. ) ;
#400 = DIRECTION ( 'NONE',  ( -1.000000000000000000, 0.000000000000000000, 0.000000000000000000 ) ) ;
#401 = EDGE_CURVE ( 'NONE', #1356, #233, #678, .T. ) ;
#402 = VECTOR ( 'NONE', #358, 1.000000000000000000 ) ;
#403 = VERTEX_POINT ( 'NONE', #663 ) ;
#404 = EDGE_LOOP ( 'NONE', ( #2096, #2382, #681, #612 ) ) ;
#405 = SURFACE_STYLE_USAGE ( .BOTH. , #363 ) ;
#406 = DIRECTION ( 'NONE',  ( 0.7071067811865665576, 0.7071067811865285879, 0.000000000000000000 ) ) ;
#407 = EDGE_LOOP ( 'NONE', ( #367, #644, #281, #1206 ) ) ;
#408 = LINE ( 'NONE', #2319, #734 ) ;
#409 = DIRECTION ( 'NONE',  ( 1.000000000000000000, 0.000000000000000000, 0.000000000000000000 ) ) ;
#410 = DIRECTION ( 'NONE',  ( 1.000000000000000000, 0.000000000000000000, 0.000000000000000000 ) ) ;
#411 = AXIS2_PLACEMENT_3D ( 'NONE', #26, #986, #1597 ) ;
#412 = CARTESIAN_POINT ( 'NONE',  ( -0.03842618182715702713, -0.05925243878775028616, -0.007000000000000000146 ) ) ;
#413 = CIRCLE ( 'NONE', #1097, 0.001500000000000001332 ) ;
#414 = ORIENTED_EDGE ( 'NONE', *, *, #1993, .T. ) ;
#415 = ORIENTED_EDGE ( 'NONE', *, *, #1163, .F. ) ;
#416 = ADVANCED_FACE ( 'NONE', ( #1089 ), #270, .F. ) ;
#417 = VECTOR ( 'NONE', #199, 1.000000000000000000 ) ;
#418 = FACE_OUTER_BOUND ( 'NONE', #672, .T. ) ;
#419 = ORIENTED_EDGE ( 'NONE', *, *, #2157, .F. ) ;
#420 = DIRECTION ( 'NONE',  ( 0.000000000000000000, 0.000000000000000000, 1.000000000000000000 ) ) ;
#421 = ORIENTED_EDGE ( 'NONE', *, *, #340, .T. ) ;
#422 = DIRECTION ( 'NONE',  ( -1.000000000000000000, 0.000000000000000000, 0.000000000000000000 ) ) ;
#423 = DIRECTION ( 'NONE',  ( 0.000000000000000000, 0.000000000000000000, 1.000000000000000000 ) ) ;
#424 = LINE ( 'NONE', #1362, #1139 ) ;
#425 = EDGE_CURVE ( 'NONE', #1514, #1229, #1039, .T. ) ;
#426 = VECTOR ( 'NONE', #1552, 1.000000000000000000 ) ;
#427 = CIRCLE ( 'NONE', #2160, 0.001499999999999987454 ) ;
#428 = ORIENTED_EDGE ( 'NONE', *, *, #28, .T. ) ;
#429 = ORIENTED_EDGE ( 'NONE', *, *, #364, .T. ) ;
#430 = DIRECTION ( 'NONE',  ( 0.000000000000000000, 0.000000000000000000, 1.000000000000000000 ) ) ;
#431 = ORIENTED_EDGE ( 'NONE', *, *, #814, .F. ) ;
#432 = CIRCLE ( 'NONE', #1193, 0.001500000000000001332 ) ;
#433 = DIRECTION ( 'NONE',  ( 0.000000000000000000, 0.000000000000000000, 1.000000000000000000 ) ) ;
#434 = ORIENTED_EDGE ( 'NONE', *, *, #667, .T. ) ;
#435 = CARTESIAN_POINT ( 'NONE',  ( 0.1286823068508390067, -0.03320461028215569710, 0.003000000000000000062 ) ) ;
#436 = CYLINDRICAL_SURFACE ( 'NONE', #1542, 0.001500000000000209499 ) ;
#437 = DIRECTION ( 'NONE',  ( 0.000000000000000000, -1.000000000000000000, 0.000000000000000000 ) ) ;
#438 = AXIS2_PLACEMENT_3D ( 'NONE', #888, #110, #1272 ) ;
#439 = ORIENTED_EDGE ( 'NONE', *, *, #1306, .T. ) ;
#440 = ORIENTED_EDGE ( 'NONE', *, *, #452, .T. ) ;
#441 = AXIS2_PLACEMENT_3D ( 'NONE', #1279, #1106, #505 ) ;
#442 = CARTESIAN_POINT ( 'NONE',  ( -0.01612812063183170080, 0.08154923416753530330, 0.000000000000000000 ) ) ;
#443 = ORIENTED_EDGE ( 'NONE', *, *, #556, .T. ) ;
#444 = ORIENTED_EDGE ( 'NONE', *, *, #82, .T. ) ;
#445 = LINE ( 'NONE', #2358, #8 ) ;
#446 = ORIENTED_EDGE ( 'NONE', *, *, #1643, .T. ) ;
#447 = LINE ( 'NONE', #593, #1503 ) ;
#448 = DIRECTION ( 'NONE',  ( -1.000000000000000000, 0.000000000000000000, 0.000000000000000000 ) ) ;
#449 = DIRECTION ( 'NONE',  ( -0.000000000000000000, -0.000000000000000000, 1.000000000000000000 ) ) ;
#450 = EDGE_CURVE ( 'NONE', #1203, #1054, #1240, .T. ) ;
#451 = EDGE_CURVE ( 'NONE', #1677, #1238, #1961, .T. ) ;
#452 = EDGE_CURVE ( 'NONE', #2350, #472, #676, .T. ) ;
#453 = VERTEX_POINT ( 'NONE', #1252 ) ;
#454 = ORIENTED_EDGE ( 'NONE', *, *, #334, .T. ) ;
#455 = EDGE_CURVE ( 'NONE', #829, #1957, #80, .T. ) ;
#456 = AXIS2_PLACEMENT_3D ( 'NONE', #119, #1315, #502 ) ;
#457 = DIRECTION ( 'NONE',  ( 1.000000000000000000, 0.000000000000000000, 0.000000000000000000 ) ) ;
#458 = AXIS2_PLACEMENT_3D ( 'NONE', #2187, #1063, #498 ) ;
#459 = ORIENTED_EDGE ( 'NONE', *, *, #2262, .F. ) ;
#460 = CIRCLE ( 'NONE', #2389, 0.001500000000009896195 ) ;
#461 = DIRECTION ( 'NONE',  ( 0.000000000000000000, 0.000000000000000000, 1.000000000000000000 ) ) ;
#462 = AXIS2_PLACEMENT_3D ( 'NONE', #1964, #2338, #1180 ) ;
#463 = ORIENTED_EDGE ( 'NONE', *, *, #1739, .F. ) ;
#464 = FACE_BOUND ( 'NONE', #1405, .T. ) ;
#465 = CARTESIAN_POINT ( 'NONE',  ( 0.08868230685083999809, 0.1267953897178470124, 0.003000000000000000062 ) ) ;
#466 = CARTESIAN_POINT ( 'NONE',  ( -0.03649844776576580130, 0.07681453402145960174, 0.000000000000000000 ) ) ;
#467 = ORIENTED_EDGE ( 'NONE', *, *, #2281, .F. ) ;
#468 = LINE ( 'NONE', #2326, #1463 ) ;
#469 = ORIENTED_EDGE ( 'NONE', *, *, #1138, .T. ) ;
#470 = ORIENTED_EDGE ( 'NONE', *, *, #898, .T. ) ;
#471 = ORIENTED_EDGE ( 'NONE', *, *, #257, .T. ) ;
#472 = VERTEX_POINT ( 'NONE', #511 ) ;
#473 = LINE ( 'NONE', #2398, #1297 ) ;
#474 = EDGE_LOOP ( 'NONE', ( #1325, #1087, #1641, #1906 ) ) ;
#475 = FACE_BOUND ( 'NONE', #705, .T. ) ;
#476 = DIRECTION ( 'NONE',  ( 0.000000000000000000, 0.000000000000000000, 1.000000000000000000 ) ) ;
#477 = CARTESIAN_POINT ( 'NONE',  ( 0.09729079552821556787, 0.1128432182234423847, 0.003000000000000000062 ) ) ;
#478 = EDGE_CURVE ( 'NONE', #1553, #1359, #94, .T. ) ;
#479 = VERTEX_POINT ( 'NONE', #1648 ) ;
#480 = ADVANCED_FACE ( 'NONE', ( #1635 ), #489, .F. ) ;
#481 = CIRCLE ( 'NONE', #2213, 0.001500000000009896195 ) ;
#482 = DIRECTION ( 'NONE',  ( 0.000000000000000000, 0.000000000000000000, 1.000000000000000000 ) ) ;
#483 = ORIENTED_EDGE ( 'NONE', *, *, #563, .F. ) ;
#484 = ORIENTED_EDGE ( 'NONE', *, *, #739, .T. ) ;
#485 = ORIENTED_EDGE ( 'NONE', *, *, #2158, .F. ) ;
#486 = CARTESIAN_POINT ( 'NONE',  ( -0.03153189070996530174, -0.06614672990430821298, 0.000000000000000000 ) ) ;
#487 = AXIS2_PLACEMENT_3D ( 'NONE', #1829, #95, #2431 ) ;
#488 = DIRECTION ( 'NONE',  ( -1.000000000000000000, 0.000000000000000000, 0.000000000000000000 ) ) ;
#489 = CYLINDRICAL_SURFACE ( 'NONE', #2340, 0.001500000000008900464 ) ;
#490 = DIRECTION ( 'NONE',  ( -0.000000000000000000, -0.000000000000000000, 1.000000000000000000 ) ) ;
#491 = EDGE_CURVE ( 'NONE', #382, #2373, #1670, .T. ) ;
#492 = DIRECTION ( 'NONE',  ( 0.000000000000000000, 0.000000000000000000, 1.000000000000000000 ) ) ;
#493 = ORIENTED_EDGE ( 'NONE', *, *, #1686, .T. ) ;
#494 = ORIENTED_EDGE ( 'NONE', *, *, #2388, .F. ) ;
#495 = VECTOR ( 'NONE', #191, 1.000000000000000000 ) ;
#496 = DIRECTION ( 'NONE',  ( -0.000000000000000000, -0.000000000000000000, 1.000000000000000000 ) ) ;
#497 = CIRCLE ( 'NONE', #2422, 0.001500000000000001332 ) ;
#498 = DIRECTION ( 'NONE',  ( -0.9999956576321176183, 0.002946984375392938671, 0.000000000000000000 ) ) ;
#499 = FACE_BOUND ( 'NONE', #1758, .T. ) ;
#500 = CARTESIAN_POINT ( 'NONE',  ( 0.09579079552790634167, -0.05925243878806000369, -0.007000000000000000146 ) ) ;
#501 = VECTOR ( 'NONE', #1296, 1.000000000000000000 ) ;
#502 = DIRECTION ( 'NONE',  ( 1.000000000000000000, 0.000000000000000000, 0.000000000000000000 ) ) ;
#503 = PRODUCT_CONTEXT ( 'NONE', #1069, 'mechanical' ) ;
#504 = ADVANCED_FACE ( 'NONE', ( #1276 ), #2222, .F. ) ;
#505 = DIRECTION ( 'NONE',  ( -1.000000000000000000, 0.000000000000000000, 0.000000000000000000 ) ) ;
#506 = DIRECTION ( 'NONE',  ( 1.000000000000000000, 0.000000000000000000, 0.000000000000000000 ) ) ;
#507 = ORIENTED_EDGE ( 'NONE', *, *, #1764, .T. ) ;
#508 = EDGE_LOOP ( 'NONE', ( #1920, #1295, #444, #2056 ) ) ;
#509 = CARTESIAN_POINT ( 'NONE',  ( 0.08868230685083990095, -0.07320461028215301258, 0.000000000000000000 ) ) ;
#510 = AXIS2_PLACEMENT_3D ( 'NONE', #2447, #723, #155 ) ;
#511 = CARTESIAN_POINT ( 'NONE',  ( 0.1286823068508390067, 0.08679538971784969692, 0.000000000000000000 ) ) ;
#512 = LINE ( 'NONE', #2049, #1612 ) ;
#513 = ADVANCED_FACE ( 'NONE', ( #2202 ), #1225, .F. ) ;
#514 = CARTESIAN_POINT ( 'NONE',  ( -0.07131769314854290165, 0.05679538971991189567, 0.000000000000000000 ) ) ;
#515 = APPLICATION_PROTOCOL_DEFINITION ( 'draft international standard', 'automotive_design', 1998, #1069 ) ;
#516 = DIRECTION ( 'NONE',  ( 0.000000000000000000, 0.000000000000000000, 1.000000000000000000 ) ) ;
#517 = CIRCLE ( 'NONE', #2245, 0.001500000000000001332 ) ;
#518 = DIRECTION ( 'NONE',  ( 0.000000000000000000, 0.000000000000000000, 1.000000000000000000 ) ) ;
#519 = VERTEX_POINT ( 'NONE', #2014 ) ;
#520 = ORIENTED_EDGE ( 'NONE', *, *, #575, .T. ) ;
#521 = DIRECTION ( 'NONE',  ( -0.000000000000000000, -0.000000000000000000, 1.000000000000000000 ) ) ;
#522 = CARTESIAN_POINT ( 'NONE',  ( -0.03649844776576580130, -0.02322375458576559845, 0.000000000000000000 ) ) ;
#523 = DIRECTION ( 'NONE',  ( 0.000000000000000000, 0.000000000000000000, -1.000000000000000000 ) ) ;
#524 = VECTOR ( 'NONE', #1305, 0.9999999999999998890 ) ;
#525 = CARTESIAN_POINT ( 'NONE',  ( 0.02868230685083845294, 0.1056441160022151965, 0.003000000000000000062 ) ) ;
#526 = CARTESIAN_POINT ( 'NONE',  ( 0.09579079552790634167, -0.05925243878806000369, -0.007000000000000000146 ) ) ;
#527 = EDGE_CURVE ( 'NONE', #1118, #726, #1838, .T. ) ;
#528 = ORIENTED_EDGE ( 'NONE', *, *, #1237, .T. ) ;
#529 = DIRECTION ( 'NONE',  ( -1.000000000000000000, 0.000000000000000000, 0.000000000000000000 ) ) ;
#530 = CARTESIAN_POINT ( 'NONE',  ( 0.1286823068508390067, -0.03320461028215569710, 0.003000000000000000062 ) ) ;
#531 = ORIENTED_EDGE ( 'NONE', *, *, #2367, .F. ) ;
#532 = ADVANCED_FACE ( 'NONE', ( #1828, #874, #863, #2215, #1848, #685, #499, #1453, #1264, #2037, #882, #1656, #2418, #1298, #719, #907, #546, #1112, #1286, #1883, #1493, #1124, #1680, #325, #2071 ), #152, .F. ) ;
#533 = CARTESIAN_POINT ( 'NONE',  ( 0.1201244264730041977, 0.08700958727865409914, 0.003000000000000000062 ) ) ;
#534 = DIRECTION ( 'NONE',  ( 0.000000000000000000, 0.000000000000000000, 1.000000000000000000 ) ) ;
#535 = DIRECTION ( 'NONE',  ( 0.000000000000000000, 0.000000000000000000, 1.000000000000000000 ) ) ;
#536 = CARTESIAN_POINT ( 'NONE',  ( -0.07131769314915999136, -0.003204610280088099946, 0.000000000000000000 ) ) ;
#537 = DIRECTION ( 'NONE',  ( 1.000000000000000000, 0.000000000000000000, 0.000000000000000000 ) ) ;
#538 = FACE_OUTER_BOUND ( 'NONE', #1397, .T. ) ;
#539 = VECTOR ( 'NONE', #1137, 1.000000000000000000 ) ;
#540 = CIRCLE ( 'NONE', #2112, 0.001500000000000209499 ) ;
#541 = EDGE_LOOP ( 'NONE', ( #1035, #1329 ) ) ;
#542 = CARTESIAN_POINT ( 'NONE',  ( -0.01612812063183170080, 0.08154923416753530330, -0.007000000000000000146 ) ) ;
#543 = VERTEX_POINT ( 'NONE', #1100 ) ;
#544 = FACE_OUTER_BOUND ( 'NONE', #578, .T. ) ;
#545 =( NAMED_UNIT ( * ) PLANE_ANGLE_UNIT ( ) SI_UNIT ( $, .RADIAN. ) );
#546 = FACE_BOUND ( 'NONE', #1094, .T. ) ;
#547 = CARTESIAN_POINT ( 'NONE',  ( -0.06575981277133230440, -0.03341880784295089835, 0.000000000000000000 ) ) ;
#548 = DIRECTION ( 'NONE',  ( 0.000000000000000000, 0.000000000000000000, 1.000000000000000000 ) ) ;
#549 = AXIS2_PLACEMENT_3D ( 'NONE', #1496, #2260, #2458 ) ;
#550 = CARTESIAN_POINT ( 'NONE',  ( 0.1286823068508400059, -0.03320461028215299787, 0.000000000000000000 ) ) ;
#551 = CARTESIAN_POINT ( 'NONE',  ( 0.09386306146744580192, 0.07681453402145960174, 0.000000000000000000 ) ) ;
#552 = LINE ( 'NONE', #1674, #721 ) ;
#553 = VECTOR ( 'NONE', #710, 1.000000000000000000 ) ;
#554 = VERTEX_POINT ( 'NONE', #1693 ) ;
#555 = VERTEX_POINT ( 'NONE', #1312 ) ;
#556 = EDGE_CURVE ( 'NONE', #1159, #1320, #497, .T. ) ;
#557 = CARTESIAN_POINT ( 'NONE',  ( 0.1201244264730041977, 0.08700958727865409914, 0.000000000000000000 ) ) ;
#558 = EDGE_CURVE ( 'NONE', #1713, #1965, #695, .T. ) ;
#559 = DIRECTION ( 'NONE',  ( 0.000000000000000000, 0.000000000000000000, 1.000000000000000000 ) ) ;
#560 = CARTESIAN_POINT ( 'NONE',  ( -0.03842618182715702713, -0.05925243878775028616, 0.003000000000000000062 ) ) ;
#561 = CARTESIAN_POINT ( 'NONE',  ( -0.07131769315040099866, -0.03320461028009080023, 0.000000000000000000 ) ) ;
#562 = CYLINDRICAL_SURFACE ( 'NONE', #380, 0.001499999999999987454 ) ;
#563 = EDGE_CURVE ( 'NONE', #260, #113, #141, .T. ) ;
#564 = CARTESIAN_POINT ( 'NONE',  ( -0.07131769314731559173, -0.003204610282153019796, 0.000000000000000000 ) ) ;
#565 = EDGE_LOOP ( 'NONE', ( #336, #914 ) ) ;
#566 = ORIENTED_EDGE ( 'NONE', *, *, #2128, .T. ) ;
#567 = DIRECTION ( 'NONE',  ( -1.000000000000000000, 0.000000000000000000, 0.000000000000000000 ) ) ;
#568 = CARTESIAN_POINT ( 'NONE',  ( 0.08889650441164670402, 0.1197375093400112056, 0.003000000000000000062 ) ) ;
#569 = DIRECTION ( 'NONE',  ( -0.7277831951690666434, -0.6858072767399776559, 0.000000000000000000 ) ) ;
#570 = ORIENTED_EDGE ( 'NONE', *, *, #953, .F. ) ;
#571 = CARTESIAN_POINT ( 'NONE',  ( 0.1286823068508400059, -0.03320461028215299787, 0.003000000000000000062 ) ) ;
#572 = CARTESIAN_POINT ( 'NONE',  ( -0.05736552165537646408, -0.04031309895953068267, 0.003000000000000000062 ) ) ;
#573 = CIRCLE ( 'NONE', #1457, 0.001549999999999999295 ) ;
#574 = VECTOR ( 'NONE', #2309, 1.000000000000000000 ) ;
#575 = EDGE_CURVE ( 'NONE', #1320, #1159, #893, .T. ) ;
#576 = CARTESIAN_POINT ( 'NONE',  ( -0.05736552165537646408, -0.04031309895953068267, 0.003000000000000000062 ) ) ;
#577 = AXIS2_PLACEMENT_3D ( 'NONE', #2004, #1219, #791 ) ;
#578 = EDGE_LOOP ( 'NONE', ( #41, #1490, #388, #1881 ) ) ;
#579 = ORIENTED_EDGE ( 'NONE', *, *, #2232, .F. ) ;
#580 = DIRECTION ( 'NONE',  ( -0.7071067811864926167, 0.7071067811866025288, 0.000000000000000000 ) ) ;
#581 = EDGE_LOOP ( 'NONE', ( #854, #2009, #1577, #1409, #704, #2012, #2152, #912, #202, #2264, #2131, #1782 ) ) ;
#582 = CARTESIAN_POINT ( 'NONE',  ( -0.02707229364317189843, -0.01764550227718204856, 0.003000000000000000062 ) ) ;
#583 = LINE ( 'NONE', #1117, #1468 ) ;
#584 = EDGE_CURVE ( 'NONE', #2255, #403, #2144, .T. ) ;
#585 = EDGE_CURVE ( 'NONE', #941, #233, #51, .T. ) ;
#586 = AXIS2_PLACEMENT_3D ( 'NONE', #1430, #305, #1636 ) ;
#587 = LINE ( 'NONE', #1723, #1386 ) ;
#588 = ORIENTED_EDGE ( 'NONE', *, *, #1138, .F. ) ;
#589 = ORIENTED_EDGE ( 'NONE', *, *, #1789, .T. ) ;
#590 = DIRECTION ( 'NONE',  ( -0.000000000000000000, -0.000000000000000000, 1.000000000000000000 ) ) ;
#591 = CARTESIAN_POINT ( 'NONE',  ( -0.03799844776576580263, 0.07681453402145960174, 0.000000000000000000 ) ) ;
#592 = EDGE_LOOP ( 'NONE', ( #348, #1652, #1259, #86, #779, #955 ) ) ;
#593 = CARTESIAN_POINT ( 'NONE',  ( -0.03131769314916120484, -0.07320461028215180521, 0.000000000000000000 ) ) ;
#594 = CARTESIAN_POINT ( 'NONE',  ( 0.09039650441164689965, -0.06614672990431730293, 0.000000000000000000 ) ) ;
#595 = DIRECTION ( 'NONE',  ( 1.000000000000000000, 0.000000000000000000, 0.000000000000000000 ) ) ;
#596 = EDGE_CURVE ( 'NONE', #1021, #1668, #447, .T. ) ;
#597 = DIRECTION ( 'NONE',  ( 1.000000000000000000, 0.000000000000000000, 0.000000000000000000 ) ) ;
#598 = VECTOR ( 'NONE', #1500, 1.000000000000000000 ) ;
#599 = EDGE_LOOP ( 'NONE', ( #2100, #485 ) ) ;
#600 = EDGE_LOOP ( 'NONE', ( #2162, #1208, #2336, #2466 ) ) ;
#601 = DIRECTION ( 'NONE',  ( 1.000000000000000000, 0.000000000000000000, 0.000000000000000000 ) ) ;
#602 = EDGE_CURVE ( 'NONE', #2359, #1592, #91, .T. ) ;
#603 = VERTEX_POINT ( 'NONE', #24 ) ;
#604 = PLANE ( 'NONE',  #935 ) ;
#605 = ORIENTED_EDGE ( 'NONE', *, *, #1288, .T. ) ;
#606 = CARTESIAN_POINT ( 'NONE',  ( 0.09039650441164689965, 0.1197375093400112056, 0.000000000000000000 ) ) ;
#607 = DIRECTION ( 'NONE',  ( 1.000000000000000000, 0.000000000000000000, 0.000000000000000000 ) ) ;
#608 = DIRECTION ( 'NONE',  ( -0.7277831951690647561, -0.6858072767399797653, 0.000000000000000000 ) ) ;
#609 = EDGE_CURVE ( 'NONE', #1002, #742, #1909, .T. ) ;
#610 = AXIS2_PLACEMENT_3D ( 'NONE', #2113, #1141, #2328 ) ;
#611 = VECTOR ( 'NONE', #2083, 1.000000000000000000 ) ;
#612 = ORIENTED_EDGE ( 'NONE', *, *, #2434, .F. ) ;
#613 = ORIENTED_EDGE ( 'NONE', *, *, #398, .F. ) ;
#614 = COLOUR_RGB ( '',0.7921568627450980005, 0.8196078431372548767, 0.9333333333333333481 ) ;
#615 = DIRECTION ( 'NONE',  ( 0.000000000000000000, 0.000000000000000000, 1.000000000000000000 ) ) ;
#616 = ORIENTED_EDGE ( 'NONE', *, *, #2367, .T. ) ;
#617 = CARTESIAN_POINT ( 'NONE',  ( 0.09236306146744580059, 0.07681453402145960174, 0.000000000000000000 ) ) ;
#618 = ORIENTED_EDGE ( 'NONE', *, *, #1080, .F. ) ;
#619 = CARTESIAN_POINT ( 'NONE',  ( 0.09236306146744580059, -0.02322375458576559845, 0.000000000000000000 ) ) ;
#620 = CARTESIAN_POINT ( 'NONE',  ( -0.03131769314916309915, 0.1267953897178470124, 0.000000000000000000 ) ) ;
#621 = DIRECTION ( 'NONE',  ( 1.000000000000000000, 0.000000000000000000, 0.000000000000000000 ) ) ;
#622 = PRODUCT ( 'enigma cf plate bottom', 'enigma cf plate bottom', '', ( #503 ) ) ;
#623 = AXIS2_PLACEMENT_3D ( 'NONE', #1318, #2310, #752 ) ;
#624 = VECTOR ( 'NONE', #751, 1.000000000000000000 ) ;
#625 = ORIENTED_EDGE ( 'NONE', *, *, #1659, .T. ) ;
#626 = EDGE_LOOP ( 'NONE', ( #470, #1700, #2308, #1009 ) ) ;
#627 = CARTESIAN_POINT ( 'NONE',  ( -0.05586552165537646969, -0.04031309895953068267, -0.007000000000000000146 ) ) ;
#628 = ADVANCED_FACE ( 'NONE', ( #1360 ), #396, .F. ) ;
#629 = VERTEX_POINT ( 'NONE', #582 ) ;
#630 = EDGE_CURVE ( 'NONE', #2288, #2341, #2163, .T. ) ;
#631 = VERTEX_POINT ( 'NONE', #2346 ) ;
#632 = DIRECTION ( 'NONE',  ( -1.000000000000000000, 0.000000000000000000, 0.000000000000000000 ) ) ;
#633 = VERTEX_POINT ( 'NONE', #619 ) ;
#634 = PLANE ( 'NONE',  #458 ) ;
#635 = DIRECTION ( 'NONE',  ( 1.000000000000000000, 0.000000000000000000, 0.000000000000000000 ) ) ;
#636 = LINE ( 'NONE', #1403, #171 ) ;
#637 = EDGE_CURVE ( 'NONE', #815, #213, #413, .T. ) ;
#638 = EDGE_CURVE ( 'NONE', #1320, #213, #784, .T. ) ;
#639 = ORIENTED_EDGE ( 'NONE', *, *, #1863, .F. ) ;
#640 = ORIENTED_EDGE ( 'NONE', *, *, #1280, .T. ) ;
#641 = AXIS2_PLACEMENT_3D ( 'NONE', #1661, #1513, #2094 ) ;
#642 = LINE ( 'NONE', #2368, #375 ) ;
#643 = EDGE_LOOP ( 'NONE', ( #531, #1432 ) ) ;
#644 = ORIENTED_EDGE ( 'NONE', *, *, #527, .T. ) ;
#645 = CARTESIAN_POINT ( 'NONE',  ( -0.02092291545752369974, -0.01149612409153292006, 0.003000000000000000062 ) ) ;
#646 = ORIENTED_EDGE ( 'NONE', *, *, #1343, .T. ) ;
#647 = FACE_BOUND ( 'NONE', #565, .T. ) ;
#648 = FACE_OUTER_BOUND ( 'NONE', #2218, .T. ) ;
#649 = DIRECTION ( 'NONE',  ( 0.000000000000000000, 0.000000000000000000, 1.000000000000000000 ) ) ;
#650 = EDGE_CURVE ( 'NONE', #1807, #1158, #2330, .T. ) ;
#651 = EDGE_LOOP ( 'NONE', ( #56, #484, #1856, #1524 ) ) ;
#652 = CYLINDRICAL_SURFACE ( 'NONE', #252, 0.001500000000000209499 ) ;
#653 = ORIENTED_EDGE ( 'NONE', *, *, #575, .F. ) ;
#654 = ORIENTED_EDGE ( 'NONE', *, *, #157, .T. ) ;
#655 = ORIENTED_EDGE ( 'NONE', *, *, #1604, .F. ) ;
#656 = CIRCLE ( 'NONE', #2344, 0.001500000000008900464 ) ;
#657 = ORIENTED_EDGE ( 'NONE', *, *, #1291, .F. ) ;
#658 = PLANE ( 'NONE',  #1016 ) ;
#659 = AXIS2_PLACEMENT_3D ( 'NONE', #690, #482, #2425 ) ;
#660 = ORIENTED_EDGE ( 'NONE', *, *, #527, .F. ) ;
#661 = ADVANCED_FACE ( 'NONE', ( #1548 ), #1010, .F. ) ;
#662 = DIRECTION ( 'NONE',  ( 0.000000000000000000, 0.000000000000000000, 1.000000000000000000 ) ) ;
#663 = CARTESIAN_POINT ( 'NONE',  ( -0.03692618182715701886, -0.05925243878775028616, 0.000000000000000000 ) ) ;
#664 = DIRECTION ( 'NONE',  ( -0.7277831951690666434, 0.6858072767399776559, 0.000000000000000000 ) ) ;
#665 = B_SPLINE_CURVE_WITH_KNOTS ( 'NONE', 2,
 ( #1640, #2403, #530 ),
 .UNSPECIFIED., .F., .F.,
 ( 3, 3 ),
 ( 0.000000000000000000, 1.000000000000000000 ),
 .UNSPECIFIED. ) ;
#666 = VECTOR ( 'NONE', #255, 1.000000000000000000 ) ;
#667 = EDGE_CURVE ( 'NONE', #554, #2479, #1938, .T. ) ;
#668 = EDGE_CURVE ( 'NONE', #30, #179, #984, .T. ) ;
#669 = EDGE_LOOP ( 'NONE', ( #2095, #1477 ) ) ;
#670 = CYLINDRICAL_SURFACE ( 'NONE', #438, 0.001500000000008893525 ) ;
#671 = VERTEX_POINT ( 'NONE', #226 ) ;
#672 = EDGE_LOOP ( 'NONE', ( #1538, #419, #332, #1247 ) ) ;
#673 = ORIENTED_EDGE ( 'NONE', *, *, #708, .F. ) ;
#674 = DIRECTION ( 'NONE',  ( -1.000000000000000000, 0.000000000000000000, 0.000000000000000000 ) ) ;
#675 = LINE ( 'NONE', #292, #130 ) ;
#676 = LINE ( 'NONE', #1858, #2402 ) ;
#677 = CARTESIAN_POINT ( 'NONE',  ( 0.09729079552821556787, 0.1128432182234423847, -0.007000000000000000146 ) ) ;
#678 = CIRCLE ( 'NONE', #753, 0.001499999999999668265 ) ;
#679 = DIRECTION ( 'NONE',  ( 0.000000000000000000, 0.000000000000000000, -1.000000000000000000 ) ) ;
#680 = VERTEX_POINT ( 'NONE', #435 ) ;
#681 = ORIENTED_EDGE ( 'NONE', *, *, #1659, .F. ) ;
#682 = CARTESIAN_POINT ( 'NONE',  ( 0.1286823068508392010, -0.003204610282153005051, 0.000000000000000000 ) ) ;
#683 = EDGE_CURVE ( 'NONE', #89, #603, #203, .T. ) ;
#684 = DIRECTION ( 'NONE',  ( 0.7071067811865749952, -0.7071067811865200392, 0.000000000000000000 ) ) ;
#685 = FACE_BOUND ( 'NONE', #1701, .T. ) ;
#686 = DIRECTION ( 'NONE',  ( 0.000000000000000000, 0.000000000000000000, 1.000000000000000000 ) ) ;
#687 = FACE_OUTER_BOUND ( 'NONE', #817, .T. ) ;
#688 = EDGE_CURVE ( 'NONE', #2124, #1677, #1595, .T. ) ;
#689 = LINE ( 'NONE', #2253, #1935 ) ;
#690 = CARTESIAN_POINT ( 'NONE',  ( -0.03842618182684662959, 0.1128432182237521092, 0.003000000000000000062 ) ) ;
#691 = VERTEX_POINT ( 'NONE', #969 ) ;
#692 = EDGE_CURVE ( 'NONE', #2209, #1514, #298, .T. ) ;
#693 = ORIENTED_EDGE ( 'NONE', *, *, #972, .F. ) ;
#694 = CARTESIAN_POINT ( 'NONE',  ( -0.05586552165506630807, 0.09390387839553272775, 0.000000000000000000 ) ) ;
#695 = CIRCLE ( 'NONE', #1864, 0.001499999999999994393 ) ;
#696 = AXIS2_PLACEMENT_3D ( 'NONE', #76, #420, #632 ) ;
#697 = DIRECTION ( 'NONE',  ( -0.7071067811866025288, 0.7071067811864926167, 0.000000000000000000 ) ) ;
#698 = LINE ( 'NONE', #2061, #159 ) ;
#699 = VECTOR ( 'NONE', #1407, 1.000000000000000000 ) ;
#700 = CARTESIAN_POINT ( 'NONE',  ( 0.1286823068508392010, -0.003204610282152999846, 0.000000000000000000 ) ) ;
#701 = AXIS2_PLACEMENT_3D ( 'NONE', #2448, #2261, #1522 ) ;
#702 = DIRECTION ( 'NONE',  ( 0.000000000000000000, 0.000000000000000000, 1.000000000000000000 ) ) ;
#703 = CARTESIAN_POINT ( 'NONE',  ( 0.02868230685083995174, 0.09786218662219439701, 0.000000000000000000 ) ) ;
#704 = ORIENTED_EDGE ( 'NONE', *, *, #478, .T. ) ;
#705 = EDGE_LOOP ( 'NONE', ( #1037, #134 ) ) ;
#706 = EDGE_CURVE ( 'NONE', #2206, #1238, #408, .T. ) ;
#707 = CARTESIAN_POINT ( 'NONE',  ( -0.05736552165537646408, -0.04031309895953068267, -0.007000000000000000146 ) ) ;
#708 = EDGE_CURVE ( 'NONE', #1047, #519, #1986, .T. ) ;
#709 = AXIS2_PLACEMENT_3D ( 'NONE', #2419, #1065, #1481 ) ;
#710 = DIRECTION ( 'NONE',  ( 0.7071067811865650032, -0.7071067811865300312, 0.000000000000000000 ) ) ;
#711 = FACE_OUTER_BOUND ( 'NONE', #323, .T. ) ;
#712 = CYLINDRICAL_SURFACE ( 'NONE', #456, 0.001499999999999668265 ) ;
#713 = ADVANCED_FACE ( 'NONE', ( #1958 ), #634, .F. ) ;
#714 = EDGE_LOOP ( 'NONE', ( #1779, #1202, #2452, #440 ) ) ;
#715 = CARTESIAN_POINT ( 'NONE',  ( 0.02713230685083994898, -0.04427140718650034862, 0.000000000000000000 ) ) ;
#716 = DIRECTION ( 'NONE',  ( 0.000000000000000000, 0.000000000000000000, 1.000000000000000000 ) ) ;
#717 = ORIENTED_EDGE ( 'NONE', *, *, #364, .F. ) ;
#718 = CARTESIAN_POINT ( 'NONE',  ( 0.08889650441164670402, 0.1197375093400112056, 0.000000000000000000 ) ) ;
#719 = FACE_BOUND ( 'NONE', #2153, .T. ) ;
#720 = DIRECTION ( 'NONE',  ( 0.000000000000000000, 0.000000000000000000, 1.000000000000000000 ) ) ;
#721 = VECTOR ( 'NONE', #971, 1.000000000000000000 ) ;
#722 = CARTESIAN_POINT ( 'NONE',  ( -0.03131769314916309915, 0.1267953897178470124, 0.000000000000000000 ) ) ;
#723 = DIRECTION ( 'NONE',  ( -1.000000000000000000, -9.251858538542760807E-15, 0.000000000000000000 ) ) ;
#724 = CARTESIAN_POINT ( 'NONE',  ( -0.07131769314978189667, -0.003204610280088099946, 0.003000000000000000062 ) ) ;
#725 = PRODUCT_RELATED_PRODUCT_CATEGORY ( 'part', '', ( #622 ) ) ;
#726 = VERTEX_POINT ( 'NONE', #1263 ) ;
#727 = DIRECTION ( 'NONE',  ( -0.000000000000000000, -0.000000000000000000, 1.000000000000000000 ) ) ;
#728 = ORIENTED_EDGE ( 'NONE', *, *, #1789, .F. ) ;
#729 = CARTESIAN_POINT ( 'NONE',  ( -0.03799844776576580263, -0.02322375458576559845, 0.003000000000000000062 ) ) ;
#730 = DIRECTION ( 'NONE',  ( 0.000000000000000000, 0.000000000000000000, 1.000000000000000000 ) ) ;
#731 = DIRECTION ( 'NONE',  ( -0.9999956576321176183, 0.002946984375392938671, 0.000000000000000000 ) ) ;
#732 = PLANE ( 'NONE',  #1283 ) ;
#733 = VECTOR ( 'NONE', #569, 1.000000000000000000 ) ;
#734 = VECTOR ( 'NONE', #2360, 1.000000000000000000 ) ;
#735 = CARTESIAN_POINT ( 'NONE',  ( 0.02868230685083845294, 0.1056441160022151965, 0.000000000000000000 ) ) ;
#736 = DIRECTION ( 'NONE',  ( 0.7277831951690666434, -0.6858072767399776559, 0.000000000000000000 ) ) ;
#737 = FACE_OUTER_BOUND ( 'NONE', #2277, .T. ) ;
#738 = CIRCLE ( 'NONE', #1060, 0.001500000000000209499 ) ;
#739 = EDGE_CURVE ( 'NONE', #2077, #2006, #2108, .T. ) ;
#740 = EDGE_LOOP ( 'NONE', ( #2384, #1832, #1308, #1770 ) ) ;
#741 = CARTESIAN_POINT ( 'NONE',  ( 0.09536306146744580325, -0.02322375458576559845, 0.003000000000000000062 ) ) ;
#742 = VERTEX_POINT ( 'NONE', #1504 ) ;
#743 = ORIENTED_EDGE ( 'NONE', *, *, #2412, .T. ) ;
#744 = DIRECTION ( 'NONE',  ( 0.000000000000000000, 0.000000000000000000, 1.000000000000000000 ) ) ;
#745 = DIRECTION ( 'NONE',  ( 1.000000000000000000, 0.000000000000000000, 0.000000000000000000 ) ) ;
#746 = VECTOR ( 'NONE', #2295, 1.000000000000000000 ) ;
#747 = EDGE_CURVE ( 'NONE', #2209, #2130, #675, .T. ) ;
#748 = CARTESIAN_POINT ( 'NONE',  ( -0.02092291545752369974, -0.01149612409153292006, -0.007000000000000000146 ) ) ;
#749 = LINE ( 'NONE', #178, #733 ) ;
#750 = AXIS2_PLACEMENT_3D ( 'NONE', #1540, #362, #2109 ) ;
#751 = DIRECTION ( 'NONE',  ( -0.000000000000000000, -0.000000000000000000, 1.000000000000000000 ) ) ;
#752 = DIRECTION ( 'NONE',  ( -1.000000000000000000, 0.000000000000000000, 0.000000000000000000 ) ) ;
#753 = AXIS2_PLACEMENT_3D ( 'NONE', #1402, #293, #2025 ) ;
#754 = DIRECTION ( 'NONE',  ( -1.000000000000000000, 0.000000000000000000, 0.000000000000000000 ) ) ;
#755 = ORIENTED_EDGE ( 'NONE', *, *, #2305, .T. ) ;
#756 = ORIENTED_EDGE ( 'NONE', *, *, #1079, .F. ) ;
#757 = DIRECTION ( 'NONE',  ( 1.000000000000000000, 0.000000000000000000, 0.000000000000000000 ) ) ;
#758 =( LENGTH_UNIT ( ) NAMED_UNIT ( * ) SI_UNIT ( $, .METRE. ) );
#759 = ADVANCED_FACE ( 'NONE', ( #544 ), #1441, .F. ) ;
#760 = CYLINDRICAL_SURFACE ( 'NONE', #1830, 0.001499999999999987454 ) ;
#761 = ORIENTED_EDGE ( 'NONE', *, *, #637, .F. ) ;
#762 = FACE_OUTER_BOUND ( 'NONE', #20, .T. ) ;
#763 = DIRECTION ( 'NONE',  ( 1.000000000000000000, 0.000000000000000000, 0.000000000000000000 ) ) ;
#764 = AXIS2_PLACEMENT_3D ( 'NONE', #1458, #2437, #529 ) ;
#765 = DIRECTION ( 'NONE',  ( -0.000000000000000000, -0.000000000000000000, 1.000000000000000000 ) ) ;
#766 = ORIENTED_EDGE ( 'NONE', *, *, #2002, .T. ) ;
#767 = ORIENTED_EDGE ( 'NONE', *, *, #2286, .T. ) ;
#768 = PLANE ( 'NONE',  #2357 ) ;
#769 = DIRECTION ( 'NONE',  ( -1.000000000000000000, 0.000000000000000000, 0.000000000000000000 ) ) ;
#770 = ADVANCED_FACE ( 'NONE', ( #2408 ), #1309, .F. ) ;
#771 = CARTESIAN_POINT ( 'NONE',  ( 0.09536306146744580325, 0.07681453402145960174, 0.003000000000000000062 ) ) ;
#772 = ORIENTED_EDGE ( 'NONE', *, *, #1000, .F. ) ;
#773 = CARTESIAN_POINT ( 'NONE',  ( -0.03499844776576579997, -0.02322375458576559845, 0.000000000000000000 ) ) ;
#774 = CARTESIAN_POINT ( 'NONE',  ( 0.09579079552790634167, -0.05925243878806000369, 0.000000000000000000 ) ) ;
#775 = VECTOR ( 'NONE', #1960, 1.000000000000000000 ) ;
#776 = CIRCLE ( 'NONE', #330, 0.001549999999999999295 ) ;
#777 = FACE_OUTER_BOUND ( 'NONE', #404, .T. ) ;
#778 = CIRCLE ( 'NONE', #133, 0.001499999999999668265 ) ;
#779 = ORIENTED_EDGE ( 'NONE', *, *, #1471, .F. ) ;
#780 = ORIENTED_EDGE ( 'NONE', *, *, #609, .T. ) ;
#781 = EDGE_CURVE ( 'NONE', #954, #273, #2190, .T. ) ;
#782 = CARTESIAN_POINT ( 'NONE',  ( 0.07799601534982270046, 0.06479538971784699897, 0.003000000000000000062 ) ) ;
#783 = ORIENTED_EDGE ( 'NONE', *, *, #795, .T. ) ;
#784 = LINE ( 'NONE', #773, #1831 ) ;
#785 = DIRECTION ( 'NONE',  ( 0.000000000000000000, 0.000000000000000000, 1.000000000000000000 ) ) ;
#786 = CARTESIAN_POINT ( 'NONE',  ( 0.08868230685083999809, 0.1267953897178470124, 0.000000000000000000 ) ) ;
#787 = LINE ( 'NONE', #2296, #426 ) ;
#788 = EDGE_CURVE ( 'NONE', #633, #555, #2462, .T. ) ;
#789 = ORIENTED_EDGE ( 'NONE', *, *, #318, .T. ) ;
#790 = EDGE_LOOP ( 'NONE', ( #162, #1427, #2148, #1826, #728, #2318 ) ) ;
#791 = DIRECTION ( 'NONE',  ( 0.000000000000000000, 0.000000000000000000, 1.000000000000000000 ) ) ;
#792 = CIRCLE ( 'NONE', #27, 0.001500000000000015210 ) ;
#793 = ORIENTED_EDGE ( 'NONE', *, *, #2133, .F. ) ;
#794 = DIRECTION ( 'NONE',  ( -0.7071067811865615615, 0.7071067811865335839, 0.000000000000000000 ) ) ;
#795 = EDGE_CURVE ( 'NONE', #277, #2172, #2374, .T. ) ;
#796 = VERTEX_POINT ( 'NONE', #862 ) ;
#797 = CARTESIAN_POINT ( 'NONE',  ( -0.03003189070995644985, -0.06614672990430821298, 0.000000000000000000 ) ) ;
#798 = CARTESIAN_POINT ( 'NONE',  ( 0.1286823068508390067, 0.08679538971784969692, 0.003000000000000000062 ) ) ;
#799 = DIRECTION ( 'NONE',  ( 0.000000000000000000, 0.000000000000000000, 1.000000000000000000 ) ) ;
#800 = AXIS2_PLACEMENT_3D ( 'NONE', #3, #2477, #386 ) ;
#801 = AXIS2_PLACEMENT_3D ( 'NONE', #105, #1849, #2216 ) ;
#802 = EDGE_LOOP ( 'NONE', ( #1947, #2142, #124, #268 ) ) ;
#803 = ORIENTED_EDGE ( 'NONE', *, *, #2093, .T. ) ;
#804 = LINE ( 'NONE', #1991, #899 ) ;
#805 = ORIENTED_EDGE ( 'NONE', *, *, #58, .F. ) ;
#806 = ORIENTED_EDGE ( 'NONE', *, *, #585, .F. ) ;
#807 = FACE_OUTER_BOUND ( 'NONE', #995, .T. ) ;
#808 = ORIENTED_EDGE ( 'NONE', *, *, #1079, .T. ) ;
#809 = CARTESIAN_POINT ( 'NONE',  ( 0.1216244264730040048, -0.03341880784296014789, 0.000000000000000000 ) ) ;
#810 = DIRECTION ( 'NONE',  ( 0.000000000000000000, 0.000000000000000000, 1.000000000000000000 ) ) ;
#811 = LINE ( 'NONE', #786, #1013 ) ;
#812 = ADVANCED_FACE ( 'NONE', ( #1634 ), #2399, .F. ) ;
#813 = VECTOR ( 'NONE', #104, 1.000000000000000000 ) ;
#814 = EDGE_CURVE ( 'NONE', #1752, #1579, #427, .T. ) ;
#815 = VERTEX_POINT ( 'NONE', #729 ) ;
#816 = VECTOR ( 'NONE', #1632, 1.000000000000000000 ) ;
#817 = EDGE_LOOP ( 'NONE', ( #2276, #1974, #840, #1933 ) ) ;
#818 = AXIS2_PLACEMENT_3D ( 'NONE', #718, #1857, #1440 ) ;
#819 = LINE ( 'NONE', #19, #1988 ) ;
#820 = EDGE_LOOP ( 'NONE', ( #1943, #2391, #1092, #579 ) ) ;
#821 = CARTESIAN_POINT ( 'NONE',  ( 0.03023230685083995103, 0.09786218662219439701, 0.000000000000000000 ) ) ;
#822 = AXIS2_PLACEMENT_3D ( 'NONE', #145, #356, #170 ) ;
#823 = ADVANCED_FACE ( 'NONE', ( #1428, #2201, #464, #836, #1224, #303, #647, #79, #1608, #1072, #1251, #2013, #1452, #269, #2024, #1837, #1038, #1847, #475, #2221, #851, #1622, #2385, #1239, #1148 ), #768, .T. ) ;
#824 = ORIENTED_EDGE ( 'NONE', *, *, #257, .F. ) ;
#825 = DIRECTION ( 'NONE',  ( 0.7071067811864926167, 0.7071067811866025288, 0.000000000000000000 ) ) ;
#826 = DIRECTION ( 'NONE',  ( -0.000000000000000000, -0.000000000000000000, 1.000000000000000000 ) ) ;
#827 = CARTESIAN_POINT ( 'NONE',  ( 0.02868230685083995174, -0.04427140718650034862, 0.003000000000000000062 ) ) ;
#828 = AXIS2_PLACEMENT_3D ( 'NONE', #383, #1877, #2473 ) ;
#829 = VERTEX_POINT ( 'NONE', #557 ) ;
#830 = ORIENTED_EDGE ( 'NONE', *, *, #1709, .T. ) ;
#831 = CARTESIAN_POINT ( 'NONE',  ( 0.1286823068508392010, 0.05679538971784699880, 0.000000000000000000 ) ) ;
#832 = ORIENTED_EDGE ( 'NONE', *, *, #190, .F. ) ;
#833 = VERTEX_POINT ( 'NONE', #378 ) ;
#834 = DIRECTION ( 'NONE',  ( 0.6858072767399776559, 0.7277831951690666434, 0.000000000000000000 ) ) ;
#835 = VERTEX_POINT ( 'NONE', #177 ) ;
#836 = FACE_BOUND ( 'NONE', #1616, .T. ) ;
#837 = CARTESIAN_POINT ( 'NONE',  ( -0.06425981277132240821, 0.08700958727864489817, 0.000000000000000000 ) ) ;
#838 = DIRECTION ( 'NONE',  ( -0.000000000000000000, -0.000000000000000000, 1.000000000000000000 ) ) ;
#839 = ADVANCED_FACE ( 'NONE', ( #2289 ), #981, .F. ) ;
#840 = ORIENTED_EDGE ( 'NONE', *, *, #1004, .T. ) ;
#841 = B_SPLINE_CURVE_WITH_KNOTS ( 'NONE', 2,
 ( #169, #1707, #2115 ),
 .UNSPECIFIED., .F., .F.,
 ( 3, 3 ),
 ( 0.000000000000000000, 1.000000000000000000 ),
 .UNSPECIFIED. ) ;
#842 = CIRCLE ( 'NONE', #441, 0.001499999999999987454 ) ;
#843 = EDGE_CURVE ( 'NONE', #1220, #2005, #956, .T. ) ;
#844 = CARTESIAN_POINT ( 'NONE',  ( 0.07799601534982270046, 0.06479538971784699897, 0.003000000000000000062 ) ) ;
#845 = ORIENTED_EDGE ( 'NONE', *, *, #1110, .F. ) ;
#846 = ORIENTED_EDGE ( 'NONE', *, *, #491, .F. ) ;
#847 = ORIENTED_EDGE ( 'NONE', *, *, #1895, .T. ) ;
#848 = DIRECTION ( 'NONE',  ( 0.000000000000000000, 0.000000000000000000, -1.000000000000000000 ) ) ;
#849 = EDGE_CURVE ( 'NONE', #519, #1047, #987, .T. ) ;
#850 = EDGE_LOOP ( 'NONE', ( #4, #2365, #2114, #1146 ) ) ;
#851 = FACE_BOUND ( 'NONE', #2379, .T. ) ;
#852 = DIRECTION ( 'NONE',  ( 0.000000000000000000, 0.000000000000000000, 1.000000000000000000 ) ) ;
#853 = CARTESIAN_POINT ( 'NONE',  ( 0.1231244264730036037, 0.08700958727865409914, 0.003000000000000000062 ) ) ;
#854 = ORIENTED_EDGE ( 'NONE', *, *, #747, .T. ) ;
#855 = DIRECTION ( 'NONE',  ( 0.000000000000000000, 0.000000000000000000, 1.000000000000000000 ) ) ;
#856 = EDGE_LOOP ( 'NONE', ( #968, #1755, #2120, #469 ) ) ;
#857 = EDGE_LOOP ( 'NONE', ( #1232, #1819, #2244, #1775 ) ) ;
#858 = ORIENTED_EDGE ( 'NONE', *, *, #630, .T. ) ;
#859 = VECTOR ( 'NONE', #1654, 1.000000000000000000 ) ;
#860 = ORIENTED_EDGE ( 'NONE', *, *, #1455, .F. ) ;
#861 = CYLINDRICAL_SURFACE ( 'NONE', #2226, 0.001500000000009896195 ) ;
#862 = CARTESIAN_POINT ( 'NONE',  ( 0.02713230685083994898, -0.04427140718650034862, 0.003000000000000000062 ) ) ;
#863 = FACE_BOUND ( 'NONE', #98, .T. ) ;
#864 = CARTESIAN_POINT ( 'NONE',  ( -0.06425981277132240821, -0.03341880784295089835, 0.000000000000000000 ) ) ;
#865 = EDGE_CURVE ( 'NONE', #403, #2255, #2476, .T. ) ;
#866 = SHAPE_DEFINITION_REPRESENTATION ( #2352, #1979 ) ;
#867 = ADVANCED_FACE ( 'NONE', ( #2468 ), #1910, .F. ) ;
#868 = AXIS2_PLACEMENT_3D ( 'NONE', #864, #686, #883 ) ;
#869 =( LENGTH_UNIT ( ) NAMED_UNIT ( * ) SI_UNIT ( $, .METRE. ) );
#870 = EDGE_LOOP ( 'NONE', ( #824, #175, #1834, #1411 ) ) ;
#871 = CARTESIAN_POINT ( 'NONE',  ( 0.08868230685083990095, -0.07320461028215301258, 0.000000000000000000 ) ) ;
#872 = FACE_OUTER_BOUND ( 'NONE', #857, .T. ) ;
#873 = DIRECTION ( 'NONE',  ( -1.000000000000000000, 0.000000000000000000, 0.000000000000000000 ) ) ;
#874 = FACE_BOUND ( 'NONE', #1375, .T. ) ;
#875 = CARTESIAN_POINT ( 'NONE',  ( 0.1147301353564351423, 0.09390387839522292002, 0.000000000000000000 ) ) ;
#876 = CARTESIAN_POINT ( 'NONE',  ( 0.08868230685083999809, 0.1267953897178470124, 0.000000000000000000 ) ) ;
#877 = DIRECTION ( 'NONE',  ( 0.000000000000000000, 0.000000000000000000, -1.000000000000000000 ) ) ;
#878 = EDGE_LOOP ( 'NONE', ( #263, #2219, #483, #1868, #977, #2369 ) ) ;
#879 = EDGE_LOOP ( 'NONE', ( #431, #387 ) ) ;
#880 = CARTESIAN_POINT ( 'NONE',  ( -0.03131769314916120484, -0.07320461028215180521, 0.000000000000000000 ) ) ;
#881 = CARTESIAN_POINT ( 'NONE',  ( 0.03023230685083995103, -0.04427140718650034862, 0.000000000000000000 ) ) ;
#882 = FACE_BOUND ( 'NONE', #1382, .T. ) ;
#883 = DIRECTION ( 'NONE',  ( -1.000000000000000000, 0.000000000000000000, 0.000000000000000000 ) ) ;
#884 = CARTESIAN_POINT ( 'NONE',  ( 0.1132301353561258606, -0.04031309895984048347, 0.003000000000000000062 ) ) ;
#885 = CYLINDRICAL_SURFACE ( 'NONE', #641, 0.001500000000000001332 ) ;
#886 = ADVANCED_FACE ( 'NONE', ( #2278 ), #943, .F. ) ;
#887 = EDGE_CURVE ( 'NONE', #1475, #2267, #2074, .T. ) ;
#888 = CARTESIAN_POINT ( 'NONE',  ( -0.03153189070996530174, -0.06614672990430821298, 0.000000000000000000 ) ) ;
#889 = ORIENTED_EDGE ( 'NONE', *, *, #1059, .T. ) ;
#890 = ORIENTED_EDGE ( 'NONE', *, *, #1865, .T. ) ;
#891 = AXIS2_PLACEMENT_3D ( 'NONE', #2073, #548, #341 ) ;
#892 = DIRECTION ( 'NONE',  ( 0.000000000000000000, 0.000000000000000000, 1.000000000000000000 ) ) ;
#893 = CIRCLE ( 'NONE', #328, 0.001500000000000001332 ) ;
#894 = ADVANCED_FACE ( 'NONE', ( #762 ), #1915, .F. ) ;
#895 = CIRCLE ( 'NONE', #696, 0.001499999999999987454 ) ;
#896 = DIRECTION ( 'NONE',  ( 0.000000000000000000, 0.000000000000000000, 1.000000000000000000 ) ) ;
#897 = LINE ( 'NONE', #677, #948 ) ;
#898 = EDGE_CURVE ( 'NONE', #12, #1963, #2091, .T. ) ;
#899 = VECTOR ( 'NONE', #615, 1.000000000000000000 ) ;
#900 = CARTESIAN_POINT ( 'NONE',  ( 0.1286823068508390067, -0.03320461028215569710, 0.000000000000000000 ) ) ;
#901 = CIRCLE ( 'NONE', #2427, 0.001500000000009896195 ) ;
#902 = EDGE_LOOP ( 'NONE', ( #889, #471 ) ) ;
#903 = DIRECTION ( 'NONE',  ( 0.7071067811865300312, 0.7071067811865650032, 0.000000000000000000 ) ) ;
#904 = DIRECTION ( 'NONE',  ( 0.000000000000000000, 0.000000000000000000, -1.000000000000000000 ) ) ;
#905 = ORIENTED_EDGE ( 'NONE', *, *, #1871, .T. ) ;
#906 = DIRECTION ( 'NONE',  ( 1.000000000000000000, 0.000000000000000000, 0.000000000000000000 ) ) ;
#907 = FACE_BOUND ( 'NONE', #2196, .T. ) ;
#908 = LINE ( 'NONE', #547, #2217 ) ;
#909 = FACE_OUTER_BOUND ( 'NONE', #1737, .T. ) ;
#910 = CARTESIAN_POINT ( 'NONE',  ( 0.09429079552821556520, 0.1128432182234423847, 0.000000000000000000 ) ) ;
#911 = DIRECTION ( 'NONE',  ( 0.000000000000000000, 0.000000000000000000, -1.000000000000000000 ) ) ;
#912 = ORIENTED_EDGE ( 'NONE', *, *, #2371, .F. ) ;
#913 = CARTESIAN_POINT ( 'NONE',  ( 0.09386306146744580192, -0.02322375458576559845, 0.003000000000000000062 ) ) ;
#914 = ORIENTED_EDGE ( 'NONE', *, *, #739, .F. ) ;
#915 = VECTOR ( 'NONE', #2046, 1.000000000000000000 ) ;
#916 = EDGE_CURVE ( 'NONE', #453, #1807, #2101, .T. ) ;
#917 = CARTESIAN_POINT ( 'NONE',  ( 0.02868230685083995174, -0.04427140718650034862, 0.000000000000000000 ) ) ;
#918 = DIRECTION ( 'NONE',  ( -1.000000000000000000, 0.000000000000000000, 0.000000000000000000 ) ) ;
#919 = CARTESIAN_POINT ( 'NONE',  ( -0.07131769314915999136, -0.03320461028215499627, 0.003000000000000000062 ) ) ;
#920 = EDGE_CURVE ( 'NONE', #1238, #1677, #2239, .T. ) ;
#921 = EDGE_CURVE ( 'NONE', #1002, #671, #1317, .T. ) ;
#922 = AXIS2_PLACEMENT_3D ( 'NONE', #1253, #523, #1467 ) ;
#923 = CARTESIAN_POINT ( 'NONE',  ( 0.1147301353564351423, 0.09390387839522292002, -0.007000000000000000146 ) ) ;
#924 = DIRECTION ( 'NONE',  ( -0.9999956576321176183, -0.002946984375392938671, 0.000000000000000000 ) ) ;
#925 = DIRECTION ( 'NONE',  ( 0.000000000000000000, 0.000000000000000000, -1.000000000000000000 ) ) ;
#926 = B_SPLINE_CURVE_WITH_KNOTS ( 'NONE', 2,
 ( #1357, #1754, #933 ),
 .UNSPECIFIED., .F., .F.,
 ( 3, 3 ),
 ( 0.000000000000000000, 1.000000000000000000 ),
 .UNSPECIFIED. ) ;
#927 = ORIENTED_EDGE ( 'NONE', *, *, #452, .F. ) ;
#928 = FACE_OUTER_BOUND ( 'NONE', #508, .T. ) ;
#929 = EDGE_CURVE ( 'NONE', #555, #1346, #2250, .T. ) ;
#930 = ORIENTED_EDGE ( 'NONE', *, *, #1817, .F. ) ;
#931 = EDGE_LOOP ( 'NONE', ( #1855, #70, #1891, #2299 ) ) ;
#932 = CARTESIAN_POINT ( 'NONE',  ( -0.03131769314916305058, -0.07320461028215301258, 0.000000000000000000 ) ) ;
#933 = CARTESIAN_POINT ( 'NONE',  ( 0.08868230685083999809, 0.1267953897178470124, 0.000000000000000000 ) ) ;
#934 = FACE_OUTER_BOUND ( 'NONE', #1351, .T. ) ;
#935 = AXIS2_PLACEMENT_3D ( 'NONE', #1373, #2307, #580 ) ;
#936 = AXIS2_PLACEMENT_3D ( 'NONE', #313, #127, #1442 ) ;
#937 = CARTESIAN_POINT ( 'NONE',  ( -0.05736552165506630246, 0.09390387839553272775, -0.007000000000000000146 ) ) ;
#938 = DIRECTION ( 'NONE',  ( 0.000000000000000000, 0.000000000000000000, 1.000000000000000000 ) ) ;
#939 = LINE ( 'NONE', #1129, #2117 ) ;
#940 = CARTESIAN_POINT ( 'NONE',  ( -0.01612812063183160019, -0.02795845473184119939, 0.003000000000000000062 ) ) ;
#941 = VERTEX_POINT ( 'NONE', #342 ) ;
#942 = EDGE_LOOP ( 'NONE', ( #36, #287, #1539, #467 ) ) ;
#943 = CYLINDRICAL_SURFACE ( 'NONE', #264, 0.001500000000008893525 ) ;
#944 = EDGE_CURVE ( 'NONE', #146, #2351, #2274, .T. ) ;
#945 = DIRECTION ( 'NONE',  ( -1.000000000000000000, 0.000000000000000000, 0.000000000000000000 ) ) ;
#946 = AXIS2_PLACEMENT_3D ( 'NONE', #572, #1722, #763 ) ;
#947 = CARTESIAN_POINT ( 'NONE',  ( 0.08739650441164650840, -0.06614672990431730293, 0.000000000000000000 ) ) ;
#948 = VECTOR ( 'NONE', #81, 1.000000000000000000 ) ;
#949 = EDGE_LOOP ( 'NONE', ( #655, #1019 ) ) ;
#950 = CARTESIAN_POINT ( 'NONE',  ( 0.07526872997487239758, 0.07987567157033799436, 0.000000000000000000 ) ) ;
#951 = CARTESIAN_POINT ( 'NONE',  ( 0.08443690734485209681, 0.07123628171287610389, -0.007000000000000000146 ) ) ;
#952 = CARTESIAN_POINT ( 'NONE',  ( -0.01612812063183170080, 0.08154923416753530330, 0.003000000000000000062 ) ) ;
#953 = EDGE_CURVE ( 'NONE', #1621, #2359, #1104, .T. ) ;
#954 = VERTEX_POINT ( 'NONE', #1128 ) ;
#955 = ORIENTED_EDGE ( 'NONE', *, *, #668, .F. ) ;
#956 = LINE ( 'NONE', #1703, #1923 ) ;
#957 = DIRECTION ( 'NONE',  ( -0.000000000000000000, -0.000000000000000000, 1.000000000000000000 ) ) ;
#958 = ORIENTED_EDGE ( 'NONE', *, *, #1476, .T. ) ;
#959 = CARTESIAN_POINT ( 'NONE',  ( 0.09536306146744580325, -0.02322375458576559845, 0.000000000000000000 ) ) ;
#960 = CARTESIAN_POINT ( 'NONE',  ( 0.09729079552790632912, -0.05925243878806000369, 0.000000000000000000 ) ) ;
#961 = AXIS2_PLACEMENT_3D ( 'NONE', #1040, #2321, #595 ) ;
#962 = DIRECTION ( 'NONE',  ( -1.000000000000000000, 0.000000000000000000, 0.000000000000000000 ) ) ;
#963 = EDGE_LOOP ( 'NONE', ( #247, #1041 ) ) ;
#964 = ORIENTED_EDGE ( 'NONE', *, *, #1110, .T. ) ;
#965 = EDGE_CURVE ( 'NONE', #1321, #2395, #1486, .T. ) ;
#966 = CARTESIAN_POINT ( 'NONE',  ( 0.08889650441164670402, -0.06614672990431730293, 0.003000000000000000062 ) ) ;
#967 = DIRECTION ( 'NONE',  ( -0.000000000000000000, -0.000000000000000000, 1.000000000000000000 ) ) ;
#968 = ORIENTED_EDGE ( 'NONE', *, *, #242, .F. ) ;
#969 = CARTESIAN_POINT ( 'NONE',  ( 0.03023230685083995103, 0.09786218662219439701, 0.003000000000000000062 ) ) ;
#970 = CARTESIAN_POINT ( 'NONE',  ( -0.05887756714186569845, 0.07179538971784830970, 0.003000000000000000062 ) ) ;
#971 = DIRECTION ( 'NONE',  ( -0.000000000000000000, -0.000000000000000000, 1.000000000000000000 ) ) ;
#972 = EDGE_CURVE ( 'NONE', #954, #1579, #144, .T. ) ;
#973 = PRODUCT_DEFINITION_CONTEXT ( 'detailed design', #2405, 'design' ) ;
#974 = AXIS2_PLACEMENT_3D ( 'NONE', #1111, #2442, #150 ) ;
#975 = CARTESIAN_POINT ( 'NONE',  ( -0.02092291545752384893, 0.06508690352722699968, 0.000000000000000000 ) ) ;
#976 = VECTOR ( 'NONE', #1383, 1.000000000000000000 ) ;
#977 = ORIENTED_EDGE ( 'NONE', *, *, #916, .F. ) ;
#978 = ORIENTED_EDGE ( 'NONE', *, *, #814, .T. ) ;
#979 = DIRECTION ( 'NONE',  ( 1.000000000000000000, 0.000000000000000000, 0.000000000000000000 ) ) ;
#980 = EDGE_LOOP ( 'NONE', ( #2287, #1185, #640, #1919 ) ) ;
#981 = B_SPLINE_SURFACE_WITH_KNOTS ( 'NONE', 2, 1, ( 
 ( #1726, #1516 ),
 ( #188, #1893 ),
 ( #932, #164 ) ),
 .UNSPECIFIED., .F., .F., .F.,
 ( 3, 3 ),
 ( 2, 2 ),
 ( 0.000000000000000000, 1.000000000000000000 ),
 ( 0.000000000000000000, 1.000000000000000000 ),
 .UNSPECIFIED. ) ;
#982 = CARTESIAN_POINT ( 'NONE',  ( 0.1162301353564351297, 0.09390387839522292002, 0.003000000000000000062 ) ) ;
#983 = ORIENTED_EDGE ( 'NONE', *, *, #157, .F. ) ;
#984 = LINE ( 'NONE', #1585, #7 ) ;
#985 = DIRECTION ( 'NONE',  ( 1.000000000000000000, 0.000000000000000000, 0.000000000000000000 ) ) ;
#986 = DIRECTION ( 'NONE',  ( 0.000000000000000000, 0.000000000000000000, 1.000000000000000000 ) ) ;
#987 = CIRCLE ( 'NONE', #1801, 0.001500000000000015210 ) ;
#988 = ORIENTED_EDGE ( 'NONE', *, *, #2286, .F. ) ;
#989 = ORIENTED_EDGE ( 'NONE', *, *, #1532, .T. ) ;
#990 = AXIS2_PLACEMENT_3D ( 'NONE', #1760, #1559, #2320 ) ;
#991 = CARTESIAN_POINT ( 'NONE',  ( -0.01612812063183170080, 0.08154923416753530330, -0.007000000000000000146 ) ) ;
#992 = ORIENTED_EDGE ( 'NONE', *, *, #2363, .F. ) ;
#993 = ADVANCED_FACE ( 'NONE', ( #1521 ), #2283, .F. ) ;
#994 = DIRECTION ( 'NONE',  ( 0.000000000000000000, 0.000000000000000000, 1.000000000000000000 ) ) ;
#995 = EDGE_LOOP ( 'NONE', ( #1630, #1955, #808, #983 ) ) ;
#996 = DIRECTION ( 'NONE',  ( 0.000000000000000000, 0.000000000000000000, 1.000000000000000000 ) ) ;
#997 = LINE ( 'NONE', #1026, #666 ) ;
#998 = LINE ( 'NONE', #2189, #2106 ) ;
#999 = EDGE_CURVE ( 'NONE', #1934, #680, #1290, .T. ) ;
#1000 = EDGE_CURVE ( 'NONE', #1569, #2373, #148, .T. ) ;
#1001 = ORIENTED_EDGE ( 'NONE', *, *, #2392, .T. ) ;
#1002 = VERTEX_POINT ( 'NONE', #910 ) ;
#1003 = B_SPLINE_SURFACE_WITH_KNOTS ( 'NONE', 2, 1, ( 
 ( #2047, #337 ),
 ( #1669, #1088 ),
 ( #1096, #1870 ) ),
 .UNSPECIFIED., .F., .F., .F.,
 ( 3, 3 ),
 ( 2, 2 ),
 ( 0.000000000000000000, 1.000000000000000000 ),
 ( 0.000000000000000000, 1.000000000000000000 ),
 .UNSPECIFIED. ) ;
#1004 = EDGE_CURVE ( 'NONE', #1957, #1054, #1310, .T. ) ;
#1005 = CARTESIAN_POINT ( 'NONE',  ( -0.03003189070995640128, 0.1197375093400021989, 0.000000000000000000 ) ) ;
#1006 = ORIENTED_EDGE ( 'NONE', *, *, #1526, .T. ) ;
#1007 = ORIENTED_EDGE ( 'NONE', *, *, #1929, .T. ) ;
#1008 = DIRECTION ( 'NONE',  ( 0.000000000000000000, 0.000000000000000000, 1.000000000000000000 ) ) ;
#1009 = ORIENTED_EDGE ( 'NONE', *, *, #1971, .T. ) ;
#1010 = CYLINDRICAL_SURFACE ( 'NONE', #290, 0.001549999999999999295 ) ;
#1011 = FACE_OUTER_BOUND ( 'NONE', #1387, .T. ) ;
#1012 = DIRECTION ( 'NONE',  ( 1.000000000000000000, 0.000000000000000000, 0.000000000000000000 ) ) ;
#1013 = VECTOR ( 'NONE', #2165, 1.000000000000000000 ) ;
#1014 = AXIS2_PLACEMENT_3D ( 'NONE', #1983, #996, #2125 ) ;
#1015 = ORIENTED_EDGE ( 'NONE', *, *, #788, .T. ) ;
#1016 = AXIS2_PLACEMENT_3D ( 'NONE', #2233, #312, #2256 ) ;
#1017 = ORIENTED_EDGE ( 'NONE', *, *, #451, .F. ) ;
#1018 = CARTESIAN_POINT ( 'NONE',  ( 0.09729079552790632912, -0.05925243878806000369, 0.003000000000000000062 ) ) ;
#1019 = ORIENTED_EDGE ( 'NONE', *, *, #1823, .F. ) ;
#1020 = EDGE_CURVE ( 'NONE', #1934, #1359, #841, .T. ) ;
#1021 = VERTEX_POINT ( 'NONE', #561 ) ;
#1022 = DIRECTION ( 'NONE',  ( 1.000000000000000000, 0.000000000000000000, 0.000000000000000000 ) ) ;
#1023 = AXIS2_PLACEMENT_3D ( 'NONE', #774, #911, #1708 ) ;
#1024 = ORIENTED_EDGE ( 'NONE', *, *, #478, .F. ) ;
#1025 = CARTESIAN_POINT ( 'NONE',  ( 1.731746488483819993E-17, -0.02795845473184115082, 0.000000000000000000 ) ) ;
#1026 = CARTESIAN_POINT ( 'NONE',  ( -0.03692618182684664213, 0.1128432182237521092, -0.007000000000000000146 ) ) ;
#1027 = DIRECTION ( 'NONE',  ( -0.7071067811865335839, -0.7071067811865615615, 0.000000000000000000 ) ) ;
#1028 = ADVANCED_FACE ( 'NONE', ( #1721 ), #1684, .F. ) ;
#1029 = AXIS2_PLACEMENT_3D ( 'NONE', #1443, #1624, #2015 ) ;
#1030 = ORIENTED_EDGE ( 'NONE', *, *, #920, .F. ) ;
#1031 = ORIENTED_EDGE ( 'NONE', *, *, #2157, .T. ) ;
#1032 = EDGE_CURVE ( 'NONE', #1673, #361, #1639, .T. ) ;
#1033 = DIRECTION ( 'NONE',  ( -0.000000000000000000, -0.000000000000000000, 1.000000000000000000 ) ) ;
#1034 = ORIENTED_EDGE ( 'NONE', *, *, #556, .F. ) ;
#1035 = ORIENTED_EDGE ( 'NONE', *, *, #1740, .F. ) ;
#1036 = DIRECTION ( 'NONE',  ( 0.000000000000000000, 0.000000000000000000, -1.000000000000000000 ) ) ;
#1037 = ORIENTED_EDGE ( 'NONE', *, *, #2191, .T. ) ;
#1038 = FACE_BOUND ( 'NONE', #669, .T. ) ;
#1039 = LINE ( 'NONE', #465, #346 ) ;
#1040 = CARTESIAN_POINT ( 'NONE',  ( -0.06425981277132240821, -0.03341880784295089835, 0.000000000000000000 ) ) ;
#1041 = ORIENTED_EDGE ( 'NONE', *, *, #2445, .F. ) ;
#1042 = CARTESIAN_POINT ( 'NONE',  ( -0.05886552165537645848, -0.04031309895953068267, 0.000000000000000000 ) ) ;
#1043 = ORIENTED_EDGE ( 'NONE', *, *, #182, .F. ) ;
#1044 = VERTEX_POINT ( 'NONE', #326 ) ;
#1045 = ADVANCED_FACE ( 'NONE', ( #128 ), #2410, .F. ) ;
#1046 = ORIENTED_EDGE ( 'NONE', *, *, #126, .T. ) ;
#1047 = VERTEX_POINT ( 'NONE', #1657 ) ;
#1048 = FACE_OUTER_BOUND ( 'NONE', #740, .T. ) ;
#1049 = ORIENTED_EDGE ( 'NONE', *, *, #1551, .F. ) ;
#1050 = CARTESIAN_POINT ( 'NONE',  ( 0.1147301353564351423, 0.09390387839522292002, 0.000000000000000000 ) ) ;
#1051 = DIRECTION ( 'NONE',  ( 0.000000000000000000, 0.000000000000000000, 1.000000000000000000 ) ) ;
#1052 = DIRECTION ( 'NONE',  ( 0.000000000000000000, 0.000000000000000000, 1.000000000000000000 ) ) ;
#1053 = EDGE_CURVE ( 'NONE', #742, #1134, #897, .T. ) ;
#1054 = VERTEX_POINT ( 'NONE', #853 ) ;
#1055 = VECTOR ( 'NONE', #1414, 1.000000000000000000 ) ;
#1056 = AXIS2_PLACEMENT_3D ( 'NONE', #1050, #2214, #873 ) ;
#1057 = EDGE_LOOP ( 'NONE', ( #964, #299, #528, #1889 ) ) ;
#1058 = ORIENTED_EDGE ( 'NONE', *, *, #265, .F. ) ;
#1059 = EDGE_CURVE ( 'NONE', #543, #2339, #1473, .T. ) ;
#1060 = AXIS2_PLACEMENT_3D ( 'NONE', #568, #1323, #745 ) ;
#1061 = ORIENTED_EDGE ( 'NONE', *, *, #398, .T. ) ;
#1062 = LINE ( 'NONE', #1678, #501 ) ;
#1063 = DIRECTION ( 'NONE',  ( -0.002946984375392938671, -0.9999956576321176183, 0.000000000000000000 ) ) ;
#1064 = DIRECTION ( 'NONE',  ( 0.000000000000000000, 0.000000000000000000, 1.000000000000000000 ) ) ;
#1065 = DIRECTION ( 'NONE',  ( 0.000000000000000000, 0.000000000000000000, 1.000000000000000000 ) ) ;
#1066 = DIRECTION ( 'NONE',  ( -0.000000000000000000, -0.000000000000000000, 1.000000000000000000 ) ) ;
#1067 = VECTOR ( 'NONE', #2495, 1.000000000000000000 ) ;
#1068 = ORIENTED_EDGE ( 'NONE', *, *, #788, .F. ) ;
#1069 = APPLICATION_CONTEXT ( 'automotive_design' ) ;
#1070 = ORIENTED_EDGE ( 'NONE', *, *, #1905, .F. ) ;
#1071 = DIRECTION ( 'NONE',  ( 0.000000000000000000, 0.000000000000000000, 1.000000000000000000 ) ) ;
#1072 = FACE_BOUND ( 'NONE', #2121, .T. ) ;
#1073 = CARTESIAN_POINT ( 'NONE',  ( -0.03153189070996530174, 0.1197375093400021989, 0.000000000000000000 ) ) ;
#1074 = CARTESIAN_POINT ( 'NONE',  ( -0.03153189070996530174, 0.1197375093400021989, 0.000000000000000000 ) ) ;
#1075 = AXIS2_PLACEMENT_3D ( 'NONE', #25, #1586, #1176 ) ;
#1076 = UNCERTAINTY_MEASURE_WITH_UNIT (LENGTH_MEASURE( 1.000000000000000082E-05 ), #758, 'distance_accuracy_value', 'NONE');
#1077 = CARTESIAN_POINT ( 'NONE',  ( -0.05887756714186569845, -0.01820461028215434804, 0.000000000000000000 ) ) ;
#1078 = APPLICATION_PROTOCOL_DEFINITION ( 'draft international standard', 'automotive_design', 1998, #2405 ) ;
#1079 = EDGE_CURVE ( 'NONE', #1158, #231, #2223, .T. ) ;
#1080 = EDGE_CURVE ( 'NONE', #1619, #2195, #1189, .T. ) ;
#1081 = CARTESIAN_POINT ( 'NONE',  ( 0.09039650441164689965, -0.06614672990431730293, 0.003000000000000000062 ) ) ;
#1082 = B_SPLINE_CURVE_WITH_KNOTS ( 'NONE', 2,
 ( #509, #2070, #880 ),
 .UNSPECIFIED., .F., .F.,
 ( 3, 3 ),
 ( 0.000000000000000000, 1.000000000000000000 ),
 .UNSPECIFIED. ) ;
#1083 = DIRECTION ( 'NONE',  ( 0.000000000000000000, 0.000000000000000000, 1.000000000000000000 ) ) ;
#1084 = ORIENTED_EDGE ( 'NONE', *, *, #2084, .F. ) ;
#1085 = ADVANCED_FACE ( 'NONE', ( #711 ), #1454, .F. ) ;
#1086 = AXIS2_PLACEMENT_3D ( 'NONE', #1299, #1681, #1518 ) ;
#1087 = ORIENTED_EDGE ( 'NONE', *, *, #1446, .T. ) ;
#1088 = CARTESIAN_POINT ( 'NONE',  ( 0.1162421808453888011, 0.07179538971784819867, 0.003000000000000000062 ) ) ;
#1089 = FACE_OUTER_BOUND ( 'NONE', #1809, .T. ) ;
#1090 = DIRECTION ( 'NONE',  ( 0.000000000000000000, 0.000000000000000000, -1.000000000000000000 ) ) ;
#1091 = CYLINDRICAL_SURFACE ( 'NONE', #2298, 0.001499999999999987454 ) ;
#1092 = ORIENTED_EDGE ( 'NONE', *, *, #602, .T. ) ;
#1093 = LINE ( 'NONE', #1748, #598 ) ;
#1094 = EDGE_LOOP ( 'NONE', ( #1355, #2428 ) ) ;
#1095 = VECTOR ( 'NONE', #327, 1.000000000000000000 ) ;
#1096 = CARTESIAN_POINT ( 'NONE',  ( 0.1286823068508392010, 0.05679538971784699880, 0.000000000000000000 ) ) ;
#1097 = AXIS2_PLACEMENT_3D ( 'NONE', #1352, #1166, #1798 ) ;
#1098 = ADVANCED_FACE ( 'NONE', ( #1287 ), #1277, .F. ) ;
#1099 = AXIS2_PLACEMENT_3D ( 'NONE', #937, #1706, #1519 ) ;
#1100 = CARTESIAN_POINT ( 'NONE',  ( -0.06275981277131249814, -0.03341880784295089835, 0.000000000000000000 ) ) ;
#1101 = FACE_OUTER_BOUND ( 'NONE', #1607, .T. ) ;
#1102 = AXIS2_PLACEMENT_3D ( 'NONE', #1615, #2143, #601 ) ;
#1103 = CARTESIAN_POINT ( 'NONE',  ( -0.06425981277132240821, -0.03341880784295089835, 0.000000000000000000 ) ) ;
#1104 = LINE ( 'NONE', #368, #1716 ) ;
#1105 = VERTEX_POINT ( 'NONE', #1265 ) ;
#1106 = DIRECTION ( 'NONE',  ( 0.000000000000000000, 0.000000000000000000, 1.000000000000000000 ) ) ;
#1107 = EDGE_CURVE ( 'NONE', #2006, #2077, #1675, .T. ) ;
#1108 =( NAMED_UNIT ( * ) SI_UNIT ( $, .STERADIAN. ) SOLID_ANGLE_UNIT ( ) );
#1109 = ORIENTED_EDGE ( 'NONE', *, *, #637, .T. ) ;
#1110 = EDGE_CURVE ( 'NONE', #273, #954, #2315, .T. ) ;
#1111 = CARTESIAN_POINT ( 'NONE',  ( 0.09386306146744580192, 0.07681453402145960174, 0.003000000000000000062 ) ) ;
#1112 = FACE_BOUND ( 'NONE', #2181, .T. ) ;
#1113 = CARTESIAN_POINT ( 'NONE',  ( -0.03303189070997419874, -0.06614672990430821298, 0.003000000000000000062 ) ) ;
#1114 = CARTESIAN_POINT ( 'NONE',  ( -0.03131769314916309915, 0.1267953897178470124, 0.003000000000000000062 ) ) ;
#1115 = AXIS2_PLACEMENT_3D ( 'NONE', #1813, #896, #1466 ) ;
#1116 = CARTESIAN_POINT ( 'NONE',  ( -0.07131769314854290165, 0.05679538971991189567, 0.000000000000000000 ) ) ;
#1117 = CARTESIAN_POINT ( 'NONE',  ( -0.02707229364317199904, 0.07123628171287620103, -0.007000000000000000146 ) ) ;
#1118 = VERTEX_POINT ( 'NONE', #2026 ) ;
#1119 = LINE ( 'NONE', #2078, #316 ) ;
#1120 = EDGE_LOOP ( 'NONE', ( #1547, #493, #1653, #209 ) ) ;
#1121 = ORIENTED_EDGE ( 'NONE', *, *, #108, .T. ) ;
#1122 = DIRECTION ( 'NONE',  ( 0.000000000000000000, 0.000000000000000000, 1.000000000000000000 ) ) ;
#1123 = FACE_OUTER_BOUND ( 'NONE', #1057, .T. ) ;
#1124 = FACE_BOUND ( 'NONE', #2159, .T. ) ;
#1125 = DIRECTION ( 'NONE',  ( 0.000000000000000000, 0.000000000000000000, 1.000000000000000000 ) ) ;
#1126 = AXIS2_PLACEMENT_3D ( 'NONE', #1488, #903, #333 ) ;
#1127 = LINE ( 'NONE', #1545, #1911 ) ;
#1128 = CARTESIAN_POINT ( 'NONE',  ( 0.1132301353564351548, 0.09390387839522292002, 0.000000000000000000 ) ) ;
#1129 = CARTESIAN_POINT ( 'NONE',  ( -0.03992618182715703540, -0.05925243878775028616, -0.007000000000000000146 ) ) ;
#1130 = EDGE_CURVE ( 'NONE', #2231, #1621, #1728, .T. ) ;
#1131 = AXIS2_PLACEMENT_3D ( 'NONE', #14, #1413, #985 ) ;
#1132 = DIRECTION ( 'NONE',  ( 0.000000000000000000, 0.000000000000000000, 1.000000000000000000 ) ) ;
#1133 = ORIENTED_EDGE ( 'NONE', *, *, #451, .T. ) ;
#1134 = VERTEX_POINT ( 'NONE', #477 ) ;
#1135 = VERTEX_POINT ( 'NONE', #2387 ) ;
#1136 = DIRECTION ( 'NONE',  ( 0.000000000000000000, 0.000000000000000000, -1.000000000000000000 ) ) ;
#1137 = DIRECTION ( 'NONE',  ( -0.000000000000000000, -0.000000000000000000, 1.000000000000000000 ) ) ;
#1138 = EDGE_CURVE ( 'NONE', #1594, #2324, #1168, .T. ) ;
#1139 = VECTOR ( 'NONE', #649, 1.000000000000000000 ) ;
#1140 = VECTOR ( 'NONE', #216, 1.000000000000000000 ) ;
#1141 = DIRECTION ( 'NONE',  ( -0.000000000000000000, -0.000000000000000000, 1.000000000000000000 ) ) ;
#1142 = EDGE_LOOP ( 'NONE', ( #1725, #73, #1369, #756, #310, #988 ) ) ;
#1143 = DIRECTION ( 'NONE',  ( 0.000000000000000000, 0.000000000000000000, 1.000000000000000000 ) ) ;
#1144 = CARTESIAN_POINT ( 'NONE',  ( -0.03499844776576579997, -0.02322375458576559845, 0.003000000000000000062 ) ) ;
#1145 = CARTESIAN_POINT ( 'NONE',  ( 0.1162421808453889954, -0.01820461028215424742, 0.000000000000000000 ) ) ;
#1146 = ORIENTED_EDGE ( 'NONE', *, *, #1611, .F. ) ;
#1147 = ORIENTED_EDGE ( 'NONE', *, *, #865, .F. ) ;
#1148 = FACE_OUTER_BOUND ( 'NONE', #1170, .T. ) ;
#1149 = CARTESIAN_POINT ( 'NONE',  ( 0.07799601534982270046, -0.01120461028215289853, 0.000000000000000000 ) ) ;
#1150 = CIRCLE ( 'NONE', #1918, 0.001499999999999994393 ) ;
#1151 = CARTESIAN_POINT ( 'NONE',  ( -0.05887756714186569845, 0.07179538971784830970, 0.003000000000000000062 ) ) ;
#1152 = ORIENTED_EDGE ( 'NONE', *, *, #1291, .T. ) ;
#1153 = DIRECTION ( 'NONE',  ( 0.000000000000000000, 0.000000000000000000, 1.000000000000000000 ) ) ;
#1154 = CARTESIAN_POINT ( 'NONE',  ( 5.051158987958619183E-17, 0.08154923416753530330, 0.000000000000000000 ) ) ;
#1155 = EDGE_CURVE ( 'NONE', #829, #1203, #1363, .T. ) ;
#1156 = EDGE_CURVE ( 'NONE', #2313, #1174, #698, .T. ) ;
#1157 = CARTESIAN_POINT ( 'NONE',  ( 0.08739650441164650840, -0.06614672990431730293, 0.003000000000000000062 ) ) ;
#1158 = VERTEX_POINT ( 'NONE', #1649 ) ;
#1159 = VERTEX_POINT ( 'NONE', #117 ) ;
#1160 = AXIS2_PLACEMENT_3D ( 'NONE', #1676, #904, #1867 ) ;
#1161 = EDGE_CURVE ( 'NONE', #835, #262, #280, .T. ) ;
#1162 =( NAMED_UNIT ( * ) SI_UNIT ( $, .STERADIAN. ) SOLID_ANGLE_UNIT ( ) );
#1163 = EDGE_CURVE ( 'NONE', #2288, #179, #512, .T. ) ;
#1164 = FACE_OUTER_BOUND ( 'NONE', #651, .T. ) ;
#1165 = ORIENTED_EDGE ( 'NONE', *, *, #267, .F. ) ;
#1166 = DIRECTION ( 'NONE',  ( 0.000000000000000000, 0.000000000000000000, 1.000000000000000000 ) ) ;
#1167 = PLANE ( 'NONE',  #1566 ) ;
#1168 = CIRCLE ( 'NONE', #801, 0.001500000000000008271 ) ;
#1169 = DIRECTION ( 'NONE',  ( -1.000000000000000000, 6.193999293214080243E-16, 0.000000000000000000 ) ) ;
#1170 = EDGE_LOOP ( 'NONE', ( #215, #846, #1384, #208, #1937, #2345, #1121, #2325, #2483, #2064, #625, #1515 ) ) ;
#1171 = EDGE_LOOP ( 'NONE', ( #1904, #1292 ) ) ;
#1172 = CARTESIAN_POINT ( 'NONE',  ( -0.03003189070995644985, -0.06614672990430821298, 0.000000000000000000 ) ) ;
#1173 = DIRECTION ( 'NONE',  ( -1.000000000000000000, 0.000000000000000000, 0.000000000000000000 ) ) ;
#1174 = VERTEX_POINT ( 'NONE', #314 ) ;
#1175 = CARTESIAN_POINT ( 'NONE',  ( 0.1147301353561258758, -0.04031309895984048347, 0.000000000000000000 ) ) ;
#1176 = DIRECTION ( 'NONE',  ( -1.000000000000000000, 0.000000000000000000, 0.000000000000000000 ) ) ;
#1177 = CARTESIAN_POINT ( 'NONE',  ( 0.08889650441164670402, 0.1197375093400112056, 0.003000000000000000062 ) ) ;
#1178 = ORIENTED_EDGE ( 'NONE', *, *, #2191, .F. ) ;
#1179 = ORIENTED_EDGE ( 'NONE', *, *, #2366, .F. ) ;
#1180 = DIRECTION ( 'NONE',  ( -1.000000000000000000, 0.000000000000000000, 0.000000000000000000 ) ) ;
#1181 = EDGE_CURVE ( 'NONE', #1135, #1590, #1894, .T. ) ;
#1182 = VERTEX_POINT ( 'NONE', #2270 ) ;
#1183 = PLANE ( 'NONE',  #2302 ) ;
#1184 = VECTOR ( 'NONE', #1697, 1.000000000000000000 ) ;
#1185 = ORIENTED_EDGE ( 'NONE', *, *, #849, .T. ) ;
#1186 = CARTESIAN_POINT ( 'NONE',  ( -0.004713395682997020483, 0.004713395682996290165, 0.000000000000000000 ) ) ;
#1187 = DIRECTION ( 'NONE',  ( -0.7277831951690646450, 0.6858072767399796543, 0.000000000000000000 ) ) ;
#1188 = DIRECTION ( 'NONE',  ( 0.000000000000000000, 0.000000000000000000, 1.000000000000000000 ) ) ;
#1189 = CIRCLE ( 'NONE', #709, 0.001500000000000015210 ) ;
#1190 = EDGE_CURVE ( 'NONE', #2339, #78, #908, .T. ) ;
#1191 = EDGE_LOOP ( 'NONE', ( #2377, #1007, #439, #1794 ) ) ;
#1192 = ORIENTED_EDGE ( 'NONE', *, *, #1053, .T. ) ;
#1193 = AXIS2_PLACEMENT_3D ( 'NONE', #2361, #1969, #239 ) ;
#1194 = DIRECTION ( 'NONE',  ( 0.000000000000000000, 0.000000000000000000, 1.000000000000000000 ) ) ;
#1195 = ORIENTED_EDGE ( 'NONE', *, *, #2179, .F. ) ;
#1196 = DIRECTION ( 'NONE',  ( 1.000000000000000000, 0.000000000000000000, 0.000000000000000000 ) ) ;
#1197 = EDGE_LOOP ( 'NONE', ( #1629, #234 ) ) ;
#1198 = DIRECTION ( 'NONE',  ( 0.000000000000000000, 0.000000000000000000, 1.000000000000000000 ) ) ;
#1199 = DIRECTION ( 'NONE',  ( 1.000000000000000000, 0.000000000000000000, 0.000000000000000000 ) ) ;
#1200 = PLANE ( 'NONE',  #1741 ) ;
#1201 = EDGE_CURVE ( 'NONE', #603, #2395, #1494, .T. ) ;
#1202 = ORIENTED_EDGE ( 'NONE', *, *, #425, .F. ) ;
#1203 = VERTEX_POINT ( 'NONE', #1873 ) ;
#1204 = DIRECTION ( 'NONE',  ( 0.000000000000000000, 0.000000000000000000, 1.000000000000000000 ) ) ;
#1205 = ORIENTED_EDGE ( 'NONE', *, *, #558, .F. ) ;
#1206 = ORIENTED_EDGE ( 'NONE', *, *, #319, .F. ) ;
#1207 = CYLINDRICAL_SURFACE ( 'NONE', #174, 0.001500000000008900464 ) ;
#1208 = ORIENTED_EDGE ( 'NONE', *, *, #2388, .T. ) ;
#1209 = CARTESIAN_POINT ( 'NONE',  ( 0.1201244264730041977, -0.03341880784296014789, 0.000000000000000000 ) ) ;
#1210 = DIRECTION ( 'NONE',  ( 1.000000000000000000, 0.000000000000000000, 0.000000000000000000 ) ) ;
#1211 = DIRECTION ( 'NONE',  ( 0.000000000000000000, 0.000000000000000000, 1.000000000000000000 ) ) ;
#1212 = ADVANCED_FACE ( 'NONE', ( #339 ), #1705, .F. ) ;
#1213 = VECTOR ( 'NONE', #406, 1.000000000000000000 ) ;
#1214 = AXIS2_PLACEMENT_3D ( 'NONE', #282, #1690, #1827 ) ;
#1215 = EDGE_LOOP ( 'NONE', ( #1962, #1892, #2478, #755 ) ) ;
#1216 = CIRCLE ( 'NONE', #1912, 0.001500000000000001332 ) ;
#1217 = ORIENTED_EDGE ( 'NONE', *, *, #88, .F. ) ;
#1218 = CIRCLE ( 'NONE', #659, 0.001499999999999987454 ) ;
#1219 = DIRECTION ( 'NONE',  ( -0.7071067811865620056, 0.7071067811865330288, 0.000000000000000000 ) ) ;
#1220 = VERTEX_POINT ( 'NONE', #2471 ) ;
#1221 = CARTESIAN_POINT ( 'NONE',  ( -0.03153189070996530174, 0.1197375093400021989, 0.000000000000000000 ) ) ;
#1222 = CIRCLE ( 'NONE', #1874, 0.001499999999999987454 ) ;
#1223 = EDGE_LOOP ( 'NONE', ( #1687, #657, #230, #23 ) ) ;
#1224 = FACE_BOUND ( 'NONE', #1989, .T. ) ;
#1225 = CYLINDRICAL_SURFACE ( 'NONE', #2028, 0.001499999999999987454 ) ;
#1226 = LINE ( 'NONE', #1999, #1055 ) ;
#1227 = ADVANCED_FACE ( 'NONE', ( #1101 ), #732, .F. ) ;
#1228 = AXIS2_PLACEMENT_3D ( 'NONE', #875, #1090, #1671 ) ;
#1229 = VERTEX_POINT ( 'NONE', #1508 ) ;
#1230 = CARTESIAN_POINT ( 'NONE',  ( 0.09039650441164689965, -0.06614672990431730293, 0.000000000000000000 ) ) ;
#1231 = ORIENTED_EDGE ( 'NONE', *, *, #1930, .T. ) ;
#1232 = ORIENTED_EDGE ( 'NONE', *, *, #1107, .T. ) ;
#1233 = ORIENTED_EDGE ( 'NONE', *, *, #1863, .T. ) ;
#1234 = ORIENTED_EDGE ( 'NONE', *, *, #2033, .T. ) ;
#1235 = AXIS2_PLACEMENT_3D ( 'NONE', #2055, #84, #97 ) ;
#1236 = LINE ( 'NONE', #617, #1946 ) ;
#1237 = EDGE_CURVE ( 'NONE', #1579, #1752, #196, .T. ) ;
#1238 = VERTEX_POINT ( 'NONE', #1113 ) ;
#1239 = FACE_BOUND ( 'NONE', #878, .T. ) ;
#1240 = LINE ( 'NONE', #2048, #1762 ) ;
#1241 = DIRECTION ( 'NONE',  ( 1.000000000000000000, 0.000000000000000000, 0.000000000000000000 ) ) ;
#1242 = AXIS2_PLACEMENT_3D ( 'NONE', #951, #1535, #925 ) ;
#1243 = CIRCLE ( 'NONE', #800, 0.001499999999999987454 ) ;
#1244 = EDGE_LOOP ( 'NONE', ( #2335, #780, #1192, #34 ) ) ;
#1245 = FACE_OUTER_BOUND ( 'NONE', #1462, .T. ) ;
#1246 = EDGE_LOOP ( 'NONE', ( #589, #1435, #2141, #1217 ) ) ;
#1247 = ORIENTED_EDGE ( 'NONE', *, *, #1851, .T. ) ;
#1248 = EDGE_LOOP ( 'NONE', ( #766, #60, #1802, #1811 ) ) ;
#1249 = CARTESIAN_POINT ( 'NONE',  ( 0.08443690734485209681, -0.01764550227718194794, -0.007000000000000000146 ) ) ;
#1250 = CARTESIAN_POINT ( 'NONE',  ( 0.09236306146744580059, -0.02322375458576559845, 0.003000000000000000062 ) ) ;
#1251 = FACE_BOUND ( 'NONE', #2145, .T. ) ;
#1252 = CARTESIAN_POINT ( 'NONE',  ( 0.07349273433351169449, 0.08154923416753520615, 0.000000000000000000 ) ) ;
#1253 = CARTESIAN_POINT ( 'NONE',  ( 0.09579079552790634167, -0.05925243878806000369, 0.000000000000000000 ) ) ;
#1254 = AXIS2_PLACEMENT_3D ( 'NONE', #381, #2135, #1173 ) ;
#1255 = VECTOR ( 'NONE', #2400, 1.000000000000000000 ) ;
#1256 = CARTESIAN_POINT ( 'NONE',  ( 0.006600312815985749995, -0.006600312815986099542, 0.000000000000000000 ) ) ;
#1257 = VERTEX_POINT ( 'NONE', #2444 ) ;
#1258 = AXIS2_PLACEMENT_3D ( 'NONE', #2184, #1810, #848 ) ;
#1259 = ORIENTED_EDGE ( 'NONE', *, *, #965, .F. ) ;
#1260 = EDGE_CURVE ( 'NONE', #2208, #1321, #1884, .T. ) ;
#1261 = DIRECTION ( 'NONE',  ( 0.000000000000000000, 0.000000000000000000, 1.000000000000000000 ) ) ;
#1262 = ADVANCED_FACE ( 'NONE', ( #1898 ), #1694, .F. ) ;
#1263 = CARTESIAN_POINT ( 'NONE',  ( -0.03992618182684661704, 0.1128432182237521092, 0.003000000000000000062 ) ) ;
#1264 = FACE_BOUND ( 'NONE', #963, .T. ) ;
#1265 = CARTESIAN_POINT ( 'NONE',  ( -0.03799844776576580263, 0.07681453402145960174, 0.003000000000000000062 ) ) ;
#1266 = CARTESIAN_POINT ( 'NONE',  ( -0.03303189070997419874, 0.1197375093400021989, 0.000000000000000000 ) ) ;
#1267 = ADVANCED_FACE ( 'NONE', ( #934 ), #2424, .F. ) ;
#1268 = AXIS2_PLACEMENT_3D ( 'NONE', #1563, #765, #597 ) ;
#1269 = EDGE_CURVE ( 'NONE', #691, #1617, #1691, .T. ) ;
#1270 = CARTESIAN_POINT ( 'NONE',  ( -0.03499844776576579997, 0.07681453402145960174, 0.000000000000000000 ) ) ;
#1271 = AXIS2_PLACEMENT_3D ( 'NONE', #1331, #744, #1322 ) ;
#1272 = DIRECTION ( 'NONE',  ( 1.000000000000000000, 0.000000000000000000, 0.000000000000000000 ) ) ;
#1273 = ORIENTED_EDGE ( 'NONE', *, *, #1032, .F. ) ;
#1274 = CARTESIAN_POINT ( 'NONE',  ( -0.07131769314915999136, 0.08679538971784700463, 0.003000000000000000062 ) ) ;
#1275 = LINE ( 'NONE', #2429, #1338 ) ;
#1276 = FACE_OUTER_BOUND ( 'NONE', #6, .T. ) ;
#1277 = CYLINDRICAL_SURFACE ( 'NONE', #1350, 0.001499999999999987454 ) ;
#1278 = CARTESIAN_POINT ( 'NONE',  ( -0.06275981277131249814, -0.03341880784295089835, 0.003000000000000000062 ) ) ;
#1279 = CARTESIAN_POINT ( 'NONE',  ( 0.09386306146744580192, -0.02322375458576559845, 0.000000000000000000 ) ) ;
#1280 = EDGE_CURVE ( 'NONE', #1047, #2195, #552, .T. ) ;
#1281 = CARTESIAN_POINT ( 'NONE',  ( -0.07131769314915999136, -0.003204610280088099946, 0.000000000000000000 ) ) ;
#1282 = VERTEX_POINT ( 'NONE', #1472 ) ;
#1283 = AXIS2_PLACEMENT_3D ( 'NONE', #919, #1313, #2072 ) ;
#1284 = ORIENTED_EDGE ( 'NONE', *, *, #390, .T. ) ;
#1285 = DIRECTION ( 'NONE',  ( 1.000000000000000000, 0.000000000000000000, 0.000000000000000000 ) ) ;
#1286 = FACE_BOUND ( 'NONE', #643, .T. ) ;
#1287 = FACE_OUTER_BOUND ( 'NONE', #1120, .T. ) ;
#1288 = EDGE_CURVE ( 'NONE', #213, #815, #1852, .T. ) ;
#1289 = LINE ( 'NONE', #1456, #1583 ) ;
#1290 = LINE ( 'NONE', #571, #1598 ) ;
#1291 = EDGE_CURVE ( 'NONE', #555, #633, #842, .T. ) ;
#1292 = ORIENTED_EDGE ( 'NONE', *, *, #1865, .F. ) ;
#1293 = DIRECTION ( 'NONE',  ( -1.000000000000000000, 0.000000000000000000, 0.000000000000000000 ) ) ;
#1294 = CARTESIAN_POINT ( 'NONE',  ( -0.03799844776576580263, 0.07681453402145960174, 0.000000000000000000 ) ) ;
#1295 = ORIENTED_EDGE ( 'NONE', *, *, #921, .T. ) ;
#1296 = DIRECTION ( 'NONE',  ( 0.000000000000000000, 0.000000000000000000, -1.000000000000000000 ) ) ;
#1297 = VECTOR ( 'NONE', #2010, 1.000000000000000000 ) ;
#1298 = FACE_BOUND ( 'NONE', #1599, .T. ) ;
#1299 = CARTESIAN_POINT ( 'NONE',  ( 0.09386306146744580192, -0.02322375458576559845, 0.000000000000000000 ) ) ;
#1300 = AXIS2_PLACEMENT_3D ( 'NONE', #137, #2254, #1664 ) ;
#1301 = FACE_OUTER_BOUND ( 'NONE', #360, .T. ) ;
#1302 = DIRECTION ( 'NONE',  ( 0.000000000000000000, 0.000000000000000000, 1.000000000000000000 ) ) ;
#1303 = DIRECTION ( 'NONE',  ( -0.000000000000000000, -0.000000000000000000, 1.000000000000000000 ) ) ;
#1304 = ORIENTED_EDGE ( 'NONE', *, *, #190, .T. ) ;
#1305 = DIRECTION ( 'NONE',  ( 0.7277831951690647561, -0.6858072767399797653, 0.000000000000000000 ) ) ;
#1306 = EDGE_CURVE ( 'NONE', #629, #30, #2464, .T. ) ;
#1307 = VERTEX_POINT ( 'NONE', #1081 ) ;
#1308 = ORIENTED_EDGE ( 'NONE', *, *, #1181, .T. ) ;
#1309 = CYLINDRICAL_SURFACE ( 'NONE', #1417, 0.001500000000000001332 ) ;
#1310 = CIRCLE ( 'NONE', #2076, 0.001499999999999668265 ) ;
#1311 = CARTESIAN_POINT ( 'NONE',  ( 0.03023230685083995103, -0.04427140718650034862, 0.003000000000000000062 ) ) ;
#1312 = CARTESIAN_POINT ( 'NONE',  ( 0.09536306146744580325, -0.02322375458576559845, 0.000000000000000000 ) ) ;
#1313 = DIRECTION ( 'NONE',  ( 1.000000000000000000, 0.000000000000000000, 0.000000000000000000 ) ) ;
#1314 = EDGE_CURVE ( 'NONE', #2341, #89, #689, .T. ) ;
#1315 = DIRECTION ( 'NONE',  ( 0.000000000000000000, 0.000000000000000000, 1.000000000000000000 ) ) ;
#1316 = VECTOR ( 'NONE', #852, 1.000000000000000000 ) ;
#1317 = LINE ( 'NONE', #355, #624 ) ;
#1318 = CARTESIAN_POINT ( 'NONE',  ( -0.05736552165506630246, 0.09390387839553272775, 0.003000000000000000062 ) ) ;
#1319 = CARTESIAN_POINT ( 'NONE',  ( -0.02707229364317189843, -0.01764550227718204856, 0.003000000000000000062 ) ) ;
#1320 = VERTEX_POINT ( 'NONE', #1880 ) ;
#1321 = VERTEX_POINT ( 'NONE', #2054 ) ;
#1322 = DIRECTION ( 'NONE',  ( 1.000000000000000000, 0.000000000000000000, 0.000000000000000000 ) ) ;
#1323 = DIRECTION ( 'NONE',  ( 0.000000000000000000, 0.000000000000000000, 1.000000000000000000 ) ) ;
#1324 = DIRECTION ( 'NONE',  ( 0.000000000000000000, 0.000000000000000000, 1.000000000000000000 ) ) ;
#1325 = ORIENTED_EDGE ( 'NONE', *, *, #708, .T. ) ;
#1326 = DIRECTION ( 'NONE',  ( 1.000000000000000000, 0.000000000000000000, 0.000000000000000000 ) ) ;
#1327 = DIRECTION ( 'NONE',  ( 0.000000000000000000, 0.000000000000000000, 1.000000000000000000 ) ) ;
#1328 = DIRECTION ( 'NONE',  ( 0.000000000000000000, 0.000000000000000000, 1.000000000000000000 ) ) ;
#1329 = ORIENTED_EDGE ( 'NONE', *, *, #82, .F. ) ;
#1330 = EDGE_LOOP ( 'NONE', ( #1068, #446, #890, #1821 ) ) ;
#1331 = CARTESIAN_POINT ( 'NONE',  ( 0.09386306146744580192, -0.02322375458576559845, 0.000000000000000000 ) ) ;
#1332 = DIRECTION ( 'NONE',  ( 0.000000000000000000, 0.000000000000000000, 1.000000000000000000 ) ) ;
#1333 = AXIS2_PLACEMENT_3D ( 'NONE', #2421, #143, #154 ) ;
#1334 = EDGE_CURVE ( 'NONE', #543, #1600, #2042, .T. ) ;
#1335 = VECTOR ( 'NONE', #731, 1.000000000000000000 ) ;
#1336 = EDGE_CURVE ( 'NONE', #233, #1356, #357, .T. ) ;
#1337 = DIRECTION ( 'NONE',  ( 0.000000000000000000, 0.000000000000000000, 1.000000000000000000 ) ) ;
#1338 = VECTOR ( 'NONE', #496, 1.000000000000000000 ) ;
#1339 = ORIENTED_EDGE ( 'NONE', *, *, #2103, .T. ) ;
#1340 = DIRECTION ( 'NONE',  ( 1.000000000000000000, 0.000000000000000000, 0.000000000000000000 ) ) ;
#1341 = PLANE ( 'NONE',  #822 ) ;
#1342 = VECTOR ( 'NONE', #1738, 1.000000000000000000 ) ;
#1343 = EDGE_CURVE ( 'NONE', #113, #1475, #1940, .T. ) ;
#1344 = DIRECTION ( 'NONE',  ( -0.000000000000000000, -0.000000000000000000, 1.000000000000000000 ) ) ;
#1345 = EDGE_CURVE ( 'NONE', #2006, #1713, #161, .T. ) ;
#1346 = VERTEX_POINT ( 'NONE', #741 ) ;
#1347 = ORIENTED_EDGE ( 'NONE', *, *, #2133, .T. ) ;
#1348 = FILL_AREA_STYLE ('',( #2098 ) ) ;
#1349 = DIRECTION ( 'NONE',  ( 1.000000000000000000, 0.000000000000000000, 0.000000000000000000 ) ) ;
#1350 = AXIS2_PLACEMENT_3D ( 'NONE', #500, #1839, #2038 ) ;
#1351 = EDGE_LOOP ( 'NONE', ( #2381, #85, #1024, #2394 ) ) ;
#1352 = CARTESIAN_POINT ( 'NONE',  ( -0.03649844776576580130, -0.02322375458576559845, 0.003000000000000000062 ) ) ;
#1353 = CARTESIAN_POINT ( 'NONE',  ( 0.1201244264730041977, -0.03341880784296014789, 0.003000000000000000062 ) ) ;
#1354 = DIRECTION ( 'NONE',  ( 0.000000000000000000, 0.000000000000000000, 1.000000000000000000 ) ) ;
#1355 = ORIENTED_EDGE ( 'NONE', *, *, #2460, .F. ) ;
#1356 = VERTEX_POINT ( 'NONE', #1699 ) ;
#1357 = CARTESIAN_POINT ( 'NONE',  ( -0.03131769314916309915, 0.1267953897178470124, 0.000000000000000000 ) ) ;
#1358 = CARTESIAN_POINT ( 'NONE',  ( 0.1147301353561258758, -0.04031309895984048347, -0.007000000000000000146 ) ) ;
#1359 = VERTEX_POINT ( 'NONE', #205 ) ;
#1360 = FACE_OUTER_BOUND ( 'NONE', #219, .T. ) ;
#1361 = CARTESIAN_POINT ( 'NONE',  ( 0.03023230685083995103, -0.04427140718650034862, 0.000000000000000000 ) ) ;
#1362 = CARTESIAN_POINT ( 'NONE',  ( 0.1286823068508392010, 0.05679538971784699880, 0.000000000000000000 ) ) ;
#1363 = CIRCLE ( 'NONE', #2372, 0.001499999999999668265 ) ;
#1364 = EDGE_CURVE ( 'NONE', #1982, #1220, #1093, .T. ) ;
#1365 = B_SPLINE_SURFACE_WITH_KNOTS ( 'NONE', 2, 1, ( 
 ( #1939, #1959 ),
 ( #2138, #970 ),
 ( #38, #1596 ) ),
 .UNSPECIFIED., .F., .F., .F.,
 ( 3, 3 ),
 ( 2, 2 ),
 ( 0.000000000000000000, 1.000000000000000000 ),
 ( 0.000000000000000000, 1.000000000000000000 ),
 .UNSPECIFIED. ) ;
#1366 = CYLINDRICAL_SURFACE ( 'NONE', #99, 0.001500000000000008271 ) ;
#1367 = EDGE_CURVE ( 'NONE', #2008, #796, #2065, .T. ) ;
#1368 = EDGE_CURVE ( 'NONE', #680, #1963, #1119, .T. ) ;
#1369 = ORIENTED_EDGE ( 'NONE', *, *, #126, .F. ) ;
#1370 = ORIENTED_EDGE ( 'NONE', *, *, #2118, .T. ) ;
#1371 = CARTESIAN_POINT ( 'NONE',  ( 0.1162421808453888011, 0.07179538971784819867, 0.000000000000000000 ) ) ;
#1372 = ORIENTED_EDGE ( 'NONE', *, *, #31, .F. ) ;
#1373 = CARTESIAN_POINT ( 'NONE',  ( -0.02092291545752384893, 0.06508690352722699968, -0.007000000000000000146 ) ) ;
#1374 = AXIS2_PLACEMENT_3D ( 'NONE', #1483, #2249, #1695 ) ;
#1375 = EDGE_LOOP ( 'NONE', ( #1776, #618 ) ) ;
#1376 = CARTESIAN_POINT ( 'NONE',  ( 0.02868230685083995174, -0.04427140718650034862, 0.000000000000000000 ) ) ;
#1377 = CARTESIAN_POINT ( 'NONE',  ( 0.02713230685083994898, 0.09786218662219439701, 0.000000000000000000 ) ) ;
#1378 = LINE ( 'NONE', #1390, #2053 ) ;
#1379 = AXIS2_PLACEMENT_3D ( 'NONE', #238, #1771, #37 ) ;
#1380 = PRESENTATION_LAYER_ASSIGNMENT (  '', '', ( #2465 ) ) ;
#1381 = ORIENTED_EDGE ( 'NONE', *, *, #2084, .T. ) ;
#1382 = EDGE_LOOP ( 'NONE', ( #1017, #1030 ) ) ;
#1383 = DIRECTION ( 'NONE',  ( 0.000000000000000000, 0.000000000000000000, 1.000000000000000000 ) ) ;
#1384 = ORIENTED_EDGE ( 'NONE', *, *, #2205, .T. ) ;
#1385 = LINE ( 'NONE', #645, #2110 ) ;
#1386 = VECTOR ( 'NONE', #1537, 1.000000000000000000 ) ;
#1387 = EDGE_LOOP ( 'NONE', ( #1724, #2180, #1803, #149 ) ) ;
#1388 = DIRECTION ( 'NONE',  ( 1.000000000000000000, 0.000000000000000000, 0.000000000000000000 ) ) ;
#1389 = CARTESIAN_POINT ( 'NONE',  ( -0.03842618182684662959, 0.1128432182237521092, 0.003000000000000000062 ) ) ;
#1390 = CARTESIAN_POINT ( 'NONE',  ( 0.1132301353561258606, -0.04031309895984048347, -0.007000000000000000146 ) ) ;
#1391 = EDGE_CURVE ( 'NONE', #1346, #2068, #2251, .T. ) ;
#1392 = AXIS2_PLACEMENT_3D ( 'NONE', #1510, #1153, #1534 ) ;
#1393 = ORIENTED_EDGE ( 'NONE', *, *, #1161, .T. ) ;
#1394 = ORIENTED_EDGE ( 'NONE', *, *, #1444, .T. ) ;
#1395 = CARTESIAN_POINT ( 'NONE',  ( -0.06425981277132240821, 0.08700958727864489817, 0.003000000000000000062 ) ) ;
#1396 = ORIENTED_EDGE ( 'NONE', *, *, #2334, .F. ) ;
#1397 = EDGE_LOOP ( 'NONE', ( #805, #905, #421, #186 ) ) ;
#1398 = DIRECTION ( 'NONE',  ( 1.000000000000000000, 0.000000000000000000, 0.000000000000000000 ) ) ;
#1399 = ADVANCED_FACE ( 'NONE', ( #2265 ), #2451, .F. ) ;
#1400 = ORIENTED_EDGE ( 'NONE', *, *, #2082, .T. ) ;
#1401 = DIRECTION ( 'NONE',  ( 0.000000000000000000, 0.000000000000000000, 1.000000000000000000 ) ) ;
#1402 = CARTESIAN_POINT ( 'NONE',  ( 0.1216244264730040048, -0.03341880784296014789, 0.003000000000000000062 ) ) ;
#1403 = CARTESIAN_POINT ( 'NONE',  ( 0.1162301353564351297, 0.09390387839522292002, -0.007000000000000000146 ) ) ;
#1404 = VECTOR ( 'NONE', #608, 0.9999999999999998890 ) ;
#1405 = EDGE_LOOP ( 'NONE', ( #2439, #1689 ) ) ;
#1406 = EDGE_LOOP ( 'NONE', ( #2463, #1381 ) ) ;
#1407 = DIRECTION ( 'NONE',  ( -0.000000000000000000, -0.000000000000000000, 1.000000000000000000 ) ) ;
#1408 = VERTEX_POINT ( 'NONE', #1270 ) ;
#1409 = ORIENTED_EDGE ( 'NONE', *, *, #2029, .F. ) ;
#1410 = FACE_OUTER_BOUND ( 'NONE', #2021, .T. ) ;
#1411 = ORIENTED_EDGE ( 'NONE', *, *, #1334, .F. ) ;
#1412 = DIRECTION ( 'NONE',  ( 0.000000000000000000, 0.000000000000000000, -1.000000000000000000 ) ) ;
#1413 = DIRECTION ( 'NONE',  ( 0.000000000000000000, 0.000000000000000000, 1.000000000000000000 ) ) ;
#1414 = DIRECTION ( 'NONE',  ( 0.7277831951690666434, 0.6858072767399776559, 0.000000000000000000 ) ) ;
#1415 = ADVANCED_FACE ( 'NONE', ( #928 ), #885, .F. ) ;
#1416 = AXIS2_PLACEMENT_3D ( 'NONE', #466, #39, #1012 ) ;
#1417 = AXIS2_PLACEMENT_3D ( 'NONE', #103, #2453, #1812 ) ;
#1418 = EDGE_LOOP ( 'NONE', ( #2032, #1372, #783, #2200 ) ) ;
#1419 = CIRCLE ( 'NONE', #818, 0.001500000000000209499 ) ;
#1420 = EDGE_CURVE ( 'NONE', #1449, #187, #228, .T. ) ;
#1421 = CIRCLE ( 'NONE', #331, 0.001500000000009896195 ) ;
#1422 = FACE_OUTER_BOUND ( 'NONE', #1438, .T. ) ;
#1423 = ORIENTED_EDGE ( 'NONE', *, *, #1032, .T. ) ;
#1424 = ORIENTED_EDGE ( 'NONE', *, *, #2128, .F. ) ;
#1425 = ORIENTED_EDGE ( 'NONE', *, *, #1756, .T. ) ;
#1426 = CARTESIAN_POINT ( 'NONE',  ( -0.03153189070996530174, 0.1197375093400021989, 0.000000000000000000 ) ) ;
#1427 = ORIENTED_EDGE ( 'NONE', *, *, #1314, .F. ) ;
#1428 = FACE_BOUND ( 'NONE', #1973, .T. ) ;
#1429 = DIRECTION ( 'NONE',  ( 0.000000000000000000, 0.000000000000000000, 1.000000000000000000 ) ) ;
#1430 = CARTESIAN_POINT ( 'NONE',  ( -0.05736552165506630246, 0.09390387839553272775, 0.000000000000000000 ) ) ;
#1431 = UNCERTAINTY_MEASURE_WITH_UNIT (LENGTH_MEASURE( 1.000000000000000082E-05 ), #869, 'distance_accuracy_value', 'NONE');
#1432 = ORIENTED_EDGE ( 'NONE', *, *, #1004, .F. ) ;
#1433 = PRODUCT_DEFINITION ( 'UNKNOWN', '', #1808, #973 ) ;
#1434 = DIRECTION ( 'NONE',  ( -1.000000000000000000, 0.000000000000000000, 0.000000000000000000 ) ) ;
#1435 = ORIENTED_EDGE ( 'NONE', *, *, #2, .T. ) ;
#1436 = CIRCLE ( 'NONE', #990, 0.001499999999999987454 ) ;
#1437 = ORIENTED_EDGE ( 'NONE', *, *, #2413, .F. ) ;
#1438 = EDGE_LOOP ( 'NONE', ( #1990, #653, #1644, #605 ) ) ;
#1439 = AXIS2_PLACEMENT_3D ( 'NONE', #2044, #492, #309 ) ;
#1440 = DIRECTION ( 'NONE',  ( 1.000000000000000000, 0.000000000000000000, 0.000000000000000000 ) ) ;
#1441 = PLANE ( 'NONE',  #1544 ) ;
#1442 = DIRECTION ( 'NONE',  ( 0.000000000000000000, 0.000000000000000000, -1.000000000000000000 ) ) ;
#1443 = CARTESIAN_POINT ( 'NONE',  ( 0.02868230685083995174, -0.04427140718650034862, 0.000000000000000000 ) ) ;
#1444 = EDGE_CURVE ( 'NONE', #237, #479, #240, .T. ) ;
#1445 = ADVANCED_FACE ( 'NONE', ( #2362 ), #67, .F. ) ;
#1446 = EDGE_CURVE ( 'NONE', #519, #1619, #1378, .T. ) ;
#1447 = AXIS2_PLACEMENT_3D ( 'NONE', #353, #1125, #167 ) ;
#1448 = CARTESIAN_POINT ( 'NONE',  ( -0.03153189070996530174, 0.1197375093400021989, 0.003000000000000000062 ) ) ;
#1449 = VERTEX_POINT ( 'NONE', #2376 ) ;
#1450 = EDGE_LOOP ( 'NONE', ( #1061, #1967 ) ) ;
#1451 = CARTESIAN_POINT ( 'NONE',  ( -0.06425981277132240821, -0.03341880784295089835, 0.003000000000000000062 ) ) ;
#1452 = FACE_BOUND ( 'NONE', #300, .T. ) ;
#1453 = FACE_BOUND ( 'NONE', #879, .T. ) ;
#1454 = CYLINDRICAL_SURFACE ( 'NONE', #1029, 0.001549999999999999295 ) ;
#1455 = EDGE_CURVE ( 'NONE', #2415, #1408, #42, .T. ) ;
#1456 = CARTESIAN_POINT ( 'NONE',  ( -0.03131769314916309915, 0.1267953897178470124, 0.003000000000000000062 ) ) ;
#1457 = AXIS2_PLACEMENT_3D ( 'NONE', #827, #1211, #1970 ) ;
#1458 = CARTESIAN_POINT ( 'NONE',  ( 0.1216244264730040048, -0.03341880784296014789, 0.003000000000000000062 ) ) ;
#1459 = VECTOR ( 'NONE', #1401, 1.000000000000000000 ) ;
#1460 = CIRCLE ( 'NONE', #96, 0.001500000000000209499 ) ;
#1461 = DIRECTION ( 'NONE',  ( 1.000000000000000000, 0.000000000000000000, 0.000000000000000000 ) ) ;
#1462 = EDGE_LOOP ( 'NONE', ( #1766, #1564, #1861, #1133 ) ) ;
#1463 = VECTOR ( 'NONE', #1976, 1.000000000000000000 ) ;
#1464 = ORIENTED_EDGE ( 'NONE', *, *, #944, .F. ) ;
#1465 = CARTESIAN_POINT ( 'NONE',  ( -0.07131769314978189667, -0.003204610280088099946, 0.003000000000000000062 ) ) ;
#1466 = DIRECTION ( 'NONE',  ( -1.000000000000000000, 0.000000000000000000, 0.000000000000000000 ) ) ;
#1467 = DIRECTION ( 'NONE',  ( -1.000000000000000000, 0.000000000000000000, 0.000000000000000000 ) ) ;
#1468 = VECTOR ( 'NONE', #2102, 1.000000000000000000 ) ;
#1469 = FACE_OUTER_BOUND ( 'NONE', #850, .T. ) ;
#1470 = B_SPLINE_CURVE_WITH_KNOTS ( 'NONE', 2,
 ( #2259, #1077, #536 ),
 .UNSPECIFIED., .F., .F.,
 ( 3, 3 ),
 ( 0.000000000000000000, 1.000000000000000000 ),
 .UNSPECIFIED. ) ;
#1471 = EDGE_CURVE ( 'NONE', #179, #2208, #1226, .T. ) ;
#1472 = CARTESIAN_POINT ( 'NONE',  ( 0.09236306146744580059, 0.07681453402145960174, 0.000000000000000000 ) ) ;
#1473 = CIRCLE ( 'NONE', #868, 0.001500000000009896195 ) ;
#1474 = LINE ( 'NONE', #2229, #1804 ) ;
#1475 = VERTEX_POINT ( 'NONE', #15 ) ;
#1476 = EDGE_CURVE ( 'NONE', #320, #1617, #998, .T. ) ;
#1477 = ORIENTED_EDGE ( 'NONE', *, *, #1875, .T. ) ;
#1478 = ADVANCED_FACE ( 'NONE', ( #1610 ), #1200, .F. ) ;
#1479 = LINE ( 'NONE', #125, #859 ) ;
#1480 = CARTESIAN_POINT ( 'NONE',  ( -0.03131769314916120484, -0.07320461028215180521, 0.003000000000000000062 ) ) ;
#1481 = DIRECTION ( 'NONE',  ( -1.000000000000000000, 0.000000000000000000, 0.000000000000000000 ) ) ;
#1482 = EDGE_CURVE ( 'NONE', #1790, #2005, #424, .T. ) ;
#1483 = CARTESIAN_POINT ( 'NONE',  ( -0.03842618182715702713, -0.05925243878775028616, -0.007000000000000000146 ) ) ;
#1484 = CARTESIAN_POINT ( 'NONE',  ( 0.000000000000000000, 0.000000000000000000, 0.000000000000000000 ) ) ;
#1485 = VECTOR ( 'NONE', #518, 1.000000000000000000 ) ;
#1486 = LINE ( 'NONE', #2272, #2041 ) ;
#1487 = ORIENTED_EDGE ( 'NONE', *, *, #112, .T. ) ;
#1488 = CARTESIAN_POINT ( 'NONE',  ( -0.03131769314916120484, -0.07320461028215180521, 0.003000000000000000062 ) ) ;
#1489 = FACE_OUTER_BOUND ( 'NONE', #376, .T. ) ;
#1490 = ORIENTED_EDGE ( 'NONE', *, *, #28, .F. ) ;
#1491 = AXIS2_PLACEMENT_3D ( 'NONE', #2275, #702, #2241 ) ;
#1492 = CARTESIAN_POINT ( 'NONE',  ( 0.02713230685083994898, -0.04427140718650034862, 0.000000000000000000 ) ) ;
#1493 = FACE_BOUND ( 'NONE', #599, .T. ) ;
#1494 = LINE ( 'NONE', #748, #1530 ) ;
#1495 = FACE_OUTER_BOUND ( 'NONE', #111, .T. ) ;
#1496 = CARTESIAN_POINT ( 'NONE',  ( 0.08889650441164670402, -0.06614672990431730293, 0.000000000000000000 ) ) ;
#1497 = LINE ( 'NONE', #2474, #746 ) ;
#1498 = EDGE_CURVE ( 'NONE', #472, #1229, #811, .T. ) ;
#1499 = EDGE_LOOP ( 'NONE', ( #2467, #1043 ) ) ;
#1500 = DIRECTION ( 'NONE',  ( 0.000000000000000000, 0.000000000000000000, 1.000000000000000000 ) ) ;
#1501 = ORIENTED_EDGE ( 'NONE', *, *, #1536, .F. ) ;
#1502 = VECTOR ( 'NONE', #794, 1.000000000000000000 ) ;
#1503 = VECTOR ( 'NONE', #254, 1.000000000000000000 ) ;
#1504 = CARTESIAN_POINT ( 'NONE',  ( 0.09729079552821556787, 0.1128432182234423847, 0.000000000000000000 ) ) ;
#1505 = EDGE_CURVE ( 'NONE', #1257, #941, #5, .T. ) ;
#1506 = CARTESIAN_POINT ( 'NONE',  ( -0.07131769314915999136, -0.03320461028215499627, 0.000000000000000000 ) ) ;
#1507 = DIRECTION ( 'NONE',  ( 0.000000000000000000, 0.000000000000000000, 1.000000000000000000 ) ) ;
#1508 = CARTESIAN_POINT ( 'NONE',  ( 0.08868230685083999809, 0.1267953897178470124, 0.000000000000000000 ) ) ;
#1509 = CARTESIAN_POINT ( 'NONE',  ( 0.1286823068508392010, -0.003204610282152999846, 0.003000000000000000062 ) ) ;
#1510 = CARTESIAN_POINT ( 'NONE',  ( -0.03153189070996530174, -0.06614672990430821298, 0.003000000000000000062 ) ) ;
#1511 = CYLINDRICAL_SURFACE ( 'NONE', #701, 0.001500000000000001332 ) ;
#1512 = ORIENTED_EDGE ( 'NONE', *, *, #1181, .F. ) ;
#1513 = DIRECTION ( 'NONE',  ( -0.000000000000000000, -0.000000000000000000, 1.000000000000000000 ) ) ;
#1514 = VERTEX_POINT ( 'NONE', #1560 ) ;
#1515 = ORIENTED_EDGE ( 'NONE', *, *, #2118, .F. ) ;
#1516 = CARTESIAN_POINT ( 'NONE',  ( 0.08868230685083999809, -0.07320461028215301258, 0.003000000000000000062 ) ) ;
#1517 = CARTESIAN_POINT ( 'NONE',  ( 0.08443690734485209681, -0.01764550227718194794, 0.003000000000000000062 ) ) ;
#1518 = DIRECTION ( 'NONE',  ( 1.000000000000000000, 0.000000000000000000, 0.000000000000000000 ) ) ;
#1519 = DIRECTION ( 'NONE',  ( 1.000000000000000000, 0.000000000000000000, 0.000000000000000000 ) ) ;
#1520 = AXIS2_PLACEMENT_3D ( 'NONE', #1799, #785, #409 ) ;
#1521 = FACE_OUTER_BOUND ( 'NONE', #50, .T. ) ;
#1522 = DIRECTION ( 'NONE',  ( 1.000000000000000000, 0.000000000000000000, 0.000000000000000000 ) ) ;
#1523 = DIRECTION ( 'NONE',  ( 0.000000000000000000, 0.000000000000000000, 1.000000000000000000 ) ) ;
#1524 = ORIENTED_EDGE ( 'NONE', *, *, #558, .T. ) ;
#1525 = ORIENTED_EDGE ( 'NONE', *, *, #1368, .T. ) ;
#1526 = EDGE_CURVE ( 'NONE', #796, #2172, #1660, .T. ) ;
#1527 = DIRECTION ( 'NONE',  ( 0.000000000000000000, 0.000000000000000000, -1.000000000000000000 ) ) ;
#1528 = ADVANCED_FACE ( 'NONE', ( #2178 ), #2139, .F. ) ;
#1529 = DIRECTION ( 'NONE',  ( 0.000000000000000000, 0.000000000000000000, 1.000000000000000000 ) ) ;
#1530 = VECTOR ( 'NONE', #535, 1.000000000000000000 ) ;
#1531 = CYLINDRICAL_SURFACE ( 'NONE', #610, 0.001500000000000015210 ) ;
#1532 = EDGE_CURVE ( 'NONE', #2479, #631, #2461, .T. ) ;
#1533 = ORIENTED_EDGE ( 'NONE', *, *, #609, .F. ) ;
#1534 = DIRECTION ( 'NONE',  ( -1.000000000000000000, 0.000000000000000000, 0.000000000000000000 ) ) ;
#1535 = DIRECTION ( 'NONE',  ( 0.7071067811865285879, -0.7071067811865665576, 0.000000000000000000 ) ) ;
#1536 = EDGE_CURVE ( 'NONE', #2172, #796, #573, .T. ) ;
#1537 = DIRECTION ( 'NONE',  ( 0.000000000000000000, 0.000000000000000000, 1.000000000000000000 ) ) ;
#1538 = ORIENTED_EDGE ( 'NONE', *, *, #374, .F. ) ;
#1539 = ORIENTED_EDGE ( 'NONE', *, *, #1817, .T. ) ;
#1540 = CARTESIAN_POINT ( 'NONE',  ( -0.03842618182715702713, -0.05925243878775028616, 0.000000000000000000 ) ) ;
#1541 = LINE ( 'NONE', #1717, #1833 ) ;
#1542 = AXIS2_PLACEMENT_3D ( 'NONE', #204, #2177, #1210 ) ;
#1543 = AXIS2_PLACEMENT_3D ( 'NONE', #1800, #1066, #2224 ) ;
#1544 = AXIS2_PLACEMENT_3D ( 'NONE', #2036, #684, #1412 ) ;
#1545 = CARTESIAN_POINT ( 'NONE',  ( 0.03339570253383279674, 0.03339570253383460086, 0.000000000000000000 ) ) ;
#1546 = AXIS2_PLACEMENT_3D ( 'NONE', #2220, #892, #906 ) ;
#1547 = ORIENTED_EDGE ( 'NONE', *, *, #229, .T. ) ;
#1548 = FACE_OUTER_BOUND ( 'NONE', #1418, .T. ) ;
#1549 = DIRECTION ( 'NONE',  ( 0.000000000000000000, 0.000000000000000000, 1.000000000000000000 ) ) ;
#1550 = AXIS2_PLACEMENT_3D ( 'NONE', #165, #1529, #391 ) ;
#1551 = EDGE_CURVE ( 'NONE', #100, #631, #1575, .T. ) ;
#1552 = DIRECTION ( 'NONE',  ( 0.000000000000000000, 0.000000000000000000, 1.000000000000000000 ) ) ;
#1553 = VERTEX_POINT ( 'NONE', #1773 ) ;
#1554 = ORIENTED_EDGE ( 'NONE', *, *, #2079, .T. ) ;
#1555 = CARTESIAN_POINT ( 'NONE',  ( -0.03499844776576579997, 0.07681453402145960174, 0.003000000000000000062 ) ) ;
#1556 = LINE ( 'NONE', #591, #495 ) ;
#1557 = EDGE_LOOP ( 'NONE', ( #2329, #793 ) ) ;
#1558 = CARTESIAN_POINT ( 'NONE',  ( 0.02868230685083845294, 0.1056441160022151965, 0.003000000000000000062 ) ) ;
#1559 = DIRECTION ( 'NONE',  ( 0.000000000000000000, 0.000000000000000000, 1.000000000000000000 ) ) ;
#1560 = CARTESIAN_POINT ( 'NONE',  ( 0.08868230685083999809, 0.1267953897178470124, 0.003000000000000000062 ) ) ;
#1561 = EDGE_CURVE ( 'NONE', #273, #1752, #636, .T. ) ;
#1562 = ADVANCED_FACE ( 'NONE', ( #1985 ), #256, .F. ) ;
#1563 = CARTESIAN_POINT ( 'NONE',  ( -0.03842618182684662959, 0.1128432182237521092, -0.007000000000000000146 ) ) ;
#1564 = ORIENTED_EDGE ( 'NONE', *, *, #2093, .F. ) ;
#1565 = ORIENTED_EDGE ( 'NONE', *, *, #584, .F. ) ;
#1566 = AXIS2_PLACEMENT_3D ( 'NONE', #1609, #1949, #1187 ) ;
#1567 = AXIS2_PLACEMENT_3D ( 'NONE', #837, #66, #607 ) ;
#1568 = CARTESIAN_POINT ( 'NONE',  ( -0.03992618182715703540, -0.05925243878775028616, 0.003000000000000000062 ) ) ;
#1569 = VERTEX_POINT ( 'NONE', #514 ) ;
#1570 = CIRCLE ( 'NONE', #2323, 0.001549999999999999295 ) ;
#1571 = CARTESIAN_POINT ( 'NONE',  ( 0.09236306146744580059, 0.07681453402145960174, 0.003000000000000000062 ) ) ;
#1572 = ORIENTED_EDGE ( 'NONE', *, *, #2371, .T. ) ;
#1573 = DIRECTION ( 'NONE',  ( -1.000000000000000000, -6.193999293214080243E-16, 0.000000000000000000 ) ) ;
#1574 = CARTESIAN_POINT ( 'NONE',  ( 0.1162421808453888011, 0.07179538971784819867, 0.003000000000000000062 ) ) ;
#1575 = LINE ( 'NONE', #1950, #775 ) ;
#1576 = ORIENTED_EDGE ( 'NONE', *, *, #1825, .T. ) ;
#1577 = ORIENTED_EDGE ( 'NONE', *, *, #1420, .T. ) ;
#1578 = LINE ( 'NONE', #627, #2069 ) ;
#1579 = VERTEX_POINT ( 'NONE', #1876 ) ;
#1580 = ADVANCED_FACE ( 'NONE', ( #687 ), #712, .F. ) ;
#1581 = ORIENTED_EDGE ( 'NONE', *, *, #2158, .T. ) ;
#1582 = CARTESIAN_POINT ( 'NONE',  ( -0.06425981277132240821, 0.08700958727864489817, 0.000000000000000000 ) ) ;
#1583 = VECTOR ( 'NONE', #317, 1.000000000000000000 ) ;
#1584 = ORIENTED_EDGE ( 'NONE', *, *, #212, .F. ) ;
#1585 = CARTESIAN_POINT ( 'NONE',  ( -0.01612812063183160019, -0.02795845473184119939, 0.003000000000000000062 ) ) ;
#1586 = DIRECTION ( 'NONE',  ( 0.000000000000000000, 0.000000000000000000, 1.000000000000000000 ) ) ;
#1587 = DIRECTION ( 'NONE',  ( -1.000000000000000000, 0.000000000000000000, 0.000000000000000000 ) ) ;
#1588 = CIRCLE ( 'NONE', #372, 0.001500000000000209499 ) ;
#1589 = VERTEX_POINT ( 'NONE', #129 ) ;
#1590 = VERTEX_POINT ( 'NONE', #2432 ) ;
#1591 = LINE ( 'NONE', #991, #2423 ) ;
#1592 = VERTEX_POINT ( 'NONE', #1850 ) ;
#1593 = FACE_OUTER_BOUND ( 'NONE', #1215, .T. ) ;
#1594 = VERTEX_POINT ( 'NONE', #1682 ) ;
#1595 = LINE ( 'NONE', #797, #1459 ) ;
#1596 = CARTESIAN_POINT ( 'NONE',  ( -0.07131769314731559173, 0.08679538971784969692, 0.003000000000000000062 ) ) ;
#1597 = DIRECTION ( 'NONE',  ( -1.000000000000000000, 0.000000000000000000, 0.000000000000000000 ) ) ;
#1598 = VECTOR ( 'NONE', #2063, 1.000000000000000000 ) ;
#1599 = EDGE_LOOP ( 'NONE', ( #1501, #222 ) ) ;
#1600 = VERTEX_POINT ( 'NONE', #1278 ) ;
#1601 = CYLINDRICAL_SURFACE ( 'NONE', #1102, 0.001500000000000001332 ) ;
#1602 = ADVANCED_FACE ( 'NONE', ( #909 ), #1614, .F. ) ;
#1603 = ORIENTED_EDGE ( 'NONE', *, *, #2492, .T. ) ;
#1604 = EDGE_CURVE ( 'NONE', #833, #1118, #1981, .T. ) ;
#1605 = ORIENTED_EDGE ( 'NONE', *, *, #1929, .F. ) ;
#1606 = FACE_OUTER_BOUND ( 'NONE', #2198, .T. ) ;
#1607 = EDGE_LOOP ( 'NONE', ( #1768, #2193, #1370, #1603 ) ) ;
#1608 = FACE_BOUND ( 'NONE', #2058, .T. ) ;
#1609 = CARTESIAN_POINT ( 'NONE',  ( -0.02707229364317189843, -0.01764550227718204856, -0.007000000000000000146 ) ) ;
#1610 = FACE_OUTER_BOUND ( 'NONE', #714, .T. ) ;
#1611 = EDGE_CURVE ( 'NONE', #2209, #382, #1289, .T. ) ;
#1612 = VECTOR ( 'NONE', #1052, 1.000000000000000000 ) ;
#1613 = EDGE_LOOP ( 'NONE', ( #845, #276 ) ) ;
#1614 = B_SPLINE_SURFACE_WITH_KNOTS ( 'NONE', 2, 1, ( 
 ( #700, #1509 ),
 ( #2457, #2090 ),
 ( #900, #2237 ) ),
 .UNSPECIFIED., .F., .F., .F.,
 ( 3, 3 ),
 ( 2, 2 ),
 ( 0.000000000000000000, 1.000000000000000000 ),
 ( 0.000000000000000000, 1.000000000000000000 ),
 .UNSPECIFIED. ) ;
#1615 = CARTESIAN_POINT ( 'NONE',  ( -0.03649844776576580130, -0.02322375458576559845, 0.000000000000000000 ) ) ;
#1616 = EDGE_LOOP ( 'NONE', ( #992, #1533 ) ) ;
#1617 = VERTEX_POINT ( 'NONE', #1840 ) ;
#1618 = ORIENTED_EDGE ( 'NONE', *, *, #58, .T. ) ;
#1619 = VERTEX_POINT ( 'NONE', #884 ) ;
#1620 = FACE_OUTER_BOUND ( 'NONE', #1248, .T. ) ;
#1621 = VERTEX_POINT ( 'NONE', #1266 ) ;
#1622 = FACE_BOUND ( 'NONE', #220, .T. ) ;
#1623 = DIRECTION ( 'NONE',  ( 1.000000000000000000, 0.000000000000000000, 0.000000000000000000 ) ) ;
#1624 = DIRECTION ( 'NONE',  ( 0.000000000000000000, 0.000000000000000000, 1.000000000000000000 ) ) ;
#1625 = ORIENTED_EDGE ( 'NONE', *, *, #2082, .F. ) ;
#1626 = AXIS2_PLACEMENT_3D ( 'NONE', #486, #730, #945 ) ;
#1627 = CIRCLE ( 'NONE', #1787, 0.001549999999999999295 ) ;
#1628 = DIRECTION ( 'NONE',  ( 1.000000000000000000, 0.000000000000000000, 0.000000000000000000 ) ) ;
#1629 = ORIENTED_EDGE ( 'NONE', *, *, #74, .F. ) ;
#1630 = ORIENTED_EDGE ( 'NONE', *, *, #916, .T. ) ;
#1631 = ORIENTED_EDGE ( 'NONE', *, *, #340, .F. ) ;
#1632 = DIRECTION ( 'NONE',  ( -9.251858538542760807E-15, 1.000000000000000000, 0.000000000000000000 ) ) ;
#1633 = ADVANCED_FACE ( 'NONE', ( #106 ), #1672, .F. ) ;
#1634 = FACE_OUTER_BOUND ( 'NONE', #1665, .T. ) ;
#1635 = FACE_OUTER_BOUND ( 'NONE', #820, .T. ) ;
#1636 = DIRECTION ( 'NONE',  ( -1.000000000000000000, 0.000000000000000000, 0.000000000000000000 ) ) ;
#1637 = ADVANCED_FACE ( 'NONE', ( #2411 ), #1091, .F. ) ;
#1638 = ADVANCED_FACE ( 'NONE', ( #1469 ), #2397, .F. ) ;
#1639 = CIRCLE ( 'NONE', #549, 0.001500000000000209499 ) ;
#1640 = CARTESIAN_POINT ( 'NONE',  ( 0.1286823068508392010, -0.003204610282153005051, 0.003000000000000000062 ) ) ;
#1641 = ORIENTED_EDGE ( 'NONE', *, *, #1080, .T. ) ;
#1642 = CIRCLE ( 'NONE', #1075, 0.001499999999999668265 ) ;
#1643 = EDGE_CURVE ( 'NONE', #633, #2068, #1860, .T. ) ;
#1644 = ORIENTED_EDGE ( 'NONE', *, *, #638, .T. ) ;
#1645 = VECTOR ( 'NONE', #679, 1.000000000000000000 ) ;
#1646 = LINE ( 'NONE', #2407, #2030 ) ;
#1647 = DIRECTION ( 'NONE',  ( 1.000000000000000000, 0.000000000000000000, 0.000000000000000000 ) ) ;
#1648 = CARTESIAN_POINT ( 'NONE',  ( -0.02707229364317199904, 0.07123628171287620103, 0.003000000000000000062 ) ) ;
#1649 = CARTESIAN_POINT ( 'NONE',  ( 0.08443690734485209681, 0.07123628171287610389, 0.003000000000000000062 ) ) ;
#1650 = DIRECTION ( 'NONE',  ( 1.000000000000000000, 0.000000000000000000, 0.000000000000000000 ) ) ;
#1651 = DIRECTION ( 'NONE',  ( -1.000000000000000000, 0.000000000000000000, 0.000000000000000000 ) ) ;
#1652 = ORIENTED_EDGE ( 'NONE', *, *, #1922, .F. ) ;
#1653 = ORIENTED_EDGE ( 'NONE', *, *, #944, .T. ) ;
#1654 = DIRECTION ( 'NONE',  ( 0.9999956576321176183, 0.002946984375392938671, 0.000000000000000000 ) ) ;
#1655 = ADVANCED_FACE ( 'NONE', ( #1495 ), #306, .F. ) ;
#1656 = FACE_BOUND ( 'NONE', #1197, .T. ) ;
#1657 = CARTESIAN_POINT ( 'NONE',  ( 0.1162301353561258910, -0.04031309895984048347, 0.000000000000000000 ) ) ;
#1658 = DIRECTION ( 'NONE',  ( 0.000000000000000000, 0.000000000000000000, 1.000000000000000000 ) ) ;
#1659 = EDGE_CURVE ( 'NONE', #1021, #2494, #1470, .T. ) ;
#1660 = CIRCLE ( 'NONE', #1907, 0.001549999999999999295 ) ;
#1661 = CARTESIAN_POINT ( 'NONE',  ( 0.09579079552821556653, 0.1128432182234423847, -0.007000000000000000146 ) ) ;
#1662 = VECTOR ( 'NONE', #1573, 1.000000000000000000 ) ;
#1663 = AXIS2_PLACEMENT_3D ( 'NONE', #707, #101, #1285 ) ;
#1664 = DIRECTION ( 'NONE',  ( 1.000000000000000000, 0.000000000000000000, 0.000000000000000000 ) ) ;
#1665 = EDGE_LOOP ( 'NONE', ( #163, #2081, #1394, #1584 ) ) ;
#1666 = ADVANCED_FACE ( 'NONE', ( #1301 ), #2271, .F. ) ;
#1667 = CIRCLE ( 'NONE', #1550, 0.001500000000000209499 ) ;
#1668 = VERTEX_POINT ( 'NONE', #1885 ) ;
#1669 = CARTESIAN_POINT ( 'NONE',  ( 0.1162421808453888011, 0.07179538971784819867, 0.000000000000000000 ) ) ;
#1670 = LINE ( 'NONE', #2386, #1255 ) ;
#1671 = DIRECTION ( 'NONE',  ( -1.000000000000000000, 0.000000000000000000, 0.000000000000000000 ) ) ;
#1672 = CYLINDRICAL_SURFACE ( 'NONE', #1374, 0.001500000000000008271 ) ;
#1673 = VERTEX_POINT ( 'NONE', #947 ) ;
#1674 = CARTESIAN_POINT ( 'NONE',  ( 0.1162301353561258910, -0.04031309895984048347, -0.007000000000000000146 ) ) ;
#1675 = CIRCLE ( 'NONE', #586, 0.001499999999999994393 ) ;
#1676 = CARTESIAN_POINT ( 'NONE',  ( -0.05736552165537646408, -0.04031309895953068267, 0.000000000000000000 ) ) ;
#1677 = VERTEX_POINT ( 'NONE', #214 ) ;
#1678 = CARTESIAN_POINT ( 'NONE',  ( 0.08868230685084159404, -0.07320461028215301258, 0.003000000000000000062 ) ) ;
#1679 = EDGE_CURVE ( 'NONE', #2350, #1514, #366, .T. ) ;
#1680 = FACE_BOUND ( 'NONE', #592, .T. ) ;
#1681 = DIRECTION ( 'NONE',  ( 0.000000000000000000, 0.000000000000000000, 1.000000000000000000 ) ) ;
#1682 = CARTESIAN_POINT ( 'NONE',  ( -0.03692618182715701886, -0.05925243878775028616, 0.003000000000000000062 ) ) ;
#1683 = CIRCLE ( 'NONE', #272, 0.001499999999999994393 ) ;
#1684 = PLANE ( 'NONE',  #510 ) ;
#1685 = DIRECTION ( 'NONE',  ( 1.000000000000000000, 0.000000000000000000, 0.000000000000000000 ) ) ;
#1686 = EDGE_CURVE ( 'NONE', #835, #146, #1719, .T. ) ;
#1687 = ORIENTED_EDGE ( 'NONE', *, *, #1643, .F. ) ;
#1688 = DIRECTION ( 'NONE',  ( -1.000000000000000000, 0.000000000000000000, 0.000000000000000000 ) ) ;
#1689 = ORIENTED_EDGE ( 'NONE', *, *, #1161, .F. ) ;
#1690 = DIRECTION ( 'NONE',  ( 0.000000000000000000, 0.000000000000000000, -1.000000000000000000 ) ) ;
#1691 = CIRCLE ( 'NONE', #1491, 0.001549999999999999295 ) ;
#1692 = DIRECTION ( 'NONE',  ( 0.000000000000000000, 0.000000000000000000, 1.000000000000000000 ) ) ;
#1693 = CARTESIAN_POINT ( 'NONE',  ( 0.09039650441164689965, 0.1197375093400112056, 0.000000000000000000 ) ) ;
#1694 = CYLINDRICAL_SURFACE ( 'NONE', #1447, 0.001499999999999668265 ) ;
#1695 = DIRECTION ( 'NONE',  ( 1.000000000000000000, 0.000000000000000000, 0.000000000000000000 ) ) ;
#1696 = CARTESIAN_POINT ( 'NONE',  ( 0.1216244264730040048, 0.08700958727865409914, 0.003000000000000000062 ) ) ;
#1697 = DIRECTION ( 'NONE',  ( 1.000000000000000000, -6.193999293214080243E-16, 0.000000000000000000 ) ) ;
#1698 = ORIENTED_EDGE ( 'NONE', *, *, #2179, .T. ) ;
#1699 = CARTESIAN_POINT ( 'NONE',  ( 0.1231244264730036037, -0.03341880784296014789, 0.003000000000000000062 ) ) ;
#1700 = ORIENTED_EDGE ( 'NONE', *, *, #1368, .F. ) ;
#1701 = EDGE_LOOP ( 'NONE', ( #2175, #1179 ) ) ;
#1702 = AXIS2_PLACEMENT_3D ( 'NONE', #93, #662, #488 ) ;
#1703 = CARTESIAN_POINT ( 'NONE',  ( 0.1286823068508390067, 0.08679538971784969692, 0.003000000000000000062 ) ) ;
#1704 = CARTESIAN_POINT ( 'NONE',  ( -0.03303189070997419874, -0.06614672990430821298, 0.000000000000000000 ) ) ;
#1705 = CYLINDRICAL_SURFACE ( 'NONE', #1086, 0.001499999999999987454 ) ;
#1706 = DIRECTION ( 'NONE',  ( -0.000000000000000000, -0.000000000000000000, 1.000000000000000000 ) ) ;
#1707 = CARTESIAN_POINT ( 'NONE',  ( 0.02868230685083850151, -0.05205333656652130075, 0.003000000000000000062 ) ) ;
#1708 = DIRECTION ( 'NONE',  ( -1.000000000000000000, 0.000000000000000000, 0.000000000000000000 ) ) ;
#1709 = EDGE_CURVE ( 'NONE', #1736, #1158, #2482, .T. ) ;
#1710 = ADVANCED_FACE ( 'NONE', ( #2292 ), #760, .F. ) ;
#1711 = CARTESIAN_POINT ( 'NONE',  ( -0.07131769314731559173, -0.03320461028215574567, 0.003000000000000000062 ) ) ;
#1712 = CIRCLE ( 'NONE', #2353, 0.001500000000000001332 ) ;
#1713 = VERTEX_POINT ( 'NONE', #1945 ) ;
#1714 = ORIENTED_EDGE ( 'NONE', *, *, #1823, .T. ) ;
#1715 = CARTESIAN_POINT ( 'NONE',  ( -0.03153189070996530174, -0.06614672990430821298, 0.000000000000000000 ) ) ;
#1716 = VECTOR ( 'NONE', #2294, 1.000000000000000000 ) ;
#1717 = CARTESIAN_POINT ( 'NONE',  ( -0.03499844776576579997, 0.07681453402145960174, 0.000000000000000000 ) ) ;
#1718 = EDGE_CURVE ( 'NONE', #1589, #2288, #749, .T. ) ;
#1719 = LINE ( 'NONE', #2472, #245 ) ;
#1720 = VERTEX_POINT ( 'NONE', #1571 ) ;
#1721 = FACE_OUTER_BOUND ( 'NONE', #1994, .T. ) ;
#1722 = DIRECTION ( 'NONE',  ( 0.000000000000000000, 0.000000000000000000, 1.000000000000000000 ) ) ;
#1723 = CARTESIAN_POINT ( 'NONE',  ( 0.09536306146744580325, 0.07681453402145960174, 0.000000000000000000 ) ) ;
#1724 = ORIENTED_EDGE ( 'NONE', *, *, #265, .T. ) ;
#1725 = ORIENTED_EDGE ( 'NONE', *, *, #2263, .F. ) ;
#1726 = CARTESIAN_POINT ( 'NONE',  ( 0.08868230685083999809, -0.07320461028215301258, 0.000000000000000000 ) ) ;
#1727 = CYLINDRICAL_SURFACE ( 'NONE', #1869, 0.001499999999999987454 ) ;
#1728 = CIRCLE ( 'NONE', #118, 0.001500000000008900464 ) ;
#1729 = ADVANCED_FACE ( 'NONE', ( #22 ), #1531, .F. ) ;
#1730 = CARTESIAN_POINT ( 'NONE',  ( 0.08443690734485209681, 0.07123628171287610389, 0.003000000000000000062 ) ) ;
#1731 = EDGE_LOOP ( 'NONE', ( #588, #930 ) ) ;
#1732 = CARTESIAN_POINT ( 'NONE',  ( 0.08889650441164670402, 0.1197375093400112056, 0.000000000000000000 ) ) ;
#1733 = CARTESIAN_POINT ( 'NONE',  ( -0.05736552165537646408, -0.04031309895953068267, 0.000000000000000000 ) ) ;
#1734 = CARTESIAN_POINT ( 'NONE',  ( 0.08739650441164650840, 0.1197375093400112056, 0.000000000000000000 ) ) ;
#1735 = ADVANCED_FACE ( 'NONE', ( #1743 ), #604, .F. ) ;
#1736 = VERTEX_POINT ( 'NONE', #782 ) ;
#1737 = EDGE_LOOP ( 'NONE', ( #1572, #1525, #2488, #2168 ) ) ;
#1738 = DIRECTION ( 'NONE',  ( 0.000000000000000000, 0.000000000000000000, -1.000000000000000000 ) ) ;
#1739 = EDGE_CURVE ( 'NONE', #260, #1736, #201, .T. ) ;
#1740 = EDGE_CURVE ( 'NONE', #1134, #671, #2337, .T. ) ;
#1741 = AXIS2_PLACEMENT_3D ( 'NONE', #1761, #1027, #2332 ) ;
#1742 = VECTOR ( 'NONE', #13, 1.000000000000000000 ) ;
#1743 = FACE_OUTER_BOUND ( 'NONE', #2426, .T. ) ;
#1744 = CIRCLE ( 'NONE', #1626, 0.001500000000008896994 ) ;
#1745 = ORIENTED_EDGE ( 'NONE', *, *, #450, .T. ) ;
#1746 = CARTESIAN_POINT ( 'NONE',  ( -0.03131769314916309915, 0.1267953897178470124, 0.003000000000000000062 ) ) ;
#1747 = FACE_OUTER_BOUND ( 'NONE', #1835, .T. ) ;
#1748 = CARTESIAN_POINT ( 'NONE',  ( 0.1286823068508392010, -0.003204610282153005051, 0.000000000000000000 ) ) ;
#1749 = AXIS2_PLACEMENT_3D ( 'NONE', #1805, #877, #1434 ) ;
#1750 = CARTESIAN_POINT ( 'NONE',  ( -0.02707229364317189843, -0.01764550227718204856, 0.000000000000000000 ) ) ;
#1751 = EDGE_LOOP ( 'NONE', ( #18, #1806, #1347, #1845 ) ) ;
#1752 = VERTEX_POINT ( 'NONE', #982 ) ;
#1753 = B_SPLINE_SURFACE_WITH_KNOTS ( 'NONE', 2, 1, ( 
 ( #2104, #1711 ),
 ( #195, #1941 ),
 ( #564, #2119 ) ),
 .UNSPECIFIED., .F., .F., .F.,
 ( 3, 3 ),
 ( 2, 2 ),
 ( 0.000000000000000000, 1.000000000000000000 ),
 ( 0.000000000000000000, 1.000000000000000000 ),
 .UNSPECIFIED. ) ;
#1754 = CARTESIAN_POINT ( 'NONE',  ( 0.02868230685083845294, 0.1056441160022151965, 0.000000000000000000 ) ) ;
#1755 = ORIENTED_EDGE ( 'NONE', *, *, #584, .T. ) ;
#1756 = EDGE_CURVE ( 'NONE', #1449, #2130, #2043, .T. ) ;
#1757 = CARTESIAN_POINT ( 'NONE',  ( -0.07131769314854290165, 0.05679538971991189567, 0.003000000000000000062 ) ) ;
#1758 = EDGE_LOOP ( 'NONE', ( #1205, #2183 ) ) ;
#1759 = CARTESIAN_POINT ( 'NONE',  ( 0.08443690734485209681, 0.07123628171287610389, -0.007000000000000000146 ) ) ;
#1760 = CARTESIAN_POINT ( 'NONE',  ( 0.09386306146744580192, 0.07681453402145960174, 0.003000000000000000062 ) ) ;
#1761 = CARTESIAN_POINT ( 'NONE',  ( 0.08868230685083999809, 0.1267953897178470124, 0.003000000000000000062 ) ) ;
#1762 = VECTOR ( 'NONE', #1051, 1.000000000000000000 ) ;
#1763 = CIRCLE ( 'NONE', #393, 0.001500000000008900464 ) ;
#1764 = EDGE_CURVE ( 'NONE', #2415, #1105, #1556, .T. ) ;
#1765 = EDGE_LOOP ( 'NONE', ( #806, #2297, #253, #2169 ) ) ;
#1766 = ORIENTED_EDGE ( 'NONE', *, *, #706, .F. ) ;
#1767 = DIRECTION ( 'NONE',  ( 0.000000000000000000, 0.000000000000000000, 1.000000000000000000 ) ) ;
#1768 = ORIENTED_EDGE ( 'NONE', *, *, #1420, .F. ) ;
#1769 = DIRECTION ( 'NONE',  ( 1.000000000000000000, 0.000000000000000000, 0.000000000000000000 ) ) ;
#1770 = ORIENTED_EDGE ( 'NONE', *, *, #2343, .F. ) ;
#1771 = DIRECTION ( 'NONE',  ( 0.000000000000000000, 0.000000000000000000, -1.000000000000000000 ) ) ;
#1772 = LINE ( 'NONE', #227, #2007 ) ;
#1773 = CARTESIAN_POINT ( 'NONE',  ( -0.07131769315040099866, -0.03320461028009080023, 0.003000000000000000062 ) ) ;
#1774 = VECTOR ( 'NONE', #727, 1.000000000000000000 ) ;
#1775 = ORIENTED_EDGE ( 'NONE', *, *, #1345, .F. ) ;
#1776 = ORIENTED_EDGE ( 'NONE', *, *, #2469, .F. ) ;
#1777 = DIRECTION ( 'NONE',  ( 1.000000000000000000, 0.000000000000000000, 0.000000000000000000 ) ) ;
#1778 = VERTEX_POINT ( 'NONE', #771 ) ;
#1779 = ORIENTED_EDGE ( 'NONE', *, *, #1498, .T. ) ;
#1780 = DIRECTION ( 'NONE',  ( 0.000000000000000000, 0.000000000000000000, 1.000000000000000000 ) ) ;
#1781 = AXIS2_PLACEMENT_3D ( 'NONE', #53, #1188, #410 ) ;
#1782 = ORIENTED_EDGE ( 'NONE', *, *, #692, .F. ) ;
#1783 = DIRECTION ( 'NONE',  ( 0.000000000000000000, 0.000000000000000000, 1.000000000000000000 ) ) ;
#1784 = CYLINDRICAL_SURFACE ( 'NONE', #2086, 0.001499999999999994393 ) ;
#1785 = DIRECTION ( 'NONE',  ( 0.000000000000000000, 0.000000000000000000, 1.000000000000000000 ) ) ;
#1786 = AXIS2_PLACEMENT_3D ( 'NONE', #560, #1324, #2099 ) ;
#1787 = AXIS2_PLACEMENT_3D ( 'NONE', #351, #379, #9 ) ;
#1788 = ADVANCED_FACE ( 'NONE', ( #1913 ), #2123, .F. ) ;
#1789 = EDGE_CURVE ( 'NONE', #2136, #1589, #1127, .T. ) ;
#1790 = VERTEX_POINT ( 'NONE', #1901 ) ;
#1791 = ORIENTED_EDGE ( 'NONE', *, *, #563, .T. ) ;
#1792 = CARTESIAN_POINT ( 'NONE',  ( -0.03303189070997419874, 0.1197375093400021989, 0.003000000000000000062 ) ) ;
#1793 = EDGE_LOOP ( 'NONE', ( #789, #1554 ) ) ;
#1794 = ORIENTED_EDGE ( 'NONE', *, *, #2033, .F. ) ;
#1795 = CARTESIAN_POINT ( 'NONE',  ( -0.03649844776576580130, 0.07681453402145960174, 0.003000000000000000062 ) ) ;
#1796 = ADVANCED_FACE ( 'NONE', ( #1164 ), #168, .F. ) ;
#1797 = ORIENTED_EDGE ( 'NONE', *, *, #1364, .F. ) ;
#1798 = DIRECTION ( 'NONE',  ( -1.000000000000000000, 0.000000000000000000, 0.000000000000000000 ) ) ;
#1799 = CARTESIAN_POINT ( 'NONE',  ( 0.09386306146744580192, 0.07681453402145960174, 0.000000000000000000 ) ) ;
#1800 = CARTESIAN_POINT ( 'NONE',  ( 0.09579079552821556653, 0.1128432182234423847, -0.007000000000000000146 ) ) ;
#1801 = AXIS2_PLACEMENT_3D ( 'NONE', #2491, #1136, #567 ) ;
#1802 = ORIENTED_EDGE ( 'NONE', *, *, #965, .T. ) ;
#1803 = ORIENTED_EDGE ( 'NONE', *, *, #182, .T. ) ;
#1804 = VECTOR ( 'NONE', #1818, 1.000000000000000000 ) ;
#1805 = CARTESIAN_POINT ( 'NONE',  ( 0.09579079552821556653, 0.1128432182234423847, 0.000000000000000000 ) ) ;
#1806 = ORIENTED_EDGE ( 'NONE', *, *, #1551, .T. ) ;
#1807 = VERTEX_POINT ( 'NONE', #2282 ) ;
#1808 = PRODUCT_DEFINITION_FORMATION_WITH_SPECIFIED_SOURCE ( 'ANY', '', #622, .NOT_KNOWN. ) ;
#1809 = EDGE_LOOP ( 'NONE', ( #2356, #1977, #83, #1605 ) ) ;
#1810 = DIRECTION ( 'NONE',  ( 6.193999293214080243E-16, -1.000000000000000000, 0.000000000000000000 ) ) ;
#1811 = ORIENTED_EDGE ( 'NONE', *, *, #1201, .F. ) ;
#1812 = DIRECTION ( 'NONE',  ( 1.000000000000000000, 0.000000000000000000, 0.000000000000000000 ) ) ;
#1813 = CARTESIAN_POINT ( 'NONE',  ( -0.03153189070996530174, -0.06614672990430821298, 0.003000000000000000062 ) ) ;
#1814 = DIRECTION ( 'NONE',  ( 0.000000000000000000, 0.000000000000000000, 1.000000000000000000 ) ) ;
#1815 = VECTOR ( 'NONE', #307, 1.000000000000000000 ) ;
#1816 = ORIENTED_EDGE ( 'NONE', *, *, #1482, .T. ) ;
#1817 = EDGE_CURVE ( 'NONE', #2324, #1594, #210, .T. ) ;
#1818 = DIRECTION ( 'NONE',  ( 0.000000000000000000, 0.000000000000000000, 1.000000000000000000 ) ) ;
#1819 = ORIENTED_EDGE ( 'NONE', *, *, #2051, .T. ) ;
#1820 = ORIENTED_EDGE ( 'NONE', *, *, #319, .T. ) ;
#1821 = ORIENTED_EDGE ( 'NONE', *, *, #929, .F. ) ;
#1822 = ORIENTED_EDGE ( 'NONE', *, *, #2392, .F. ) ;
#1823 = EDGE_CURVE ( 'NONE', #1118, #833, #2266, .T. ) ;
#1824 = DIRECTION ( 'NONE',  ( 0.000000000000000000, 0.000000000000000000, 1.000000000000000000 ) ) ;
#1825 = EDGE_CURVE ( 'NONE', #1159, #815, #445, .T. ) ;
#1826 = ORIENTED_EDGE ( 'NONE', *, *, #1718, .F. ) ;
#1827 = DIRECTION ( 'NONE',  ( -1.000000000000000000, 0.000000000000000000, 0.000000000000000000 ) ) ;
#1828 = FACE_BOUND ( 'NONE', #1499, .T. ) ;
#1829 = CARTESIAN_POINT ( 'NONE',  ( -0.06425981277132240821, 0.08700958727864489817, 0.003000000000000000062 ) ) ;
#1830 = AXIS2_PLACEMENT_3D ( 'NONE', #2317, #11, #1349 ) ;
#1831 = VECTOR ( 'NONE', #2137, 1.000000000000000000 ) ;
#1832 = ORIENTED_EDGE ( 'NONE', *, *, #2312, .T. ) ;
#1833 = VECTOR ( 'NONE', #559, 1.000000000000000000 ) ;
#1834 = ORIENTED_EDGE ( 'NONE', *, *, #2052, .T. ) ;
#1835 = EDGE_LOOP ( 'NONE', ( #1953, #1178, #1745, #616 ) ) ;
#1836 = CYLINDRICAL_SURFACE ( 'NONE', #1663, 0.001499999999999994393 ) ;
#1837 = FACE_BOUND ( 'NONE', #1793, .T. ) ;
#1838 = LINE ( 'NONE', #283, #813 ) ;
#1839 = DIRECTION ( 'NONE',  ( -0.000000000000000000, -0.000000000000000000, 1.000000000000000000 ) ) ;
#1840 = CARTESIAN_POINT ( 'NONE',  ( 0.02713230685083994898, 0.09786218662219439701, 0.003000000000000000062 ) ) ;
#1841 = VECTOR ( 'NONE', #736, 1.000000000000000000 ) ;
#1842 = ADVANCED_FACE ( 'NONE', ( #1410 ), #1207, .F. ) ;
#1843 = CARTESIAN_POINT ( 'NONE',  ( -0.05586552165537646969, -0.04031309895953068267, 0.000000000000000000 ) ) ;
#1844 = ORIENTED_EDGE ( 'NONE', *, *, #1764, .F. ) ;
#1845 = ORIENTED_EDGE ( 'NONE', *, *, #667, .F. ) ;
#1846 = FACE_OUTER_BOUND ( 'NONE', #395, .T. ) ;
#1847 = FACE_BOUND ( 'NONE', #1450, .T. ) ;
#1848 = FACE_BOUND ( 'NONE', #1731, .T. ) ;
#1849 = DIRECTION ( 'NONE',  ( 0.000000000000000000, 0.000000000000000000, 1.000000000000000000 ) ) ;
#1850 = CARTESIAN_POINT ( 'NONE',  ( -0.03003189070995640128, 0.1197375093400021989, 0.003000000000000000062 ) ) ;
#1851 = EDGE_CURVE ( 'NONE', #1307, #123, #1588, .T. ) ;
#1852 = CIRCLE ( 'NONE', #33, 0.001500000000000001332 ) ;
#1853 = DIRECTION ( 'NONE',  ( 0.000000000000000000, 0.000000000000000000, 1.000000000000000000 ) ) ;
#1854 = LINE ( 'NONE', #286, #1485 ) ;
#1855 = ORIENTED_EDGE ( 'NONE', *, *, #1020, .T. ) ;
#1856 = ORIENTED_EDGE ( 'NONE', *, *, #1345, .T. ) ;
#1857 = DIRECTION ( 'NONE',  ( 0.000000000000000000, 0.000000000000000000, 1.000000000000000000 ) ) ;
#1858 = CARTESIAN_POINT ( 'NONE',  ( 0.1286823068508390067, 0.08679538971784969692, 0.003000000000000000062 ) ) ;
#1859 = CARTESIAN_POINT ( 'NONE',  ( 0.1216244264730040048, 0.08700958727865409914, 0.000000000000000000 ) ) ;
#1860 = LINE ( 'NONE', #2062, #1095 ) ;
#1861 = ORIENTED_EDGE ( 'NONE', *, *, #688, .T. ) ;
#1862 = CARTESIAN_POINT ( 'NONE',  ( -0.06275981277131249814, -0.03341880784295089835, 0.000000000000000000 ) ) ;
#1863 = EDGE_CURVE ( 'NONE', #554, #100, #1460, .T. ) ;
#1864 = AXIS2_PLACEMENT_3D ( 'NONE', #2455, #2247, #918 ) ;
#1865 = EDGE_CURVE ( 'NONE', #2068, #1346, #895, .T. ) ;
#1866 = AXIS2_PLACEMENT_3D ( 'NONE', #1582, #279, #1196 ) ;
#1867 = DIRECTION ( 'NONE',  ( -1.000000000000000000, 0.000000000000000000, 0.000000000000000000 ) ) ;
#1868 = ORIENTED_EDGE ( 'NONE', *, *, #2490, .F. ) ;
#1869 = AXIS2_PLACEMENT_3D ( 'NONE', #2316, #590, #979 ) ;
#1870 = CARTESIAN_POINT ( 'NONE',  ( 0.1286823068508392010, 0.05679538971784699880, 0.003000000000000000062 ) ) ;
#1871 = EDGE_CURVE ( 'NONE', #1282, #1720, #1236, .T. ) ;
#1872 = CARTESIAN_POINT ( 'NONE',  ( -0.03649844776576580130, -0.02322375458576559845, 0.000000000000000000 ) ) ;
#1873 = CARTESIAN_POINT ( 'NONE',  ( 0.1231244264730036037, 0.08700958727865409914, 0.000000000000000000 ) ) ;
#1874 = AXIS2_PLACEMENT_3D ( 'NONE', #2116, #384, #2459 ) ;
#1875 = EDGE_CURVE ( 'NONE', #1621, #2231, #656, .T. ) ;
#1876 = CARTESIAN_POINT ( 'NONE',  ( 0.1132301353564351548, 0.09390387839522292002, 0.003000000000000000062 ) ) ;
#1877 = DIRECTION ( 'NONE',  ( 0.000000000000000000, 0.000000000000000000, 1.000000000000000000 ) ) ;
#1878 = FACE_OUTER_BOUND ( 'NONE', #1246, .T. ) ;
#1879 = ORIENTED_EDGE ( 'NONE', *, *, #1930, .F. ) ;
#1880 = CARTESIAN_POINT ( 'NONE',  ( -0.03499844776576579997, -0.02322375458576559845, 0.000000000000000000 ) ) ;
#1881 = ORIENTED_EDGE ( 'NONE', *, *, #1611, .T. ) ;
#1882 = DIRECTION ( 'NONE',  ( -1.000000000000000000, 0.000000000000000000, 0.000000000000000000 ) ) ;
#1883 = FACE_BOUND ( 'NONE', #1557, .T. ) ;
#1884 = LINE ( 'NONE', #2088, #77 ) ;
#1885 = CARTESIAN_POINT ( 'NONE',  ( -0.03131769314916120484, -0.07320461028215180521, 0.000000000000000000 ) ) ;
#1886 = CARTESIAN_POINT ( 'NONE',  ( -0.05887756714186569845, 0.07179538971784830970, 0.000000000000000000 ) ) ;
#1887 = CARTESIAN_POINT ( 'NONE',  ( 0.07349273433351169449, 0.08154923416753520615, 0.003000000000000000062 ) ) ;
#1888 = CLOSED_SHELL ( 'NONE', ( #399, #1729, #1098, #1415, #136, #132, #1975, #2192, #1735, #713, #258, #1899, #1399, #812, #291, #1944, #504, #183, #1951, #416, #308, #45, #1602, #2057, #1638, #839, #1262, #2291, #993, #315, #2441, #1842, #1932, #513, #661, #1212, #1655, #2420, #2234, #1528, #823, #532, #1478, #1028, #2306, #1267, #1227, #759, #1666, #770, #886, #1445, #867, #1085, #200, #1900, #480, #236, #1580, #296, #1045, #628, #1637, #1796, #1710, #1633, #1562, #894, #1788, #1972 ) ) ;
#1889 = ORIENTED_EDGE ( 'NONE', *, *, #1561, .F. ) ;
#1890 = CARTESIAN_POINT ( 'NONE',  ( -0.03649844776576580130, -0.02322375458576559845, 0.003000000000000000062 ) ) ;
#1891 = ORIENTED_EDGE ( 'NONE', *, *, #2003, .F. ) ;
#1892 = ORIENTED_EDGE ( 'NONE', *, *, #318, .F. ) ;
#1893 = CARTESIAN_POINT ( 'NONE',  ( 0.02868230685083850151, -0.05205333656652130075, 0.003000000000000000062 ) ) ;
#1894 = CIRCLE ( 'NONE', #487, 0.001500000000009896195 ) ;
#1895 = EDGE_CURVE ( 'NONE', #1982, #1790, #90, .T. ) ;
#1896 = CARTESIAN_POINT ( 'NONE',  ( 0.1162301353561258910, -0.04031309895984048347, 0.003000000000000000062 ) ) ;
#1897 = CARTESIAN_POINT ( 'NONE',  ( 0.0001916275452298254946, 0.06502467902870270877, 0.000000000000000000 ) ) ;
#1898 = FACE_OUTER_BOUND ( 'NONE', #1765, .T. ) ;
#1899 = ADVANCED_FACE ( 'NONE', ( #807 ), #1183, .F. ) ;
#1900 = ADVANCED_FACE ( 'NONE', ( #1048 ), #861, .F. ) ;
#1901 = CARTESIAN_POINT ( 'NONE',  ( 0.1286823068508392010, 0.05679538971784699880, 0.000000000000000000 ) ) ;
#1902 = DIRECTION ( 'NONE',  ( -0.000000000000000000, -0.000000000000000000, 1.000000000000000000 ) ) ;
#1903 = DIRECTION ( 'NONE',  ( -1.000000000000000000, 0.000000000000000000, 0.000000000000000000 ) ) ;
#1904 = ORIENTED_EDGE ( 'NONE', *, *, #1391, .F. ) ;
#1905 = EDGE_CURVE ( 'NONE', #1105, #2171, #1216, .T. ) ;
#1906 = ORIENTED_EDGE ( 'NONE', *, *, #1280, .F. ) ;
#1907 = AXIS2_PLACEMENT_3D ( 'NONE', #218, #799, #1587 ) ;
#1908 = ORIENTED_EDGE ( 'NONE', *, *, #2232, .T. ) ;
#1909 = CIRCLE ( 'NONE', #1379, 0.001500000000000001332 ) ;
#1910 = CYLINDRICAL_SURFACE ( 'NONE', #1271, 0.001499999999999987454 ) ;
#1911 = VECTOR ( 'NONE', #394, 1.000000000000000000 ) ;
#1912 = AXIS2_PLACEMENT_3D ( 'NONE', #1795, #2370, #1769 ) ;
#1913 = FACE_OUTER_BOUND ( 'NONE', #980, .T. ) ;
#1914 = ORIENTED_EDGE ( 'NONE', *, *, #2305, .F. ) ;
#1915 = CYLINDRICAL_SURFACE ( 'NONE', #302, 0.001499999999999987454 ) ;
#1916 = CARTESIAN_POINT ( 'NONE',  ( 0.09536306146744580325, 0.07681453402145960174, 0.000000000000000000 ) ) ;
#1917 = CARTESIAN_POINT ( 'NONE',  ( -0.06575981277133230440, -0.03341880784295089835, 0.003000000000000000062 ) ) ;
#1918 = AXIS2_PLACEMENT_3D ( 'NONE', #576, #1328, #2285 ) ;
#1919 = ORIENTED_EDGE ( 'NONE', *, *, #2469, .T. ) ;
#1920 = ORIENTED_EDGE ( 'NONE', *, *, #2363, .T. ) ;
#1921 = DIRECTION ( 'NONE',  ( 0.000000000000000000, -1.000000000000000000, 0.000000000000000000 ) ) ;
#1922 = EDGE_CURVE ( 'NONE', #2395, #629, #1385, .T. ) ;
#1923 = VECTOR ( 'NONE', #2097, 1.000000000000000000 ) ;
#1924 = CARTESIAN_POINT ( 'NONE',  ( 0.1216244264730040048, 0.08700958727865409914, 0.000000000000000000 ) ) ;
#1925 = CARTESIAN_POINT ( 'NONE',  ( -0.07131769314792318903, 0.08679538971991460072, 0.003000000000000000062 ) ) ;
#1926 = EDGE_LOOP ( 'NONE', ( #454, #1618 ) ) ;
#1927 = CARTESIAN_POINT ( 'NONE',  ( -0.04828833823430300071, 0.05124390230535559587, 0.000000000000000000 ) ) ;
#1928 = CARTESIAN_POINT ( 'NONE',  ( 0.09429079552790635421, -0.05925243878806000369, 0.003000000000000000062 ) ) ;
#1929 = EDGE_CURVE ( 'NONE', #89, #629, #473, .T. ) ;
#1930 = EDGE_CURVE ( 'NONE', #1044, #691, #224, .T. ) ;
#1931 = FACE_OUTER_BOUND ( 'NONE', #942, .T. ) ;
#1932 = ADVANCED_FACE ( 'NONE', ( #1593 ), #35, .F. ) ;
#1933 = ORIENTED_EDGE ( 'NONE', *, *, #450, .F. ) ;
#1934 = VERTEX_POINT ( 'NONE', #2342 ) ;
#1935 = VECTOR ( 'NONE', #135, 0.9999999999999998890 ) ;
#1936 = CARTESIAN_POINT ( 'NONE',  ( 0.08868230685083999809, 0.1267953897178470124, 0.003000000000000000062 ) ) ;
#1937 = ORIENTED_EDGE ( 'NONE', *, *, #2262, .T. ) ;
#1938 = LINE ( 'NONE', #606, #1140 ) ;
#1939 = CARTESIAN_POINT ( 'NONE',  ( -0.07131769314731559173, 0.05679538971784699880, 0.000000000000000000 ) ) ;
#1940 = LINE ( 'NONE', #345, #402 ) ;
#1941 = CARTESIAN_POINT ( 'NONE',  ( -0.05887756714186569845, -0.01820461028215434804, 0.003000000000000000062 ) ) ;
#1942 = EDGE_LOOP ( 'NONE', ( #2364, #2045, #830, #347 ) ) ;
#1943 = ORIENTED_EDGE ( 'NONE', *, *, #1875, .F. ) ;
#1944 = ADVANCED_FACE ( 'NONE', ( #1606 ), #2173, .F. ) ;
#1945 = CARTESIAN_POINT ( 'NONE',  ( -0.05586552165506630807, 0.09390387839553272775, 0.003000000000000000062 ) ) ;
#1946 = VECTOR ( 'NONE', #461, 1.000000000000000000 ) ;
#1947 = ORIENTED_EDGE ( 'NONE', *, *, #2212, .F. ) ;
#1948 = DIRECTION ( 'NONE',  ( 0.000000000000000000, 0.000000000000000000, -1.000000000000000000 ) ) ;
#1949 = DIRECTION ( 'NONE',  ( -0.6858072767399797653, -0.7277831951690647561, 0.000000000000000000 ) ) ;
#1950 = CARTESIAN_POINT ( 'NONE',  ( 0.08739650441164650840, 0.1197375093400112056, 0.000000000000000000 ) ) ;
#1951 = ADVANCED_FACE ( 'NONE', ( #1620 ), #658, .F. ) ;
#1952 = ORIENTED_EDGE ( 'NONE', *, *, #1505, .T. ) ;
#1953 = ORIENTED_EDGE ( 'NONE', *, *, #455, .F. ) ;
#1954 = LINE ( 'NONE', #1230, #976 ) ;
#1955 = ORIENTED_EDGE ( 'NONE', *, *, #650, .T. ) ;
#1956 = CARTESIAN_POINT ( 'NONE',  ( -0.06425981277132240821, 0.08700958727864489817, 0.000000000000000000 ) ) ;
#1957 = VERTEX_POINT ( 'NONE', #533 ) ;
#1958 = FACE_OUTER_BOUND ( 'NONE', #377, .T. ) ;
#1959 = CARTESIAN_POINT ( 'NONE',  ( -0.07131769314731559173, 0.05679538971784699880, 0.003000000000000000062 ) ) ;
#1960 = DIRECTION ( 'NONE',  ( 0.000000000000000000, 0.000000000000000000, 1.000000000000000000 ) ) ;
#1961 = CIRCLE ( 'NONE', #1115, 0.001500000000008896994 ) ;
#1962 = ORIENTED_EDGE ( 'NONE', *, *, #2312, .F. ) ;
#1963 = VERTEX_POINT ( 'NONE', #2023 ) ;
#1964 = CARTESIAN_POINT ( 'NONE',  ( -0.03153189070996530174, -0.06614672990430821298, 0.000000000000000000 ) ) ;
#1965 = VERTEX_POINT ( 'NONE', #289 ) ;
#1966 = DIRECTION ( 'NONE',  ( 0.000000000000000000, 0.000000000000000000, -1.000000000000000000 ) ) ;
#1967 = ORIENTED_EDGE ( 'NONE', *, *, #1455, .T. ) ;
#1968 = DIRECTION ( 'NONE',  ( 1.000000000000000000, 0.000000000000000000, 0.000000000000000000 ) ) ;
#1969 = DIRECTION ( 'NONE',  ( 0.000000000000000000, 0.000000000000000000, 1.000000000000000000 ) ) ;
#1970 = DIRECTION ( 'NONE',  ( -1.000000000000000000, 0.000000000000000000, 0.000000000000000000 ) ) ;
#1971 = EDGE_CURVE ( 'NONE', #1934, #12, #1062, .T. ) ;
#1972 = ADVANCED_FACE ( 'NONE', ( #2035 ), #1836, .F. ) ;
#1973 = EDGE_LOOP ( 'NONE', ( #1058, #494 ) ) ;
#1974 = ORIENTED_EDGE ( 'NONE', *, *, #455, .T. ) ;
#1975 = ADVANCED_FACE ( 'NONE', ( #872 ), #2211, .F. ) ;
#1976 = DIRECTION ( 'NONE',  ( 0.000000000000000000, 0.000000000000000000, 1.000000000000000000 ) ) ;
#1977 = ORIENTED_EDGE ( 'NONE', *, *, #1201, .T. ) ;
#1978 = EDGE_LOOP ( 'NONE', ( #69, #17, #1487, #1400 ) ) ;
#1979 = ADVANCED_BREP_SHAPE_REPRESENTATION ( 'enigma cf plate bottom', ( #2156, #392 ), #2089 ) ;
#1980 = CARTESIAN_POINT ( 'NONE',  ( 0.08889650441164670402, 0.1197375093400112056, 0.000000000000000000 ) ) ;
#1981 = CIRCLE ( 'NONE', #1333, 0.001499999999999987454 ) ;
#1982 = VERTEX_POINT ( 'NONE', #682 ) ;
#1983 = CARTESIAN_POINT ( 'NONE',  ( -0.03153189070996530174, 0.1197375093400021989, 0.003000000000000000062 ) ) ;
#1984 = FACE_OUTER_BOUND ( 'NONE', #1191, .T. ) ;
#1985 = FACE_OUTER_BOUND ( 'NONE', #1244, .T. ) ;
#1986 = CIRCLE ( 'NONE', #2300, 0.001500000000000015210 ) ;
#1987 = AXIS2_PLACEMENT_3D ( 'NONE', #1358, #957, #2493 ) ;
#1988 = VECTOR ( 'NONE', #430, 1.000000000000000000 ) ;
#1989 = EDGE_LOOP ( 'NONE', ( #1147, #1565 ) ) ;
#1990 = ORIENTED_EDGE ( 'NONE', *, *, #1825, .F. ) ;
#1991 = CARTESIAN_POINT ( 'NONE',  ( -0.06275981277131249814, 0.08700958727864489817, 0.000000000000000000 ) ) ;
#1992 = ORIENTED_EDGE ( 'NONE', *, *, #1905, .T. ) ;
#1993 = EDGE_CURVE ( 'NONE', #100, #554, #1419, .T. ) ;
#1994 = EDGE_LOOP ( 'NONE', ( #2107, #1797, #847, #1816 ) ) ;
#1995 = DIRECTION ( 'NONE',  ( -0.7071067811864926167, -0.7071067811866025288, 0.000000000000000000 ) ) ;
#1996 = ORIENTED_EDGE ( 'NONE', *, *, #2263, .T. ) ;
#1997 = DIRECTION ( 'NONE',  ( 0.000000000000000000, 0.000000000000000000, 1.000000000000000000 ) ) ;
#1998 = CARTESIAN_POINT ( 'NONE',  ( 0.09386306146744580192, 0.07681453402145960174, 0.000000000000000000 ) ) ;
#1999 = CARTESIAN_POINT ( 'NONE',  ( 0.07349273433351169449, -0.02795845473184115082, 0.003000000000000000062 ) ) ;
#2000 = VECTOR ( 'NONE', #664, 1.000000000000000000 ) ;
#2001 = ORIENTED_EDGE ( 'NONE', *, *, #1163, .T. ) ;
#2002 = EDGE_CURVE ( 'NONE', #603, #2136, #1479, .T. ) ;
#2003 = EDGE_CURVE ( 'NONE', #12, #1668, #1082, .T. ) ;
#2004 = CARTESIAN_POINT ( 'NONE',  ( 0.1286823068508400059, -0.03320461028215299787, 0.003000000000000000062 ) ) ;
#2005 = VERTEX_POINT ( 'NONE', #2246 ) ;
#2006 = VERTEX_POINT ( 'NONE', #694 ) ;
#2007 = VECTOR ( 'NONE', #810, 1.000000000000000000 ) ;
#2008 = VERTEX_POINT ( 'NONE', #1492 ) ;
#2009 = ORIENTED_EDGE ( 'NONE', *, *, #1756, .F. ) ;
#2010 = DIRECTION ( 'NONE',  ( 0.000000000000000000, 0.000000000000000000, 1.000000000000000000 ) ) ;
#2011 = VECTOR ( 'NONE', #2022, 1.000000000000000000 ) ;
#2012 = ORIENTED_EDGE ( 'NONE', *, *, #1020, .F. ) ;
#2013 = FACE_BOUND ( 'NONE', #902, .T. ) ;
#2014 = CARTESIAN_POINT ( 'NONE',  ( 0.1132301353561258606, -0.04031309895984048347, 0.000000000000000000 ) ) ;
#2015 = DIRECTION ( 'NONE',  ( 1.000000000000000000, 0.000000000000000000, 0.000000000000000000 ) ) ;
#2016 = AXIS2_PLACEMENT_3D ( 'NONE', #153, #2258, #142 ) ;
#2017 = VERTEX_POINT ( 'NONE', #2059 ) ;
#2018 = LINE ( 'NONE', #1256, #2440 ) ;
#2019 = ORIENTED_EDGE ( 'NONE', *, *, #1336, .F. ) ;
#2020 = EDGE_LOOP ( 'NONE', ( #2436, #761 ) ) ;
#2021 = EDGE_LOOP ( 'NONE', ( #570, #2252, #1908, #344 ) ) ;
#2022 = DIRECTION ( 'NONE',  ( 0.000000000000000000, 0.000000000000000000, 1.000000000000000000 ) ) ;
#2023 = CARTESIAN_POINT ( 'NONE',  ( 0.1286823068508400059, -0.03320461028215299787, 0.000000000000000000 ) ) ;
#2024 = FACE_BOUND ( 'NONE', #1926, .T. ) ;
#2025 = DIRECTION ( 'NONE',  ( -1.000000000000000000, 0.000000000000000000, 0.000000000000000000 ) ) ;
#2026 = CARTESIAN_POINT ( 'NONE',  ( -0.03992618182684661704, 0.1128432182237521092, 0.000000000000000000 ) ) ;
#2027 = VECTOR ( 'NONE', #1337, 1.000000000000000000 ) ;
#2028 = AXIS2_PLACEMENT_3D ( 'NONE', #1998, #476, #2409 ) ;
#2029 = EDGE_CURVE ( 'NONE', #1553, #187, #389, .T. ) ;
#2030 = VECTOR ( 'NONE', #1071, 1.000000000000000000 ) ;
#2031 = CARTESIAN_POINT ( 'NONE',  ( -0.07131769314915999136, -0.03320461028215499627, 0.003000000000000000062 ) ) ;
#2032 = ORIENTED_EDGE ( 'NONE', *, *, #1367, .F. ) ;
#2033 = EDGE_CURVE ( 'NONE', #2341, #30, #1646, .T. ) ;
#2034 = ORIENTED_EDGE ( 'NONE', *, *, #212, .T. ) ;
#2035 = FACE_OUTER_BOUND ( 'NONE', #600, .T. ) ;
#2036 = CARTESIAN_POINT ( 'NONE',  ( -0.07131769314915999136, 0.08679538971784700463, 0.003000000000000000062 ) ) ;
#2037 = FACE_BOUND ( 'NONE', #2020, .T. ) ;
#2038 = DIRECTION ( 'NONE',  ( 1.000000000000000000, 0.000000000000000000, 0.000000000000000000 ) ) ;
#2039 = CIRCLE ( 'NONE', #946, 0.001499999999999994393 ) ;
#2040 = CARTESIAN_POINT ( 'NONE',  ( 0.08868230685083999809, 0.1267953897178470124, 0.003000000000000000062 ) ) ;
#2041 = VECTOR ( 'NONE', #924, 1.000000000000000000 ) ;
#2042 = LINE ( 'NONE', #1862, #2449 ) ;
#2043 = B_SPLINE_CURVE_WITH_KNOTS ( 'NONE', 2,
 ( #1757, #1151, #1925 ),
 .UNSPECIFIED., .F., .F.,
 ( 3, 3 ),
 ( 0.000000000000000000, 1.000000000000000000 ),
 .UNSPECIFIED. ) ;
#2044 = CARTESIAN_POINT ( 'NONE',  ( 0.02868230685083995174, 0.09786218662219439701, 0.003000000000000000062 ) ) ;
#2045 = ORIENTED_EDGE ( 'NONE', *, *, #1739, .T. ) ;
#2046 = DIRECTION ( 'NONE',  ( 0.000000000000000000, 0.000000000000000000, -1.000000000000000000 ) ) ;
#2047 = CARTESIAN_POINT ( 'NONE',  ( 0.1286823068508390067, 0.08679538971784969692, 0.000000000000000000 ) ) ;
#2048 = CARTESIAN_POINT ( 'NONE',  ( 0.1231244264730036037, 0.08700958727865409914, 0.000000000000000000 ) ) ;
#2049 = CARTESIAN_POINT ( 'NONE',  ( 0.07349273433351169449, -0.02795845473184115082, -0.007000000000000000146 ) ) ;
#2050 = DIRECTION ( 'NONE',  ( 1.000000000000000000, 0.000000000000000000, 0.000000000000000000 ) ) ;
#2051 = EDGE_CURVE ( 'NONE', #2077, #1965, #1275, .T. ) ;
#2052 = EDGE_CURVE ( 'NONE', #78, #1600, #460, .T. ) ;
#2053 = VECTOR ( 'NONE', #838, 1.000000000000000000 ) ;
#2054 = CARTESIAN_POINT ( 'NONE',  ( 0.07799601534982270046, -0.01120461028215289853, 0.003000000000000000062 ) ) ;
#2055 = CARTESIAN_POINT ( 'NONE',  ( -0.03649844776576580130, 0.07681453402145960174, 0.000000000000000000 ) ) ;
#2056 = ORIENTED_EDGE ( 'NONE', *, *, #1053, .F. ) ;
#2057 = ADVANCED_FACE ( 'NONE', ( #1846 ), #1003, .F. ) ;
#2058 = EDGE_LOOP ( 'NONE', ( #1698, #1001 ) ) ;
#2059 = CARTESIAN_POINT ( 'NONE',  ( -0.06275981277131249814, 0.08700958727864489817, 0.000000000000000000 ) ) ;
#2060 = CARTESIAN_POINT ( 'NONE',  ( 0.000000000000000000, 0.000000000000000000, 0.003000000000000000062 ) ) ;
#2061 = CARTESIAN_POINT ( 'NONE',  ( -0.05886552165537645848, -0.04031309895953068267, -0.007000000000000000146 ) ) ;
#2062 = CARTESIAN_POINT ( 'NONE',  ( 0.09236306146744580059, -0.02322375458576559845, 0.000000000000000000 ) ) ;
#2063 = DIRECTION ( 'NONE',  ( 0.7071067811865330288, 0.7071067811865620056, 0.000000000000000000 ) ) ;
#2064 = ORIENTED_EDGE ( 'NONE', *, *, #596, .F. ) ;
#2065 = LINE ( 'NONE', #715, #1815 ) ;
#2066 = CIRCLE ( 'NONE', #974, 0.001499999999999987454 ) ;
#2067 = CARTESIAN_POINT ( 'NONE',  ( -0.02092291545752369974, -0.01149612409153292006, 0.003000000000000000062 ) ) ;
#2068 = VERTEX_POINT ( 'NONE', #1250 ) ;
#2069 = VECTOR ( 'NONE', #1033, 1.000000000000000000 ) ;
#2070 = CARTESIAN_POINT ( 'NONE',  ( 0.02868230685083850151, -0.05205333656652130075, 0.000000000000000000 ) ) ;
#2071 = FACE_OUTER_BOUND ( 'NONE', #581, .T. ) ;
#2072 = DIRECTION ( 'NONE',  ( 0.000000000000000000, 1.000000000000000000, 0.000000000000000000 ) ) ;
#2073 = CARTESIAN_POINT ( 'NONE',  ( 0.02868230685083995174, 0.09786218662219439701, 0.000000000000000000 ) ) ;
#2074 = LINE ( 'NONE', #1927, #102 ) ;
#2075 = CARTESIAN_POINT ( 'NONE',  ( -0.06425981277132240821, -0.03341880784295089835, 0.000000000000000000 ) ) ;
#2076 = AXIS2_PLACEMENT_3D ( 'NONE', #1696, #1143, #1340 ) ;
#2077 = VERTEX_POINT ( 'NONE', #140 ) ;
#2078 = CARTESIAN_POINT ( 'NONE',  ( 0.1286823068508400059, -0.03320461028215299787, 0.003000000000000000062 ) ) ;
#2079 = EDGE_CURVE ( 'NONE', #2230, #2017, #131, .T. ) ;
#2080 = ORIENTED_EDGE ( 'NONE', *, *, #139, .T. ) ;
#2081 = ORIENTED_EDGE ( 'NONE', *, *, #2334, .T. ) ;
#2082 = EDGE_CURVE ( 'NONE', #1778, #1720, #2066, .T. ) ;
#2083 = DIRECTION ( 'NONE',  ( 0.000000000000000000, 0.000000000000000000, 1.000000000000000000 ) ) ;
#2084 = EDGE_CURVE ( 'NONE', #2008, #277, #776, .T. ) ;
#2085 = CARTESIAN_POINT ( 'NONE',  ( -0.07131769314792318903, 0.08679538971991460072, 0.003000000000000000062 ) ) ;
#2086 = AXIS2_PLACEMENT_3D ( 'NONE', #52, #826, #635 ) ;
#2087 = CARTESIAN_POINT ( 'NONE',  ( -0.03842618182715702713, -0.05925243878775028616, 0.000000000000000000 ) ) ;
#2088 = CARTESIAN_POINT ( 'NONE',  ( 0.08443690734485209681, -0.01764550227718194794, 0.003000000000000000062 ) ) ;
#2089 =( GEOMETRIC_REPRESENTATION_CONTEXT ( 3 ) GLOBAL_UNCERTAINTY_ASSIGNED_CONTEXT ( ( #1431 ) ) GLOBAL_UNIT_ASSIGNED_CONTEXT ( ( #869, #2414, #1108 ) ) REPRESENTATION_CONTEXT ( 'NONE', 'WORKASPACE' ) );
#2090 = CARTESIAN_POINT ( 'NONE',  ( 0.1162421808453889954, -0.01820461028215424742, 0.003000000000000000062 ) ) ;
#2091 = LINE ( 'NONE', #550, #1067 ) ;
#2092 = CARTESIAN_POINT ( 'NONE',  ( 0.07349273433351169449, -0.02795845473184115082, 0.003000000000000000062 ) ) ;
#2093 = EDGE_CURVE ( 'NONE', #2124, #2206, #1744, .T. ) ;
#2094 = DIRECTION ( 'NONE',  ( 1.000000000000000000, 0.000000000000000000, 0.000000000000000000 ) ) ;
#2095 = ORIENTED_EDGE ( 'NONE', *, *, #1130, .T. ) ;
#2096 = ORIENTED_EDGE ( 'NONE', *, *, #2029, .T. ) ;
#2097 = DIRECTION ( 'NONE',  ( -9.251858538542760807E-15, 1.000000000000000000, 0.000000000000000000 ) ) ;
#2098 = FILL_AREA_STYLE_COLOUR ( '', #614 ) ;
#2099 = DIRECTION ( 'NONE',  ( -1.000000000000000000, 0.000000000000000000, 0.000000000000000000 ) ) ;
#2100 = ORIENTED_EDGE ( 'NONE', *, *, #1851, .F. ) ;
#2101 = LINE ( 'NONE', #950, #1841 ) ;
#2102 = DIRECTION ( 'NONE',  ( 0.000000000000000000, 0.000000000000000000, 1.000000000000000000 ) ) ;
#2103 = EDGE_CURVE ( 'NONE', #262, #2351, #2290, .T. ) ;
#2104 = CARTESIAN_POINT ( 'NONE',  ( -0.07131769314731559173, -0.03320461028215574567, 0.000000000000000000 ) ) ;
#2105 = ORIENTED_EDGE ( 'NONE', *, *, #1269, .T. ) ;
#2106 = VECTOR ( 'NONE', #2151, 1.000000000000000000 ) ;
#2107 = ORIENTED_EDGE ( 'NONE', *, *, #843, .F. ) ;
#2108 = CIRCLE ( 'NONE', #1214, 0.001499999999999994393 ) ;
#2109 = DIRECTION ( 'NONE',  ( -1.000000000000000000, 0.000000000000000000, 0.000000000000000000 ) ) ;
#2110 = VECTOR ( 'NONE', #1995, 1.000000000000000000 ) ;
#2111 = LINE ( 'NONE', #211, #1342 ) ;
#2112 = AXIS2_PLACEMENT_3D ( 'NONE', #966, #1332, #769 ) ;
#2113 = CARTESIAN_POINT ( 'NONE',  ( 0.1147301353561258758, -0.04031309895984048347, -0.007000000000000000146 ) ) ;
#2114 = ORIENTED_EDGE ( 'NONE', *, *, #2205, .F. ) ;
#2115 = CARTESIAN_POINT ( 'NONE',  ( -0.03131769314916309915, -0.07320461028215301258, 0.003000000000000000062 ) ) ;
#2116 = CARTESIAN_POINT ( 'NONE',  ( 0.09579079552790634167, -0.05925243878806000369, 0.003000000000000000062 ) ) ;
#2117 = VECTOR ( 'NONE', #1303, 1.000000000000000000 ) ;
#2118 = EDGE_CURVE ( 'NONE', #1569, #2494, #2122, .T. ) ;
#2119 = CARTESIAN_POINT ( 'NONE',  ( -0.07131769314731559173, -0.003204610282153019796, 0.003000000000000000062 ) ) ;
#2120 = ORIENTED_EDGE ( 'NONE', *, *, #2281, .T. ) ;
#2121 = EDGE_LOOP ( 'NONE', ( #520, #443 ) ) ;
#2122 = LINE ( 'NONE', #1506, #417 ) ;
#2123 = CYLINDRICAL_SURFACE ( 'NONE', #1987, 0.001500000000000015210 ) ;
#2124 = VERTEX_POINT ( 'NONE', #1172 ) ;
#2125 = DIRECTION ( 'NONE',  ( 1.000000000000000000, 0.000000000000000000, 0.000000000000000000 ) ) ;
#2126 = LINE ( 'NONE', #2284, #2154 ) ;
#2127 = CIRCLE ( 'NONE', #349, 0.001549999999999999295 ) ;
#2128 = EDGE_CURVE ( 'NONE', #1408, #2171, #1541, .T. ) ;
#2129 = CARTESIAN_POINT ( 'NONE',  ( 0.1286823068508392010, -0.003204610282153005051, 0.000000000000000000 ) ) ;
#2130 = VERTEX_POINT ( 'NONE', #2085 ) ;
#2131 = ORIENTED_EDGE ( 'NONE', *, *, #1679, .T. ) ;
#2132 = CARTESIAN_POINT ( 'NONE',  ( 0.09729079552790632912, -0.05925243878806000369, -0.007000000000000000146 ) ) ;
#2133 = EDGE_CURVE ( 'NONE', #631, #2479, #738, .T. ) ;
#2134 = VECTOR ( 'NONE', #437, 1.000000000000000000 ) ;
#2135 = DIRECTION ( 'NONE',  ( 0.000000000000000000, 0.000000000000000000, 1.000000000000000000 ) ) ;
#2136 = VERTEX_POINT ( 'NONE', #1149 ) ;
#2137 = DIRECTION ( 'NONE',  ( 0.000000000000000000, 0.000000000000000000, 1.000000000000000000 ) ) ;
#2138 = CARTESIAN_POINT ( 'NONE',  ( -0.05887756714186569845, 0.07179538971784830970, 0.000000000000000000 ) ) ;
#2139 = CYLINDRICAL_SURFACE ( 'NONE', #1781, 0.001549999999999999295 ) ;
#2140 = CARTESIAN_POINT ( 'NONE',  ( 0.02868230685083995174, -0.04427140718650034862, 0.000000000000000000 ) ) ;
#2141 = ORIENTED_EDGE ( 'NONE', *, *, #1260, .T. ) ;
#2142 = ORIENTED_EDGE ( 'NONE', *, *, #706, .T. ) ;
#2143 = DIRECTION ( 'NONE',  ( 0.000000000000000000, 0.000000000000000000, 1.000000000000000000 ) ) ;
#2144 = CIRCLE ( 'NONE', #248, 0.001500000000000008271 ) ;
#2145 = EDGE_LOOP ( 'NONE', ( #803, #2380 ) ) ;
#2146 = DIRECTION ( 'NONE',  ( 1.000000000000000000, 0.000000000000000000, 0.000000000000000000 ) ) ;
#2147 = VECTOR ( 'NONE', #433, 1.000000000000000000 ) ;
#2148 = ORIENTED_EDGE ( 'NONE', *, *, #630, .F. ) ;
#2149 = CARTESIAN_POINT ( 'NONE',  ( 0.08868230685083999809, 0.1267953897178470124, 0.003000000000000000062 ) ) ;
#2150 = LINE ( 'NONE', #2347, #223 ) ;
#2151 = DIRECTION ( 'NONE',  ( 0.000000000000000000, 0.000000000000000000, 1.000000000000000000 ) ) ;
#2152 = ORIENTED_EDGE ( 'NONE', *, *, #999, .T. ) ;
#2153 = EDGE_LOOP ( 'NONE', ( #1625, #1631 ) ) ;
#2154 = VECTOR ( 'NONE', #1549, 1.000000000000000000 ) ;
#2155 = LINE ( 'NONE', #274, #699 ) ;
#2156 = MANIFOLD_SOLID_BREP ( 'Cut-Extrude1', #1888 ) ;
#2157 = EDGE_CURVE ( 'NONE', #361, #1673, #1667, .T. ) ;
#2158 = EDGE_CURVE ( 'NONE', #123, #1307, #540, .T. ) ;
#2159 = EDGE_LOOP ( 'NONE', ( #2314, #2019 ) ) ;
#2160 = AXIS2_PLACEMENT_3D ( 'NONE', #65, #1997, #1647 ) ;
#2161 = DIRECTION ( 'NONE',  ( 1.000000000000000000, 0.000000000000000000, 0.000000000000000000 ) ) ;
#2162 = ORIENTED_EDGE ( 'NONE', *, *, #1156, .F. ) ;
#2163 = LINE ( 'NONE', #1025, #1662 ) ;
#2164 = DIRECTION ( 'NONE',  ( 0.000000000000000000, 0.000000000000000000, 1.000000000000000000 ) ) ;
#2165 = DIRECTION ( 'NONE',  ( -0.7071067811865615615, 0.7071067811865335839, 0.000000000000000000 ) ) ;
#2166 = AXIS2_PLACEMENT_3D ( 'NONE', #2430, #697, #1064 ) ;
#2167 = EDGE_CURVE ( 'NONE', #1359, #1668, #2111, .T. ) ;
#2168 = ORIENTED_EDGE ( 'NONE', *, *, #1364, .T. ) ;
#2169 = ORIENTED_EDGE ( 'NONE', *, *, #401, .T. ) ;
#2170 = CARTESIAN_POINT ( 'NONE',  ( 0.1286823068508390067, 0.08679538971784969692, 0.003000000000000000062 ) ) ;
#2171 = VERTEX_POINT ( 'NONE', #1555 ) ;
#2172 = VERTEX_POINT ( 'NONE', #1311 ) ;
#2173 = PLANE ( 'NONE',  #1258 ) ;
#2174 = AXIS2_PLACEMENT_3D ( 'NONE', #913, #1853, #1688 ) ;
#2175 = ORIENTED_EDGE ( 'NONE', *, *, #390, .F. ) ;
#2176 = DIRECTION ( 'NONE',  ( 1.000000000000000000, 6.193999293214080243E-16, 0.000000000000000000 ) ) ;
#2177 = DIRECTION ( 'NONE',  ( 0.000000000000000000, 0.000000000000000000, 1.000000000000000000 ) ) ;
#2178 = FACE_OUTER_BOUND ( 'NONE', #2293, .T. ) ;
#2179 = EDGE_CURVE ( 'NONE', #1044, #320, #1627, .T. ) ;
#2180 = ORIENTED_EDGE ( 'NONE', *, *, #1156, .T. ) ;
#2181 = EDGE_LOOP ( 'NONE', ( #1437, #1070 ) ) ;
#2182 = CARTESIAN_POINT ( 'NONE',  ( 0.07349273433351169449, -0.02795845473184115082, 0.000000000000000000 ) ) ;
#2183 = ORIENTED_EDGE ( 'NONE', *, *, #158, .F. ) ;
#2184 = CARTESIAN_POINT ( 'NONE',  ( -0.01612812063183160019, -0.02795845473184119939, -0.007000000000000000146 ) ) ;
#2185 = AXIS2_PLACEMENT_3D ( 'NONE', #1177, #1785, #621 ) ;
#2186 = ORIENTED_EDGE ( 'NONE', *, *, #1190, .F. ) ;
#2187 = CARTESIAN_POINT ( 'NONE',  ( 0.07799601534982270046, 0.06479538971784699897, -0.007000000000000000146 ) ) ;
#2188 = CARTESIAN_POINT ( 'NONE',  ( 0.1162301353564351297, 0.09390387839522292002, 0.000000000000000000 ) ) ;
#2189 = CARTESIAN_POINT ( 'NONE',  ( 0.02713230685083994898, 0.09786218662219439701, 0.000000000000000000 ) ) ;
#2190 = CIRCLE ( 'NONE', #1056, 0.001499999999999987454 ) ;
#2191 = EDGE_CURVE ( 'NONE', #1203, #829, #778, .T. ) ;
#2192 = ADVANCED_FACE ( 'NONE', ( #1123 ), #1727, .F. ) ;
#2193 = ORIENTED_EDGE ( 'NONE', *, *, #151, .F. ) ;
#2194 = PLANE ( 'NONE',  #577 ) ;
#2195 = VERTEX_POINT ( 'NONE', #1896 ) ;
#2196 = EDGE_LOOP ( 'NONE', ( #1914, #1512 ) ) ;
#2197 = ORIENTED_EDGE ( 'NONE', *, *, #2, .F. ) ;
#2198 = EDGE_LOOP ( 'NONE', ( #858, #1234, #2243, #415 ) ) ;
#2199 = CARTESIAN_POINT ( 'NONE',  ( -0.03842618182684662959, 0.1128432182237521092, 0.000000000000000000 ) ) ;
#2200 = ORIENTED_EDGE ( 'NONE', *, *, #1536, .T. ) ;
#2201 = FACE_BOUND ( 'NONE', #61, .T. ) ;
#2202 = FACE_OUTER_BOUND ( 'NONE', #1978, .T. ) ;
#2203 = DIRECTION ( 'NONE',  ( 0.000000000000000000, 0.000000000000000000, 1.000000000000000000 ) ) ;
#2204 = AXIS2_PLACEMENT_3D ( 'NONE', #1389, #2164, #1199 ) ;
#2205 = EDGE_CURVE ( 'NONE', #382, #1229, #926, .T. ) ;
#2206 = VERTEX_POINT ( 'NONE', #1704 ) ;
#2207 = DIRECTION ( 'NONE',  ( 0.000000000000000000, 0.000000000000000000, 1.000000000000000000 ) ) ;
#2208 = VERTEX_POINT ( 'NONE', #1517 ) ;
#2209 = VERTEX_POINT ( 'NONE', #2279 ) ;
#2210 = LINE ( 'NONE', #1249, #2011 ) ;
#2211 = CYLINDRICAL_SURFACE ( 'NONE', #47, 0.001499999999999994393 ) ;
#2212 = EDGE_CURVE ( 'NONE', #2206, #2124, #49, .T. ) ;
#2213 = AXIS2_PLACEMENT_3D ( 'NONE', #2322, #373, #962 ) ;
#2214 = DIRECTION ( 'NONE',  ( 0.000000000000000000, 0.000000000000000000, -1.000000000000000000 ) ) ;
#2215 = FACE_BOUND ( 'NONE', #541, .T. ) ;
#2216 = DIRECTION ( 'NONE',  ( -1.000000000000000000, 0.000000000000000000, 0.000000000000000000 ) ) ;
#2217 = VECTOR ( 'NONE', #720, 1.000000000000000000 ) ;
#2218 = EDGE_LOOP ( 'NONE', ( #1425, #428, #772, #225 ) ) ;
#2219 = ORIENTED_EDGE ( 'NONE', *, *, #1343, .F. ) ;
#2220 = CARTESIAN_POINT ( 'NONE',  ( -0.06425981277132240821, 0.08700958727864489817, 0.000000000000000000 ) ) ;
#2221 = FACE_BOUND ( 'NONE', #160, .T. ) ;
#2222 = PLANE ( 'NONE',  #936 ) ;
#2223 = LINE ( 'NONE', #2236, #2000 ) ;
#2224 = DIRECTION ( 'NONE',  ( 1.000000000000000000, 0.000000000000000000, 0.000000000000000000 ) ) ;
#2225 = CIRCLE ( 'NONE', #1160, 0.001499999999999994393 ) ;
#2226 = AXIS2_PLACEMENT_3D ( 'NONE', #1956, #251, #1022 ) ;
#2227 =( GEOMETRIC_REPRESENTATION_CONTEXT ( 3 ) GLOBAL_UNCERTAINTY_ASSIGNED_CONTEXT ( ( #1076 ) ) GLOBAL_UNIT_ASSIGNED_CONTEXT ( ( #758, #545, #1162 ) ) REPRESENTATION_CONTEXT ( 'NONE', 'WORKASPACE' ) );
#2228 = DIRECTION ( 'NONE',  ( 1.000000000000000000, -6.193999293214080243E-16, 0.000000000000000000 ) ) ;
#2229 = CARTESIAN_POINT ( 'NONE',  ( -0.02092291545752384893, 0.06508690352722699968, -0.007000000000000000146 ) ) ;
#2230 = VERTEX_POINT ( 'NONE', #43 ) ;
#2231 = VERTEX_POINT ( 'NONE', #1005 ) ;
#2232 = EDGE_CURVE ( 'NONE', #2231, #1592, #468, .T. ) ;
#2233 = CARTESIAN_POINT ( 'NONE',  ( 0.07799601534982270046, -0.01120461028215289853, -0.007000000000000000146 ) ) ;
#2234 = ADVANCED_FACE ( 'NONE', ( #1422 ), #1601, .F. ) ;
#2235 = CARTESIAN_POINT ( 'NONE',  ( 0.1201244264730041977, 0.08700958727865409914, 0.000000000000000000 ) ) ;
#2236 = CARTESIAN_POINT ( 'NONE',  ( 0.07349273433351169449, 0.08154923416753520615, 0.003000000000000000062 ) ) ;
#2237 = CARTESIAN_POINT ( 'NONE',  ( 0.1286823068508390067, -0.03320461028215569710, 0.003000000000000000062 ) ) ;
#2238 = DIRECTION ( 'NONE',  ( 1.000000000000000000, 0.000000000000000000, 0.000000000000000000 ) ) ;
#2239 = CIRCLE ( 'NONE', #1392, 0.001500000000008896994 ) ;
#2240 = EDGE_CURVE ( 'NONE', #361, #1307, #1954, .T. ) ;
#2241 = DIRECTION ( 'NONE',  ( 1.000000000000000000, 0.000000000000000000, 0.000000000000000000 ) ) ;
#2242 = LINE ( 'NONE', #2031, #1645 ) ;
#2243 = ORIENTED_EDGE ( 'NONE', *, *, #668, .T. ) ;
#2244 = ORIENTED_EDGE ( 'NONE', *, *, #158, .T. ) ;
#2245 = AXIS2_PLACEMENT_3D ( 'NONE', #2438, #716, #506 ) ;
#2246 = CARTESIAN_POINT ( 'NONE',  ( 0.1286823068508392010, 0.05679538971784699880, 0.003000000000000000062 ) ) ;
#2247 = DIRECTION ( 'NONE',  ( 0.000000000000000000, 0.000000000000000000, 1.000000000000000000 ) ) ;
#2248 = DIRECTION ( 'NONE',  ( 0.000000000000000000, 0.000000000000000000, 1.000000000000000000 ) ) ;
#2249 = DIRECTION ( 'NONE',  ( -0.000000000000000000, -0.000000000000000000, 1.000000000000000000 ) ) ;
#2250 = LINE ( 'NONE', #959, #184 ) ;
#2251 = CIRCLE ( 'NONE', #2174, 0.001499999999999987454 ) ;
#2252 = ORIENTED_EDGE ( 'NONE', *, *, #1130, .F. ) ;
#2253 = CARTESIAN_POINT ( 'NONE',  ( -0.02154016139635085009, -0.02285856102316809885, 0.000000000000000000 ) ) ;
#2254 = DIRECTION ( 'NONE',  ( 0.000000000000000000, 0.000000000000000000, 1.000000000000000000 ) ) ;
#2255 = VERTEX_POINT ( 'NONE', #261 ) ;
#2256 = DIRECTION ( 'NONE',  ( 0.000000000000000000, 0.000000000000000000, 1.000000000000000000 ) ) ;
#2257 = DIRECTION ( 'NONE',  ( -1.000000000000000000, 0.000000000000000000, 0.000000000000000000 ) ) ;
#2258 = DIRECTION ( 'NONE',  ( 0.000000000000000000, 0.000000000000000000, 1.000000000000000000 ) ) ;
#2259 = CARTESIAN_POINT ( 'NONE',  ( -0.07131769315040099866, -0.03320461028009080023, 0.000000000000000000 ) ) ;
#2260 = DIRECTION ( 'NONE',  ( 0.000000000000000000, 0.000000000000000000, 1.000000000000000000 ) ) ;
#2261 = DIRECTION ( 'NONE',  ( 0.000000000000000000, 0.000000000000000000, 1.000000000000000000 ) ) ;
#2262 = EDGE_CURVE ( 'NONE', #472, #1790, #206, .T. ) ;
#2263 = EDGE_CURVE ( 'NONE', #479, #1182, #642, .T. ) ;
#2264 = ORIENTED_EDGE ( 'NONE', *, *, #365, .F. ) ;
#2265 = FACE_OUTER_BOUND ( 'NONE', #173, .T. ) ;
#2266 = CIRCLE ( 'NONE', #250, 0.001499999999999987454 ) ;
#2267 = VERTEX_POINT ( 'NONE', #442 ) ;
#2268 = CARTESIAN_POINT ( 'NONE',  ( -0.02707229364317199904, 0.07123628171287620103, -0.007000000000000000146 ) ) ;
#2269 = DIRECTION ( 'NONE',  ( -1.000000000000000000, 0.000000000000000000, 0.000000000000000000 ) ) ;
#2270 = CARTESIAN_POINT ( 'NONE',  ( -0.02092291545752384893, 0.06508690352722699968, 0.003000000000000000062 ) ) ;
#2271 = CYLINDRICAL_SURFACE ( 'NONE', #891, 0.001549999999999999295 ) ;
#2272 = CARTESIAN_POINT ( 'NONE',  ( 0.07799601534982270046, -0.01120461028215289853, 0.003000000000000000062 ) ) ;
#2273 = CARTESIAN_POINT ( 'NONE',  ( 0.07799601534982270046, 0.06479538971784699897, 0.000000000000000000 ) ) ;
#2274 = CIRCLE ( 'NONE', #828, 0.001499999999999987454 ) ;
#2275 = CARTESIAN_POINT ( 'NONE',  ( 0.02868230685083995174, 0.09786218662219439701, 0.003000000000000000062 ) ) ;
#2276 = ORIENTED_EDGE ( 'NONE', *, *, #1155, .F. ) ;
#2277 = EDGE_LOOP ( 'NONE', ( #860, #507, #1992, #1424 ) ) ;
#2278 = FACE_OUTER_BOUND ( 'NONE', #802, .T. ) ;
#2279 = CARTESIAN_POINT ( 'NONE',  ( -0.03131769314916309915, 0.1267953897178470124, 0.003000000000000000062 ) ) ;
#2280 = AXIS2_PLACEMENT_3D ( 'NONE', #2268, #350, #1122 ) ;
#2281 = EDGE_CURVE ( 'NONE', #403, #1594, #2155, .T. ) ;
#2282 = CARTESIAN_POINT ( 'NONE',  ( 0.08443690734485209681, 0.07123628171287610389, 0.000000000000000000 ) ) ;
#2283 = CYLINDRICAL_SURFACE ( 'NONE', #2435, 0.001500000000000209499 ) ;
#2284 = CARTESIAN_POINT ( 'NONE',  ( 0.07349273433351169449, 0.08154923416753520615, -0.007000000000000000146 ) ) ;
#2285 = DIRECTION ( 'NONE',  ( 1.000000000000000000, 0.000000000000000000, 0.000000000000000000 ) ) ;
#2286 = EDGE_CURVE ( 'NONE', #1182, #1736, #59, .T. ) ;
#2287 = ORIENTED_EDGE ( 'NONE', *, *, #1446, .F. ) ;
#2288 = VERTEX_POINT ( 'NONE', #2182 ) ;
#2289 = FACE_OUTER_BOUND ( 'NONE', #931, .T. ) ;
#2290 = LINE ( 'NONE', #2132, #539 ) ;
#2291 = ADVANCED_FACE ( 'NONE', ( #418 ), #652, .F. ) ;
#2292 = FACE_OUTER_BOUND ( 'NONE', #87, .T. ) ;
#2293 = EDGE_LOOP ( 'NONE', ( #2396, #1195, #1231, #2105 ) ) ;
#2294 = DIRECTION ( 'NONE',  ( 0.000000000000000000, 0.000000000000000000, 1.000000000000000000 ) ) ;
#2295 = DIRECTION ( 'NONE',  ( 0.000000000000000000, 0.000000000000000000, 1.000000000000000000 ) ) ;
#2296 = CARTESIAN_POINT ( 'NONE',  ( 0.07799601534982270046, -0.01120461028215289853, -0.007000000000000000146 ) ) ;
#2297 = ORIENTED_EDGE ( 'NONE', *, *, #1505, .F. ) ;
#2298 = AXIS2_PLACEMENT_3D ( 'NONE', #923, #2446, #2050 ) ;
#2299 = ORIENTED_EDGE ( 'NONE', *, *, #1971, .F. ) ;
#2300 = AXIS2_PLACEMENT_3D ( 'NONE', #1175, #1948, #422 ) ;
#2301 = CARTESIAN_POINT ( 'NONE',  ( 0.000000000000000000, 0.000000000000000000, 0.000000000000000000 ) ) ;
#2302 = AXIS2_PLACEMENT_3D ( 'NONE', #266, #834, #1036 ) ;
#2303 = SURFACE_STYLE_FILL_AREA ( #1348 ) ;
#2304 = CIRCLE ( 'NONE', #1749, 0.001500000000000001332 ) ;
#2305 = EDGE_CURVE ( 'NONE', #1590, #1135, #1421, .T. ) ;
#2306 = ADVANCED_FACE ( 'NONE', ( #221 ), #2194, .F. ) ;
#2307 = DIRECTION ( 'NONE',  ( -0.7071067811866025288, -0.7071067811864926167, 0.000000000000000000 ) ) ;
#2308 = ORIENTED_EDGE ( 'NONE', *, *, #999, .F. ) ;
#2309 = DIRECTION ( 'NONE',  ( 0.000000000000000000, 0.000000000000000000, 1.000000000000000000 ) ) ;
#2310 = DIRECTION ( 'NONE',  ( 0.000000000000000000, 0.000000000000000000, 1.000000000000000000 ) ) ;
#2311 = CARTESIAN_POINT ( 'NONE',  ( 0.1286823068508400059, -0.03320461028215299787, 0.000000000000000000 ) ) ;
#2312 = EDGE_CURVE ( 'NONE', #2230, #1135, #819, .T. ) ;
#2313 = VERTEX_POINT ( 'NONE', #1042 ) ;
#2314 = ORIENTED_EDGE ( 'NONE', *, *, #401, .F. ) ;
#2315 = CIRCLE ( 'NONE', #1228, 0.001499999999999987454 ) ;
#2316 = CARTESIAN_POINT ( 'NONE',  ( 0.1147301353564351423, 0.09390387839522292002, -0.007000000000000000146 ) ) ;
#2317 = CARTESIAN_POINT ( 'NONE',  ( -0.03842618182684662959, 0.1128432182237521092, -0.007000000000000000146 ) ) ;
#2318 = ORIENTED_EDGE ( 'NONE', *, *, #2002, .F. ) ;
#2319 = CARTESIAN_POINT ( 'NONE',  ( -0.03303189070997419874, -0.06614672990430821298, 0.000000000000000000 ) ) ;
#2320 = DIRECTION ( 'NONE',  ( 1.000000000000000000, 0.000000000000000000, 0.000000000000000000 ) ) ;
#2321 = DIRECTION ( 'NONE',  ( 0.000000000000000000, 0.000000000000000000, 1.000000000000000000 ) ) ;
#2322 = CARTESIAN_POINT ( 'NONE',  ( -0.06425981277132240821, -0.03341880784295089835, 0.003000000000000000062 ) ) ;
#2323 = AXIS2_PLACEMENT_3D ( 'NONE', #2140, #1354, #754 ) ;
#2324 = VERTEX_POINT ( 'NONE', #1568 ) ;
#2325 = ORIENTED_EDGE ( 'NONE', *, *, #898, .F. ) ;
#2326 = CARTESIAN_POINT ( 'NONE',  ( -0.03003189070995640128, 0.1197375093400021989, 0.000000000000000000 ) ) ;
#2327 = ORIENTED_EDGE ( 'NONE', *, *, #365, .T. ) ;
#2328 = DIRECTION ( 'NONE',  ( 1.000000000000000000, 0.000000000000000000, 0.000000000000000000 ) ) ;
#2329 = ORIENTED_EDGE ( 'NONE', *, *, #1532, .F. ) ;
#2330 = LINE ( 'NONE', #1759, #574 ) ;
#2331 = CARTESIAN_POINT ( 'NONE',  ( 0.1286823068508392010, 0.05679538971784699880, 0.003000000000000000062 ) ) ;
#2332 = DIRECTION ( 'NONE',  ( -0.7071067811865615615, 0.7071067811865335839, 0.000000000000000000 ) ) ;
#2333 = B_SPLINE_CURVE_WITH_KNOTS ( 'NONE', 2,
 ( #2129, #1145, #2311 ),
 .UNSPECIFIED., .F., .F.,
 ( 3, 3 ),
 ( 0.000000000000000000, 1.000000000000000000 ),
 .UNSPECIFIED. ) ;
#2334 = EDGE_CURVE ( 'NONE', #2267, #237, #1591, .T. ) ;
#2335 = ORIENTED_EDGE ( 'NONE', *, *, #921, .F. ) ;
#2336 = ORIENTED_EDGE ( 'NONE', *, *, #2349, .T. ) ;
#2337 = CIRCLE ( 'NONE', #1254, 0.001500000000000001332 ) ;
#2338 = DIRECTION ( 'NONE',  ( 0.000000000000000000, 0.000000000000000000, 1.000000000000000000 ) ) ;
#2339 = VERTEX_POINT ( 'NONE', #32 ) ;
#2340 = AXIS2_PLACEMENT_3D ( 'NONE', #1073, #1429, #1623 ) ;
#2341 = VERTEX_POINT ( 'NONE', #2354 ) ;
#2342 = CARTESIAN_POINT ( 'NONE',  ( 0.08868230685083990095, -0.07320461028215301258, 0.003000000000000000062 ) ) ;
#2343 = EDGE_CURVE ( 'NONE', #2017, #1590, #804, .T. ) ;
#2344 = AXIS2_PLACEMENT_3D ( 'NONE', #1221, #1780, #1398 ) ;
#2345 = ORIENTED_EDGE ( 'NONE', *, *, #1895, .F. ) ;
#2346 = CARTESIAN_POINT ( 'NONE',  ( 0.08739650441164650840, 0.1197375093400112056, 0.003000000000000000062 ) ) ;
#2347 = CARTESIAN_POINT ( 'NONE',  ( 0.08739650441164650840, -0.06614672990431730293, 0.000000000000000000 ) ) ;
#2348 = CARTESIAN_POINT ( 'NONE',  ( -0.02707229364317199904, 0.07123628171287620103, 0.003000000000000000062 ) ) ;
#2349 = EDGE_CURVE ( 'NONE', #2489, #29, #1578, .T. ) ;
#2350 = VERTEX_POINT ( 'NONE', #2170 ) ;
#2351 = VERTEX_POINT ( 'NONE', #1018 ) ;
#2352 = PRODUCT_DEFINITION_SHAPE ( 'NONE', 'NONE',  #1433 ) ;
#2353 = AXIS2_PLACEMENT_3D ( 'NONE', #16, #1523, #400 ) ;
#2354 = CARTESIAN_POINT ( 'NONE',  ( -0.01612812063183160019, -0.02795845473184119939, 0.000000000000000000 ) ) ;
#2355 = ORIENTED_EDGE ( 'NONE', *, *, #1059, .F. ) ;
#2356 = ORIENTED_EDGE ( 'NONE', *, *, #683, .T. ) ;
#2357 = AXIS2_PLACEMENT_3D ( 'NONE', #2301, #1527, #1921 ) ;
#2358 = CARTESIAN_POINT ( 'NONE',  ( -0.03799844776576580263, -0.02322375458576559845, 0.000000000000000000 ) ) ;
#2359 = VERTEX_POINT ( 'NONE', #1792 ) ;
#2360 = DIRECTION ( 'NONE',  ( 0.000000000000000000, 0.000000000000000000, 1.000000000000000000 ) ) ;
#2361 = CARTESIAN_POINT ( 'NONE',  ( -0.03649844776576580130, 0.07681453402145960174, 0.000000000000000000 ) ) ;
#2362 = FACE_OUTER_BOUND ( 'NONE', #870, .T. ) ;
#2363 = EDGE_CURVE ( 'NONE', #742, #1002, #2304, .T. ) ;
#2364 = ORIENTED_EDGE ( 'NONE', *, *, #2490, .T. ) ;
#2365 = ORIENTED_EDGE ( 'NONE', *, *, #425, .T. ) ;
#2366 = EDGE_CURVE ( 'NONE', #726, #138, #1218, .T. ) ;
#2367 = EDGE_CURVE ( 'NONE', #1054, #1957, #2390, .T. ) ;
#2368 = CARTESIAN_POINT ( 'NONE',  ( -0.02092291545752384893, 0.06508690352722699968, 0.003000000000000000062 ) ) ;
#2369 = ORIENTED_EDGE ( 'NONE', *, *, #139, .F. ) ;
#2370 = DIRECTION ( 'NONE',  ( 0.000000000000000000, 0.000000000000000000, 1.000000000000000000 ) ) ;
#2371 = EDGE_CURVE ( 'NONE', #1220, #680, #665, .T. ) ;
#2372 = AXIS2_PLACEMENT_3D ( 'NONE', #1859, #2248, #284 ) ;
#2373 = VERTEX_POINT ( 'NONE', #122 ) ;
#2374 = LINE ( 'NONE', #881, #611 ) ;
#2375 = CYLINDRICAL_SURFACE ( 'NONE', #1131, 0.001499999999999668265 ) ;
#2376 = CARTESIAN_POINT ( 'NONE',  ( -0.07131769314854290165, 0.05679538971991189567, 0.003000000000000000062 ) ) ;
#2377 = ORIENTED_EDGE ( 'NONE', *, *, #1314, .T. ) ;
#2378 = CARTESIAN_POINT ( 'NONE',  ( 0.1286823068508390067, 0.08679538971784969692, 0.000000000000000000 ) ) ;
#2379 = EDGE_LOOP ( 'NONE', ( #1031, #1423 ) ) ;
#2380 = ORIENTED_EDGE ( 'NONE', *, *, #2212, .T. ) ;
#2381 = ORIENTED_EDGE ( 'NONE', *, *, #596, .T. ) ;
#2382 = ORIENTED_EDGE ( 'NONE', *, *, #2492, .F. ) ;
#2383 = CARTESIAN_POINT ( 'NONE',  ( 0.08889650441164670402, -0.06614672990431730293, 0.003000000000000000062 ) ) ;
#2384 = ORIENTED_EDGE ( 'NONE', *, *, #2079, .F. ) ;
#2385 = FACE_BOUND ( 'NONE', #790, .T. ) ;
#2386 = CARTESIAN_POINT ( 'NONE',  ( -0.07131769314915999136, 0.08679538971784700463, 0.000000000000000000 ) ) ;
#2387 = CARTESIAN_POINT ( 'NONE',  ( -0.06575981277133230440, 0.08700958727864489817, 0.003000000000000000062 ) ) ;
#2388 = EDGE_CURVE ( 'NONE', #2313, #2489, #2225, .T. ) ;
#2389 = AXIS2_PLACEMENT_3D ( 'NONE', #1451, #1261, #1882 ) ;
#2390 = CIRCLE ( 'NONE', #1300, 0.001499999999999668265 ) ;
#2391 = ORIENTED_EDGE ( 'NONE', *, *, #953, .T. ) ;
#2392 = EDGE_CURVE ( 'NONE', #320, #1044, #2127, .T. ) ;
#2393 = CARTESIAN_POINT ( 'NONE',  ( 0.09039650441164689965, 0.1197375093400112056, 0.003000000000000000062 ) ) ;
#2394 = ORIENTED_EDGE ( 'NONE', *, *, #2434, .T. ) ;
#2395 = VERTEX_POINT ( 'NONE', #2067 ) ;
#2396 = ORIENTED_EDGE ( 'NONE', *, *, #1476, .F. ) ;
#2397 = B_SPLINE_SURFACE_WITH_KNOTS ( 'NONE', 2, 1, ( 
 ( #722, #1114 ),
 ( #735, #525 ),
 ( #876, #2040 ) ),
 .UNSPECIFIED., .F., .F., .F.,
 ( 3, 3 ),
 ( 2, 2 ),
 ( 0.000000000000000000, 1.000000000000000000 ),
 ( 0.000000000000000000, 1.000000000000000000 ),
 .UNSPECIFIED. ) ;
#2398 = CARTESIAN_POINT ( 'NONE',  ( -0.02707229364317189843, -0.01764550227718204856, -0.007000000000000000146 ) ) ;
#2399 = PLANE ( 'NONE',  #2280 ) ;
#2400 = DIRECTION ( 'NONE',  ( -0.7071067811865200392, -0.7071067811865749952, 0.000000000000000000 ) ) ;
#2401 = CARTESIAN_POINT ( 'NONE',  ( 0.08889650441164670402, -0.06614672990431730293, 0.000000000000000000 ) ) ;
#2402 = VECTOR ( 'NONE', #116, 1.000000000000000000 ) ;
#2403 = CARTESIAN_POINT ( 'NONE',  ( 0.1162421808453889954, -0.01820461028215424742, 0.003000000000000000062 ) ) ;
#2404 = ORIENTED_EDGE ( 'NONE', *, *, #1482, .F. ) ;
#2405 = APPLICATION_CONTEXT ( 'automotive_design' ) ;
#2406 = ORIENTED_EDGE ( 'NONE', *, *, #1686, .F. ) ;
#2407 = CARTESIAN_POINT ( 'NONE',  ( -0.01612812063183160019, -0.02795845473184119939, -0.007000000000000000146 ) ) ;
#2408 = FACE_OUTER_BOUND ( 'NONE', #176, .T. ) ;
#2409 = DIRECTION ( 'NONE',  ( 1.000000000000000000, 0.000000000000000000, 0.000000000000000000 ) ) ;
#2410 = CYLINDRICAL_SURFACE ( 'NONE', #385, 0.001500000000000209499 ) ;
#2411 = FACE_OUTER_BOUND ( 'NONE', #359, .T. ) ;
#2412 = EDGE_CURVE ( 'NONE', #113, #1182, #1474, .T. ) ;
#2413 = EDGE_CURVE ( 'NONE', #2171, #1105, #517, .T. ) ;
#2414 =( NAMED_UNIT ( * ) PLANE_ANGLE_UNIT ( ) SI_UNIT ( $, .RADIAN. ) );
#2415 = VERTEX_POINT ( 'NONE', #1294 ) ;
#2416 = LINE ( 'NONE', #1274, #915 ) ;
#2417 = CARTESIAN_POINT ( 'NONE',  ( -0.05887756714186569845, -0.01820461028215434804, 0.003000000000000000062 ) ) ;
#2418 = FACE_BOUND ( 'NONE', #1171, .T. ) ;
#2419 = CARTESIAN_POINT ( 'NONE',  ( 0.1147301353561258758, -0.04031309895984048347, 0.003000000000000000062 ) ) ;
#2420 = ADVANCED_FACE ( 'NONE', ( #1245 ), #670, .F. ) ;
#2421 = CARTESIAN_POINT ( 'NONE',  ( -0.03842618182684662959, 0.1128432182237521092, 0.000000000000000000 ) ) ;
#2422 = AXIS2_PLACEMENT_3D ( 'NONE', #1872, #534, #2257 ) ;
#2423 = VECTOR ( 'NONE', #1767, 1.000000000000000000 ) ;
#2424 = PLANE ( 'NONE',  #1126 ) ;
#2425 = DIRECTION ( 'NONE',  ( 1.000000000000000000, 0.000000000000000000, 0.000000000000000000 ) ) ;
#2426 = EDGE_LOOP ( 'NONE', ( #646, #2034, #1996, #278 ) ) ;
#2427 = AXIS2_PLACEMENT_3D ( 'NONE', #2075, #194, #1903 ) ;
#2428 = ORIENTED_EDGE ( 'NONE', *, *, #602, .F. ) ;
#2429 = CARTESIAN_POINT ( 'NONE',  ( -0.05886552165506629686, 0.09390387839553272775, -0.007000000000000000146 ) ) ;
#2430 = CARTESIAN_POINT ( 'NONE',  ( -0.02092291545752369974, -0.01149612409153292006, -0.007000000000000000146 ) ) ;
#2431 = DIRECTION ( 'NONE',  ( 1.000000000000000000, 0.000000000000000000, 0.000000000000000000 ) ) ;
#2432 = CARTESIAN_POINT ( 'NONE',  ( -0.06275981277131249814, 0.08700958727864489817, 0.003000000000000000062 ) ) ;
#2433 = B_SPLINE_CURVE_WITH_KNOTS ( 'NONE', 2,
 ( #798, #1574, #2331 ),
 .UNSPECIFIED., .F., .F.,
 ( 3, 3 ),
 ( 0.000000000000000000, 1.000000000000000000 ),
 .UNSPECIFIED. ) ;
#2434 = EDGE_CURVE ( 'NONE', #1553, #1021, #2242, .T. ) ;
#2435 = AXIS2_PLACEMENT_3D ( 'NONE', #1732, #938, #1326 ) ;
#2436 = ORIENTED_EDGE ( 'NONE', *, *, #1288, .F. ) ;
#2437 = DIRECTION ( 'NONE',  ( 0.000000000000000000, 0.000000000000000000, 1.000000000000000000 ) ) ;
#2438 = CARTESIAN_POINT ( 'NONE',  ( -0.03649844776576580130, 0.07681453402145960174, 0.003000000000000000062 ) ) ;
#2439 = ORIENTED_EDGE ( 'NONE', *, *, #229, .F. ) ;
#2440 = VECTOR ( 'NONE', #297, 1.000000000000000000 ) ;
#2441 = ADVANCED_FACE ( 'NONE', ( #1489 ), #335, .F. ) ;
#2442 = DIRECTION ( 'NONE',  ( 0.000000000000000000, 0.000000000000000000, 1.000000000000000000 ) ) ;
#2443 = DIRECTION ( 'NONE',  ( 0.000000000000000000, -1.000000000000000000, 0.000000000000000000 ) ) ;
#2444 = CARTESIAN_POINT ( 'NONE',  ( 0.1231244264730036037, -0.03341880784296014789, 0.000000000000000000 ) ) ;
#2445 = EDGE_CURVE ( 'NONE', #1617, #691, #68, .T. ) ;
#2446 = DIRECTION ( 'NONE',  ( -0.000000000000000000, -0.000000000000000000, 1.000000000000000000 ) ) ;
#2447 = CARTESIAN_POINT ( 'NONE',  ( 0.1286823068508390067, 0.08679538971784969692, 0.003000000000000000062 ) ) ;
#2448 = CARTESIAN_POINT ( 'NONE',  ( -0.03649844776576580130, 0.07681453402145960174, 0.000000000000000000 ) ) ;
#2449 = VECTOR ( 'NONE', #1132, 1.000000000000000000 ) ;
#2450 = ORIENTED_EDGE ( 'NONE', *, *, #1367, .T. ) ;
#2451 = PLANE ( 'NONE',  #2487 ) ;
#2452 = ORIENTED_EDGE ( 'NONE', *, *, #1679, .F. ) ;
#2453 = DIRECTION ( 'NONE',  ( 0.000000000000000000, 0.000000000000000000, 1.000000000000000000 ) ) ;
#2454 = DIRECTION ( 'NONE',  ( -1.000000000000000000, 0.000000000000000000, 0.000000000000000000 ) ) ;
#2455 = CARTESIAN_POINT ( 'NONE',  ( -0.05736552165506630246, 0.09390387839553272775, 0.003000000000000000062 ) ) ;
#2456 = DIRECTION ( 'NONE',  ( -0.7071067811865665576, 0.7071067811865285879, 0.000000000000000000 ) ) ;
#2457 = CARTESIAN_POINT ( 'NONE',  ( 0.1162421808453889954, -0.01820461028215424742, 0.000000000000000000 ) ) ;
#2458 = DIRECTION ( 'NONE',  ( -1.000000000000000000, 0.000000000000000000, 0.000000000000000000 ) ) ;
#2459 = DIRECTION ( 'NONE',  ( 1.000000000000000000, 0.000000000000000000, 0.000000000000000000 ) ) ;
#2460 = EDGE_CURVE ( 'NONE', #1592, #2359, #1763, .T. ) ;
#2461 = CIRCLE ( 'NONE', #2185, 0.001500000000000209499 ) ;
#2462 = CIRCLE ( 'NONE', #1702, 0.001499999999999987454 ) ;
#2463 = ORIENTED_EDGE ( 'NONE', *, *, #31, .T. ) ;
#2464 = LINE ( 'NONE', #1319, #524 ) ;
#2465 = STYLED_ITEM ( 'NONE', ( #2481 ), #2156 ) ;
#2466 = ORIENTED_EDGE ( 'NONE', *, *, #107, .T. ) ;
#2467 = ORIENTED_EDGE ( 'NONE', *, *, #107, .F. ) ;
#2468 = FACE_OUTER_BOUND ( 'NONE', #1330, .T. ) ;
#2469 = EDGE_CURVE ( 'NONE', #2195, #1619, #792, .T. ) ;
#2470 = DIRECTION ( 'NONE',  ( 0.000000000000000000, 0.000000000000000000, 1.000000000000000000 ) ) ;
#2471 = CARTESIAN_POINT ( 'NONE',  ( 0.1286823068508392010, -0.003204610282153005051, 0.003000000000000000062 ) ) ;
#2472 = CARTESIAN_POINT ( 'NONE',  ( 0.09429079552790635421, -0.05925243878806000369, -0.007000000000000000146 ) ) ;
#2473 = DIRECTION ( 'NONE',  ( 1.000000000000000000, 0.000000000000000000, 0.000000000000000000 ) ) ;
#2474 = CARTESIAN_POINT ( 'NONE',  ( -0.07131769314854290165, 0.05679538971991189567, 0.000000000000000000 ) ) ;
#2475 = CIRCLE ( 'NONE', #623, 0.001499999999999994393 ) ;
#2476 = CIRCLE ( 'NONE', #750, 0.001500000000000008271 ) ;
#2477 = DIRECTION ( 'NONE',  ( 0.000000000000000000, 0.000000000000000000, 1.000000000000000000 ) ) ;
#2478 = ORIENTED_EDGE ( 'NONE', *, *, #2343, .T. ) ;
#2479 = VERTEX_POINT ( 'NONE', #2393 ) ;
#2480 = DIRECTION ( 'NONE',  ( 0.000000000000000000, 0.000000000000000000, 1.000000000000000000 ) ) ;
#2481 = PRESENTATION_STYLE_ASSIGNMENT (( #405 ) ) ;
#2482 = LINE ( 'NONE', #1730, #1213 ) ;
#2483 = ORIENTED_EDGE ( 'NONE', *, *, #2003, .T. ) ;
#2484 = DIRECTION ( 'NONE',  ( 0.7277831951690647561, 0.6858072767399797653, 0.000000000000000000 ) ) ;
#2485 = CARTESIAN_POINT ( 'NONE',  ( -0.01612812063183170080, 0.08154923416753530330, 0.003000000000000000062 ) ) ;
#2486 = CYLINDRICAL_SURFACE ( 'NONE', #1268, 0.001499999999999987454 ) ;
#2487 = AXIS2_PLACEMENT_3D ( 'NONE', #542, #121, #2228 ) ;
#2488 = ORIENTED_EDGE ( 'NONE', *, *, #108, .F. ) ;
#2489 = VERTEX_POINT ( 'NONE', #1843 ) ;
#2490 = EDGE_CURVE ( 'NONE', #1807, #260, #2018, .T. ) ;
#2491 = CARTESIAN_POINT ( 'NONE',  ( 0.1147301353561258758, -0.04031309895984048347, 0.000000000000000000 ) ) ;
#2492 = EDGE_CURVE ( 'NONE', #2494, #187, #1854, .T. ) ;
#2493 = DIRECTION ( 'NONE',  ( 1.000000000000000000, 0.000000000000000000, 0.000000000000000000 ) ) ;
#2494 = VERTEX_POINT ( 'NONE', #1281 ) ;
#2495 = DIRECTION ( 'NONE',  ( 0.7071067811865330288, 0.7071067811865620056, 0.000000000000000000 ) ) ;
ENDSEC;
END-ISO-10303-21;
