ISO-10303-21;
HEADER;
FILE_DESCRIPTION (( 'STEP AP214' ),
    '1' );
FILE_NAME ('enigma cf plate top.STEP',
    '2025-06-20T17:24:38',
    ( '' ),
    ( '' ),
    'SwSTEP 2.0',
    'SolidWorks 2023',
    '' );
FILE_SCHEMA (( 'AUTOMOTIVE_DESIGN' ));
ENDSEC;

DATA;
#1 = ADVANCED_FACE ( 'NONE', ( #1152 ), #1331, .F. ) ;
#2 = DIRECTION ( 'NONE',  ( 0.000000000000000000, 0.000000000000000000, 1.000000000000000000 ) ) ;
#3 = AXIS2_PLACEMENT_3D ( 'NONE', #2656, #1894, #930 ) ;
#4 = DIRECTION ( 'NONE',  ( 0.000000000000000000, 0.000000000000000000, 1.000000000000000000 ) ) ;
#5 = ORIENTED_EDGE ( 'NONE', *, *, #2140, .F. ) ;
#6 = ORIENTED_EDGE ( 'NONE', *, *, #1720, .T. ) ;
#7 = EDGE_LOOP ( 'NONE', ( #1075, #1848, #2691, #3130 ) ) ;
#8 = CARTESIAN_POINT ( 'NONE',  ( 0.01775690343923109690, 0.02679538971784725318, -0.007000000000000000146 ) ) ;
#9 = CARTESIAN_POINT ( 'NONE',  ( -0.03131769314916309915, 0.1267953897178470124, 0.000000000000000000 ) ) ;
#10 = EDGE_CURVE ( 'NONE', #2692, #1199, #3128, .T. ) ;
#11 = DIRECTION ( 'NONE',  ( 1.000000000000000000, 0.000000000000000000, 0.000000000000000000 ) ) ;
#12 = CARTESIAN_POINT ( 'NONE',  ( -0.03153189070996530174, 0.1197375093400021989, 0.000000000000000000 ) ) ;
#13 = DIRECTION ( 'NONE',  ( 0.000000000000000000, 0.000000000000000000, 1.000000000000000000 ) ) ;
#14 = CYLINDRICAL_SURFACE ( 'NONE', #927, 0.001499999999999980516 ) ;
#15 = ORIENTED_EDGE ( 'NONE', *, *, #1401, .T. ) ;
#16 = B_SPLINE_SURFACE_WITH_KNOTS ( 'NONE', 2, 1, ( 
 ( #423, #2642 ),
 ( #490, #715 ),
 ( #2451, #1475 ) ),
 .UNSPECIFIED., .F., .F., .F.,
 ( 3, 3 ),
 ( 2, 2 ),
 ( 0.000000000000000000, 1.000000000000000000 ),
 ( 0.000000000000000000, 1.000000000000000000 ),
 .UNSPECIFIED. ) ;
#17 = CARTESIAN_POINT ( 'NONE',  ( -0.03649844776576580130, 0.07681453402145960174, 0.003000000000000000062 ) ) ;
#18 = VECTOR ( 'NONE', #2540, 1.000000000000000000 ) ;
#19 = FACE_OUTER_BOUND ( 'NONE', #641, .T. ) ;
#20 = EDGE_CURVE ( 'NONE', #1494, #278, #2579, .T. ) ;
#21 = ORIENTED_EDGE ( 'NONE', *, *, #2169, .F. ) ;
#22 = ORIENTED_EDGE ( 'NONE', *, *, #1568, .F. ) ;
#23 = ORIENTED_EDGE ( 'NONE', *, *, #3127, .F. ) ;
#24 = CARTESIAN_POINT ( 'NONE',  ( 0.07204167840014739921, 0.01758506569593540000, 0.003000000000000000062 ) ) ;
#25 = CIRCLE ( 'NONE', #436, 0.001500000000000001332 ) ;
#26 = PRODUCT_CONTEXT ( 'NONE', #1091, 'mechanical' ) ;
#27 = FACE_BOUND ( 'NONE', #1795, .T. ) ;
#28 = AXIS2_PLACEMENT_3D ( 'NONE', #234, #1500, #11 ) ;
#29 = CARTESIAN_POINT ( 'NONE',  ( 0.03023230685083995103, -0.04427140718650034862, 0.000000000000000000 ) ) ;
#30 = CYLINDRICAL_SURFACE ( 'NONE', #40, 0.001500000000000001332 ) ;
#31 = CARTESIAN_POINT ( 'NONE',  ( 0.04001809026242365147, 0.04932525924836660136, 0.000000000000000000 ) ) ;
#32 = ORIENTED_EDGE ( 'NONE', *, *, #36, .T. ) ;
#33 = DIRECTION ( 'NONE',  ( 1.000000000000000000, 0.000000000000000000, 0.000000000000000000 ) ) ;
#34 = CYLINDRICAL_SURFACE ( 'NONE', #2024, 0.001500000000000209499 ) ;
#35 = ORIENTED_EDGE ( 'NONE', *, *, #1502, .F. ) ;
#36 = EDGE_CURVE ( 'NONE', #1064, #2727, #1890, .T. ) ;
#37 = VERTEX_POINT ( 'NONE', #1863 ) ;
#38 = ORIENTED_EDGE ( 'NONE', *, *, #371, .F. ) ;
#39 = DIRECTION ( 'NONE',  ( 0.000000000000000000, 0.000000000000000000, 1.000000000000000000 ) ) ;
#40 = AXIS2_PLACEMENT_3D ( 'NONE', #1971, #268, #2739 ) ;
#41 = EDGE_CURVE ( 'NONE', #2445, #672, #2008, .T. ) ;
#42 = ADVANCED_FACE ( 'NONE', ( #1219 ), #2244, .F. ) ;
#43 = B_SPLINE_SURFACE_WITH_KNOTS ( 'NONE', 2, 1, ( 
 ( #3181, #1616 ),
 ( #3165, #704 ),
 ( #741, #1671 ) ),
 .UNSPECIFIED., .F., .F., .F.,
 ( 3, 3 ),
 ( 2, 2 ),
 ( 0.000000000000000000, 1.000000000000000000 ),
 ( 0.000000000000000000, 1.000000000000000000 ),
 .UNSPECIFIED. ) ;
#44 = AXIS2_PLACEMENT_3D ( 'NONE', #1060, #2541, #323 ) ;
#45 = CARTESIAN_POINT ( 'NONE',  ( 0.09236306146744580059, 0.07681453402145960174, 0.003000000000000000062 ) ) ;
#46 = EDGE_CURVE ( 'NONE', #2643, #1461, #2420, .T. ) ;
#47 = VECTOR ( 'NONE', #2818, 1.000000000000000000 ) ;
#48 = CARTESIAN_POINT ( 'NONE',  ( -0.03003189070995644985, -0.06614672990430821298, 0.000000000000000000 ) ) ;
#49 = CARTESIAN_POINT ( 'NONE',  ( -0.03841911075872424947, 0.1128502892912543326, 0.003000000000000000062 ) ) ;
#50 = DIRECTION ( 'NONE',  ( 0.000000000000000000, 0.000000000000000000, 1.000000000000000000 ) ) ;
#51 = EDGE_LOOP ( 'NONE', ( #180, #626, #2294, #2988 ) ) ;
#52 = DIRECTION ( 'NONE',  ( -1.000000000000000000, 0.000000000000000000, 0.000000000000000000 ) ) ;
#53 = AXIS2_PLACEMENT_3D ( 'NONE', #1147, #636, #1403 ) ;
#54 = CARTESIAN_POINT ( 'NONE',  ( 0.02214180522488129813, 0.02214180522487494904, 0.000000000000000000 ) ) ;
#55 = EDGE_CURVE ( 'NONE', #1777, #150, #2900, .T. ) ;
#56 = ORIENTED_EDGE ( 'NONE', *, *, #520, .T. ) ;
#57 = VERTEX_POINT ( 'NONE', #2398 ) ;
#58 = ORIENTED_EDGE ( 'NONE', *, *, #318, .T. ) ;
#59 = DIRECTION ( 'NONE',  ( 0.000000000000000000, 0.000000000000000000, 1.000000000000000000 ) ) ;
#60 = CIRCLE ( 'NONE', #3058, 0.001500000000000001332 ) ;
#61 = DIRECTION ( 'NONE',  ( -0.9296448682106137618, -0.3684568075224974315, 0.000000000000000000 ) ) ;
#62 = CIRCLE ( 'NONE', #2905, 0.001549999999999999295 ) ;
#63 = DIRECTION ( 'NONE',  ( 0.000000000000000000, 0.000000000000000000, -1.000000000000000000 ) ) ;
#64 = DIRECTION ( 'NONE',  ( -1.000000000000000000, 0.000000000000000000, 0.000000000000000000 ) ) ;
#65 = LINE ( 'NONE', #3016, #2892 ) ;
#66 = ORIENTED_EDGE ( 'NONE', *, *, #1884, .F. ) ;
#67 = LINE ( 'NONE', #1086, #2503 ) ;
#68 = DIRECTION ( 'NONE',  ( 0.000000000000000000, 0.000000000000000000, 1.000000000000000000 ) ) ;
#69 = CARTESIAN_POINT ( 'NONE',  ( 0.09578372446040196719, 0.1128502892912553457, 0.003000000000000000062 ) ) ;
#70 = EDGE_LOOP ( 'NONE', ( #123, #991, #56, #1394 ) ) ;
#71 = VERTEX_POINT ( 'NONE', #1667 ) ;
#72 = EDGE_CURVE ( 'NONE', #2919, #1030, #454, .T. ) ;
#73 = ORIENTED_EDGE ( 'NONE', *, *, #1025, .F. ) ;
#74 = DIRECTION ( 'NONE',  ( 0.000000000000000000, 0.000000000000000000, 1.000000000000000000 ) ) ;
#75 = APPLICATION_PROTOCOL_DEFINITION ( 'draft international standard', 'automotive_design', 1998, #1091 ) ;
#76 = CARTESIAN_POINT ( 'NONE',  ( 0.02868230685083845294, 0.1056441160022151965, 0.000000000000000000 ) ) ;
#77 = EDGE_CURVE ( 'NONE', #1016, #1367, #978, .T. ) ;
#78 = CARTESIAN_POINT ( 'NONE',  ( 0.02868230685083995174, -0.04427140718650034862, 0.000000000000000000 ) ) ;
#79 = DIRECTION ( 'NONE',  ( 0.000000000000000000, 0.000000000000000000, -1.000000000000000000 ) ) ;
#80 = LINE ( 'NONE', #596, #877 ) ;
#81 = FACE_OUTER_BOUND ( 'NONE', #1317, .T. ) ;
#82 = CYLINDRICAL_SURFACE ( 'NONE', #833, 0.001549999999999999295 ) ;
#83 = CARTESIAN_POINT ( 'NONE',  ( -0.005014432881859459679, -0.01616453615407429864, -0.007000000000000000146 ) ) ;
#84 = ADVANCED_FACE ( 'NONE', ( #2967 ), #16, .F. ) ;
#85 = VERTEX_POINT ( 'NONE', #1167 ) ;
#86 = VERTEX_POINT ( 'NONE', #2414 ) ;
#87 = ORIENTED_EDGE ( 'NONE', *, *, #660, .F. ) ;
#88 = DIRECTION ( 'NONE',  ( 0.000000000000000000, 0.000000000000000000, 1.000000000000000000 ) ) ;
#89 = FACE_BOUND ( 'NONE', #882, .T. ) ;
#90 = LINE ( 'NONE', #120, #805 ) ;
#91 = CARTESIAN_POINT ( 'NONE',  ( -0.03991911075872424386, 0.1128502892912543326, 0.003000000000000000062 ) ) ;
#92 = CARTESIAN_POINT ( 'NONE',  ( -0.05737259272256873405, 0.09389680732740945945, 0.000000000000000000 ) ) ;
#93 = VECTOR ( 'NONE', #2717, 1.000000000000000000 ) ;
#94 = AXIS2_PLACEMENT_3D ( 'NONE', #2202, #269, #1010 ) ;
#95 = CARTESIAN_POINT ( 'NONE',  ( 0.007144318368152009942, 0.05952746431835009844, 0.003000000000000000062 ) ) ;
#96 = DIRECTION ( 'NONE',  ( 0.6858072767470481113, 0.7277831951624040840, 0.000000000000000000 ) ) ;
#97 = ORIENTED_EDGE ( 'NONE', *, *, #794, .F. ) ;
#98 = ORIENTED_EDGE ( 'NONE', *, *, #2730, .F. ) ;
#99 = ORIENTED_EDGE ( 'NONE', *, *, #2983, .T. ) ;
#100 = DIRECTION ( 'NONE',  ( -0.000000000000000000, -0.000000000000000000, 1.000000000000000000 ) ) ;
#101 = DIRECTION ( 'NONE',  ( -1.000000000000000000, 0.000000000000000000, 0.000000000000000000 ) ) ;
#102 = ORIENTED_EDGE ( 'NONE', *, *, #1532, .F. ) ;
#103 = VECTOR ( 'NONE', #2127, 1.000000000000000000 ) ;
#104 = ADVANCED_FACE ( 'NONE', ( #1907 ), #1700, .F. ) ;
#105 = CARTESIAN_POINT ( 'NONE',  ( 0.1286823068508392010, 0.05679538971784699880, 0.000000000000000000 ) ) ;
#106 = DIRECTION ( 'NONE',  ( 1.000000000000000000, 0.000000000000000000, 0.000000000000000000 ) ) ;
#107 = CARTESIAN_POINT ( 'NONE',  ( -0.05737259272256873405, 0.09389680732740945945, -0.007000000000000000146 ) ) ;
#108 = DIRECTION ( 'NONE',  ( 0.000000000000000000, 0.000000000000000000, 1.000000000000000000 ) ) ;
#109 = CIRCLE ( 'NONE', #370, 0.001499999999999987454 ) ;
#110 = DIRECTION ( 'NONE',  ( 0.000000000000000000, 0.000000000000000000, 1.000000000000000000 ) ) ;
#111 = CARTESIAN_POINT ( 'NONE',  ( -0.07131769314915999136, 0.08679538971784700463, 0.003000000000000000062 ) ) ;
#112 = DIRECTION ( 'NONE',  ( 0.000000000000000000, 0.000000000000000000, 1.000000000000000000 ) ) ;
#114 = ORIENTED_EDGE ( 'NONE', *, *, #2335, .F. ) ;
#113 = EDGE_CURVE ( 'NONE', #225, #2885, #2901, .T. ) ;
#115 = CARTESIAN_POINT ( 'NONE',  ( -0.03131769314916309915, -0.07320461028215301258, 0.003000000000000000062 ) ) ;
#116 = FACE_BOUND ( 'NONE', #2276, .T. ) ;
#117 = ORIENTED_EDGE ( 'NONE', *, *, #1523, .T. ) ;
#118 = CIRCLE ( 'NONE', #693, 0.001500000000000001332 ) ;
#119 = CARTESIAN_POINT ( 'NONE',  ( 0.06793589045810910498, -0.01092819105816529926, -0.007000000000000000146 ) ) ;
#120 = CARTESIAN_POINT ( 'NONE',  ( 0.09428372446040197974, 0.1128502892912553457, -0.007000000000000000146 ) ) ;
#121 = CARTESIAN_POINT ( 'NONE',  ( 0.04001809026242365147, 0.04932525924836660136, -0.007000000000000000146 ) ) ;
#122 = CARTESIAN_POINT ( 'NONE',  ( 0.03023230685083995103, 0.09786218662219439701, 0.000000000000000000 ) ) ;
#123 = ORIENTED_EDGE ( 'NONE', *, *, #2672, .F. ) ;
#124 = VECTOR ( 'NONE', #1258, 1.000000000000000000 ) ;
#125 = LINE ( 'NONE', #639, #1245 ) ;
#126 = CARTESIAN_POINT ( 'NONE',  ( 0.1132372064242470333, 0.09389680732741106928, 0.003000000000000000062 ) ) ;
#127 = EDGE_LOOP ( 'NONE', ( #1144, #1457 ) ) ;
#128 = ORIENTED_EDGE ( 'NONE', *, *, #856, .F. ) ;
#129 = DIRECTION ( 'NONE',  ( -0.6850679605411109652, -0.7284791619806588736, 0.000000000000000000 ) ) ;
#130 = FACE_BOUND ( 'NONE', #3098, .T. ) ;
#131 = EDGE_CURVE ( 'NONE', #945, #1735, #1179, .T. ) ;
#132 = ORIENTED_EDGE ( 'NONE', *, *, #827, .T. ) ;
#133 = EDGE_LOOP ( 'NONE', ( #2262, #1380 ) ) ;
#134 = EDGE_CURVE ( 'NONE', #2945, #460, #2154, .T. ) ;
#135 = EDGE_CURVE ( 'NONE', #150, #2971, #2689, .T. ) ;
#136 = DIRECTION ( 'NONE',  ( -1.000000000000000000, 0.000000000000000000, 0.000000000000000000 ) ) ;
#137 = VECTOR ( 'NONE', #188, 1.000000000000000000 ) ;
#138 = CARTESIAN_POINT ( 'NONE',  ( 0.02868230685083845294, 0.1056441160022151965, 0.003000000000000000062 ) ) ;
#139 = VERTEX_POINT ( 'NONE', #3175 ) ;
#140 = CARTESIAN_POINT ( 'NONE',  ( -0.03717465048360055202, 0.03944998372768720313, 0.000000000000000000 ) ) ;
#141 = LINE ( 'NONE', #2507, #1027 ) ;
#142 = CIRCLE ( 'NONE', #2838, 0.001499999999999994393 ) ;
#143 = ORIENTED_EDGE ( 'NONE', *, *, #2062, .F. ) ;
#144 = ORIENTED_EDGE ( 'NONE', *, *, #244, .F. ) ;
#145 = DIRECTION ( 'NONE',  ( -1.000000000000000000, 0.000000000000000000, 0.000000000000000000 ) ) ;
#146 = EDGE_CURVE ( 'NONE', #1925, #672, #734, .T. ) ;
#147 = CARTESIAN_POINT ( 'NONE',  ( -0.03991911075872323772, -0.05925950985556238670, 0.003000000000000000062 ) ) ;
#148 = AXIS2_PLACEMENT_3D ( 'NONE', #410, #1640, #2629 ) ;
#149 = ORIENTED_EDGE ( 'NONE', *, *, #355, .T. ) ;
#150 = VERTEX_POINT ( 'NONE', #2173 ) ;
#151 = VECTOR ( 'NONE', #2318, 1.000000000000000000 ) ;
#152 = VECTOR ( 'NONE', #425, 1.000000000000000000 ) ;
#153 = EDGE_CURVE ( 'NONE', #225, #2015, #1746, .T. ) ;
#154 = CARTESIAN_POINT ( 'NONE',  ( -0.05887756714186569845, -0.01820461028215434804, 0.003000000000000000062 ) ) ;
#155 = LINE ( 'NONE', #122, #1190 ) ;
#156 = ORIENTED_EDGE ( 'NONE', *, *, #654, .F. ) ;
#157 = CARTESIAN_POINT ( 'NONE',  ( 0.09236306146744580059, 0.07681453402145960174, 0.000000000000000000 ) ) ;
#158 = CARTESIAN_POINT ( 'NONE',  ( -0.05887259272256871456, 0.09389680732740945945, -0.007000000000000000146 ) ) ;
#159 = ORIENTED_EDGE ( 'NONE', *, *, #2663, .F. ) ;
#160 = VECTOR ( 'NONE', #2284, 1.000000000000000000 ) ;
#161 = ORIENTED_EDGE ( 'NONE', *, *, #727, .F. ) ;
#162 = CARTESIAN_POINT ( 'NONE',  ( -0.06575981277133230440, -0.03341880784295089835, 0.000000000000000000 ) ) ;
#163 = DIRECTION ( 'NONE',  ( 0.000000000000000000, 0.000000000000000000, 1.000000000000000000 ) ) ;
#164 = ORIENTED_EDGE ( 'NONE', *, *, #1306, .F. ) ;
#165 = ADVANCED_FACE ( 'NONE', ( #3160 ), #2432, .F. ) ;
#166 = ORIENTED_EDGE ( 'NONE', *, *, #2001, .T. ) ;
#167 = CARTESIAN_POINT ( 'NONE',  ( 0.007144318368152019483, -0.005936684882655959838, 0.000000000000000000 ) ) ;
#168 = CARTESIAN_POINT ( 'NONE',  ( 0.007144318368152009942, -0.005936684882655959838, 0.003000000000000000062 ) ) ;
#169 = ORIENTED_EDGE ( 'NONE', *, *, #2800, .F. ) ;
#170 = EDGE_CURVE ( 'NONE', #2677, #798, #2162, .T. ) ;
#171 = DIRECTION ( 'NONE',  ( 1.000000000000000000, 0.000000000000000000, 0.000000000000000000 ) ) ;
#172 = CYLINDRICAL_SURFACE ( 'NONE', #2417, 0.01092540341160727971 ) ;
#173 = VERTEX_POINT ( 'NONE', #273 ) ;
#174 = EDGE_CURVE ( 'NONE', #71, #1011, #2578, .T. ) ;
#175 = CARTESIAN_POINT ( 'NONE',  ( -0.06425981277132240821, -0.03341880784295089835, 0.003000000000000000062 ) ) ;
#176 = ADVANCED_FACE ( 'NONE', ( #1266 ), #2742, .F. ) ;
#177 = ORIENTED_EDGE ( 'NONE', *, *, #1995, .T. ) ;
#178 = LINE ( 'NONE', #2644, #1807 ) ;
#179 = VECTOR ( 'NONE', #1632, 1.000000000000000000 ) ;
#180 = ORIENTED_EDGE ( 'NONE', *, *, #2272, .T. ) ;
#181 = ORIENTED_EDGE ( 'NONE', *, *, #2441, .F. ) ;
#182 = CARTESIAN_POINT ( 'NONE',  ( 0.08183563974633691063, 0.02679538971784705195, 0.003000000000000000062 ) ) ;
#183 = CIRCLE ( 'NONE', #2101, 0.001500000000000001332 ) ;
#184 = DIRECTION ( 'NONE',  ( 0.000000000000000000, 0.000000000000000000, 1.000000000000000000 ) ) ;
#185 = FACE_OUTER_BOUND ( 'NONE', #2845, .T. ) ;
#186 = ORIENTED_EDGE ( 'NONE', *, *, #1817, .T. ) ;
#187 = CARTESIAN_POINT ( 'NONE',  ( -0.05587259272256875353, 0.09389680732740945945, 0.000000000000000000 ) ) ;
#188 = DIRECTION ( 'NONE',  ( 0.000000000000000000, 0.000000000000000000, 1.000000000000000000 ) ) ;
#189 = ORIENTED_EDGE ( 'NONE', *, *, #3105, .F. ) ;
#190 = CARTESIAN_POINT ( 'NONE',  ( -0.05887756714186569845, -0.01820461028215434804, 0.000000000000000000 ) ) ;
#191 = EDGE_CURVE ( 'NONE', #2084, #1869, #1026, .T. ) ;
#192 = DIRECTION ( 'NONE',  ( 0.000000000000000000, 0.000000000000000000, -1.000000000000000000 ) ) ;
#193 = VECTOR ( 'NONE', #2222, 1.000000000000000000 ) ;
#194 = AXIS2_PLACEMENT_3D ( 'NONE', #1103, #2314, #2027 ) ;
#195 = VECTOR ( 'NONE', #1664, 1.000000000000000000 ) ;
#196 = VERTEX_POINT ( 'NONE', #3003 ) ;
#197 = ORIENTED_EDGE ( 'NONE', *, *, #2672, .T. ) ;
#198 = CIRCLE ( 'NONE', #148, 0.001599999999999997258 ) ;
#199 = PLANE ( 'NONE',  #2975 ) ;
#200 = VECTOR ( 'NONE', #400, 1.000000000000000000 ) ;
#201 = B_SPLINE_CURVE_WITH_KNOTS ( 'NONE', 2,
 ( #254, #1952, #3205 ),
 .UNSPECIFIED., .F., .F.,
 ( 3, 3 ),
 ( 0.000000000000000000, 1.000000000000000000 ),
 .UNSPECIFIED. ) ;
#202 = CARTESIAN_POINT ( 'NONE',  ( -0.03649844776576580130, 0.07681453402145960174, 0.000000000000000000 ) ) ;
#203 = CARTESIAN_POINT ( 'NONE',  ( 0.1231244264730036037, -0.03341880784296014789, 0.000000000000000000 ) ) ;
#204 = ORIENTED_EDGE ( 'NONE', *, *, #3078, .T. ) ;
#205 = EDGE_CURVE ( 'NONE', #2015, #964, #2139, .T. ) ;
#206 = CARTESIAN_POINT ( 'NONE',  ( 0.1201244264730041977, 0.08700958727865409914, 0.003000000000000000062 ) ) ;
#207 = FACE_OUTER_BOUND ( 'NONE', #1371, .T. ) ;
#208 = LINE ( 'NONE', #523, #1240 ) ;
#209 = EDGE_LOOP ( 'NONE', ( #836, #280 ) ) ;
#210 = AXIS2_PLACEMENT_3D ( 'NONE', #2722, #260, #1959 ) ;
#211 = DIRECTION ( 'NONE',  ( -1.000000000000000000, 0.000000000000000000, 0.000000000000000000 ) ) ;
#212 = CARTESIAN_POINT ( 'NONE',  ( -0.01057127675744118020, 0.07565227487821950259, 0.000000000000000000 ) ) ;
#213 = ORIENTED_EDGE ( 'NONE', *, *, #965, .F. ) ;
#214 = ORIENTED_EDGE ( 'NONE', *, *, #415, .T. ) ;
#215 = AXIS2_PLACEMENT_3D ( 'NONE', #993, #2492, #1262 ) ;
#216 = ADVANCED_FACE ( 'NONE', ( #1766 ), #1253, .F. ) ;
#217 = EDGE_LOOP ( 'NONE', ( #1302, #898, #3022, #2177 ) ) ;
#218 = FACE_OUTER_BOUND ( 'NONE', #1478, .T. ) ;
#219 = DIRECTION ( 'NONE',  ( 0.000000000000000000, 0.000000000000000000, -1.000000000000000000 ) ) ;
#220 = FACE_BOUND ( 'NONE', #3080, .T. ) ;
#221 = VERTEX_POINT ( 'NONE', #505 ) ;
#222 = DIRECTION ( 'NONE',  ( 0.000000000000000000, 0.000000000000000000, 1.000000000000000000 ) ) ;
#223 = DIRECTION ( 'NONE',  ( 0.000000000000000000, 0.000000000000000000, 1.000000000000000000 ) ) ;
#224 = DIRECTION ( 'NONE',  ( -0.000000000000000000, -0.000000000000000000, 1.000000000000000000 ) ) ;
#225 = VERTEX_POINT ( 'NONE', #1521 ) ;
#226 = CARTESIAN_POINT ( 'NONE',  ( 0.1286823068508392010, 0.05679538971784699880, 0.003000000000000000062 ) ) ;
#227 = CARTESIAN_POINT ( 'NONE',  ( -0.07131769314915999136, 0.08679538971784700463, 0.000000000000000000 ) ) ;
#228 = EDGE_LOOP ( 'NONE', ( #177, #1704, #2028, #2564 ) ) ;
#229 = ORIENTED_EDGE ( 'NONE', *, *, #1862, .F. ) ;
#230 = ORIENTED_EDGE ( 'NONE', *, *, #174, .T. ) ;
#231 = DIRECTION ( 'NONE',  ( -0.7071067811720480600, -0.7071067812010469744, 0.000000000000000000 ) ) ;
#232 = EDGE_CURVE ( 'NONE', #2486, #1077, #764, .T. ) ;
#233 = LINE ( 'NONE', #2924, #1172 ) ;
#234 = CARTESIAN_POINT ( 'NONE',  ( 0.1147372064242470346, 0.09389680732741106928, 0.003000000000000000062 ) ) ;
#235 = VERTEX_POINT ( 'NONE', #258 ) ;
#236 = FACE_OUTER_BOUND ( 'NONE', #2676, .T. ) ;
#237 = CARTESIAN_POINT ( 'NONE',  ( 0.1162372064242470360, 0.09389680732741106928, 0.003000000000000000062 ) ) ;
#238 = CARTESIAN_POINT ( 'NONE',  ( -0.05737259272256873405, 0.09389680732740945945, -0.007000000000000000146 ) ) ;
#239 = ORIENTED_EDGE ( 'NONE', *, *, #205, .T. ) ;
#240 = DIRECTION ( 'NONE',  ( -1.000000000000000000, 0.000000000000000000, 0.000000000000000000 ) ) ;
#241 = DIRECTION ( 'NONE',  ( -1.000000000000000000, 0.000000000000000000, 0.000000000000000000 ) ) ;
#242 = ORIENTED_EDGE ( 'NONE', *, *, #1523, .F. ) ;
#243 = ORIENTED_EDGE ( 'NONE', *, *, #2062, .T. ) ;
#244 = EDGE_CURVE ( 'NONE', #1099, #1064, #291, .T. ) ;
#245 = VERTEX_POINT ( 'NONE', #1990 ) ;
#246 = FACE_BOUND ( 'NONE', #2116, .T. ) ;
#247 = AXIS2_PLACEMENT_3D ( 'NONE', #1471, #2446, #1249 ) ;
#248 = VECTOR ( 'NONE', #1041, 1.000000000000000000 ) ;
#249 = LINE ( 'NONE', #2680, #1586 ) ;
#250 = FACE_BOUND ( 'NONE', #2214, .T. ) ;
#251 = ORIENTED_EDGE ( 'NONE', *, *, #3078, .F. ) ;
#252 = EDGE_CURVE ( 'NONE', #1573, #1314, #1747, .T. ) ;
#253 = CARTESIAN_POINT ( 'NONE',  ( 0.09578372446040418764, -0.05925950985556133893, -0.007000000000000000146 ) ) ;
#254 = CARTESIAN_POINT ( 'NONE',  ( 0.1286823068508390067, 0.08679538971784969692, 0.003000000000000000062 ) ) ;
#255 = CARTESIAN_POINT ( 'NONE',  ( -0.04785195713518670263, 0.03492538971991189511, 0.000000000000000000 ) ) ;
#256 = VECTOR ( 'NONE', #621, 1.000000000000000000 ) ;
#257 = ORIENTED_EDGE ( 'NONE', *, *, #1772, .F. ) ;
#258 = CARTESIAN_POINT ( 'NONE',  ( 0.1286823068508392010, 0.05679538971784699880, 0.003000000000000000062 ) ) ;
#259 = VECTOR ( 'NONE', #771, 1.000000000000000000 ) ;
#260 = DIRECTION ( 'NONE',  ( -0.000000000000000000, -0.000000000000000000, 1.000000000000000000 ) ) ;
#261 = EDGE_LOOP ( 'NONE', ( #1794, #840 ) ) ;
#262 = ORIENTED_EDGE ( 'NONE', *, *, #2335, .T. ) ;
#263 = ORIENTED_EDGE ( 'NONE', *, *, #1628, .F. ) ;
#264 = DIRECTION ( 'NONE',  ( 0.000000000000000000, 0.000000000000000000, -1.000000000000000000 ) ) ;
#265 = CARTESIAN_POINT ( 'NONE',  ( -0.03649844776576580130, -0.02322375458576559845, 0.000000000000000000 ) ) ;
#266 = FACE_BOUND ( 'NONE', #493, .T. ) ;
#267 = DIRECTION ( 'NONE',  ( 0.7284791619806588736, 0.6850679605411109652, 0.000000000000000000 ) ) ;
#268 = DIRECTION ( 'NONE',  ( 0.000000000000000000, 0.000000000000000000, 1.000000000000000000 ) ) ;
#269 = DIRECTION ( 'NONE',  ( 0.000000000000000000, 0.000000000000000000, 1.000000000000000000 ) ) ;
#270 = ORIENTED_EDGE ( 'NONE', *, *, #1222, .F. ) ;
#271 = EDGE_CURVE ( 'NONE', #1595, #970, #832, .T. ) ;
#272 = PRODUCT_DEFINITION_SHAPE ( 'NONE', 'NONE',  #824 ) ;
#273 = CARTESIAN_POINT ( 'NONE',  ( 0.1286823068508390067, 0.08679538971784969692, 0.000000000000000000 ) ) ;
#274 = FACE_OUTER_BOUND ( 'NONE', #1095, .T. ) ;
#275 = ADVANCED_FACE ( 'NONE', ( #812 ), #1790, .F. ) ;
#276 = VERTEX_POINT ( 'NONE', #2029 ) ;
#277 = EDGE_CURVE ( 'NONE', #1271, #2561, #2827, .T. ) ;
#278 = VERTEX_POINT ( 'NONE', #1104 ) ;
#279 = AXIS2_PLACEMENT_3D ( 'NONE', #92, #1071, #2059 ) ;
#280 = ORIENTED_EDGE ( 'NONE', *, *, #1929, .F. ) ;
#281 = CARTESIAN_POINT ( 'NONE',  ( 0.007144318368152009942, 0.05952746431835009844, 0.000000000000000000 ) ) ;
#282 = AXIS2_PLACEMENT_3D ( 'NONE', #860, #724, #2659 ) ;
#283 = DIRECTION ( 'NONE',  ( 1.000000000000000000, 0.000000000000000000, 0.000000000000000000 ) ) ;
#284 = CIRCLE ( 'NONE', #2256, 0.001500000000000209499 ) ;
#285 = ADVANCED_FACE ( 'NONE', ( #81 ), #1822, .F. ) ;
#286 = CYLINDRICAL_SURFACE ( 'NONE', #1239, 0.001500000000000001332 ) ;
#287 = CARTESIAN_POINT ( 'NONE',  ( 0.08868230685083999809, 0.1267953897178470124, 0.003000000000000000062 ) ) ;
#288 = DIRECTION ( 'NONE',  ( -1.000000000000000000, 0.000000000000000000, 0.000000000000000000 ) ) ;
#289 = VERTEX_POINT ( 'NONE', #3074 ) ;
#290 = CIRCLE ( 'NONE', #1123, 0.001499999999999668265 ) ;
#291 = LINE ( 'NONE', #2238, #2985 ) ;
#292 = DIRECTION ( 'NONE',  ( 1.000000000000000000, 0.000000000000000000, 0.000000000000000000 ) ) ;
#293 = ORIENTED_EDGE ( 'NONE', *, *, #3183, .F. ) ;
#294 = ORIENTED_EDGE ( 'NONE', *, *, #1698, .F. ) ;
#295 = ORIENTED_EDGE ( 'NONE', *, *, #1643, .F. ) ;
#296 = LINE ( 'NONE', #2227, #2660 ) ;
#297 = AXIS2_PLACEMENT_3D ( 'NONE', #3139, #923, #2667 ) ;
#298 = DIRECTION ( 'NONE',  ( 0.000000000000000000, 0.000000000000000000, 1.000000000000000000 ) ) ;
#299 = B_SPLINE_SURFACE_WITH_KNOTS ( 'NONE', 2, 1, ( 
 ( #2290, #2305 ),
 ( #1313, #3077 ),
 ( #311, #835 ) ),
 .UNSPECIFIED., .F., .F., .F.,
 ( 3, 3 ),
 ( 2, 2 ),
 ( 0.000000000000000000, 1.000000000000000000 ),
 ( 0.000000000000000000, 1.000000000000000000 ),
 .UNSPECIFIED. ) ;
#300 = AXIS2_PLACEMENT_3D ( 'NONE', #566, #1323, #288 ) ;
#301 = CYLINDRICAL_SURFACE ( 'NONE', #1803, 0.001549999999999999295 ) ;
#302 = CIRCLE ( 'NONE', #2118, 0.001500000000000001332 ) ;
#303 = DIRECTION ( 'NONE',  ( 0.000000000000000000, 0.000000000000000000, 1.000000000000000000 ) ) ;
#304 = LINE ( 'NONE', #1084, #1159 ) ;
#305 = CARTESIAN_POINT ( 'NONE',  ( 0.1132372064242470333, 0.09389680732741106928, -0.007000000000000000146 ) ) ;
#306 = EDGE_LOOP ( 'NONE', ( #1874, #1057 ) ) ;
#307 = DIRECTION ( 'NONE',  ( 0.000000000000000000, 0.000000000000000000, -1.000000000000000000 ) ) ;
#308 = EDGE_CURVE ( 'NONE', #2187, #851, #1553, .T. ) ;
#309 = VECTOR ( 'NONE', #1087, 1.000000000000000000 ) ;
#310 = DIRECTION ( 'NONE',  ( 0.000000000000000000, 0.000000000000000000, 1.000000000000000000 ) ) ;
#311 = CARTESIAN_POINT ( 'NONE',  ( -0.03131769314916305058, -0.07320461028215301258, 0.000000000000000000 ) ) ;
#312 = ORIENTED_EDGE ( 'NONE', *, *, #779, .F. ) ;
#313 = EDGE_LOOP ( 'NONE', ( #1770, #2876, #314, #2809 ) ) ;
#314 = ORIENTED_EDGE ( 'NONE', *, *, #1316, .T. ) ;
#315 = CARTESIAN_POINT ( 'NONE',  ( -0.01057127675721129985, -0.01092819105735471849, 0.003000000000000000062 ) ) ;
#316 = ADVANCED_FACE ( 'NONE', ( #1043 ), #1297, .F. ) ;
#317 = DIRECTION ( 'NONE',  ( -0.7071067811720480600, 0.7071067812010469744, 0.000000000000000000 ) ) ;
#318 = EDGE_CURVE ( 'NONE', #1963, #2158, #1604, .T. ) ;
#319 = LINE ( 'NONE', #1308, #2442 ) ;
#320 = CARTESIAN_POINT ( 'NONE',  ( -0.03691911075872425507, 0.1128502892912543326, 0.000000000000000000 ) ) ;
#321 = DIRECTION ( 'NONE',  ( 1.000000000000000000, 0.000000000000000000, 0.000000000000000000 ) ) ;
#322 = DIRECTION ( 'NONE',  ( 0.000000000000000000, 0.000000000000000000, 1.000000000000000000 ) ) ;
#323 = DIRECTION ( 'NONE',  ( -1.000000000000000000, 0.000000000000000000, 0.000000000000000000 ) ) ;
#324 = CARTESIAN_POINT ( 'NONE',  ( -0.03303189070997419874, -0.06614672990430821298, 0.000000000000000000 ) ) ;
#325 = ORIENTED_EDGE ( 'NONE', *, *, #1193, .T. ) ;
#326 = ORIENTED_EDGE ( 'NONE', *, *, #1326, .T. ) ;
#327 = ORIENTED_EDGE ( 'NONE', *, *, #2391, .F. ) ;
#328 = FACE_OUTER_BOUND ( 'NONE', #849, .T. ) ;
#329 = CYLINDRICAL_SURFACE ( 'NONE', #2424, 0.001500000000008893525 ) ;
#330 = EDGE_CURVE ( 'NONE', #929, #1847, #821, .T. ) ;
#331 = CIRCLE ( 'NONE', #1015, 0.001500000000000001332 ) ;
#332 = EDGE_CURVE ( 'NONE', #2043, #3140, #1928, .T. ) ;
#333 = SURFACE_SIDE_STYLE ('',( #579 ) ) ;
#334 = DIRECTION ( 'NONE',  ( 0.000000000000000000, 0.000000000000000000, 1.000000000000000000 ) ) ;
#335 = CARTESIAN_POINT ( 'NONE',  ( 0.1216244264730040048, 0.08700958727865409914, 0.000000000000000000 ) ) ;
#336 = AXIS2_PLACEMENT_3D ( 'NONE', #2683, #2213, #1020 ) ;
#337 = CARTESIAN_POINT ( 'NONE',  ( -0.03649844776576580130, 0.07681453402145960174, 0.000000000000000000 ) ) ;
#338 = CARTESIAN_POINT ( 'NONE',  ( 0.1286823068508392010, -0.003204610282153005051, 0.003000000000000000062 ) ) ;
#339 = DIRECTION ( 'NONE',  ( -0.9296448682106137618, 0.3684568075224974315, 0.000000000000000000 ) ) ;
#340 = EDGE_LOOP ( 'NONE', ( #1827, #1813, #2385, #946 ) ) ;
#341 = ORIENTED_EDGE ( 'NONE', *, *, #887, .T. ) ;
#342 = ORIENTED_EDGE ( 'NONE', *, *, #2663, .T. ) ;
#343 = DIRECTION ( 'NONE',  ( 0.000000000000000000, 0.000000000000000000, 1.000000000000000000 ) ) ;
#344 = FACE_BOUND ( 'NONE', #133, .T. ) ;
#345 = ORIENTED_EDGE ( 'NONE', *, *, #2311, .F. ) ;
#346 = EDGE_CURVE ( 'NONE', #2819, #1065, #67, .T. ) ;
#347 = VECTOR ( 'NONE', #696, 1.000000000000000000 ) ;
#348 = AXIS2_PLACEMENT_3D ( 'NONE', #943, #2188, #452 ) ;
#349 = AXIS2_PLACEMENT_3D ( 'NONE', #175, #959, #3191 ) ;
#350 =( NAMED_UNIT ( * ) SI_UNIT ( $, .STERADIAN. ) SOLID_ANGLE_UNIT ( ) );
#351 = CARTESIAN_POINT ( 'NONE',  ( 0.02868230685060580223, 0.004265520187327479992, -0.007000000000000000146 ) ) ;
#352 = CYLINDRICAL_SURFACE ( 'NONE', #2329, 0.001600000000000000727 ) ;
#353 = AXIS2_PLACEMENT_3D ( 'NONE', #3138, #2381, #2396 ) ;
#354 = DIRECTION ( 'NONE',  ( 0.000000000000000000, 0.000000000000000000, 1.000000000000000000 ) ) ;
#355 = EDGE_CURVE ( 'NONE', #2111, #3102, #1537, .T. ) ;
#356 = VECTOR ( 'NONE', #1414, 1.000000000000000000 ) ;
#357 = DIRECTION ( 'NONE',  ( 0.000000000000000000, 0.000000000000000000, 1.000000000000000000 ) ) ;
#358 = FACE_OUTER_BOUND ( 'NONE', #1076, .T. ) ;
#359 = ORIENTED_EDGE ( 'NONE', *, *, #2713, .T. ) ;
#360 = ORIENTED_EDGE ( 'NONE', *, *, #10, .F. ) ;
#361 = CARTESIAN_POINT ( 'NONE',  ( 0.02868230685083995174, 0.09786218662219439701, 0.003000000000000000062 ) ) ;
#362 = FACE_BOUND ( 'NONE', #2109, .T. ) ;
#363 = ORIENTED_EDGE ( 'NONE', *, *, #893, .F. ) ;
#364 = CIRCLE ( 'NONE', #1910, 0.001500000000000209499 ) ;
#365 = FACE_OUTER_BOUND ( 'NONE', #574, .T. ) ;
#366 = CARTESIAN_POINT ( 'NONE',  ( 0.02713230685083994898, -0.04427140718650034862, 0.000000000000000000 ) ) ;
#367 = CARTESIAN_POINT ( 'NONE',  ( -0.07131769314978189667, -0.003204610280088099946, 0.003000000000000000062 ) ) ;
#368 = DIRECTION ( 'NONE',  ( 1.000000000000000000, 0.000000000000000000, 0.000000000000000000 ) ) ;
#369 = ORIENTED_EDGE ( 'NONE', *, *, #1067, .T. ) ;
#370 = AXIS2_PLACEMENT_3D ( 'NONE', #3088, #874, #2601 ) ;
#371 = EDGE_CURVE ( 'NONE', #1412, #488, #1059, .T. ) ;
#372 = CARTESIAN_POINT ( 'NONE',  ( 0.02868230685083995174, -0.04427140718650034862, 0.000000000000000000 ) ) ;
#373 = CARTESIAN_POINT ( 'NONE',  ( -0.03303189070997419874, 0.1197375093400021989, 0.000000000000000000 ) ) ;
#374 = ORIENTED_EDGE ( 'NONE', *, *, #2438, .T. ) ;
#375 = EDGE_CURVE ( 'NONE', #1474, #1559, #2918, .T. ) ;
#376 = ORIENTED_EDGE ( 'NONE', *, *, #660, .T. ) ;
#377 = CARTESIAN_POINT ( 'NONE',  ( 0.1201244264730041977, -0.03341880784296014789, 0.000000000000000000 ) ) ;
#378 = FACE_BOUND ( 'NONE', #2066, .T. ) ;
#379 = EDGE_CURVE ( 'NONE', #1595, #2115, #3032, .T. ) ;
#380 = ORIENTED_EDGE ( 'NONE', *, *, #2375, .F. ) ;
#381 = ORIENTED_EDGE ( 'NONE', *, *, #2099, .F. ) ;
#382 = EDGE_CURVE ( 'NONE', #2926, #2220, #118, .T. ) ;
#383 = CYLINDRICAL_SURFACE ( 'NONE', #2096, 0.001500000000008900464 ) ;
#384 = DIRECTION ( 'NONE',  ( 1.000000000000000000, 0.000000000000000000, 0.000000000000000000 ) ) ;
#385 = CARTESIAN_POINT ( 'NONE',  ( 0.08889650441164670402, -0.06614672990431730293, 0.000000000000000000 ) ) ;
#386 = VERTEX_POINT ( 'NONE', #3061 ) ;
#387 = EDGE_CURVE ( 'NONE', #798, #2677, #2354, .T. ) ;
#388 = VECTOR ( 'NONE', #461, 1.000000000000000000 ) ;
#389 = DIRECTION ( 'NONE',  ( -1.000000000000000000, 0.000000000000000000, 0.000000000000000000 ) ) ;
#390 = CARTESIAN_POINT ( 'NONE',  ( -0.03649844776576580130, 0.07681453402145960174, 0.003000000000000000062 ) ) ;
#391 = ORIENTED_EDGE ( 'NONE', *, *, #1856, .F. ) ;
#392 = EDGE_LOOP ( 'NONE', ( #659, #2934 ) ) ;
#393 = FACE_OUTER_BOUND ( 'NONE', #2603, .T. ) ;
#394 = CARTESIAN_POINT ( 'NONE',  ( 0.07204167840014739921, 0.03600571373975870043, 0.003000000000000000062 ) ) ;
#395 = ORIENTED_EDGE ( 'NONE', *, *, #135, .T. ) ;
#396 = ORIENTED_EDGE ( 'NONE', *, *, #1606, .T. ) ;
#397 = ADVANCED_FACE ( 'NONE', ( #598 ), #1585, .F. ) ;
#398 = FACE_OUTER_BOUND ( 'NONE', #2889, .T. ) ;
#399 = AXIS2_PLACEMENT_3D ( 'NONE', #2462, #486, #1516 ) ;
#400 = DIRECTION ( 'NONE',  ( 0.000000000000000000, -1.000000000000000000, 0.000000000000000000 ) ) ;
#401 = ORIENTED_EDGE ( 'NONE', *, *, #623, .F. ) ;
#402 = CARTESIAN_POINT ( 'NONE',  ( 0.09386306146744580192, 0.07681453402145960174, 0.000000000000000000 ) ) ;
#403 = LINE ( 'NONE', #1905, #2729 ) ;
#404 = EDGE_CURVE ( 'NONE', #276, #2741, #2379, .T. ) ;
#405 = VECTOR ( 'NONE', #267, 1.000000000000000000 ) ;
#406 = AXIS2_PLACEMENT_3D ( 'NONE', #1552, #2782, #1070 ) ;
#407 = ORIENTED_EDGE ( 'NONE', *, *, #442, .T. ) ;
#408 = VERTEX_POINT ( 'NONE', #2880 ) ;
#409 = CARTESIAN_POINT ( 'NONE',  ( -0.01057127675721129985, -0.01092819105735471849, -0.007000000000000000146 ) ) ;
#410 = CARTESIAN_POINT ( 'NONE',  ( -0.04945195713518669989, 0.03492538971991189511, 0.003000000000000000062 ) ) ;
#411 = VECTOR ( 'NONE', #2337, 1.000000000000000000 ) ;
#412 = VERTEX_POINT ( 'NONE', #1873 ) ;
#413 = ORIENTED_EDGE ( 'NONE', *, *, #756, .T. ) ;
#414 = AXIS2_PLACEMENT_3D ( 'NONE', #2076, #1840, #3062 ) ;
#415 = EDGE_CURVE ( 'NONE', #1494, #2970, #155, .T. ) ;
#416 = VECTOR ( 'NONE', #3005, 1.000000000000000000 ) ;
#417 = CARTESIAN_POINT ( 'NONE',  ( -0.07131769314978189667, -0.003204610280088099946, 0.003000000000000000062 ) ) ;
#418 = EDGE_CURVE ( 'NONE', #3081, #2346, #624, .T. ) ;
#419 = CARTESIAN_POINT ( 'NONE',  ( -0.03131769314916120484, -0.07320461028215180521, 0.000000000000000000 ) ) ;
#420 = VERTEX_POINT ( 'NONE', #168 ) ;
#421 = DIRECTION ( 'NONE',  ( 1.000000000000000000, 0.000000000000000000, 0.000000000000000000 ) ) ;
#422 = CARTESIAN_POINT ( 'NONE',  ( -0.05105195713518670408, 0.03492538971991189511, 0.003000000000000000062 ) ) ;
#423 = CARTESIAN_POINT ( 'NONE',  ( -0.07131769314731559173, 0.05679538971784699880, 0.000000000000000000 ) ) ;
#424 = ORIENTED_EDGE ( 'NONE', *, *, #3107, .T. ) ;
#425 = DIRECTION ( 'NONE',  ( 0.000000000000000000, 0.000000000000000000, 1.000000000000000000 ) ) ;
#426 = ORIENTED_EDGE ( 'NONE', *, *, #1227, .F. ) ;
#427 = EDGE_LOOP ( 'NONE', ( #2938, #1993, #2368, #2426 ) ) ;
#428 = CARTESIAN_POINT ( 'NONE',  ( 0.06793589045810910498, -0.02206149544333594822, 0.003000000000000000062 ) ) ;
#429 = DIRECTION ( 'NONE',  ( -1.000000000000000000, 0.000000000000000000, 0.000000000000000000 ) ) ;
#430 = EDGE_LOOP ( 'NONE', ( #2168, #1832 ) ) ;
#431 = EDGE_CURVE ( 'NONE', #1064, #2971, #2621, .T. ) ;
#432 = DIRECTION ( 'NONE',  ( -1.000000000000000000, 0.000000000000000000, 0.000000000000000000 ) ) ;
#433 = FACE_OUTER_BOUND ( 'NONE', #1506, .T. ) ;
#434 = ORIENTED_EDGE ( 'NONE', *, *, #2039, .T. ) ;
#435 = DIRECTION ( 'NONE',  ( 1.000000000000000000, 0.000000000000000000, 0.000000000000000000 ) ) ;
#436 = AXIS2_PLACEMENT_3D ( 'NONE', #875, #1244, #2794 ) ;
#437 = DIRECTION ( 'NONE',  ( 0.000000000000000000, 0.000000000000000000, 1.000000000000000000 ) ) ;
#438 = AXIS2_PLACEMENT_3D ( 'NONE', #2121, #2148, #3136 ) ;
#439 = ORIENTED_EDGE ( 'NONE', *, *, #1955, .T. ) ;
#440 = ORIENTED_EDGE ( 'NONE', *, *, #1914, .F. ) ;
#441 = CARTESIAN_POINT ( 'NONE',  ( 0.09039650441164689965, -0.06614672990431730293, 0.000000000000000000 ) ) ;
#442 = EDGE_CURVE ( 'NONE', #86, #1016, #890, .T. ) ;
#443 = CARTESIAN_POINT ( 'NONE',  ( 0.1132372064242470333, 0.09389680732741106928, 0.000000000000000000 ) ) ;
#444 = CARTESIAN_POINT ( 'NONE',  ( -0.02135195713518665134, 0.02679538971991190024, 0.003000000000000000062 ) ) ;
#445 = ORIENTED_EDGE ( 'NONE', *, *, #1094, .F. ) ;
#446 = LINE ( 'NONE', #1934, #2582 ) ;
#447 = CARTESIAN_POINT ( 'NONE',  ( 0.08868230685083999809, 0.1267953897178470124, 0.000000000000000000 ) ) ;
#448 = CARTESIAN_POINT ( 'NONE',  ( -0.05887756714186569845, -0.01820461028215434804, 0.000000000000000000 ) ) ;
#449 = EDGE_LOOP ( 'NONE', ( #2078, #3159, #363 ) ) ;
#450 = AXIS2_PLACEMENT_3D ( 'NONE', #2151, #2411, #1665 ) ;
#451 = EDGE_CURVE ( 'NONE', #278, #1544, #1917, .T. ) ;
#452 = DIRECTION ( 'NONE',  ( -1.000000000000000000, 2.065446264075110004E-11, 0.000000000000000000 ) ) ;
#453 = DIRECTION ( 'NONE',  ( -0.7071067811865615615, 0.7071067811865335839, 0.000000000000000000 ) ) ;
#454 = CIRCLE ( 'NONE', #349, 0.001500000000009896195 ) ;
#455 = CIRCLE ( 'NONE', #1180, 0.001500000000009896195 ) ;
#456 = VECTOR ( 'NONE', #2639, 1.000000000000000000 ) ;
#457 = ORIENTED_EDGE ( 'NONE', *, *, #1688, .T. ) ;
#458 = ORIENTED_EDGE ( 'NONE', *, *, #2338, .F. ) ;
#459 = VECTOR ( 'NONE', #842, 1.000000000000000000 ) ;
#460 = VERTEX_POINT ( 'NONE', #2393 ) ;
#461 = DIRECTION ( 'NONE',  ( 1.000000000000000000, -8.054250179391209161E-17, 0.000000000000000000 ) ) ;
#462 = CARTESIAN_POINT ( 'NONE',  ( 0.01734652343878790096, 0.04932525924813260104, 0.003000000000000000062 ) ) ;
#463 = FACE_BOUND ( 'NONE', #1210, .T. ) ;
#464 = ORIENTED_EDGE ( 'NONE', *, *, #654, .T. ) ;
#465 = DIRECTION ( 'NONE',  ( -1.000000000000000000, 0.000000000000000000, 0.000000000000000000 ) ) ;
#466 = DIRECTION ( 'NONE',  ( 1.000000000000000000, 0.000000000000000000, 0.000000000000000000 ) ) ;
#467 = CARTESIAN_POINT ( 'NONE',  ( -0.07131769314731559173, -0.03320461028215574567, 0.000000000000000000 ) ) ;
#468 = ORIENTED_EDGE ( 'NONE', *, *, #174, .F. ) ;
#469 = VECTOR ( 'NONE', #717, 1.000000000000000000 ) ;
#470 = DIRECTION ( 'NONE',  ( 0.000000000000000000, 0.000000000000000000, 1.000000000000000000 ) ) ;
#471 = EDGE_CURVE ( 'NONE', #2558, #1962, #1603, .T. ) ;
#472 = CARTESIAN_POINT ( 'NONE',  ( -0.06425981277132240821, -0.03341880784295089835, 0.000000000000000000 ) ) ;
#473 = ORIENTED_EDGE ( 'NONE', *, *, #332, .F. ) ;
#474 = EDGE_LOOP ( 'NONE', ( #478, #2092, #1736, #1510 ) ) ;
#475 = ORIENTED_EDGE ( 'NONE', *, *, #2992, .T. ) ;
#476 = AXIS2_PLACEMENT_3D ( 'NONE', #1575, #343, #3099 ) ;
#477 = ADVANCED_FACE ( 'NONE', ( #691 ), #2866, .F. ) ;
#478 = ORIENTED_EDGE ( 'NONE', *, *, #1329, .F. ) ;
#479 = PLANE ( 'NONE',  #2145 ) ;
#480 = EDGE_CURVE ( 'NONE', #1314, #1960, #1674, .T. ) ;
#481 = DIRECTION ( 'NONE',  ( 0.7277831951690647561, 0.6858072767399797653, 0.000000000000000000 ) ) ;
#482 = FACE_BOUND ( 'NONE', #551, .T. ) ;
#483 = ORIENTED_EDGE ( 'NONE', *, *, #1731, .F. ) ;
#484 = VECTOR ( 'NONE', #2303, 1.000000000000000000 ) ;
#485 = DIRECTION ( 'NONE',  ( 0.000000000000000000, 0.000000000000000000, 1.000000000000000000 ) ) ;
#486 = DIRECTION ( 'NONE',  ( 0.000000000000000000, 0.000000000000000000, -1.000000000000000000 ) ) ;
#487 = CARTESIAN_POINT ( 'NONE',  ( 0.1286823068508390067, 0.08679538971784969692, 0.003000000000000000062 ) ) ;
#488 = VERTEX_POINT ( 'NONE', #3123 ) ;
#489 = ADVANCED_FACE ( 'NONE', ( #185 ), #1385, .F. ) ;
#490 = CARTESIAN_POINT ( 'NONE',  ( -0.05887756714186569845, 0.07179538971784830970, 0.000000000000000000 ) ) ;
#491 = CYLINDRICAL_SURFACE ( 'NONE', #2641, 0.001499999999999987454 ) ;
#492 = VERTEX_POINT ( 'NONE', #2894 ) ;
#493 = EDGE_LOOP ( 'NONE', ( #883, #601 ) ) ;
#494 = ORIENTED_EDGE ( 'NONE', *, *, #10, .T. ) ;
#495 = CARTESIAN_POINT ( 'NONE',  ( 0.1147372064242485334, -0.04030602789171632699, 0.000000000000000000 ) ) ;
#496 = EDGE_CURVE ( 'NONE', #1512, #196, #905, .T. ) ;
#497 = DIRECTION ( 'NONE',  ( 1.000000000000000000, 2.064813349579189916E-11, 0.000000000000000000 ) ) ;
#498 = FACE_BOUND ( 'NONE', #306, .T. ) ;
#499 = ORIENTED_EDGE ( 'NONE', *, *, #2709, .T. ) ;
#500 = VECTOR ( 'NONE', #1802, 1.000000000000000000 ) ;
#501 = CARTESIAN_POINT ( 'NONE',  ( 0.09536306146744580325, 0.07681453402145960174, 0.003000000000000000062 ) ) ;
#502 = DIRECTION ( 'NONE',  ( 0.000000000000000000, 0.000000000000000000, 1.000000000000000000 ) ) ;
#503 = CARTESIAN_POINT ( 'NONE',  ( 0.08868230685083990095, -0.07320461028215301258, 0.003000000000000000062 ) ) ;
#504 = ORIENTED_EDGE ( 'NONE', *, *, #2405, .T. ) ;
#505 = CARTESIAN_POINT ( 'NONE',  ( -0.03131769314916120484, -0.07320461028215180521, 0.000000000000000000 ) ) ;
#506 = AXIS2_PLACEMENT_3D ( 'NONE', #1986, #2686, #466 ) ;
#507 = LINE ( 'NONE', #1491, #1196 ) ;
#508 = ORIENTED_EDGE ( 'NONE', *, *, #431, .F. ) ;
#509 = ORIENTED_EDGE ( 'NONE', *, *, #2513, .F. ) ;
#510 = AXIS2_PLACEMENT_3D ( 'NONE', #1938, #470, #435 ) ;
#511 = ORIENTED_EDGE ( 'NONE', *, *, #1467, .F. ) ;
#512 = CARTESIAN_POINT ( 'NONE',  ( 0.1231244264730036037, -0.03341880784296014789, 0.003000000000000000062 ) ) ;
#513 = AXIS2_PLACEMENT_3D ( 'NONE', #2801, #2556, #894 ) ;
#514 = CIRCLE ( 'NONE', #2890, 0.001500000000008900464 ) ;
#515 = AXIS2_PLACEMENT_3D ( 'NONE', #1310, #3030, #3060 ) ;
#516 = ADVANCED_FACE ( 'NONE', ( #3092 ), #662, .F. ) ;
#517 = LINE ( 'NONE', #1499, #1999 ) ;
#518 = FACE_BOUND ( 'NONE', #886, .T. ) ;
#519 = EDGE_CURVE ( 'NONE', #1199, #221, #694, .T. ) ;
#520 = EDGE_CURVE ( 'NONE', #2187, #412, #1661, .T. ) ;
#521 = DIRECTION ( 'NONE',  ( 1.000000000000000000, 0.000000000000000000, 0.000000000000000000 ) ) ;
#522 = FACE_OUTER_BOUND ( 'NONE', #2330, .T. ) ;
#523 = CARTESIAN_POINT ( 'NONE',  ( 0.06793589045810910498, 0.06451897049385940663, 0.003000000000000000062 ) ) ;
#524 = EDGE_LOOP ( 'NONE', ( #251, #22 ) ) ;
#525 = EDGE_CURVE ( 'NONE', #2131, #932, #284, .T. ) ;
#526 = DIRECTION ( 'NONE',  ( -1.000000000000000000, 0.000000000000000000, 0.000000000000000000 ) ) ;
#527 = CARTESIAN_POINT ( 'NONE',  ( 0.09536306146744580325, 0.07681453402145960174, 0.000000000000000000 ) ) ;
#528 = ORIENTED_EDGE ( 'NONE', *, *, #2983, .F. ) ;
#529 = VERTEX_POINT ( 'NONE', #1177 ) ;
#530 = ORIENTED_EDGE ( 'NONE', *, *, #2317, .F. ) ;
#531 = CARTESIAN_POINT ( 'NONE',  ( -0.02295195713518664860, 0.02679538971991190024, -0.007000000000000000146 ) ) ;
#532 = CARTESIAN_POINT ( 'NONE',  ( 0.09536306146744580325, -0.02322375458576559845, 0.003000000000000000062 ) ) ;
#533 = CARTESIAN_POINT ( 'NONE',  ( 0.1147372064242485334, -0.04030602789171632699, -0.007000000000000000146 ) ) ;
#534 = CARTESIAN_POINT ( 'NONE',  ( -0.01057127675721129985, 0.06451897049304880505, -0.007000000000000000146 ) ) ;
#535 = DIRECTION ( 'NONE',  ( 0.000000000000000000, 0.000000000000000000, 1.000000000000000000 ) ) ;
#536 = ORIENTED_EDGE ( 'NONE', *, *, #1660, .F. ) ;
#537 = EDGE_CURVE ( 'NONE', #2111, #2017, #2281, .T. ) ;
#538 = DIRECTION ( 'NONE',  ( 1.000000000000000000, 0.000000000000000000, 0.000000000000000000 ) ) ;
#539 = CARTESIAN_POINT ( 'NONE',  ( 0.01775690343923109690, 0.02679538971784725318, 0.003000000000000000062 ) ) ;
#540 = EDGE_LOOP ( 'NONE', ( #102, #1528, #2270, #2825 ) ) ;
#541 = VERTEX_POINT ( 'NONE', #1134 ) ;
#542 = AXIS2_PLACEMENT_3D ( 'NONE', #2799, #2044, #582 ) ;
#543 = FACE_BOUND ( 'NONE', #1954, .T. ) ;
#544 = CIRCLE ( 'NONE', #3129, 0.001599999999999997258 ) ;
#545 = CARTESIAN_POINT ( 'NONE',  ( 0.09039650441164689965, -0.06614672990431730293, 0.003000000000000000062 ) ) ;
#546 = EDGE_CURVE ( 'NONE', #2125, #1107, #3155, .T. ) ;
#547 = CARTESIAN_POINT ( 'NONE',  ( -0.04945195713518669989, 0.01866538971991190191, 0.000000000000000000 ) ) ;
#548 = CARTESIAN_POINT ( 'NONE',  ( -0.05587259272256875353, 0.09389680732740945945, 0.003000000000000000062 ) ) ;
#549 = CYLINDRICAL_SURFACE ( 'NONE', #2617, 0.001499999999999994393 ) ;
#550 = CYLINDRICAL_SURFACE ( 'NONE', #515, 0.001500000000000001332 ) ;
#551 = EDGE_LOOP ( 'NONE', ( #2258, #2962 ) ) ;
#552 = DIRECTION ( 'NONE',  ( 1.000000000000000000, 0.000000000000000000, 0.000000000000000000 ) ) ;
#553 = DIRECTION ( 'NONE',  ( 0.7071067811864459873, -0.7071067811866490471, 0.000000000000000000 ) ) ;
#554 = EDGE_CURVE ( 'NONE', #2584, #1895, #1420, .T. ) ;
#555 = ORIENTED_EDGE ( 'NONE', *, *, #3010, .F. ) ;
#556 = ORIENTED_EDGE ( 'NONE', *, *, #1978, .T. ) ;
#557 = ORIENTED_EDGE ( 'NONE', *, *, #346, .T. ) ;
#558 = DIRECTION ( 'NONE',  ( 1.000000000000000000, 0.000000000000000000, 0.000000000000000000 ) ) ;
#559 = AXIS2_PLACEMENT_3D ( 'NONE', #767, #2980, #2754 ) ;
#560 =( LENGTH_UNIT ( ) NAMED_UNIT ( * ) SI_UNIT ( $, .METRE. ) );
#561 = VECTOR ( 'NONE', #2893, 1.000000000000000000 ) ;
#562 = CARTESIAN_POINT ( 'NONE',  ( 0.1147372064242470346, 0.09389680732741106928, -0.007000000000000000146 ) ) ;
#563 = VECTOR ( 'NONE', #2843, 1.000000000000000222 ) ;
#564 = PLANE ( 'NONE',  #792 ) ;
#565 = FACE_OUTER_BOUND ( 'NONE', #228, .T. ) ;
#566 = CARTESIAN_POINT ( 'NONE',  ( -0.03153189070996530174, -0.06614672990430821298, 0.000000000000000000 ) ) ;
#567 = DIRECTION ( 'NONE',  ( 0.000000000000000000, -1.000000000000000000, 0.000000000000000000 ) ) ;
#568 = AXIS2_PLACEMENT_3D ( 'NONE', #583, #357, #1555 ) ;
#569 = CARTESIAN_POINT ( 'NONE',  ( 0.08889650441164670402, 0.1197375093400112056, 0.000000000000000000 ) ) ;
#570 = CYLINDRICAL_SURFACE ( 'NONE', #778, 0.001500000000000209499 ) ;
#571 = ORIENTED_EDGE ( 'NONE', *, *, #1025, .T. ) ;
#572 = ORIENTED_EDGE ( 'NONE', *, *, #1131, .F. ) ;
#573 = AXIS2_PLACEMENT_3D ( 'NONE', #3146, #684, #2174 ) ;
#574 = EDGE_LOOP ( 'NONE', ( #1140, #342, #186, #1421 ) ) ;
#575 = DIRECTION ( 'NONE',  ( -0.7284791619806588736, 0.6850679605411109652, 0.000000000000000000 ) ) ;
#576 = DIRECTION ( 'NONE',  ( 0.000000000000000000, 0.000000000000000000, 1.000000000000000000 ) ) ;
#577 = EDGE_CURVE ( 'NONE', #1359, #1988, #1247, .T. ) ;
#578 =( GEOMETRIC_REPRESENTATION_CONTEXT ( 3 ) GLOBAL_UNCERTAINTY_ASSIGNED_CONTEXT ( ( #1432 ) ) GLOBAL_UNIT_ASSIGNED_CONTEXT ( ( #1083, #1581, #350 ) ) REPRESENTATION_CONTEXT ( 'NONE', 'WORKASPACE' ) );
#579 = SURFACE_STYLE_FILL_AREA ( #1804 ) ;
#580 = DIRECTION ( 'NONE',  ( 1.000000000000000000, 2.064852009990164932E-11, 0.000000000000000000 ) ) ;
#581 = DIRECTION ( 'NONE',  ( 0.000000000000000000, 0.000000000000000000, 1.000000000000000000 ) ) ;
#582 = DIRECTION ( 'NONE',  ( -1.000000000000000000, 0.000000000000000000, 0.000000000000000000 ) ) ;
#583 = CARTESIAN_POINT ( 'NONE',  ( 0.09386306146744580192, 0.07681453402145960174, 0.000000000000000000 ) ) ;
#584 = DIRECTION ( 'NONE',  ( 0.000000000000000000, 0.000000000000000000, 1.000000000000000000 ) ) ;
#585 = ADVANCED_FACE ( 'NONE', ( #2474, #250, #2182, #2997, #1709, #1724, #2249, #266, #2697, #27, #2231, #2977, #482, #1469, #743, #763, #463, #3185, #220, #498, #1968, #1740, #2735, #1932, #2459, #1948, #780, #1198, #2925, #1484, #1431, #3202, #518, #2444 ), #1229, .T. ) ;
#586 = ORIENTED_EDGE ( 'NONE', *, *, #1072, .F. ) ;
#587 = ORIENTED_EDGE ( 'NONE', *, *, #1094, .T. ) ;
#588 = ORIENTED_EDGE ( 'NONE', *, *, #2634, .T. ) ;
#589 = CARTESIAN_POINT ( 'NONE',  ( -0.05887259272256816639, -0.04030602789171797151, -0.007000000000000000146 ) ) ;
#590 = LINE ( 'NONE', #394, #1956 ) ;
#591 = EDGE_LOOP ( 'NONE', ( #3114, #2531 ) ) ;
#592 = EDGE_CURVE ( 'NONE', #276, #1485, #3169, .T. ) ;
#593 = VECTOR ( 'NONE', #2313, 1.000000000000000000 ) ;
#594 = CARTESIAN_POINT ( 'NONE',  ( 0.1162421808453888011, 0.07179538971784819867, 0.000000000000000000 ) ) ;
#595 = PLANE ( 'NONE',  #2404 ) ;
#596 = CARTESIAN_POINT ( 'NONE',  ( -0.03303189070997419874, 0.1197375093400021989, 0.000000000000000000 ) ) ;
#597 = AXIS2_PLACEMENT_3D ( 'NONE', #649, #1618, #2134 ) ;
#598 = FACE_OUTER_BOUND ( 'NONE', #985, .T. ) ;
#599 = DIRECTION ( 'NONE',  ( -1.000000000000000000, 0.000000000000000000, 0.000000000000000000 ) ) ;
#600 = DIRECTION ( 'NONE',  ( 0.000000000000000000, 0.000000000000000000, 1.000000000000000000 ) ) ;
#601 = ORIENTED_EDGE ( 'NONE', *, *, #1924, .F. ) ;
#602 = VERTEX_POINT ( 'NONE', #1261 ) ;
#603 = AXIS2_PLACEMENT_3D ( 'NONE', #2784, #567, #307 ) ;
#604 = EDGE_LOOP ( 'NONE', ( #262, #802 ) ) ;
#605 = CARTESIAN_POINT ( 'NONE',  ( 0.02868230685083850151, -0.05205333656652130075, 0.003000000000000000062 ) ) ;
#606 = DIRECTION ( 'NONE',  ( 1.000000000000000000, 0.000000000000000000, 0.000000000000000000 ) ) ;
#607 = ORIENTED_EDGE ( 'NONE', *, *, #1967, .T. ) ;
#608 = AXIS2_PLACEMENT_3D ( 'NONE', #1636, #2884, #2124 ) ;
#609 = EDGE_CURVE ( 'NONE', #2658, #2048, #1164, .T. ) ;
#610 = EDGE_CURVE ( 'NONE', #2647, #2453, #759, .T. ) ;
#611 = AXIS2_PLACEMENT_3D ( 'NONE', #2932, #1922, #1423 ) ;
#612 = CARTESIAN_POINT ( 'NONE',  ( -0.03649844776576580130, -0.02322375458576559845, 0.000000000000000000 ) ) ;
#613 = DIRECTION ( 'NONE',  ( -0.7071067812010469744, 0.7071067811720480600, 0.000000000000000000 ) ) ;
#614 = LINE ( 'NONE', #917, #826 ) ;
#615 = VECTOR ( 'NONE', #2376, 1.000000000000000000 ) ;
#616 = VECTOR ( 'NONE', #2170, 1.000000000000000000 ) ;
#617 = CARTESIAN_POINT ( 'NONE',  ( 0.08183563974633691063, 0.02679538971784705195, -0.007000000000000000146 ) ) ;
#618 = ORIENTED_EDGE ( 'NONE', *, *, #375, .F. ) ;
#619 = EDGE_CURVE ( 'NONE', #37, #2259, #707, .T. ) ;
#620 = CIRCLE ( 'NONE', #2275, 0.001499999999999987454 ) ;
#621 = DIRECTION ( 'NONE',  ( 0.000000000000000000, -1.000000000000000000, 0.000000000000000000 ) ) ;
#622 = FACE_OUTER_BOUND ( 'NONE', #866, .T. ) ;
#623 = EDGE_CURVE ( 'NONE', #3207, #139, #2098, .T. ) ;
#624 = CIRCLE ( 'NONE', #53, 0.001599999999999997258 ) ;
#625 = ORIENTED_EDGE ( 'NONE', *, *, #1290, .F. ) ;
#626 = ORIENTED_EDGE ( 'NONE', *, *, #2034, .T. ) ;
#627 = DIRECTION ( 'NONE',  ( -0.000000000000000000, -0.000000000000000000, 1.000000000000000000 ) ) ;
#628 = FACE_BOUND ( 'NONE', #1465, .T. ) ;
#629 = VERTEX_POINT ( 'NONE', #969 ) ;
#630 = ORIENTED_EDGE ( 'NONE', *, *, #1329, .T. ) ;
#631 = VECTOR ( 'NONE', #553, 1.000000000000000000 ) ;
#632 = ADVANCED_FACE ( 'NONE', ( #2944 ), #728, .F. ) ;
#633 = DIRECTION ( 'NONE',  ( 0.000000000000000000, 0.000000000000000000, 1.000000000000000000 ) ) ;
#634 = DIRECTION ( 'NONE',  ( 0.000000000000000000, 0.000000000000000000, 1.000000000000000000 ) ) ;
#635 = DIRECTION ( 'NONE',  ( -0.000000000000000000, -0.000000000000000000, 1.000000000000000000 ) ) ;
#636 = DIRECTION ( 'NONE',  ( 0.000000000000000000, 0.000000000000000000, 1.000000000000000000 ) ) ;
#637 = ORIENTED_EDGE ( 'NONE', *, *, #727, .T. ) ;
#638 = VECTOR ( 'NONE', #2040, 1.000000000000000000 ) ;
#639 = CARTESIAN_POINT ( 'NONE',  ( -0.05587259272256875353, 0.09389680732740945945, -0.007000000000000000146 ) ) ;
#640 = DIRECTION ( 'NONE',  ( -0.000000000000000000, -0.000000000000000000, 1.000000000000000000 ) ) ;
#641 = EDGE_LOOP ( 'NONE', ( #2898, #879, #445, #2822 ) ) ;
#642 = ORIENTED_EDGE ( 'NONE', *, *, #1363, .F. ) ;
#643 = DIRECTION ( 'NONE',  ( 0.000000000000000000, 0.000000000000000000, 1.000000000000000000 ) ) ;
#644 = FACE_BOUND ( 'NONE', #2243, .T. ) ;
#645 = ORIENTED_EDGE ( 'NONE', *, *, #2467, .F. ) ;
#646 = ORIENTED_EDGE ( 'NONE', *, *, #2450, .T. ) ;
#647 = ADVANCED_FACE ( 'NONE', ( #2022 ), #3027, .F. ) ;
#648 = PLANE ( 'NONE',  #1950 ) ;
#649 = CARTESIAN_POINT ( 'NONE',  ( 0.02868230685083840090, 0.02679538971784725318, -0.007000000000000000146 ) ) ;
#650 = EDGE_LOOP ( 'NONE', ( #911, #1029, #3052, #1670 ) ) ;
#651 = DIRECTION ( 'NONE',  ( 0.000000000000000000, 0.000000000000000000, 1.000000000000000000 ) ) ;
#652 = DIRECTION ( 'NONE',  ( 1.000000000000000000, 0.000000000000000000, 0.000000000000000000 ) ) ;
#653 = EDGE_LOOP ( 'NONE', ( #189, #2864, #1112, #1257 ) ) ;
#655 = ORIENTED_EDGE ( 'NONE', *, *, #1519, .F. ) ;
#654 = EDGE_CURVE ( 'NONE', #3102, #245, #3167, .T. ) ;
#656 = FACE_OUTER_BOUND ( 'NONE', #2873, .T. ) ;
#657 = LINE ( 'NONE', #2616, #459 ) ;
#658 = ORIENTED_EDGE ( 'NONE', *, *, #3144, .F. ) ;
#659 = ORIENTED_EDGE ( 'NONE', *, *, #1354, .F. ) ;
#660 = EDGE_CURVE ( 'NONE', #1969, #1489, #725, .T. ) ;
#661 = DIRECTION ( 'NONE',  ( 0.000000000000000000, 0.000000000000000000, -1.000000000000000000 ) ) ;
#662 = PLANE ( 'NONE',  #2820 ) ;
#663 = VERTEX_POINT ( 'NONE', #45 ) ;
#664 = CARTESIAN_POINT ( 'NONE',  ( -0.03153189070996530174, 0.1197375093400021989, 0.000000000000000000 ) ) ;
#665 = DIRECTION ( 'NONE',  ( -0.7071067811865615615, 0.7071067811865335839, 0.000000000000000000 ) ) ;
#666 = AXIS2_PLACEMENT_3D ( 'NONE', #3204, #485, #1761 ) ;
#667 = VECTOR ( 'NONE', #2687, 1.000000000000000000 ) ;
#668 = ORIENTED_EDGE ( 'NONE', *, *, #1401, .F. ) ;
#669 = ORIENTED_EDGE ( 'NONE', *, *, #1924, .T. ) ;
#670 = DIRECTION ( 'NONE',  ( 0.000000000000000000, 0.000000000000000000, 1.000000000000000000 ) ) ;
#671 = EDGE_CURVE ( 'NONE', #1988, #1256, #2505, .T. ) ;
#672 = VERTEX_POINT ( 'NONE', #1531 ) ;
#673 = ORIENTED_EDGE ( 'NONE', *, *, #1072, .T. ) ;
#674 = ADVANCED_FACE ( 'NONE', ( #793 ), #301, .F. ) ;
#675 = AXIS2_PLACEMENT_3D ( 'NONE', #2434, #1939, #192 ) ;
#676 = CYLINDRICAL_SURFACE ( 'NONE', #2737, 0.001500000000009896195 ) ;
#677 = DIRECTION ( 'NONE',  ( 0.7277831951624049722, 0.6858072767470470010, 0.000000000000000000 ) ) ;
#678 = ORIENTED_EDGE ( 'NONE', *, *, #1424, .F. ) ;
#679 = DIRECTION ( 'NONE',  ( -1.000000000000000000, -9.251858538542760807E-15, 0.000000000000000000 ) ) ;
#680 = FACE_OUTER_BOUND ( 'NONE', #7, .T. ) ;
#681 = ORIENTED_EDGE ( 'NONE', *, *, #610, .T. ) ;
#682 = VECTOR ( 'NONE', #627, 1.000000000000000000 ) ;
#683 = DIRECTION ( 'NONE',  ( 0.000000000000000000, 0.000000000000000000, 1.000000000000000000 ) ) ;
#684 = DIRECTION ( 'NONE',  ( 0.000000000000000000, 0.000000000000000000, 1.000000000000000000 ) ) ;
#685 = EDGE_CURVE ( 'NONE', #2741, #3070, #1052, .T. ) ;
#686 = ORIENTED_EDGE ( 'NONE', *, *, #1288, .F. ) ;
#687 = ORIENTED_EDGE ( 'NONE', *, *, #1131, .T. ) ;
#688 = LINE ( 'NONE', #2179, #960 ) ;
#689 = ADVANCED_FACE ( 'NONE', ( #1514 ), #2777, .F. ) ;
#690 = LINE ( 'NONE', #3200, #765 ) ;
#691 = FACE_OUTER_BOUND ( 'NONE', #340, .T. ) ;
#692 = VERTEX_POINT ( 'NONE', #2750 ) ;
#693 = AXIS2_PLACEMENT_3D ( 'NONE', #337, #2087, #368 ) ;
#694 = B_SPLINE_CURVE_WITH_KNOTS ( 'NONE', 2,
 ( #1857, #1370, #419 ),
 .UNSPECIFIED., .F., .F.,
 ( 3, 3 ),
 ( 0.000000000000000000, 1.000000000000000000 ),
 .UNSPECIFIED. ) ;
#695 = FACE_OUTER_BOUND ( 'NONE', #1156, .T. ) ;
#696 = DIRECTION ( 'NONE',  ( 0.000000000000000000, 1.000000000000000000, 0.000000000000000000 ) ) ;
#697 = ORIENTED_EDGE ( 'NONE', *, *, #537, .F. ) ;
#698 = CARTESIAN_POINT ( 'NONE',  ( -0.03691911075872324893, -0.05925950985556238670, -0.007000000000000000146 ) ) ;
#699 = VECTOR ( 'NONE', #2748, 1.000000000000000000 ) ;
#700 = CARTESIAN_POINT ( 'NONE',  ( -0.03799844776576580263, -0.02322375458576559845, 0.003000000000000000062 ) ) ;
#701 = VERTEX_POINT ( 'NONE', #532 ) ;
#702 = ORIENTED_EDGE ( 'NONE', *, *, #2968, .T. ) ;
#703 = ORIENTED_EDGE ( 'NONE', *, *, #330, .F. ) ;
#704 = CARTESIAN_POINT ( 'NONE',  ( 0.02868230685083845294, 0.1056441160022151965, 0.003000000000000000062 ) ) ;
#705 = AXIS2_PLACEMENT_3D ( 'NONE', #202, #1006, #2423 ) ;
#706 = CARTESIAN_POINT ( 'NONE',  ( 0.1201244264730041977, 0.08700958727865409914, 0.000000000000000000 ) ) ;
#707 = LINE ( 'NONE', #203, #2661 ) ;
#708 = ORIENTED_EDGE ( 'NONE', *, *, #1205, .T. ) ;
#709 = CARTESIAN_POINT ( 'NONE',  ( 0.1162372064242485348, -0.04030602789171632699, 0.000000000000000000 ) ) ;
#710 = DIRECTION ( 'NONE',  ( 0.000000000000000000, 0.000000000000000000, 1.000000000000000000 ) ) ;
#711 = LINE ( 'NONE', #2668, #3046 ) ;
#712 = VERTEX_POINT ( 'NONE', #95 ) ;
#713 = VECTOR ( 'NONE', #1566, 1.000000000000000000 ) ;
#714 = EDGE_CURVE ( 'NONE', #2558, #1735, #847, .T. ) ;
#715 = CARTESIAN_POINT ( 'NONE',  ( -0.05887756714186569845, 0.07179538971784830970, 0.003000000000000000062 ) ) ;
#716 = EDGE_CURVE ( 'NONE', #2050, #692, #2575, .T. ) ;
#717 = DIRECTION ( 'NONE',  ( 0.000000000000000000, 0.000000000000000000, -1.000000000000000000 ) ) ;
#718 = AXIS2_PLACEMENT_3D ( 'NONE', #2147, #2649, #136 ) ;
#719 = ORIENTED_EDGE ( 'NONE', *, *, #2457, .T. ) ;
#720 = EDGE_LOOP ( 'NONE', ( #1605, #38, #2481 ) ) ;
#721 = ORIENTED_EDGE ( 'NONE', *, *, #2648, .T. ) ;
#722 = CIRCLE ( 'NONE', #2527, 0.001499999999999980516 ) ;
#723 = ORIENTED_EDGE ( 'NONE', *, *, #3105, .T. ) ;
#724 = DIRECTION ( 'NONE',  ( -0.000000000000000000, -0.000000000000000000, 1.000000000000000000 ) ) ;
#725 = CIRCLE ( 'NONE', #2533, 0.001599999999999997258 ) ;
#726 = DIRECTION ( 'NONE',  ( 0.7071067811864459873, 0.7071067811866490471, 0.000000000000000000 ) ) ;
#727 = EDGE_CURVE ( 'NONE', #2346, #3081, #3055, .T. ) ;
#728 = PLANE ( 'NONE',  #1991 ) ;
#729 = ORIENTED_EDGE ( 'NONE', *, *, #2341, .F. ) ;
#730 = DIRECTION ( 'NONE',  ( 1.000000000000000000, 0.000000000000000000, 0.000000000000000000 ) ) ;
#731 = LINE ( 'NONE', #1712, #2936 ) ;
#732 = CARTESIAN_POINT ( 'NONE',  ( 0.06237904658270650160, -0.01616453615483084971, -0.007000000000000000146 ) ) ;
#733 = ORIENTED_EDGE ( 'NONE', *, *, #1089, .F. ) ;
#734 = LINE ( 'NONE', #698, #2734 ) ;
#735 = CARTESIAN_POINT ( 'NONE',  ( 0.1286823068508392010, -0.003204610282152999846, 0.003000000000000000062 ) ) ;
#736 = ADVANCED_FACE ( 'NONE', ( #814 ), #1298, .F. ) ;
#737 = ORIENTED_EDGE ( 'NONE', *, *, #520, .F. ) ;
#738 = ORIENTED_EDGE ( 'NONE', *, *, #546, .T. ) ;
#739 = AXIS2_PLACEMENT_3D ( 'NONE', #2309, #129, #575 ) ;
#740 = ORIENTED_EDGE ( 'NONE', *, *, #355, .F. ) ;
#741 = CARTESIAN_POINT ( 'NONE',  ( 0.08868230685083999809, 0.1267953897178470124, 0.000000000000000000 ) ) ;
#742 = DIRECTION ( 'NONE',  ( 0.000000000000000000, -1.000000000000000000, 0.000000000000000000 ) ) ;
#743 = FACE_BOUND ( 'NONE', #2191, .T. ) ;
#744 = ORIENTED_EDGE ( 'NONE', *, *, #375, .T. ) ;
#745 = EDGE_CURVE ( 'NONE', #3070, #276, #2786, .T. ) ;
#746 = DIRECTION ( 'NONE',  ( 0.000000000000000000, 0.000000000000000000, 1.000000000000000000 ) ) ;
#747 = LINE ( 'NONE', #1727, #2572 ) ;
#748 = CARTESIAN_POINT ( 'NONE',  ( -0.07131769314731559173, -0.003204610282153019796, 0.003000000000000000062 ) ) ;
#749 = ORIENTED_EDGE ( 'NONE', *, *, #1817, .F. ) ;
#750 = B_SPLINE_CURVE_WITH_KNOTS ( 'NONE', 2,
 ( #2914, #1390, #1419 ),
 .UNSPECIFIED., .F., .F.,
 ( 3, 3 ),
 ( 0.000000000000000000, 1.000000000000000000 ),
 .UNSPECIFIED. ) ;
#751 = DIRECTION ( 'NONE',  ( 0.000000000000000000, 0.000000000000000000, 1.000000000000000000 ) ) ;
#752 = CARTESIAN_POINT ( 'NONE',  ( 0.1162421808453889954, -0.01820461028215424742, 0.000000000000000000 ) ) ;
#753 = EDGE_LOOP ( 'NONE', ( #2600, #708, #3156, #2033 ) ) ;
#754 = AXIS2_PLACEMENT_3D ( 'NONE', #1775, #1582, #2797 ) ;
#755 = ORIENTED_EDGE ( 'NONE', *, *, #1111, .T. ) ;
#756 = EDGE_CURVE ( 'NONE', #1994, #902, #1549, .T. ) ;
#757 = ORIENTED_EDGE ( 'NONE', *, *, #1467, .T. ) ;
#758 = DIRECTION ( 'NONE',  ( 0.000000000000000000, 0.000000000000000000, 1.000000000000000000 ) ) ;
#759 = CIRCLE ( 'NONE', #2978, 0.001600000000000000727 ) ;
#760 = EDGE_CURVE ( 'NONE', #929, #1223, #125, .T. ) ;
#761 = EDGE_CURVE ( 'NONE', #1512, #2858, #2949, .T. ) ;
#762 = DIRECTION ( 'NONE',  ( 0.000000000000000000, 0.000000000000000000, 1.000000000000000000 ) ) ;
#763 = FACE_BOUND ( 'NONE', #958, .T. ) ;
#764 = CIRCLE ( 'NONE', #1170, 0.001500000000008896994 ) ;
#765 = VECTOR ( 'NONE', #3168, 1.000000000000000000 ) ;
#766 = PLANE ( 'NONE',  #1353 ) ;
#767 = CARTESIAN_POINT ( 'NONE',  ( -0.04945195713518669989, 0.01866538971991190191, 0.000000000000000000 ) ) ;
#768 = DIRECTION ( 'NONE',  ( 0.000000000000000000, 0.000000000000000000, 1.000000000000000000 ) ) ;
#769 = EDGE_LOOP ( 'NONE', ( #2373, #3132 ) ) ;
#770 = DIRECTION ( 'NONE',  ( -0.000000000000000000, -0.000000000000000000, 1.000000000000000000 ) ) ;
#771 = DIRECTION ( 'NONE',  ( -0.7071067811865200392, -0.7071067811865749952, 0.000000000000000000 ) ) ;
#772 = ORIENTED_EDGE ( 'NONE', *, *, #113, .F. ) ;
#773 = EDGE_LOOP ( 'NONE', ( #915, #2747 ) ) ;
#774 = AXIS2_PLACEMENT_3D ( 'NONE', #2465, #3142, #240 ) ;
#775 = B_SPLINE_SURFACE_WITH_KNOTS ( 'NONE', 2, 1, ( 
 ( #467, #1233 ),
 ( #448, #2219 ),
 ( #1972, #748 ) ),
 .UNSPECIFIED., .F., .F., .F.,
 ( 3, 3 ),
 ( 2, 2 ),
 ( 0.000000000000000000, 1.000000000000000000 ),
 ( 0.000000000000000000, 1.000000000000000000 ),
 .UNSPECIFIED. ) ;
#776 = VERTEX_POINT ( 'NONE', #2304 ) ;
#777 = FACE_OUTER_BOUND ( 'NONE', #1918, .T. ) ;
#778 = AXIS2_PLACEMENT_3D ( 'NONE', #1251, #995, #2463 ) ;
#779 = EDGE_CURVE ( 'NONE', #2727, #3086, #1344, .T. ) ;
#780 = FACE_BOUND ( 'NONE', #1148, .T. ) ;
#781 = LINE ( 'NONE', #1008, #93 ) ;
#782 = DIRECTION ( 'NONE',  ( 1.000000000000000000, 0.000000000000000000, 0.000000000000000000 ) ) ;
#783 = CYLINDRICAL_SURFACE ( 'NONE', #1185, 0.001499999999999668265 ) ;
#784 = ORIENTED_EDGE ( 'NONE', *, *, #1482, .F. ) ;
#785 = DIRECTION ( 'NONE',  ( 0.000000000000000000, 0.000000000000000000, 1.000000000000000000 ) ) ;
#786 = AXIS2_PLACEMENT_3D ( 'NONE', #2758, #979, #2512 ) ;
#787 = CARTESIAN_POINT ( 'NONE',  ( 0.1286823068508392010, -0.003204610282152999846, 0.000000000000000000 ) ) ;
#788 = EDGE_LOOP ( 'NONE', ( #327, #2886, #2877, #1014 ) ) ;
#789 = VERTEX_POINT ( 'NONE', #2336 ) ;
#790 = ADVANCED_FACE ( 'NONE', ( #3034 ), #82, .F. ) ;
#791 = FACE_BOUND ( 'NONE', #769, .T. ) ;
#792 = AXIS2_PLACEMENT_3D ( 'NONE', #2796, #1565, #303 ) ;
#793 = FACE_OUTER_BOUND ( 'NONE', #2638, .T. ) ;
#794 = EDGE_CURVE ( 'NONE', #1199, #776, #1105, .T. ) ;
#795 = DIRECTION ( 'NONE',  ( 0.000000000000000000, 1.000000000000000000, 0.000000000000000000 ) ) ;
#796 = CARTESIAN_POINT ( 'NONE',  ( 0.03333589134310455115, 0.03333589134447165203, 0.000000000000000000 ) ) ;
#797 = CARTESIAN_POINT ( 'NONE',  ( 0.06793589045810910498, -0.01092819105816529926, 0.000000000000000000 ) ) ;
#798 = VERTEX_POINT ( 'NONE', #834 ) ;
#799 = CARTESIAN_POINT ( 'NONE',  ( -0.05737259272256817200, -0.04030602789171797151, 0.003000000000000000062 ) ) ;
#800 = DIRECTION ( 'NONE',  ( 0.000000000000000000, 0.000000000000000000, 1.000000000000000000 ) ) ;
#801 = EDGE_LOOP ( 'NONE', ( #483, #468 ) ) ;
#802 = ORIENTED_EDGE ( 'NONE', *, *, #2441, .T. ) ;
#803 = ORIENTED_EDGE ( 'NONE', *, *, #431, .T. ) ;
#804 = LINE ( 'NONE', #2974, #699 ) ;
#805 = VECTOR ( 'NONE', #1069, 1.000000000000000000 ) ;
#806 = CARTESIAN_POINT ( 'NONE',  ( 0.02868230685083995174, -0.04427140718650034862, 0.000000000000000000 ) ) ;
#807 = LINE ( 'NONE', #1115, #160 ) ;
#808 = CARTESIAN_POINT ( 'NONE',  ( 0.09578372446040418764, -0.05925950985556133893, 0.000000000000000000 ) ) ;
#809 = CARTESIAN_POINT ( 'NONE',  ( 0.05022029533284889935, -0.005936684883100690029, 0.003000000000000000062 ) ) ;
#810 = ORIENTED_EDGE ( 'NONE', *, *, #1800, .T. ) ;
#811 = EDGE_CURVE ( 'NONE', #1883, #3038, #1860, .T. ) ;
#812 = FACE_OUTER_BOUND ( 'NONE', #1630, .T. ) ;
#813 = VECTOR ( 'NONE', #1983, 1.000000000000000000 ) ;
#814 = FACE_OUTER_BOUND ( 'NONE', #1882, .T. ) ;
#815 = DIRECTION ( 'NONE',  ( -2.065446264075110004E-11, 1.000000000000000000, 0.000000000000000000 ) ) ;
#816 = EDGE_CURVE ( 'NONE', #3140, #2043, #1703, .T. ) ;
#817 = ORIENTED_EDGE ( 'NONE', *, *, #3049, .F. ) ;
#818 = EDGE_LOOP ( 'NONE', ( #1399, #630, #1828, #2225 ) ) ;
#819 = EDGE_LOOP ( 'NONE', ( #166, #1944 ) ) ;
#820 = CARTESIAN_POINT ( 'NONE',  ( -0.03131769314916120484, -0.07320461028215180521, 0.003000000000000000062 ) ) ;
#821 = CIRCLE ( 'NONE', #279, 0.001499999999999980516 ) ;
#822 = CARTESIAN_POINT ( 'NONE',  ( -0.01057127675744118020, -0.02206149544252539868, -0.007000000000000000146 ) ) ;
#823 = AXIS2_PLACEMENT_3D ( 'NONE', #534, #2234, #1277 ) ;
#824 = PRODUCT_DEFINITION ( 'UNKNOWN', '', #2723, #1662 ) ;
#825 = VECTOR ( 'NONE', #2365, 1.000000000000000000 ) ;
#826 = VECTOR ( 'NONE', #1602, 1.000000000000000000 ) ;
#827 = EDGE_CURVE ( 'NONE', #492, #2401, #2352, .T. ) ;
#828 = VECTOR ( 'NONE', #2836, 1.000000000000000000 ) ;
#829 = CARTESIAN_POINT ( 'NONE',  ( 0.1286823068508390067, 0.08679538971784969692, 0.000000000000000000 ) ) ;
#830 = DIRECTION ( 'NONE',  ( -0.7071067811864459873, 0.7071067811866490471, 0.000000000000000000 ) ) ;
#831 = CARTESIAN_POINT ( 'NONE',  ( 0.1162372064242470360, 0.09389680732741106928, 0.000000000000000000 ) ) ;
#832 = LINE ( 'NONE', #2334, #1998 ) ;
#833 = AXIS2_PLACEMENT_3D ( 'NONE', #372, #110, #2835 ) ;
#834 = CARTESIAN_POINT ( 'NONE',  ( -0.05587259272256817760, -0.04030602789171797151, 0.000000000000000000 ) ) ;
#835 = CARTESIAN_POINT ( 'NONE',  ( -0.03131769314916305058, -0.07320461028215301258, 0.003000000000000000062 ) ) ;
#836 = ORIENTED_EDGE ( 'NONE', *, *, #2450, .F. ) ;
#837 = ORIENTED_EDGE ( 'NONE', *, *, #2992, .F. ) ;
#838 = VECTOR ( 'NONE', #4, 1.000000000000000000 ) ;
#840 = ORIENTED_EDGE ( 'NONE', *, *, #41, .F. ) ;
#839 = ADVANCED_FACE ( 'NONE', ( #1587 ), #1120, .F. ) ;
#841 = DIRECTION ( 'NONE',  ( 0.000000000000000000, 0.000000000000000000, 1.000000000000000000 ) ) ;
#842 = DIRECTION ( 'NONE',  ( 0.000000000000000000, 0.000000000000000000, 1.000000000000000000 ) ) ;
#843 = ORIENTED_EDGE ( 'NONE', *, *, #609, .T. ) ;
#844 = FACE_OUTER_BOUND ( 'NONE', #941, .T. ) ;
#845 = PLANE ( 'NONE',  #406 ) ;
#846 = CARTESIAN_POINT ( 'NONE',  ( -0.05737259272256817200, -0.04030602789171797151, 0.000000000000000000 ) ) ;
#847 = LINE ( 'NONE', #2088, #151 ) ;
#848 = LINE ( 'NONE', #1824, #1388 ) ;
#849 = EDGE_LOOP ( 'NONE', ( #2097, #1479, #2935, #646 ) ) ;
#850 = DIRECTION ( 'NONE',  ( 1.000000000000000000, 0.000000000000000000, 0.000000000000000000 ) ) ;
#851 = VERTEX_POINT ( 'NONE', #338 ) ;
#852 = CARTESIAN_POINT ( 'NONE',  ( -0.03649844776576580130, -0.02322375458576559845, 0.000000000000000000 ) ) ;
#853 = FACE_BOUND ( 'NONE', #1495, .T. ) ;
#854 = EDGE_LOOP ( 'NONE', ( #475, #1165, #2609, #213 ) ) ;
#855 = EDGE_CURVE ( 'NONE', #2920, #420, #2289, .T. ) ;
#856 = EDGE_CURVE ( 'NONE', #2614, #1223, #1748, .T. ) ;
#857 = CIRCLE ( 'NONE', #2712, 0.001499999999999987454 ) ;
#858 = EDGE_CURVE ( 'NONE', #2945, #289, #1598, .T. ) ;
#859 = DIRECTION ( 'NONE',  ( 0.000000000000000000, 0.000000000000000000, 1.000000000000000000 ) ) ;
#860 = CARTESIAN_POINT ( 'NONE',  ( 0.09578372446040196719, 0.1128502892912553457, -0.007000000000000000146 ) ) ;
#861 = CARTESIAN_POINT ( 'NONE',  ( -0.03003189070995640128, 0.1197375093400021989, 0.000000000000000000 ) ) ;
#862 = AXIS2_PLACEMENT_3D ( 'NONE', #2003, #2715, #1758 ) ;
#863 = CARTESIAN_POINT ( 'NONE',  ( -0.03153189070996530174, -0.06614672990430821298, 0.000000000000000000 ) ) ;
#864 = CARTESIAN_POINT ( 'NONE',  ( 0.1286823068508400059, -0.03320461028215299787, 0.000000000000000000 ) ) ;
#865 = PLANE ( 'NONE',  #1851 ) ;
#866 = EDGE_LOOP ( 'NONE', ( #15, #2007, #2703, #360 ) ) ;
#867 = ORIENTED_EDGE ( 'NONE', *, *, #1871, .F. ) ;
#868 = DIRECTION ( 'NONE',  ( 1.000000000000000000, 0.000000000000000000, 0.000000000000000000 ) ) ;
#869 = EDGE_CURVE ( 'NONE', #1447, #692, #2422, .T. ) ;
#870 = LINE ( 'NONE', #1846, #563 ) ;
#871 = VERTEX_POINT ( 'NONE', #206 ) ;
#872 = ORIENTED_EDGE ( 'NONE', *, *, #1342, .T. ) ;
#873 = CIRCLE ( 'NONE', #2675, 0.001500000000008896994 ) ;
#874 = DIRECTION ( 'NONE',  ( 0.000000000000000000, 0.000000000000000000, 1.000000000000000000 ) ) ;
#875 = CARTESIAN_POINT ( 'NONE',  ( 0.09578372446040418764, -0.05925950985556133893, 0.003000000000000000062 ) ) ;
#876 = DIRECTION ( 'NONE',  ( -1.000000000000000000, 0.000000000000000000, 0.000000000000000000 ) ) ;
#877 = VECTOR ( 'NONE', #2521, 1.000000000000000000 ) ;
#878 = DIRECTION ( 'NONE',  ( 0.3684568075224974315, 0.9296448682106137618, 0.000000000000000000 ) ) ;
#879 = ORIENTED_EDGE ( 'NONE', *, *, #1554, .T. ) ;
#880 = CARTESIAN_POINT ( 'NONE',  ( 0.01734652343878790096, 0.04932525924813260104, -0.007000000000000000146 ) ) ;
#881 = CARTESIAN_POINT ( 'NONE',  ( -0.05737259272256873405, 0.09389680732740945945, 0.000000000000000000 ) ) ;
#882 = EDGE_LOOP ( 'NONE', ( #2657, #1046 ) ) ;
#883 = ORIENTED_EDGE ( 'NONE', *, *, #2272, .F. ) ;
#884 = DIRECTION ( 'NONE',  ( 0.000000000000000000, 0.000000000000000000, 1.000000000000000000 ) ) ;
#885 = FACE_BOUND ( 'NONE', #1303, .T. ) ;
#886 = EDGE_LOOP ( 'NONE', ( #896, #2389, #2364, #73 ) ) ;
#887 = EDGE_CURVE ( 'NONE', #1463, #1979, #2410, .T. ) ;
#888 = ORIENTED_EDGE ( 'NONE', *, *, #987, .F. ) ;
#889 = DIRECTION ( 'NONE',  ( 1.000000000000000000, 0.000000000000000000, 0.000000000000000000 ) ) ;
#890 = LINE ( 'NONE', #2853, #3004 ) ;
#891 = VERTEX_POINT ( 'NONE', #1389 ) ;
#892 = VECTOR ( 'NONE', #884, 1.000000000000000000 ) ;
#893 = EDGE_CURVE ( 'NONE', #1979, #1452, #1181, .T. ) ;
#894 = DIRECTION ( 'NONE',  ( -1.000000000000000000, 0.000000000000000000, 0.000000000000000000 ) ) ;
#895 = CARTESIAN_POINT ( 'NONE',  ( 0.06793589045810910498, -0.02206149544333594822, 0.003000000000000000062 ) ) ;
#896 = ORIENTED_EDGE ( 'NONE', *, *, #671, .F. ) ;
#897 = EDGE_CURVE ( 'NONE', #1359, #386, #1405, .T. ) ;
#898 = ORIENTED_EDGE ( 'NONE', *, *, #2529, .T. ) ;
#899 = DIRECTION ( 'NONE',  ( 0.000000000000000000, 0.000000000000000000, -1.000000000000000000 ) ) ;
#900 = DIRECTION ( 'NONE',  ( 1.000000000000000000, 0.000000000000000000, 0.000000000000000000 ) ) ;
#901 = ORIENTED_EDGE ( 'NONE', *, *, #1958, .F. ) ;
#902 = VERTEX_POINT ( 'NONE', #157 ) ;
#903 = DIRECTION ( 'NONE',  ( 0.000000000000000000, 0.000000000000000000, -1.000000000000000000 ) ) ;
#904 = VECTOR ( 'NONE', #2440, 1.000000000000000000 ) ;
#905 = LINE ( 'NONE', #1358, #2406 ) ;
#906 = ORIENTED_EDGE ( 'NONE', *, *, #811, .F. ) ;
#907 = CARTESIAN_POINT ( 'NONE',  ( -0.03649844776576580130, -0.02322375458576559845, 0.003000000000000000062 ) ) ;
#908 = PLANE ( 'NONE',  #608 ) ;
#909 = ORIENTED_EDGE ( 'NONE', *, *, #418, .F. ) ;
#910 = ADVANCED_FACE ( 'NONE', ( #2623 ), #2896, .F. ) ;
#911 = ORIENTED_EDGE ( 'NONE', *, *, #949, .F. ) ;
#912 = CARTESIAN_POINT ( 'NONE',  ( 0.03023230685083995103, -0.04427140718650034862, 0.003000000000000000062 ) ) ;
#913 = ORIENTED_EDGE ( 'NONE', *, *, #1688, .F. ) ;
#914 = CIRCLE ( 'NONE', #1481, 0.001499999999999987454 ) ;
#915 = ORIENTED_EDGE ( 'NONE', *, *, #858, .F. ) ;
#916 = CIRCLE ( 'NONE', #2196, 0.001500000000000001332 ) ;
#917 = CARTESIAN_POINT ( 'NONE',  ( -0.03131769314916120484, -0.07320461028215180521, 0.000000000000000000 ) ) ;
#918 = DIRECTION ( 'NONE',  ( 0.000000000000000000, 0.000000000000000000, 1.000000000000000000 ) ) ;
#919 = ORIENTED_EDGE ( 'NONE', *, *, #1417, .F. ) ;
#920 = EDGE_CURVE ( 'NONE', #902, #1994, #1899, .T. ) ;
#921 = VECTOR ( 'NONE', #1682, 1.000000000000000000 ) ;
#922 = DIRECTION ( 'NONE',  ( 0.000000000000000000, 0.000000000000000000, 1.000000000000000000 ) ) ;
#923 = DIRECTION ( 'NONE',  ( 0.000000000000000000, 0.000000000000000000, -1.000000000000000000 ) ) ;
#924 = AXIS2_PLACEMENT_3D ( 'NONE', #402, #1200, #171 ) ;
#925 = ORIENTED_EDGE ( 'NONE', *, *, #2001, .F. ) ;
#926 = CIRCLE ( 'NONE', #666, 0.01092540341160727971 ) ;
#927 = AXIS2_PLACEMENT_3D ( 'NONE', #238, #224, #974 ) ;
#928 = CARTESIAN_POINT ( 'NONE',  ( 0.09386306146744580192, -0.02322375458576559845, 0.000000000000000000 ) ) ;
#929 = VERTEX_POINT ( 'NONE', #187 ) ;
#930 = DIRECTION ( 'NONE',  ( -1.000000000000000000, 0.000000000000000000, 0.000000000000000000 ) ) ;
#931 = ORIENTED_EDGE ( 'NONE', *, *, #1306, .T. ) ;
#932 = VERTEX_POINT ( 'NONE', #2184 ) ;
#933 = ADVANCED_FACE ( 'NONE', ( #3171 ), #1150, .F. ) ;
#934 = CARTESIAN_POINT ( 'NONE',  ( 0.01734652343878790096, 0.04932525924813260104, -0.007000000000000000146 ) ) ;
#935 = CIRCLE ( 'NONE', #1610, 0.001500000000000001332 ) ;
#936 = LINE ( 'NONE', #2195, #1325 ) ;
#937 = CARTESIAN_POINT ( 'NONE',  ( 0.05022029533284889935, 0.05952746431879479827, -0.007000000000000000146 ) ) ;
#938 = ORIENTED_EDGE ( 'NONE', *, *, #2907, .F. ) ;
#939 = CARTESIAN_POINT ( 'NONE',  ( -0.03691911075872425507, 0.1128502892912543326, 0.003000000000000000062 ) ) ;
#940 = DIRECTION ( 'NONE',  ( 1.000000000000000000, 0.000000000000000000, 0.000000000000000000 ) ) ;
#941 = EDGE_LOOP ( 'NONE', ( #1400, #2863, #359, #2322 ) ) ;
#942 = AXIS2_PLACEMENT_3D ( 'NONE', #2568, #2300, #1819 ) ;
#943 = CARTESIAN_POINT ( 'NONE',  ( -0.01057127675744118020, -0.02206149544252539868, -0.007000000000000000146 ) ) ;
#944 = CARTESIAN_POINT ( 'NONE',  ( 0.006540501625257489661, -0.006540501625525719544, 0.000000000000000000 ) ) ;
#945 = VERTEX_POINT ( 'NONE', #2137 ) ;
#946 = ORIENTED_EDGE ( 'NONE', *, *, #1422, .T. ) ;
#947 = CARTESIAN_POINT ( 'NONE',  ( -0.07131769314915999136, -0.03320461028215499627, 0.003000000000000000062 ) ) ;
#948 = EDGE_CURVE ( 'NONE', #3050, #2759, #2996, .T. ) ;
#949 = EDGE_CURVE ( 'NONE', #902, #663, #446, .T. ) ;
#950 = LINE ( 'NONE', #2909, #2516 ) ;
#951 = EDGE_CURVE ( 'NONE', #289, #2945, #1338, .T. ) ;
#952 = DIRECTION ( 'NONE',  ( 0.000000000000000000, 0.000000000000000000, 1.000000000000000000 ) ) ;
#953 = ORIENTED_EDGE ( 'NONE', *, *, #827, .F. ) ;
#954 = VECTOR ( 'NONE', #2554, 1.000000000000000000 ) ;
#955 = DIRECTION ( 'NONE',  ( 0.000000000000000000, 0.000000000000000000, -1.000000000000000000 ) ) ;
#956 = DIRECTION ( 'NONE',  ( 1.000000000000000000, 0.000000000000000000, 0.000000000000000000 ) ) ;
#957 = DIRECTION ( 'NONE',  ( 1.000000000000000000, 0.000000000000000000, 0.000000000000000000 ) ) ;
#958 = EDGE_LOOP ( 'NONE', ( #2698, #1090 ) ) ;
#959 = DIRECTION ( 'NONE',  ( 0.000000000000000000, 0.000000000000000000, 1.000000000000000000 ) ) ;
#960 = VECTOR ( 'NONE', #1480, 1.000000000000000000 ) ;
#961 = DIRECTION ( 'NONE',  ( 1.000000000000000000, 0.000000000000000000, 0.000000000000000000 ) ) ;
#962 = ORIENTED_EDGE ( 'NONE', *, *, #2791, .T. ) ;
#963 = ORIENTED_EDGE ( 'NONE', *, *, #2634, .F. ) ;
#964 = VERTEX_POINT ( 'NONE', #939 ) ;
#965 = EDGE_CURVE ( 'NONE', #1780, #1777, #3125, .T. ) ;
#966 = ORIENTED_EDGE ( 'NONE', *, *, #1496, .F. ) ;
#967 = CARTESIAN_POINT ( 'NONE',  ( 0.1216244264730040048, 0.08700958727865409914, 0.000000000000000000 ) ) ;
#968 = DIRECTION ( 'NONE',  ( -1.000000000000000000, 0.000000000000000000, 0.000000000000000000 ) ) ;
#969 = CARTESIAN_POINT ( 'NONE',  ( -0.03499844776576579997, -0.02322375458576559845, 0.000000000000000000 ) ) ;
#970 = VERTEX_POINT ( 'NONE', #2610 ) ;
#971 = EDGE_CURVE ( 'NONE', #1559, #1474, #1492, .T. ) ;
#972 = FACE_OUTER_BOUND ( 'NONE', #1364, .T. ) ;
#973 = DIRECTION ( 'NONE',  ( 1.000000000000000000, 0.000000000000000000, 0.000000000000000000 ) ) ;
#974 = DIRECTION ( 'NONE',  ( 1.000000000000000000, 0.000000000000000000, 0.000000000000000000 ) ) ;
#975 = ORIENTED_EDGE ( 'NONE', *, *, #3013, .F. ) ;
#976 = CIRCLE ( 'NONE', #2315, 0.001500000000009896195 ) ;
#977 = B_SPLINE_CURVE_WITH_KNOTS ( 'NONE', 2,
 ( #1369, #154, #367 ),
 .UNSPECIFIED., .F., .F.,
 ( 3, 3 ),
 ( 0.000000000000000000, 1.000000000000000000 ),
 .UNSPECIFIED. ) ;
#978 = LINE ( 'NONE', #1652, #2837 ) ;
#979 = DIRECTION ( 'NONE',  ( 0.6858072767470470010, -0.7277831951624049722, 0.000000000000000000 ) ) ;
#980 = CIRCLE ( 'NONE', #1081, 0.001499999999999668265 ) ;
#981 = AXIS2_PLACEMENT_3D ( 'NONE', #121, #1117, #3090 ) ;
#982 = ORIENTED_EDGE ( 'NONE', *, *, #2317, .T. ) ;
#983 = EDGE_LOOP ( 'NONE', ( #1218, #1416 ) ) ;
#984 = VECTOR ( 'NONE', #339, 1.000000000000000000 ) ;
#985 = EDGE_LOOP ( 'NONE', ( #2416, #2627, #2475, #2277 ) ) ;
#986 = CYLINDRICAL_SURFACE ( 'NONE', #1577, 0.001499999999999668265 ) ;
#987 = EDGE_CURVE ( 'NONE', #2904, #2583, #514, .T. ) ;
#988 = VECTOR ( 'NONE', #1360, 1.000000000000000000 ) ;
#989 = LINE ( 'NONE', #2714, #2055 ) ;
#990 = DIRECTION ( 'NONE',  ( 0.000000000000000000, 0.000000000000000000, 1.000000000000000000 ) ) ;
#991 = ORIENTED_EDGE ( 'NONE', *, *, #308, .F. ) ;
#992 = CIRCLE ( 'NONE', #1348, 0.001549999999999999295 ) ;
#993 = CARTESIAN_POINT ( 'NONE',  ( 0.08889650441164670402, 0.1197375093400112056, 0.003000000000000000062 ) ) ;
#994 = DIRECTION ( 'NONE',  ( -2.064845683574855091E-11, -1.000000000000000000, 0.000000000000000000 ) ) ;
#995 = DIRECTION ( 'NONE',  ( 0.000000000000000000, 0.000000000000000000, 1.000000000000000000 ) ) ;
#996 = ORIENTED_EDGE ( 'NONE', *, *, #3121, .T. ) ;
#997 = EDGE_CURVE ( 'NONE', #2342, #2561, #2652, .T. ) ;
#998 = CARTESIAN_POINT ( 'NONE',  ( -0.07131769315040099866, -0.03320461028009080023, 0.000000000000000000 ) ) ;
#999 = CARTESIAN_POINT ( 'NONE',  ( 0.01734652343878790096, 0.004265520187561545364, 0.000000000000000000 ) ) ;
#1000 = ORIENTED_EDGE ( 'NONE', *, *, #146, .F. ) ;
#1001 = ADVANCED_FACE ( 'NONE', ( #1904 ), #1137, .F. ) ;
#1002 = ORIENTED_EDGE ( 'NONE', *, *, #2140, .T. ) ;
#1003 = AXIS2_PLACEMENT_3D ( 'NONE', #119, #3014, #795 ) ;
#1004 = ORIENTED_EDGE ( 'NONE', *, *, #2597, .T. ) ;
#1005 = LINE ( 'NONE', #1783, #2510 ) ;
#1006 = DIRECTION ( 'NONE',  ( 0.000000000000000000, 0.000000000000000000, 1.000000000000000000 ) ) ;
#1007 = CARTESIAN_POINT ( 'NONE',  ( 0.02211358888552574994, 0.05579428580348060052, 0.000000000000000000 ) ) ;
#1008 = CARTESIAN_POINT ( 'NONE',  ( -0.05587259272256817760, -0.04030602789171797151, -0.007000000000000000146 ) ) ;
#1009 = DIRECTION ( 'NONE',  ( -1.000000000000000000, 0.000000000000000000, 0.000000000000000000 ) ) ;
#1010 = DIRECTION ( 'NONE',  ( -1.000000000000000000, 0.000000000000000000, 0.000000000000000000 ) ) ;
#1011 = VERTEX_POINT ( 'NONE', #3111 ) ;
#1012 = CARTESIAN_POINT ( 'NONE',  ( -0.03153189070996530174, -0.06614672990430821298, 0.000000000000000000 ) ) ;
#1013 = DIRECTION ( 'NONE',  ( 0.000000000000000000, 0.000000000000000000, 1.000000000000000000 ) ) ;
#1014 = ORIENTED_EDGE ( 'NONE', *, *, #1122, .T. ) ;
#1015 = AXIS2_PLACEMENT_3D ( 'NONE', #495, #1174, #2922 ) ;
#1016 = VERTEX_POINT ( 'NONE', #1875 ) ;
#1017 = ADVANCED_FACE ( 'NONE', ( #695 ), #1677, .F. ) ;
#1018 = EDGE_LOOP ( 'NONE', ( #556, #738, #1255, #658 ) ) ;
#1019 = DIRECTION ( 'NONE',  ( -1.000000000000000000, 0.000000000000000000, 0.000000000000000000 ) ) ;
#1020 = DIRECTION ( 'NONE',  ( 0.000000000000000000, -1.000000000000000000, 0.000000000000000000 ) ) ;
#1021 = CARTESIAN_POINT ( 'NONE',  ( -0.07131769314854290165, 0.05679538971991189567, 0.003000000000000000062 ) ) ;
#1022 = DIRECTION ( 'NONE',  ( 0.000000000000000000, 0.000000000000000000, 1.000000000000000000 ) ) ;
#1023 = CARTESIAN_POINT ( 'NONE',  ( -0.05887259272256816639, -0.04030602789171797151, 0.000000000000000000 ) ) ;
#1024 = VERTEX_POINT ( 'NONE', #2979 ) ;
#1025 = EDGE_CURVE ( 'NONE', #1256, #1963, #1215, .T. ) ;
#1026 = LINE ( 'NONE', #2009, #2731 ) ;
#1027 = VECTOR ( 'NONE', #994, 1.000000000000000000 ) ;
#1028 = PLANE ( 'NONE',  #786 ) ;
#1029 = ORIENTED_EDGE ( 'NONE', *, *, #756, .F. ) ;
#1030 = VERTEX_POINT ( 'NONE', #3187 ) ;
#1031 = ORIENTED_EDGE ( 'NONE', *, *, #2280, .T. ) ;
#1032 = CARTESIAN_POINT ( 'NONE',  ( 0.08739650441164650840, 0.1197375093400112056, 0.000000000000000000 ) ) ;
#1033 = CIRCLE ( 'NONE', #300, 0.001500000000008896994 ) ;
#1034 = EDGE_CURVE ( 'NONE', #1960, #2356, #1515, .T. ) ;
#1035 = VECTOR ( 'NONE', #3008, 1.000000000000000000 ) ;
#1036 = APPLICATION_PROTOCOL_DEFINITION ( 'draft international standard', 'automotive_design', 1998, #3020 ) ;
#1037 = AXIS2_PLACEMENT_3D ( 'NONE', #3108, #1160, #1902 ) ;
#1038 = CARTESIAN_POINT ( 'NONE',  ( -0.03131769314916309915, 0.1267953897178470124, 0.000000000000000000 ) ) ;
#1039 = CARTESIAN_POINT ( 'NONE',  ( 0.06793589045810910498, -0.01092819105816529926, 0.003000000000000000062 ) ) ;
#1040 = DIRECTION ( 'NONE',  ( -1.000000000000000000, 0.000000000000000000, 0.000000000000000000 ) ) ;
#1041 = DIRECTION ( 'NONE',  ( -0.000000000000000000, -0.000000000000000000, 1.000000000000000000 ) ) ;
#1042 = ORIENTED_EDGE ( 'NONE', *, *, #2242, .T. ) ;
#1043 = FACE_OUTER_BOUND ( 'NONE', #217, .T. ) ;
#1044 = AXIS2_PLACEMENT_3D ( 'NONE', #2585, #3039, #1815 ) ;
#1045 = CARTESIAN_POINT ( 'NONE',  ( -0.03649844776576580130, 0.07681453402145960174, 0.000000000000000000 ) ) ;
#1046 = ORIENTED_EDGE ( 'NONE', *, *, #1300, .F. ) ;
#1047 = EDGE_LOOP ( 'NONE', ( #1330, #678, #3066, #2805 ) ) ;
#1048 = ORIENTED_EDGE ( 'NONE', *, *, #893, .T. ) ;
#1049 = ORIENTED_EDGE ( 'NONE', *, *, #2504, .F. ) ;
#1050 = CARTESIAN_POINT ( 'NONE',  ( 0.01734652343878790096, 0.004265520187561545364, 0.003000000000000000062 ) ) ;
#1051 = CIRCLE ( 'NONE', #1768, 0.001549999999999999295 ) ;
#1052 = LINE ( 'NONE', #2038, #2120 ) ;
#1053 = ADVANCED_FACE ( 'NONE', ( #972 ), #286, .F. ) ;
#1054 = CARTESIAN_POINT ( 'NONE',  ( -0.02295195713518664860, 0.02679538971991190024, 0.000000000000000000 ) ) ;
#1055 = LINE ( 'NONE', #3015, #1989 ) ;
#1056 = CARTESIAN_POINT ( 'NONE',  ( -0.03153189070996530174, -0.06614672990430821298, 0.003000000000000000062 ) ) ;
#1057 = ORIENTED_EDGE ( 'NONE', *, *, #1620, .T. ) ;
#1058 = ADVANCED_FACE ( 'NONE', ( #236 ), #1231, .F. ) ;
#1059 = LINE ( 'NONE', #1808, #1113 ) ;
#1060 = CARTESIAN_POINT ( 'NONE',  ( -0.05737259272256873405, 0.09389680732740945945, 0.003000000000000000062 ) ) ;
#1061 = DIRECTION ( 'NONE',  ( 0.000000000000000000, 0.000000000000000000, -1.000000000000000000 ) ) ;
#1062 = ORIENTED_EDGE ( 'NONE', *, *, #3127, .T. ) ;
#1063 = ORIENTED_EDGE ( 'NONE', *, *, #1195, .T. ) ;
#1064 = VERTEX_POINT ( 'NONE', #1021 ) ;
#1065 = VERTEX_POINT ( 'NONE', #1039 ) ;
#1066 = FACE_OUTER_BOUND ( 'NONE', #653, .T. ) ;
#1067 = EDGE_CURVE ( 'NONE', #2015, #225, #3198, .T. ) ;
#1068 = DIRECTION ( 'NONE',  ( 0.000000000000000000, 0.000000000000000000, 1.000000000000000000 ) ) ;
#1069 = DIRECTION ( 'NONE',  ( -0.000000000000000000, -0.000000000000000000, 1.000000000000000000 ) ) ;
#1070 = DIRECTION ( 'NONE',  ( -0.7277831951690642009, 0.6858072767399802094, 0.000000000000000000 ) ) ;
#1071 = DIRECTION ( 'NONE',  ( 0.000000000000000000, 0.000000000000000000, -1.000000000000000000 ) ) ;
#1072 = EDGE_CURVE ( 'NONE', #2409, #2468, #2325, .T. ) ;
#1073 = DIRECTION ( 'NONE',  ( 0.000000000000000000, 0.000000000000000000, 1.000000000000000000 ) ) ;
#1074 = DIRECTION ( 'NONE',  ( 0.000000000000000000, 0.000000000000000000, -1.000000000000000000 ) ) ;
#1075 = ORIENTED_EDGE ( 'NONE', *, *, #997, .F. ) ;
#1076 = EDGE_LOOP ( 'NONE', ( #1433, #2594, #1368, #655 ) ) ;
#1077 = VERTEX_POINT ( 'NONE', #48 ) ;
#1078 = CYLINDRICAL_SURFACE ( 'NONE', #1870, 0.001499999999999987454 ) ;
#1079 = FACE_BOUND ( 'NONE', #2881, .T. ) ;
#1080 = EDGE_CURVE ( 'NONE', #1669, #460, #926, .T. ) ;
#1081 = AXIS2_PLACEMENT_3D ( 'NONE', #2217, #2250, #730 ) ;
#1082 = CIRCLE ( 'NONE', #94, 0.001549999999999999295 ) ;
#1083 =( LENGTH_UNIT ( ) NAMED_UNIT ( * ) SI_UNIT ( $, .METRE. ) );
#1084 = CARTESIAN_POINT ( 'NONE',  ( 0.06237904658270650160, -0.01616453615483084971, 0.003000000000000000062 ) ) ;
#1085 = FACE_OUTER_BOUND ( 'NONE', #2806, .T. ) ;
#1086 = CARTESIAN_POINT ( 'NONE',  ( 0.06793589045810910498, -0.01092819105816529926, -0.007000000000000000146 ) ) ;
#1087 = DIRECTION ( 'NONE',  ( 0.000000000000000000, 0.000000000000000000, 1.000000000000000000 ) ) ;
#1088 = CARTESIAN_POINT ( 'NONE',  ( 0.09039650441164689965, 0.1197375093400112056, 0.000000000000000000 ) ) ;
#1089 = EDGE_CURVE ( 'NONE', #3186, #2495, #980, .T. ) ;
#1090 = ORIENTED_EDGE ( 'NONE', *, *, #2972, .T. ) ;
#1091 = APPLICATION_CONTEXT ( 'automotive_design' ) ;
#1092 = DIRECTION ( 'NONE',  ( -0.000000000000000000, -0.000000000000000000, 1.000000000000000000 ) ) ;
#1093 = AXIS2_PLACEMENT_3D ( 'NONE', #2887, #3161, #961 ) ;
#1094 = EDGE_CURVE ( 'NONE', #2187, #776, #2783, .T. ) ;
#1095 = EDGE_LOOP ( 'NONE', ( #3178, #2854, #6, #536 ) ) ;
#1096 = CARTESIAN_POINT ( 'NONE',  ( 0.09386306146744580192, -0.02322375458576559845, 0.000000000000000000 ) ) ;
#1097 = FACE_BOUND ( 'NONE', #1155, .T. ) ;
#1098 = EDGE_CURVE ( 'NONE', #798, #2043, #781, .T. ) ;
#1099 = VERTEX_POINT ( 'NONE', #2004 ) ;
#1100 = CIRCLE ( 'NONE', #1715, 0.001500000000000001332 ) ;
#1101 = CARTESIAN_POINT ( 'NONE',  ( 0.08868230685083990095, -0.07320461028215301258, 0.000000000000000000 ) ) ;
#1102 = CARTESIAN_POINT ( 'NONE',  ( -0.03131769314916309915, 0.1267953897178470124, 0.003000000000000000062 ) ) ;
#1103 = CARTESIAN_POINT ( 'NONE',  ( 0.1286823068508400059, -0.03320461028215299787, 0.003000000000000000062 ) ) ;
#1104 = CARTESIAN_POINT ( 'NONE',  ( 0.02713230685083994898, 0.09786218662219439701, 0.000000000000000000 ) ) ;
#1105 = LINE ( 'NONE', #864, #1391 ) ;
#1106 = LINE ( 'NONE', #3063, #47 ) ;
#1107 = VERTEX_POINT ( 'NONE', #2025 ) ;
#1108 = VERTEX_POINT ( 'NONE', #501 ) ;
#1109 = DIRECTION ( 'NONE',  ( 0.000000000000000000, 0.000000000000000000, -1.000000000000000000 ) ) ;
#1110 = FACE_OUTER_BOUND ( 'NONE', #1243, .T. ) ;
#1111 = EDGE_CURVE ( 'NONE', #932, #2131, #1900, .T. ) ;
#1112 = ORIENTED_EDGE ( 'NONE', *, *, #2311, .T. ) ;
#1113 = VECTOR ( 'NONE', #52, 1.000000000000000000 ) ;
#1114 = VECTOR ( 'NONE', #2502, 1.000000000000000000 ) ;
#1115 = CARTESIAN_POINT ( 'NONE',  ( -0.03131769314916120484, -0.07320461028215180521, 0.003000000000000000062 ) ) ;
#1116 = DIRECTION ( 'NONE',  ( 0.000000000000000000, 0.000000000000000000, 1.000000000000000000 ) ) ;
#1117 = DIRECTION ( 'NONE',  ( 0.7071067811866490471, -0.7071067811864459873, 0.000000000000000000 ) ) ;
#1118 = DIRECTION ( 'NONE',  ( 0.000000000000000000, 0.000000000000000000, 1.000000000000000000 ) ) ;
#1119 = ORIENTED_EDGE ( 'NONE', *, *, #2770, .T. ) ;
#1120 = CYLINDRICAL_SURFACE ( 'NONE', #3148, 0.001500000000000209499 ) ;
#1121 = CARTESIAN_POINT ( 'NONE',  ( 0.09428372446040418631, -0.05925950985556133893, -0.007000000000000000146 ) ) ;
#1122 = EDGE_CURVE ( 'NONE', #1735, #945, #2340, .T. ) ;
#1123 = AXIS2_PLACEMENT_3D ( 'NONE', #1212, #762, #2732 ) ;
#1124 = ORIENTED_EDGE ( 'NONE', *, *, #232, .T. ) ;
#1125 = VERTEX_POINT ( 'NONE', #29 ) ;
#1126 = FACE_OUTER_BOUND ( 'NONE', #2598, .T. ) ;
#1127 = FACE_BOUND ( 'NONE', #1655, .T. ) ;
#1128 = ORIENTED_EDGE ( 'NONE', *, *, #1772, .T. ) ;
#1129 = ORIENTED_EDGE ( 'NONE', *, *, #2099, .T. ) ;
#1130 = AXIS2_PLACEMENT_3D ( 'NONE', #1876, #640, #1138 ) ;
#1131 = EDGE_CURVE ( 'NONE', #2131, #602, #1970, .T. ) ;
#1132 = LINE ( 'NONE', #428, #356 ) ;
#1133 = CIRCLE ( 'NONE', #2477, 0.001549999999999999295 ) ;
#1134 = CARTESIAN_POINT ( 'NONE',  ( -0.03303189070997419874, -0.06614672990430821298, 0.003000000000000000062 ) ) ;
#1135 = ORIENTED_EDGE ( 'NONE', *, *, #1955, .F. ) ;
#1136 = AXIS2_PLACEMENT_3D ( 'NONE', #3048, #2319, #2046 ) ;
#1137 = PLANE ( 'NONE',  #2736 ) ;
#1138 = DIRECTION ( 'NONE',  ( 1.000000000000000000, 0.000000000000000000, 0.000000000000000000 ) ) ;
#1139 = AXIS2_PLACEMENT_3D ( 'NONE', #3094, #1327, #3076 ) ;
#1140 = ORIENTED_EDGE ( 'NONE', *, *, #3033, .T. ) ;
#1141 = ORIENTED_EDGE ( 'NONE', *, *, #1417, .T. ) ;
#1142 = CARTESIAN_POINT ( 'NONE',  ( -0.02135195713518665134, 0.02679538971991190024, 0.000000000000000000 ) ) ;
#1143 = DIRECTION ( 'NONE',  ( 0.000000000000000000, 0.000000000000000000, 1.000000000000000000 ) ) ;
#1144 = ORIENTED_EDGE ( 'NONE', *, *, #1634, .F. ) ;
#1145 = VERTEX_POINT ( 'NONE', #709 ) ;
#1146 = CARTESIAN_POINT ( 'NONE',  ( -0.06425981277132240821, -0.03341880784295089835, 0.000000000000000000 ) ) ;
#1147 = CARTESIAN_POINT ( 'NONE',  ( -0.04945195713518669989, 0.01866538971991190191, 0.003000000000000000062 ) ) ;
#1148 = EDGE_LOOP ( 'NONE', ( #2418, #784, #1996, #913 ) ) ;
#1149 = ADVANCED_FACE ( 'NONE', ( #2506 ), #2999, .F. ) ;
#1150 = CYLINDRICAL_SURFACE ( 'NONE', #2011, 0.001500000000000001332 ) ;
#1151 = FACE_OUTER_BOUND ( 'NONE', #2665, .T. ) ;
#1152 = FACE_OUTER_BOUND ( 'NONE', #51, .T. ) ;
#1153 = VERTEX_POINT ( 'NONE', #1276 ) ;
#1154 = LINE ( 'NONE', #3176, #2852 ) ;
#1155 = EDGE_LOOP ( 'NONE', ( #2867, #2756, #1906 ) ) ;
#1156 = EDGE_LOOP ( 'NONE', ( #1865, #2469, #2036, #35 ) ) ;
#1157 = ADVANCED_FACE ( 'NONE', ( #1486 ), #766, .F. ) ;
#1158 = FACE_OUTER_BOUND ( 'NONE', #2716, .T. ) ;
#1159 = VECTOR ( 'NONE', #2072, 0.9999999999999998890 ) ;
#1160 = DIRECTION ( 'NONE',  ( 0.000000000000000000, 0.000000000000000000, 1.000000000000000000 ) ) ;
#1161 = EDGE_LOOP ( 'NONE', ( #2370, #376, #1141, #637 ) ) ;
#1162 = CARTESIAN_POINT ( 'NONE',  ( -0.03649844776576580130, -0.02322375458576559845, 0.000000000000000000 ) ) ;
#1163 = CARTESIAN_POINT ( 'NONE',  ( -0.07131769315040099866, -0.03320461028009080023, 0.003000000000000000062 ) ) ;
#1164 = CIRCLE ( 'NONE', #862, 0.001599999999999997258 ) ;
#1165 = ORIENTED_EDGE ( 'NONE', *, *, #135, .F. ) ;
#1166 = EDGE_CURVE ( 'NONE', #1780, #2135, #807, .T. ) ;
#1167 = CARTESIAN_POINT ( 'NONE',  ( 0.09236306146744580059, -0.02322375458576559845, 0.003000000000000000062 ) ) ;
#1168 = VERTEX_POINT ( 'NONE', #1054 ) ;
#1169 = CARTESIAN_POINT ( 'NONE',  ( -0.06275981277131249814, 0.08700958727864489817, 0.000000000000000000 ) ) ;
#1170 = AXIS2_PLACEMENT_3D ( 'NONE', #1012, #2483, #2511 ) ;
#1171 = ORIENTED_EDGE ( 'NONE', *, *, #2413, .F. ) ;
#1172 = VECTOR ( 'NONE', #3184, 1.000000000000000000 ) ;
#1173 = ORIENTED_EDGE ( 'NONE', *, *, #153, .T. ) ;
#1174 = DIRECTION ( 'NONE',  ( 0.000000000000000000, 0.000000000000000000, -1.000000000000000000 ) ) ;
#1175 = AXIS2_PLACEMENT_3D ( 'NONE', #1504, #1263, #1695 ) ;
#1176 = CARTESIAN_POINT ( 'NONE',  ( 0.1286823068508400059, -0.03320461028215299787, 0.003000000000000000062 ) ) ;
#1177 = CARTESIAN_POINT ( 'NONE',  ( 0.09428372446040197974, 0.1128502892912553457, 0.003000000000000000062 ) ) ;
#1178 = ORIENTED_EDGE ( 'NONE', *, *, #1227, .T. ) ;
#1179 = CIRCLE ( 'NONE', #2321, 0.001500000000000209499 ) ;
#1180 = AXIS2_PLACEMENT_3D ( 'NONE', #1728, #1936, #2702 ) ;
#1181 = LINE ( 'NONE', #2666, #616 ) ;
#1182 = DIRECTION ( 'NONE',  ( 0.000000000000000000, 0.000000000000000000, 1.000000000000000000 ) ) ;
#1183 = AXIS2_PLACEMENT_3D ( 'NONE', #1635, #955, #2928 ) ;
#1184 = VERTEX_POINT ( 'NONE', #1321 ) ;
#1185 = AXIS2_PLACEMENT_3D ( 'NONE', #335, #3044, #2539 ) ;
#1186 = CARTESIAN_POINT ( 'NONE',  ( 0.03960771026244570142, 0.02679538971784725318, -0.007000000000000000146 ) ) ;
#1187 = EDGE_CURVE ( 'NONE', #1099, #150, #1293, .T. ) ;
#1188 = ADVANCED_FACE ( 'NONE', ( #3028 ), #564, .F. ) ;
#1189 = CARTESIAN_POINT ( 'NONE',  ( 0.02713230685083994898, 0.09786218662219439701, 0.003000000000000000062 ) ) ;
#1190 = VECTOR ( 'NONE', #1118, 1.000000000000000000 ) ;
#1191 = EDGE_LOOP ( 'NONE', ( #817, #3119, #3133 ) ) ;
#1192 = EDGE_LOOP ( 'NONE', ( #2295, #2674, #588, #511 ) ) ;
#1193 = EDGE_CURVE ( 'NONE', #2449, #1960, #2551, .T. ) ;
#1194 = LINE ( 'NONE', #2939, #388 ) ;
#1195 = EDGE_CURVE ( 'NONE', #3070, #1412, #319, .T. ) ;
#1196 = VECTOR ( 'NONE', #1238, 1.000000000000000000 ) ;
#1197 = CARTESIAN_POINT ( 'NONE',  ( 0.08889650441164670402, -0.06614672990431730293, 0.003000000000000000062 ) ) ;
#1198 = FACE_BOUND ( 'NONE', #2143, .T. ) ;
#1199 = VERTEX_POINT ( 'NONE', #1101 ) ;
#1200 = DIRECTION ( 'NONE',  ( 0.000000000000000000, 0.000000000000000000, 1.000000000000000000 ) ) ;
#1201 = DIRECTION ( 'NONE',  ( -0.000000000000000000, -0.000000000000000000, 1.000000000000000000 ) ) ;
#1202 = DIRECTION ( 'NONE',  ( 0.000000000000000000, 1.000000000000000000, 0.000000000000000000 ) ) ;
#1203 = ORIENTED_EDGE ( 'NONE', *, *, #1929, .T. ) ;
#1204 = CIRCLE ( 'NONE', #2959, 0.001499999999999668265 ) ;
#1205 = EDGE_CURVE ( 'NONE', #789, #1925, #1974, .T. ) ;
#1206 = CARTESIAN_POINT ( 'NONE',  ( 0.1286823068508392010, 0.05679538971784699880, 0.000000000000000000 ) ) ;
#1207 = LINE ( 'NONE', #2386, #152 ) ;
#1208 = ORIENTED_EDGE ( 'NONE', *, *, #2197, .F. ) ;
#1209 = ORIENTED_EDGE ( 'NONE', *, *, #2846, .F. ) ;
#1210 = EDGE_LOOP ( 'NONE', ( #1893, #2651 ) ) ;
#1211 = DIRECTION ( 'NONE',  ( 1.000000000000000000, 0.000000000000000000, 0.000000000000000000 ) ) ;
#1212 = CARTESIAN_POINT ( 'NONE',  ( 0.1216244264730040048, -0.03341880784296014789, 0.003000000000000000062 ) ) ;
#1213 = CARTESIAN_POINT ( 'NONE',  ( -0.06425981277132240821, -0.03341880784295089835, 0.000000000000000000 ) ) ;
#1214 = ORIENTED_EDGE ( 'NONE', *, *, #418, .T. ) ;
#1215 = LINE ( 'NONE', #1503, #405 ) ;
#1216 = CARTESIAN_POINT ( 'NONE',  ( 0.08183563974633691063, 0.02679538971784705195, 0.000000000000000000 ) ) ;
#1217 = LINE ( 'NONE', #2981, #2941 ) ;
#1218 = ORIENTED_EDGE ( 'NONE', *, *, #382, .T. ) ;
#1219 = FACE_OUTER_BOUND ( 'NONE', #2522, .T. ) ;
#1220 = VECTOR ( 'NONE', #613, 1.000000000000000000 ) ;
#1221 = CARTESIAN_POINT ( 'NONE',  ( 0.1286823068508390067, -0.03320461028215569710, 0.000000000000000000 ) ) ;
#1222 = EDGE_CURVE ( 'NONE', #1125, #2050, #1051, .T. ) ;
#1223 = VERTEX_POINT ( 'NONE', #548 ) ;
#1224 = ORIENTED_EDGE ( 'NONE', *, *, #2846, .T. ) ;
#1225 = ORIENTED_EDGE ( 'NONE', *, *, #1195, .F. ) ;
#1226 = CARTESIAN_POINT ( 'NONE',  ( -0.01057127675721129985, 0.06451897049304880505, 0.003000000000000000062 ) ) ;
#1227 = EDGE_CURVE ( 'NONE', #173, #412, #1393, .T. ) ;
#1228 = CARTESIAN_POINT ( 'NONE',  ( 0.1147372064242470346, 0.09389680732741106928, 0.000000000000000000 ) ) ;
#1229 = PLANE ( 'NONE',  #336 ) ;
#1230 = ORIENTED_EDGE ( 'NONE', *, *, #72, .T. ) ;
#1231 = CYLINDRICAL_SURFACE ( 'NONE', #2065, 0.001500000000008900464 ) ;
#1232 = CARTESIAN_POINT ( 'NONE',  ( 0.09728372446040418897, -0.05925950985556133893, 0.003000000000000000062 ) ) ;
#1233 = CARTESIAN_POINT ( 'NONE',  ( -0.07131769314731559173, -0.03320461028215574567, 0.003000000000000000062 ) ) ;
#1234 = MANIFOLD_SOLID_BREP ( 'Cut-Extrude1', #2163 ) ;
#1235 = ORIENTED_EDGE ( 'NONE', *, *, #869, .T. ) ;
#1236 = EDGE_CURVE ( 'NONE', #672, #2445, #2803, .T. ) ;
#1237 = CARTESIAN_POINT ( 'NONE',  ( 0.1286823068508390067, 0.08679538971784969692, 0.000000000000000000 ) ) ;
#1238 = DIRECTION ( 'NONE',  ( 0.000000000000000000, 0.000000000000000000, 1.000000000000000000 ) ) ;
#1239 = AXIS2_PLACEMENT_3D ( 'NONE', #253, #1454, #521 ) ;
#1240 = VECTOR ( 'NONE', #1202, 1.000000000000000000 ) ;
#1241 = ORIENTED_EDGE ( 'NONE', *, *, #2872, .F. ) ;
#1242 = ORIENTED_EDGE ( 'NONE', *, *, #948, .T. ) ;
#1243 = EDGE_LOOP ( 'NONE', ( #2560, #1637, #803, #837, #2708, #668, #702, #2160, #197, #66, #2470, #697 ) ) ;
#1244 = DIRECTION ( 'NONE',  ( 0.000000000000000000, 0.000000000000000000, 1.000000000000000000 ) ) ;
#1245 = VECTOR ( 'NONE', #3047, 1.000000000000000000 ) ;
#1246 = CARTESIAN_POINT ( 'NONE',  ( 0.04001809026242365147, 0.04932525924836660136, 0.003000000000000000062 ) ) ;
#1247 = LINE ( 'NONE', #1007, #2146 ) ;
#1248 = ORIENTED_EDGE ( 'NONE', *, *, #379, .T. ) ;
#1249 = DIRECTION ( 'NONE',  ( -1.000000000000000000, 0.000000000000000000, 0.000000000000000000 ) ) ;
#1250 = CARTESIAN_POINT ( 'NONE',  ( -0.05887259272256871456, 0.09389680732740945945, 0.000000000000000000 ) ) ;
#1251 = CARTESIAN_POINT ( 'NONE',  ( 0.08889650441164670402, -0.06614672990431730293, 0.000000000000000000 ) ) ;
#1252 = ORIENTED_EDGE ( 'NONE', *, *, #1563, .F. ) ;
#1253 = CYLINDRICAL_SURFACE ( 'NONE', #2153, 0.001599999999999997258 ) ;
#1254 = LINE ( 'NONE', #2986, #259 ) ;
#1255 = ORIENTED_EDGE ( 'NONE', *, *, #2375, .T. ) ;
#1256 = VERTEX_POINT ( 'NONE', #2830 ) ;
#1257 = ORIENTED_EDGE ( 'NONE', *, *, #2482, .T. ) ;
#1258 = DIRECTION ( 'NONE',  ( 0.000000000000000000, 0.000000000000000000, 1.000000000000000000 ) ) ;
#1259 = CARTESIAN_POINT ( 'NONE',  ( 0.04001809026242365147, 0.04932525924836660136, 0.003000000000000000062 ) ) ;
#1260 = EDGE_CURVE ( 'NONE', #629, #2546, #2599, .T. ) ;
#1261 = CARTESIAN_POINT ( 'NONE',  ( 0.08739650441164650840, -0.06614672990431730293, 0.003000000000000000062 ) ) ;
#1262 = DIRECTION ( 'NONE',  ( 1.000000000000000000, 0.000000000000000000, 0.000000000000000000 ) ) ;
#1263 = DIRECTION ( 'NONE',  ( 0.000000000000000000, 0.000000000000000000, 1.000000000000000000 ) ) ;
#1264 = DIRECTION ( 'NONE',  ( -0.6858072767399797653, 0.7277831951690647561, 0.000000000000000000 ) ) ;
#1265 = ORIENTED_EDGE ( 'NONE', *, *, #1812, .T. ) ;
#1266 = FACE_OUTER_BOUND ( 'NONE', #1685, .T. ) ;
#1267 = DIRECTION ( 'NONE',  ( 0.000000000000000000, 0.000000000000000000, 1.000000000000000000 ) ) ;
#1268 = ADVANCED_FACE ( 'NONE', ( #365 ), #1355, .F. ) ;
#1269 = EDGE_LOOP ( 'NONE', ( #369, #3174, #1497, #1891 ) ) ;
#1270 = CIRCLE ( 'NONE', #754, 0.001499999999999668265 ) ;
#1271 = VERTEX_POINT ( 'NONE', #2764 ) ;
#1272 = ORIENTED_EDGE ( 'NONE', *, *, #779, .T. ) ;
#1273 = LINE ( 'NONE', #1050, #1730 ) ;
#1274 = AXIS2_PLACEMENT_3D ( 'NONE', #1930, #2489, #1672 ) ;
#1275 = CARTESIAN_POINT ( 'NONE',  ( 0.007144318368152009942, 0.05952746431835009844, -0.007000000000000000146 ) ) ;
#1276 = CARTESIAN_POINT ( 'NONE',  ( 0.1286823068508390067, -0.03320461028215569710, 0.003000000000000000062 ) ) ;
#1277 = DIRECTION ( 'NONE',  ( -2.064845683574855091E-11, 1.000000000000000000, 0.000000000000000000 ) ) ;
#1278 = LINE ( 'NONE', #2286, #3199 ) ;
#1279 = VERTEX_POINT ( 'NONE', #1853 ) ;
#1280 = CARTESIAN_POINT ( 'NONE',  ( -0.03691911075872425507, 0.1128502892912543326, -0.007000000000000000146 ) ) ;
#1281 = CIRCLE ( 'NONE', #506, 0.001600000000000000727 ) ;
#1282 = LINE ( 'NONE', #54, #631 ) ;
#1283 = ORIENTED_EDGE ( 'NONE', *, *, #2095, .F. ) ;
#1284 = ORIENTED_EDGE ( 'NONE', *, *, #2130, .F. ) ;
#1285 = ORIENTED_EDGE ( 'NONE', *, *, #3049, .T. ) ;
#1286 = LINE ( 'NONE', #8, #1931 ) ;
#1287 = CIRCLE ( 'NONE', #3096, 0.001500000000000001332 ) ;
#1288 = EDGE_CURVE ( 'NONE', #196, #1440, #3115, .T. ) ;
#1289 = AXIS2_PLACEMENT_3D ( 'NONE', #69, #1328, #1841 ) ;
#1290 = EDGE_CURVE ( 'NONE', #1108, #663, #109, .T. ) ;
#1291 = DIRECTION ( 'NONE',  ( 1.000000000000000000, 0.000000000000000000, 0.000000000000000000 ) ) ;
#1292 = DIRECTION ( 'NONE',  ( 0.000000000000000000, 0.000000000000000000, 1.000000000000000000 ) ) ;
#1293 = LINE ( 'NONE', #1774, #638 ) ;
#1294 = PLANE ( 'NONE',  #1689 ) ;
#1295 = DIRECTION ( 'NONE',  ( 0.000000000000000000, 0.000000000000000000, 1.000000000000000000 ) ) ;
#1296 = ORIENTED_EDGE ( 'NONE', *, *, #592, .T. ) ;
#1297 = CYLINDRICAL_SURFACE ( 'NONE', #2297, 0.001500000000008893525 ) ;
#1298 = PLANE ( 'NONE',  #414 ) ;
#1299 = CARTESIAN_POINT ( 'NONE',  ( -0.01057127675744118020, 0.07565227487821950259, -0.007000000000000000146 ) ) ;
#1300 = EDGE_CURVE ( 'NONE', #1734, #2259, #1204, .T. ) ;
#1301 = EDGE_LOOP ( 'NONE', ( #2982, #2500, #1781, #1619 ) ) ;
#1302 = ORIENTED_EDGE ( 'NONE', *, *, #232, .F. ) ;
#1303 = EDGE_LOOP ( 'NONE', ( #2937, #2847 ) ) ;
#1304 = LINE ( 'NONE', #2990, #1035 ) ;
#1305 = VECTOR ( 'NONE', #88, 1.000000000000000000 ) ;
#1306 = EDGE_CURVE ( 'NONE', #57, #1734, #1845, .T. ) ;
#1307 = DIRECTION ( 'NONE',  ( 0.000000000000000000, 0.000000000000000000, 1.000000000000000000 ) ) ;
#1308 = CARTESIAN_POINT ( 'NONE',  ( 0.06793589045810910498, 0.07565227487903010417, -0.007000000000000000146 ) ) ;
#1309 = CARTESIAN_POINT ( 'NONE',  ( 0.09528003439389379214, 0.02679538971784705195, 0.000000000000000000 ) ) ;
#1310 = CARTESIAN_POINT ( 'NONE',  ( 0.1147372064242470346, 0.09389680732741106928, -0.007000000000000000146 ) ) ;
#1311 = DIRECTION ( 'NONE',  ( 1.000000000000000000, 0.000000000000000000, 0.000000000000000000 ) ) ;
#1312 = CARTESIAN_POINT ( 'NONE',  ( 0.06793589045810910498, 0.000000000000000000, 0.000000000000000000 ) ) ;
#1313 = CARTESIAN_POINT ( 'NONE',  ( 0.02868230685083850151, -0.05205333656652130075, 0.000000000000000000 ) ) ;
#1314 = VERTEX_POINT ( 'NONE', #2112 ) ;
#1315 = ORIENTED_EDGE ( 'NONE', *, *, #244, .T. ) ;
#1316 = EDGE_CURVE ( 'NONE', #1544, #2970, #62, .T. ) ;
#1317 = EDGE_LOOP ( 'NONE', ( #1980, #2063, #681, #2604 ) ) ;
#1318 = LINE ( 'NONE', #1626, #682 ) ;
#1319 = FACE_BOUND ( 'NONE', #1719, .T. ) ;
#1320 = ADVANCED_FACE ( 'NONE', ( #328 ), #1078, .F. ) ;
#1321 = CARTESIAN_POINT ( 'NONE',  ( 0.09728372446040195465, 0.1128502892912553457, 0.003000000000000000062 ) ) ;
#1322 = CARTESIAN_POINT ( 'NONE',  ( 0.1286823068508392010, 0.05679538971784699880, 0.000000000000000000 ) ) ;
#1323 = DIRECTION ( 'NONE',  ( 0.000000000000000000, 0.000000000000000000, 1.000000000000000000 ) ) ;
#1324 = CARTESIAN_POINT ( 'NONE',  ( -0.03131769314916309915, 0.1267953897178470124, 0.003000000000000000062 ) ) ;
#1325 = VECTOR ( 'NONE', #2662, 1.000000000000000000 ) ;
#1326 = EDGE_CURVE ( 'NONE', #2468, #2409, #2491, .T. ) ;
#1327 = DIRECTION ( 'NONE',  ( 0.000000000000000000, 0.000000000000000000, 1.000000000000000000 ) ) ;
#1328 = DIRECTION ( 'NONE',  ( 0.000000000000000000, 0.000000000000000000, 1.000000000000000000 ) ) ;
#1329 = EDGE_CURVE ( 'NONE', #2677, #3140, #1334, .T. ) ;
#1330 = ORIENTED_EDGE ( 'NONE', *, *, #2910, .T. ) ;
#1331 = CYLINDRICAL_SURFACE ( 'NONE', #1849, 0.001499999999999987454 ) ;
#1332 = VECTOR ( 'NONE', #1201, 1.000000000000000000 ) ;
#1333 = EDGE_LOOP ( 'NONE', ( #2152, #2183, #2388, #3162 ) ) ;
#1334 = LINE ( 'NONE', #589, #2291 ) ;
#1335 = DIRECTION ( 'NONE',  ( -1.000000000000000000, -2.064813349579189916E-11, 0.000000000000000000 ) ) ;
#1336 = ORIENTED_EDGE ( 'NONE', *, *, #1978, .F. ) ;
#1337 = AXIS2_PLACEMENT_3D ( 'NONE', #17, #785, #2255 ) ;
#1338 = CIRCLE ( 'NONE', #1183, 0.01092540341160727971 ) ;
#1339 = VECTOR ( 'NONE', #1821, 1.000000000000000000 ) ;
#1340 = DIRECTION ( 'NONE',  ( -0.000000000000000000, 1.000000000000000000, 0.000000000000000000 ) ) ;
#1341 = CARTESIAN_POINT ( 'NONE',  ( -0.02135195713518665134, 0.02679538971991190024, -0.007000000000000000146 ) ) ;
#1342 = EDGE_CURVE ( 'NONE', #2693, #1184, #1318, .T. ) ;
#1343 = CARTESIAN_POINT ( 'NONE',  ( 0.1286823068508392010, -0.003204610282153005051, 0.000000000000000000 ) ) ;
#1344 = LINE ( 'NONE', #2060, #988 ) ;
#1345 = CARTESIAN_POINT ( 'NONE',  ( -0.004653584492965739949, 0.004653584492964400743, 0.000000000000000000 ) ) ;
#1346 = EDGE_CURVE ( 'NONE', #2546, #629, #1100, .T. ) ;
#1347 = ORIENTED_EDGE ( 'NONE', *, *, #1396, .F. ) ;
#1348 = AXIS2_PLACEMENT_3D ( 'NONE', #361, #2093, #2874 ) ;
#1349 = ORIENTED_EDGE ( 'NONE', *, *, #2972, .F. ) ;
#1350 = DIRECTION ( 'NONE',  ( 1.000000000000000000, 0.000000000000000000, 0.000000000000000000 ) ) ;
#1351 = CARTESIAN_POINT ( 'NONE',  ( 0.1216244264730040048, -0.03341880784296014789, 0.000000000000000000 ) ) ;
#1352 = ORIENTED_EDGE ( 'NONE', *, *, #2605, .F. ) ;
#1353 = AXIS2_PLACEMENT_3D ( 'NONE', #1550, #2537, #63 ) ;
#1354 = EDGE_CURVE ( 'NONE', #1184, #529, #1509, .T. ) ;
#1355 = PLANE ( 'NONE',  #1003 ) ;
#1356 = LINE ( 'NONE', #1601, #713 ) ;
#1357 = PLANE ( 'NONE',  #981 ) ;
#1358 = CARTESIAN_POINT ( 'NONE',  ( -0.06275981277131249814, 0.08700958727864489817, 0.000000000000000000 ) ) ;
#1359 = VERTEX_POINT ( 'NONE', #2807 ) ;
#1360 = DIRECTION ( 'NONE',  ( 0.000000000000000000, 0.000000000000000000, -1.000000000000000000 ) ) ;
#1361 = FACE_OUTER_BOUND ( 'NONE', #2380, .T. ) ;
#1362 = CARTESIAN_POINT ( 'NONE',  ( -0.07131769314854290165, 0.05679538971991189567, 0.003000000000000000062 ) ) ;
#1364 = EDGE_LOOP ( 'NONE', ( #1675, #1004, #1042, #2436 ) ) ;
#1363 = EDGE_CURVE ( 'NONE', #2904, #2468, #2327, .T. ) ;
#1365 = DIRECTION ( 'NONE',  ( 0.000000000000000000, 0.000000000000000000, 1.000000000000000000 ) ) ;
#1366 = DIRECTION ( 'NONE',  ( 0.000000000000000000, 0.000000000000000000, -1.000000000000000000 ) ) ;
#1367 = VERTEX_POINT ( 'NONE', #2082 ) ;
#1368 = ORIENTED_EDGE ( 'NONE', *, *, #1034, .T. ) ;
#1369 = CARTESIAN_POINT ( 'NONE',  ( -0.07131769315040099866, -0.03320461028009080023, 0.003000000000000000062 ) ) ;
#1370 = CARTESIAN_POINT ( 'NONE',  ( 0.02868230685083850151, -0.05205333656652130075, 0.000000000000000000 ) ) ;
#1371 = EDGE_LOOP ( 'NONE', ( #2767, #1296, #2580, #1225 ) ) ;
#1372 = DIRECTION ( 'NONE',  ( 0.000000000000000000, 0.000000000000000000, 1.000000000000000000 ) ) ;
#1373 = DIRECTION ( 'NONE',  ( 0.000000000000000000, 1.000000000000000000, 0.000000000000000000 ) ) ;
#1374 = ORIENTED_EDGE ( 'NONE', *, *, #1634, .T. ) ;
#1375 = ORIENTED_EDGE ( 'NONE', *, *, #2577, .T. ) ;
#1376 = CARTESIAN_POINT ( 'NONE',  ( 0.09386306146744580192, -0.02322375458576559845, 0.000000000000000000 ) ) ;
#1377 = DIRECTION ( 'NONE',  ( 0.000000000000000000, 0.000000000000000000, 1.000000000000000000 ) ) ;
#1378 = PRODUCT ( 'enigma cf plate top', 'enigma cf plate top', '', ( #26 ) ) ;
#1379 = ADVANCED_FACE ( 'NONE', ( #1126 ), #2357, .F. ) ;
#1380 = ORIENTED_EDGE ( 'NONE', *, *, #2645, .F. ) ;
#1381 = ORIENTED_EDGE ( 'NONE', *, *, #1834, .T. ) ;
#1382 = ADVANCED_FACE ( 'NONE', ( #393 ), #1560, .F. ) ;
#1383 = VECTOR ( 'NONE', #2700, 1.000000000000000000 ) ;
#1384 = FACE_OUTER_BOUND ( 'NONE', #540, .T. ) ;
#1385 = PLANE ( 'NONE',  #438 ) ;
#1386 = EDGE_LOOP ( 'NONE', ( #1753, #1128, #2956, #2190 ) ) ;
#1387 = PRODUCT_RELATED_PRODUCT_CATEGORY ( 'part', '', ( #1378 ) ) ;
#1388 = VECTOR ( 'NONE', #600, 1.000000000000000000 ) ;
#1389 = CARTESIAN_POINT ( 'NONE',  ( 0.05612115457961929649, -0.02206149544333594822, 0.003000000000000000062 ) ) ;
#1390 = CARTESIAN_POINT ( 'NONE',  ( 0.1162421808453889954, -0.01820461028215424742, 0.003000000000000000062 ) ) ;
#1391 = VECTOR ( 'NONE', #2595, 1.000000000000000000 ) ;
#1392 = ORIENTED_EDGE ( 'NONE', *, *, #1187, .T. ) ;
#1393 = B_SPLINE_CURVE_WITH_KNOTS ( 'NONE', 2,
 ( #829, #594, #105 ),
 .UNSPECIFIED., .F., .F.,
 ( 3, 3 ),
 ( 0.000000000000000000, 1.000000000000000000 ),
 .UNSPECIFIED. ) ;
#1394 = ORIENTED_EDGE ( 'NONE', *, *, #2095, .T. ) ;
#1395 = DIRECTION ( 'NONE',  ( -1.000000000000000000, 0.000000000000000000, 0.000000000000000000 ) ) ;
#1396 = EDGE_CURVE ( 'NONE', #2158, #2374, #1866, .T. ) ;
#1397 = DIRECTION ( 'NONE',  ( 1.000000000000000000, 0.000000000000000000, 0.000000000000000000 ) ) ;
#1398 = CIRCLE ( 'NONE', #1044, 0.01092540341160727971 ) ;
#1399 = ORIENTED_EDGE ( 'NONE', *, *, #387, .T. ) ;
#1400 = ORIENTED_EDGE ( 'NONE', *, *, #271, .T. ) ;
#1401 = EDGE_CURVE ( 'NONE', #2692, #2135, #2247, .T. ) ;
#1402 = CARTESIAN_POINT ( 'NONE',  ( -0.06425981277132240821, 0.08700958727864489817, 0.000000000000000000 ) ) ;
#1403 = DIRECTION ( 'NONE',  ( 1.000000000000000000, 0.000000000000000000, 0.000000000000000000 ) ) ;
#1404 = ORIENTED_EDGE ( 'NONE', *, *, #816, .F. ) ;
#1405 = LINE ( 'NONE', #1436, #456 ) ;
#1406 = CARTESIAN_POINT ( 'NONE',  ( 0.1201244264730041977, -0.03341880784296014789, 0.003000000000000000062 ) ) ;
#1407 = CARTESIAN_POINT ( 'NONE',  ( 0.1162421808453888011, 0.07179538971784819867, 0.003000000000000000062 ) ) ;
#1408 = ORIENTED_EDGE ( 'NONE', *, *, #2605, .T. ) ;
#1409 = CARTESIAN_POINT ( 'NONE',  ( 0.09536306146744580325, -0.02322375458576559845, 0.000000000000000000 ) ) ;
#1410 = AXIS2_PLACEMENT_3D ( 'NONE', #2768, #322, #2316 ) ;
#1411 = EDGE_LOOP ( 'NONE', ( #1470, #1248, #2307, #3170 ) ) ;
#1412 = VERTEX_POINT ( 'NONE', #2371 ) ;
#1413 = CARTESIAN_POINT ( 'NONE',  ( -0.03153189070996530174, 0.1197375093400021989, 0.000000000000000000 ) ) ;
#1414 = DIRECTION ( 'NONE',  ( 1.000000000000000000, 0.000000000000000000, 0.000000000000000000 ) ) ;
#1415 = CARTESIAN_POINT ( 'NONE',  ( -0.03131769314916309915, 0.1267953897178470124, 0.003000000000000000062 ) ) ;
#1416 = ORIENTED_EDGE ( 'NONE', *, *, #1643, .T. ) ;
#1417 = EDGE_CURVE ( 'NONE', #1489, #2346, #2051, .T. ) ;
#1418 = CARTESIAN_POINT ( 'NONE',  ( 0.02868230685083995174, -0.04427140718650034862, 0.003000000000000000062 ) ) ;
#1419 = CARTESIAN_POINT ( 'NONE',  ( 0.1286823068508390067, -0.03320461028215569710, 0.003000000000000000062 ) ) ;
#1420 = CIRCLE ( 'NONE', #28, 0.001500000000000001332 ) ;
#1421 = ORIENTED_EDGE ( 'NONE', *, *, #346, .F. ) ;
#1422 = EDGE_CURVE ( 'NONE', #460, #1669, #1398, .T. ) ;
#1423 = DIRECTION ( 'NONE',  ( -1.000000000000000000, 0.000000000000000000, 0.000000000000000000 ) ) ;
#1424 = EDGE_CURVE ( 'NONE', #2135, #221, #3053, .T. ) ;
#1425 = CARTESIAN_POINT ( 'NONE',  ( -0.04785195713518670263, 0.01866538971991190191, 0.000000000000000000 ) ) ;
#1426 = EDGE_LOOP ( 'NONE', ( #2618, #1789, #99, #257 ) ) ;
#1427 = ORIENTED_EDGE ( 'NONE', *, *, #537, .T. ) ;
#1428 = DIRECTION ( 'NONE',  ( 1.000000000000000000, 0.000000000000000000, 0.000000000000000000 ) ) ;
#1429 = FACE_OUTER_BOUND ( 'NONE', #2771, .T. ) ;
#1430 = EDGE_CURVE ( 'NONE', #2970, #1544, #992, .T. ) ;
#1431 = FACE_BOUND ( 'NONE', #1879, .T. ) ;
#1432 = UNCERTAINTY_MEASURE_WITH_UNIT (LENGTH_MEASURE( 1.000000000000000082E-05 ), #1083, 'distance_accuracy_value', 'NONE');
#1433 = ORIENTED_EDGE ( 'NONE', *, *, #252, .T. ) ;
#1434 = AXIS2_PLACEMENT_3D ( 'NONE', #2339, #112, #1609 ) ;
#1435 = VECTOR ( 'NONE', #2073, 1.000000000000000000 ) ;
#1436 = CARTESIAN_POINT ( 'NONE',  ( 0.07204167840014739921, 0.03600571373975870043, -0.007000000000000000146 ) ) ;
#1437 = CYLINDRICAL_SURFACE ( 'NONE', #1130, 0.001500000000000001332 ) ;
#1438 = VECTOR ( 'NONE', #68, 1.000000000000000000 ) ;
#1439 = CARTESIAN_POINT ( 'NONE',  ( 0.05612115457961929649, 0.07565227487903010417, 0.000000000000000000 ) ) ;
#1440 = VERTEX_POINT ( 'NONE', #1880 ) ;
#1441 = VECTOR ( 'NONE', #2018, 1.000000000000000000 ) ;
#1442 = CARTESIAN_POINT ( 'NONE',  ( -0.05737259272256817200, -0.04030602789171797151, 0.000000000000000000 ) ) ;
#1443 = EDGE_CURVE ( 'NONE', #1168, #3006, #2749, .T. ) ;
#1444 = LINE ( 'NONE', #409, #2899 ) ;
#1445 = ORIENTED_EDGE ( 'NONE', *, *, #1812, .F. ) ;
#1446 = ORIENTED_EDGE ( 'NONE', *, *, #2567, .T. ) ;
#1447 = VERTEX_POINT ( 'NONE', #912 ) ;
#1448 = CARTESIAN_POINT ( 'NONE',  ( -0.03799844776576580263, 0.07681453402145960174, 0.000000000000000000 ) ) ;
#1449 = VECTOR ( 'NONE', #1923, 1.000000000000000000 ) ;
#1450 = LINE ( 'NONE', #2443, #813 ) ;
#1451 = DIRECTION ( 'NONE',  ( 0.000000000000000000, 0.000000000000000000, 1.000000000000000000 ) ) ;
#1452 = VERTEX_POINT ( 'NONE', #212 ) ;
#1453 = ADVANCED_FACE ( 'NONE', ( #656 ), #1909, .F. ) ;
#1454 = DIRECTION ( 'NONE',  ( -0.000000000000000000, -0.000000000000000000, 1.000000000000000000 ) ) ;
#1455 = CARTESIAN_POINT ( 'NONE',  ( 0.001243459121048634151, -0.02206149544252535011, 0.003000000000000000062 ) ) ;
#1456 = DIRECTION ( 'NONE',  ( 0.000000000000000000, 0.000000000000000000, 1.000000000000000000 ) ) ;
#1457 = ORIENTED_EDGE ( 'NONE', *, *, #554, .F. ) ;
#1458 = AXIS2_PLACEMENT_3D ( 'NONE', #612, #1600, #2589 ) ;
#1459 = CARTESIAN_POINT ( 'NONE',  ( 0.1162421808453888011, 0.07179538971784819867, 0.000000000000000000 ) ) ;
#1460 = CARTESIAN_POINT ( 'NONE',  ( 0.001243459121048632200, 0.07565227487846350185, 0.000000000000000000 ) ) ;
#1461 = VERTEX_POINT ( 'NONE', #1409 ) ;
#1462 = ORIENTED_EDGE ( 'NONE', *, *, #1564, .F. ) ;
#1463 = VERTEX_POINT ( 'NONE', #1460 ) ;
#1464 = ADVANCED_FACE ( 'NONE', ( #1654 ), #2902, .F. ) ;
#1465 = EDGE_LOOP ( 'NONE', ( #2775, #3116 ) ) ;
#1466 = DIRECTION ( 'NONE',  ( 0.000000000000000000, 1.000000000000000000, 0.000000000000000000 ) ) ;
#1467 = EDGE_CURVE ( 'NONE', #1125, #1447, #1154, .T. ) ;
#1468 = CYLINDRICAL_SURFACE ( 'NONE', #2828, 0.001500000000000001332 ) ;
#1469 = FACE_BOUND ( 'NONE', #2528, .T. ) ;
#1470 = ORIENTED_EDGE ( 'NONE', *, *, #1482, .T. ) ;
#1471 = CARTESIAN_POINT ( 'NONE',  ( -0.03841911075872424947, 0.1128502892912543326, 0.000000000000000000 ) ) ;
#1472 = CYLINDRICAL_SURFACE ( 'NONE', #1175, 0.001499999999999668265 ) ;
#1473 = CARTESIAN_POINT ( 'NONE',  ( 0.09728372446040195465, 0.1128502892912553457, 0.000000000000000000 ) ) ;
#1474 = VERTEX_POINT ( 'NONE', #700 ) ;
#1475 = CARTESIAN_POINT ( 'NONE',  ( -0.07131769314731559173, 0.08679538971784969692, 0.003000000000000000062 ) ) ;
#1476 = CARTESIAN_POINT ( 'NONE',  ( 0.04001809026242365147, 0.004265520187327479992, -0.007000000000000000146 ) ) ;
#1477 = EDGE_LOOP ( 'NONE', ( #1949, #1705, #1524, #2912 ) ) ;
#1478 = EDGE_LOOP ( 'NONE', ( #508, #144, #1392, #395 ) ) ;
#1479 = ORIENTED_EDGE ( 'NONE', *, *, #3113, .F. ) ;
#1480 = DIRECTION ( 'NONE',  ( 0.000000000000000000, 0.000000000000000000, 1.000000000000000000 ) ) ;
#1481 = AXIS2_PLACEMENT_3D ( 'NONE', #1947, #1739, #2473 ) ;
#1482 = EDGE_CURVE ( 'NONE', #2920, #1595, #1668, .T. ) ;
#1483 = CARTESIAN_POINT ( 'NONE',  ( -0.07131769314915999136, 0.08679538971784700463, 0.000000000000000000 ) ) ;
#1484 = FACE_BOUND ( 'NONE', #449, .T. ) ;
#1485 = VERTEX_POINT ( 'NONE', #1683 ) ;
#1486 = FACE_OUTER_BOUND ( 'NONE', #1426, .T. ) ;
#1487 = DIRECTION ( 'NONE',  ( 0.000000000000000000, 0.000000000000000000, -1.000000000000000000 ) ) ;
#1488 = LINE ( 'NONE', #2006, #2216 ) ;
#1489 = VERTEX_POINT ( 'NONE', #1425 ) ;
#1490 = DIRECTION ( 'NONE',  ( -0.000000000000000000, -0.000000000000000000, 1.000000000000000000 ) ) ;
#1491 = CARTESIAN_POINT ( 'NONE',  ( 0.05022029533284889935, -0.005936684883100690029, -0.007000000000000000146 ) ) ;
#1492 = CIRCLE ( 'NONE', #2476, 0.001500000000000001332 ) ;
#1493 = AXIS2_PLACEMENT_3D ( 'NONE', #1056, #50, #1535 ) ;
#1494 = VERTEX_POINT ( 'NONE', #2673 ) ;
#1495 = EDGE_LOOP ( 'NONE', ( #3190, #2324 ) ) ;
#1496 = EDGE_CURVE ( 'NONE', #1024, #2017, #2415, .T. ) ;
#1497 = ORIENTED_EDGE ( 'NONE', *, *, #1914, .T. ) ;
#1498 = CARTESIAN_POINT ( 'NONE',  ( 0.04001809026242365147, 0.004265520187327479992, 0.003000000000000000062 ) ) ;
#1499 = CARTESIAN_POINT ( 'NONE',  ( 0.007144318368152009942, 0.05952746431835009844, -0.007000000000000000146 ) ) ;
#1500 = DIRECTION ( 'NONE',  ( 0.000000000000000000, 0.000000000000000000, 1.000000000000000000 ) ) ;
#1501 = AXIS2_PLACEMENT_3D ( 'NONE', #1539, #2012, #241 ) ;
#1502 = EDGE_CURVE ( 'NONE', #1145, #1271, #178, .T. ) ;
#1503 = CARTESIAN_POINT ( 'NONE',  ( 0.02503450135347930205, -0.02662088087170414938, 0.000000000000000000 ) ) ;
#1504 = CARTESIAN_POINT ( 'NONE',  ( 0.1216244264730040048, -0.03341880784296014789, 0.000000000000000000 ) ) ;
#1505 = DIRECTION ( 'NONE',  ( 1.000000000000000000, 0.000000000000000000, 0.000000000000000000 ) ) ;
#1506 = EDGE_LOOP ( 'NONE', ( #2950, #2253, #966, #2509 ) ) ;
#1507 = DIRECTION ( 'NONE',  ( -0.000000000000000000, -0.000000000000000000, 1.000000000000000000 ) ) ;
#1508 = CARTESIAN_POINT ( 'NONE',  ( -0.01057127675721129985, -0.01092819105735471849, 0.000000000000000000 ) ) ;
#1509 = CIRCLE ( 'NONE', #476, 0.001499999999999987454 ) ;
#1510 = ORIENTED_EDGE ( 'NONE', *, *, #332, .T. ) ;
#1511 = EDGE_LOOP ( 'NONE', ( #2903, #669, #872, #1868 ) ) ;
#1512 = VERTEX_POINT ( 'NONE', #1169 ) ;
#1513 = CYLINDRICAL_SURFACE ( 'NONE', #3182, 0.001599999999999997258 ) ;
#1514 = FACE_OUTER_BOUND ( 'NONE', #1411, .T. ) ;
#1515 = LINE ( 'NONE', #2478, #1383 ) ;
#1516 = DIRECTION ( 'NONE',  ( -1.000000000000000000, 0.000000000000000000, 0.000000000000000000 ) ) ;
#1517 = DIRECTION ( 'NONE',  ( 1.000000000000000000, 0.000000000000000000, 0.000000000000000000 ) ) ;
#1518 = ORIENTED_EDGE ( 'NONE', *, *, #1089, .T. ) ;
#1519 = EDGE_CURVE ( 'NONE', #1573, #2356, #1444, .T. ) ;
#1520 = VECTOR ( 'NONE', #108, 1.000000000000000000 ) ;
#1521 = CARTESIAN_POINT ( 'NONE',  ( -0.03991911075872424386, 0.1128502892912543326, 0.000000000000000000 ) ) ;
#1522 = CARTESIAN_POINT ( 'NONE',  ( 0.09386306146744580192, 0.07681453402145960174, 0.000000000000000000 ) ) ;
#1523 = EDGE_CURVE ( 'NONE', #3207, #1030, #1639, .T. ) ;
#1524 = ORIENTED_EDGE ( 'NONE', *, *, #1580, .T. ) ;
#1525 = CIRCLE ( 'NONE', #2923, 0.001499999999999668265 ) ;
#1526 = ADVANCED_FACE ( 'NONE', ( #2628 ), #2157, .F. ) ;
#1527 = ORIENTED_EDGE ( 'NONE', *, *, #2080, .T. ) ;
#1528 = ORIENTED_EDGE ( 'NONE', *, *, #382, .F. ) ;
#1529 = CARTESIAN_POINT ( 'NONE',  ( -0.01057127675721129985, -0.01092819105735471849, -0.007000000000000000146 ) ) ;
#1530 =( NAMED_UNIT ( * ) PLANE_ANGLE_UNIT ( ) SI_UNIT ( $, .RADIAN. ) );
#1531 = CARTESIAN_POINT ( 'NONE',  ( -0.03691911075872324893, -0.05925950985556238670, 0.003000000000000000062 ) ) ;
#1532 = EDGE_CURVE ( 'NONE', #2220, #71, #1207, .T. ) ;
#1533 = PRESENTATION_STYLE_ASSIGNMENT (( #2312 ) ) ;
#1534 = CARTESIAN_POINT ( 'NONE',  ( -0.05737259272256817200, -0.04030602789171797151, -0.007000000000000000146 ) ) ;
#1535 = DIRECTION ( 'NONE',  ( -1.000000000000000000, 0.000000000000000000, 0.000000000000000000 ) ) ;
#1536 = EDGE_LOOP ( 'NONE', ( #733, #1692, #2209, #1208 ) ) ;
#1537 = LINE ( 'NONE', #1324, #954 ) ;
#1538 = CIRCLE ( 'NONE', #1741, 0.001500000000000001332 ) ;
#1539 = CARTESIAN_POINT ( 'NONE',  ( 0.08889650441164670402, -0.06614672990431730293, 0.003000000000000000062 ) ) ;
#1540 = FACE_OUTER_BOUND ( 'NONE', #2455, .T. ) ;
#1541 = ORIENTED_EDGE ( 'NONE', *, *, #3056, .T. ) ;
#1542 = EDGE_LOOP ( 'NONE', ( #2915, #1878, #464, #294, #1178, #737, #587, #97, #3195, #1710, #2760, #2957 ) ) ;
#1544 = VERTEX_POINT ( 'NONE', #1189 ) ;
#1543 = ADVANCED_FACE ( 'NONE', ( #3117 ), #2189, .F. ) ;
#1545 = CARTESIAN_POINT ( 'NONE',  ( 0.1286823068508390067, 0.08679538971784969692, 0.003000000000000000062 ) ) ;
#1546 = AXIS2_PLACEMENT_3D ( 'NONE', #1402, #3135, #2104 ) ;
#1547 = CIRCLE ( 'NONE', #2682, 0.001500000000008900464 ) ;
#1548 = CARTESIAN_POINT ( 'NONE',  ( 0.01734652343878790096, 0.004265520187561545364, -0.007000000000000000146 ) ) ;
#1549 = CIRCLE ( 'NONE', #568, 0.001499999999999987454 ) ;
#1550 = CARTESIAN_POINT ( 'NONE',  ( 0.09528003439389379214, 0.02679538971784705195, -0.007000000000000000146 ) ) ;
#1551 = DIRECTION ( 'NONE',  ( -1.000000000000000000, 0.000000000000000000, 0.000000000000000000 ) ) ;
#1552 = CARTESIAN_POINT ( 'NONE',  ( 0.06237904658270650160, 0.06975531559052500219, -0.007000000000000000146 ) ) ;
#1553 = LINE ( 'NONE', #1343, #18 ) ;
#1554 = EDGE_CURVE ( 'NONE', #1153, #776, #2933, .T. ) ;
#1555 = DIRECTION ( 'NONE',  ( 1.000000000000000000, 0.000000000000000000, 0.000000000000000000 ) ) ;
#1556 = DIRECTION ( 'NONE',  ( 0.7071067811865749952, -0.7071067811865200392, 0.000000000000000000 ) ) ;
#1557 = ORIENTED_EDGE ( 'NONE', *, *, #404, .F. ) ;
#1558 = EDGE_LOOP ( 'NONE', ( #1048, #3093, #1623, #867 ) ) ;
#1559 = VERTEX_POINT ( 'NONE', #2690 ) ;
#1560 = CYLINDRICAL_SURFACE ( 'NONE', #2383, 0.001499999999999987454 ) ;
#1561 = DIRECTION ( 'NONE',  ( 0.000000000000000000, 0.000000000000000000, 1.000000000000000000 ) ) ;
#1562 = AXIS2_PLACEMENT_3D ( 'NONE', #2753, #1726, #2738 ) ;
#1563 = EDGE_CURVE ( 'NONE', #3006, #1168, #1759, .T. ) ;
#1564 = EDGE_CURVE ( 'NONE', #970, #2293, #3131, .T. ) ;
#1565 = DIRECTION ( 'NONE',  ( -0.6850679605411109652, 0.7284791619806588736, 0.000000000000000000 ) ) ;
#1566 = DIRECTION ( 'NONE',  ( -1.000000000000000000, 8.054250179391209161E-17, 0.000000000000000000 ) ) ;
#1567 = LINE ( 'NONE', #2553, #1339 ) ;
#1568 = EDGE_CURVE ( 'NONE', #602, #3180, #2283, .T. ) ;
#1569 = CARTESIAN_POINT ( 'NONE',  ( 0.01734652343878790096, 0.004265520187561545364, -0.007000000000000000146 ) ) ;
#1570 = DIRECTION ( 'NONE',  ( 1.000000000000000000, 0.000000000000000000, 0.000000000000000000 ) ) ;
#1571 = FACE_OUTER_BOUND ( 'NONE', #1752, .T. ) ;
#1572 = EDGE_LOOP ( 'NONE', ( #341, #2790, #407, #1209 ) ) ;
#1573 = VERTEX_POINT ( 'NONE', #1508 ) ;
#1574 = VERTEX_POINT ( 'NONE', #1779 ) ;
#1575 = CARTESIAN_POINT ( 'NONE',  ( 0.09578372446040196719, 0.1128502892912553457, 0.003000000000000000062 ) ) ;
#1576 = DIRECTION ( 'NONE',  ( 0.7284791619806588736, -0.6850679605411109652, 0.000000000000000000 ) ) ;
#1577 = AXIS2_PLACEMENT_3D ( 'NONE', #1722, #1116, #2103 ) ;
#1578 = ORIENTED_EDGE ( 'NONE', *, *, #1363, .T. ) ;
#1579 = AXIS2_PLACEMENT_3D ( 'NONE', #1213, #1691, #2198 ) ;
#1580 = EDGE_CURVE ( 'NONE', #629, #1559, #2239, .T. ) ;
#1581 =( NAMED_UNIT ( * ) PLANE_ANGLE_UNIT ( ) SI_UNIT ( $, .RADIAN. ) );
#1582 = DIRECTION ( 'NONE',  ( 0.000000000000000000, 0.000000000000000000, 1.000000000000000000 ) ) ;
#1583 = CARTESIAN_POINT ( 'NONE',  ( 0.09428372446040418631, -0.05925950985556133893, 0.000000000000000000 ) ) ;
#1584 = VECTOR ( 'NONE', #2523, 1.000000000000000000 ) ;
#1585 = CYLINDRICAL_SURFACE ( 'NONE', #2588, 0.001500000000009896195 ) ;
#1586 = VECTOR ( 'NONE', #742, 1.000000000000000000 ) ;
#1587 = FACE_OUTER_BOUND ( 'NONE', #1301, .T. ) ;
#1588 = CARTESIAN_POINT ( 'NONE',  ( 0.1231244264730036037, 0.08700958727865409914, 0.000000000000000000 ) ) ;
#1589 = EDGE_LOOP ( 'NONE', ( #1375, #2973, #1541, #2203 ) ) ;
#1590 = DIRECTION ( 'NONE',  ( 0.000000000000000000, 0.000000000000000000, -1.000000000000000000 ) ) ;
#1591 = AXIS2_PLACEMENT_3D ( 'NONE', #2653, #1889, #652 ) ;
#1592 = ORIENTED_EDGE ( 'NONE', *, *, #1346, .T. ) ;
#1593 = DIRECTION ( 'NONE',  ( 0.000000000000000000, 0.000000000000000000, 1.000000000000000000 ) ) ;
#1594 = CARTESIAN_POINT ( 'NONE',  ( 0.09386306146744580192, -0.02322375458576559845, 0.003000000000000000062 ) ) ;
#1595 = VERTEX_POINT ( 'NONE', #999 ) ;
#1596 = ADVANCED_FACE ( 'NONE', ( #19 ), #2733, .F. ) ;
#1597 = AXIS2_PLACEMENT_3D ( 'NONE', #928, #2, #211 ) ;
#1598 = CIRCLE ( 'NONE', #513, 0.01092540341160727971 ) ;
#1599 = CIRCLE ( 'NONE', #2943, 0.001499999999999668265 ) ;
#1600 = DIRECTION ( 'NONE',  ( 0.000000000000000000, 0.000000000000000000, 1.000000000000000000 ) ) ;
#1601 = CARTESIAN_POINT ( 'NONE',  ( -4.781554528470280220E-19, -0.005936684883100690029, 0.000000000000000000 ) ) ;
#1602 = DIRECTION ( 'NONE',  ( 0.7071067811865650032, -0.7071067811865300312, 0.000000000000000000 ) ) ;
#1603 = CIRCLE ( 'NONE', #1037, 0.001500000000000209499 ) ;
#1604 = LINE ( 'NONE', #617, #484 ) ;
#1605 = ORIENTED_EDGE ( 'NONE', *, *, #2457, .F. ) ;
#1606 = EDGE_CURVE ( 'NONE', #1653, #2871, #507, .T. ) ;
#1607 = CARTESIAN_POINT ( 'NONE',  ( 0.02713230685083994898, -0.04427140718650034862, 0.000000000000000000 ) ) ;
#1608 = DIRECTION ( 'NONE',  ( 1.000000000000000000, 2.065446264075110004E-11, 0.000000000000000000 ) ) ;
#1609 = DIRECTION ( 'NONE',  ( 1.000000000000000000, 0.000000000000000000, 0.000000000000000000 ) ) ;
#1610 = AXIS2_PLACEMENT_3D ( 'NONE', #1977, #1013, #1992 ) ;
#1611 = ORIENTED_EDGE ( 'NONE', *, *, #2812, .F. ) ;
#1612 = DIRECTION ( 'NONE',  ( -1.000000000000000000, 0.000000000000000000, 0.000000000000000000 ) ) ;
#1613 = CARTESIAN_POINT ( 'NONE',  ( 0.1216244264730040048, 0.08700958727865409914, 0.003000000000000000062 ) ) ;
#1614 = ORIENTED_EDGE ( 'NONE', *, *, #1658, .T. ) ;
#1615 = EDGE_LOOP ( 'NONE', ( #1745, #2966 ) ) ;
#1616 = CARTESIAN_POINT ( 'NONE',  ( -0.03131769314916309915, 0.1267953897178470124, 0.003000000000000000062 ) ) ;
#1617 = LINE ( 'NONE', #1631, #561 ) ;
#1618 = DIRECTION ( 'NONE',  ( 0.000000000000000000, 0.000000000000000000, 1.000000000000000000 ) ) ;
#1619 = ORIENTED_EDGE ( 'NONE', *, *, #714, .F. ) ;
#1620 = EDGE_CURVE ( 'NONE', #1962, #2558, #364, .T. ) ;
#1621 = DIRECTION ( 'NONE',  ( 0.000000000000000000, 0.000000000000000000, 1.000000000000000000 ) ) ;
#1622 = DIRECTION ( 'NONE',  ( 1.000000000000000000, 0.000000000000000000, 0.000000000000000000 ) ) ;
#1623 = ORIENTED_EDGE ( 'NONE', *, *, #2237, .T. ) ;
#1624 = ADVANCED_FACE ( 'NONE', ( #274 ), #491, .F. ) ;
#1625 = EDGE_LOOP ( 'NONE', ( #2129, #938 ) ) ;
#1626 = CARTESIAN_POINT ( 'NONE',  ( 0.09728372446040195465, 0.1128502892912553457, -0.007000000000000000146 ) ) ;
#1627 = CARTESIAN_POINT ( 'NONE',  ( 0.05612115457961929649, -0.02206149544333594822, 0.000000000000000000 ) ) ;
#1628 = EDGE_CURVE ( 'NONE', #1099, #3086, #1976, .T. ) ;
#1629 = EDGE_LOOP ( 'NONE', ( #1349, #1527, #3002, #2156 ) ) ;
#1630 = EDGE_LOOP ( 'NONE', ( #132, #2122, #1706, #159 ) ) ;
#1631 = CARTESIAN_POINT ( 'NONE',  ( 0.09528003439389379214, 0.02679538971784705195, 0.003000000000000000062 ) ) ;
#1632 = DIRECTION ( 'NONE',  ( 0.000000000000000000, 0.000000000000000000, 1.000000000000000000 ) ) ;
#1633 = ORIENTED_EDGE ( 'NONE', *, *, #1720, .F. ) ;
#1634 = EDGE_CURVE ( 'NONE', #1895, #2584, #935, .T. ) ;
#1635 = CARTESIAN_POINT ( 'NONE',  ( 0.02868230685083840090, 0.02679538971784725318, 0.000000000000000000 ) ) ;
#1636 = CARTESIAN_POINT ( 'NONE',  ( 0.08868230685083999809, 0.1267953897178470124, 0.003000000000000000062 ) ) ;
#1637 = ORIENTED_EDGE ( 'NONE', *, *, #36, .F. ) ;
#1638 = EDGE_LOOP ( 'NONE', ( #555, #381, #749 ) ) ;
#1639 = LINE ( 'NONE', #162, #103 ) ;
#1640 = DIRECTION ( 'NONE',  ( 0.000000000000000000, 0.000000000000000000, 1.000000000000000000 ) ) ;
#1641 = ORIENTED_EDGE ( 'NONE', *, *, #811, .T. ) ;
#1642 = ORIENTED_EDGE ( 'NONE', *, *, #2215, .F. ) ;
#1643 = EDGE_CURVE ( 'NONE', #2220, #2926, #60, .T. ) ;
#1644 = AXIS2_PLACEMENT_3D ( 'NONE', #533, #2267, #2461 ) ;
#1645 = CYLINDRICAL_SURFACE ( 'NONE', #1750, 0.001499999999999994393 ) ;
#1646 = CARTESIAN_POINT ( 'NONE',  ( 0.09528003439389379214, 0.02679538971784705195, -0.007000000000000000146 ) ) ;
#1647 = ORIENTED_EDGE ( 'NONE', *, *, #41, .T. ) ;
#1648 = DIRECTION ( 'NONE',  ( -0.7277831951624049722, -0.6858072767470470010, 0.000000000000000000 ) ) ;
#1649 = DIRECTION ( 'NONE',  ( 0.000000000000000000, 0.000000000000000000, 1.000000000000000000 ) ) ;
#1650 = ADVANCED_FACE ( 'NONE', ( #1767 ), #1733, .F. ) ;
#1651 = VECTOR ( 'NONE', #1809, 1.000000000000000000 ) ;
#1652 = CARTESIAN_POINT ( 'NONE',  ( -0.01057127675744118020, 0.07565227487821950259, 0.003000000000000000062 ) ) ;
#1653 = VERTEX_POINT ( 'NONE', #3021 ) ;
#1654 = FACE_OUTER_BOUND ( 'NONE', #3145, .T. ) ;
#1655 = EDGE_LOOP ( 'NONE', ( #2399, #618 ) ) ;
#1656 = EDGE_LOOP ( 'NONE', ( #2987, #586 ) ) ;
#1657 = ADVANCED_FACE ( 'NONE', ( #2257 ), #34, .F. ) ;
#1658 = EDGE_CURVE ( 'NONE', #3102, #3086, #1254, .T. ) ;
#1659 = CARTESIAN_POINT ( 'NONE',  ( -0.03499844776576579997, 0.07681453402145960174, 0.000000000000000000 ) ) ;
#1660 = EDGE_CURVE ( 'NONE', #1994, #1108, #1749, .T. ) ;
#1661 = LINE ( 'NONE', #2650, #2559 ) ;
#1662 = PRODUCT_DEFINITION_CONTEXT ( 'detailed design', #3020, 'design' ) ;
#1663 = ORIENTED_EDGE ( 'NONE', *, *, #3177, .T. ) ;
#1664 = DIRECTION ( 'NONE',  ( 0.000000000000000000, 0.000000000000000000, -1.000000000000000000 ) ) ;
#1665 = DIRECTION ( 'NONE',  ( 1.000000000000000000, 0.000000000000000000, 0.000000000000000000 ) ) ;
#1666 = ORIENTED_EDGE ( 'NONE', *, *, #2791, .F. ) ;
#1667 = CARTESIAN_POINT ( 'NONE',  ( -0.03799844776576580263, 0.07681453402145960174, 0.003000000000000000062 ) ) ;
#1668 = LINE ( 'NONE', #944, #1449 ) ;
#1669 = VERTEX_POINT ( 'NONE', #539 ) ;
#1670 = ORIENTED_EDGE ( 'NONE', *, *, #1290, .T. ) ;
#1671 = CARTESIAN_POINT ( 'NONE',  ( 0.08868230685083999809, 0.1267953897178470124, 0.003000000000000000062 ) ) ;
#1672 = DIRECTION ( 'NONE',  ( -1.000000000000000000, 0.000000000000000000, 0.000000000000000000 ) ) ;
#1673 = VECTOR ( 'NONE', #1945, 1.000000000000000000 ) ;
#1674 = LINE ( 'NONE', #2664, #179 ) ;
#1675 = ORIENTED_EDGE ( 'NONE', *, *, #2013, .T. ) ;
#1676 = ADVANCED_FACE ( 'NONE', ( #2498 ), #1028, .F. ) ;
#1677 = CYLINDRICAL_SURFACE ( 'NONE', #1644, 0.001500000000000001332 ) ;
#1678 = LINE ( 'NONE', #2138, #137 ) ;
#1679 = DIRECTION ( 'NONE',  ( -1.000000000000000000, 0.000000000000000000, 0.000000000000000000 ) ) ;
#1680 = AXIS2_PLACEMENT_3D ( 'NONE', #1823, #2045, #2817 ) ;
#1681 = EDGE_LOOP ( 'NONE', ( #1729, #1641, #2612, #2199 ) ) ;
#1682 = DIRECTION ( 'NONE',  ( 0.000000000000000000, 0.000000000000000000, 1.000000000000000000 ) ) ;
#1683 = CARTESIAN_POINT ( 'NONE',  ( 0.06793589045810910498, 0.06451897049385940663, 0.003000000000000000062 ) ) ;
#1684 = ORIENTED_EDGE ( 'NONE', *, *, #619, .T. ) ;
#1685 = EDGE_LOOP ( 'NONE', ( #772, #1173, #239, #2895 ) ) ;
#1686 = EDGE_LOOP ( 'NONE', ( #2172, #3065 ) ) ;
#1687 = LINE ( 'NONE', #3089, #1673 ) ;
#1688 = EDGE_CURVE ( 'NONE', #970, #1653, #1282, .T. ) ;
#1689 = AXIS2_PLACEMENT_3D ( 'NONE', #2301, #2347, #1805 ) ;
#1690 = DIRECTION ( 'NONE',  ( 0.000000000000000000, 0.000000000000000000, 1.000000000000000000 ) ) ;
#1691 = DIRECTION ( 'NONE',  ( 0.000000000000000000, 0.000000000000000000, 1.000000000000000000 ) ) ;
#1692 = ORIENTED_EDGE ( 'NONE', *, *, #3110, .T. ) ;
#1693 = CIRCLE ( 'NONE', #718, 0.001500000000000001332 ) ;
#1694 = CARTESIAN_POINT ( 'NONE',  ( 0.1162421808453889954, -0.01820461028215424742, 0.000000000000000000 ) ) ;
#1695 = DIRECTION ( 'NONE',  ( 1.000000000000000000, 0.000000000000000000, 0.000000000000000000 ) ) ;
#1696 = PLANE ( 'NONE',  #2273 ) ;
#1697 = VERTEX_POINT ( 'NONE', #895 ) ;
#1698 = EDGE_CURVE ( 'NONE', #173, #245, #2611, .T. ) ;
#1699 = AXIS2_PLACEMENT_3D ( 'NONE', #83, #96, #1074 ) ;
#1700 = CYLINDRICAL_SURFACE ( 'NONE', #510, 0.001549999999999999295 ) ;
#1701 = DIRECTION ( 'NONE',  ( -0.000000000000000000, -0.000000000000000000, 1.000000000000000000 ) ) ;
#1702 = ORIENTED_EDGE ( 'NONE', *, *, #3069, .T. ) ;
#1703 = CIRCLE ( 'NONE', #1680, 0.001499999999999994393 ) ;
#1704 = ORIENTED_EDGE ( 'NONE', *, *, #855, .T. ) ;
#1705 = ORIENTED_EDGE ( 'NONE', *, *, #1260, .F. ) ;
#1706 = ORIENTED_EDGE ( 'NONE', *, *, #3010, .T. ) ;
#1707 = LINE ( 'NONE', #2695, #904 ) ;
#1708 = CARTESIAN_POINT ( 'NONE',  ( -0.05105195713518670408, 0.01866538971991190191, 0.003000000000000000062 ) ) ;
#1709 = FACE_BOUND ( 'NONE', #1686, .T. ) ;
#1710 = ORIENTED_EDGE ( 'NONE', *, *, #2910, .F. ) ;
#1711 = CARTESIAN_POINT ( 'NONE',  ( 0.1286823068508400059, -0.03320461028215299787, 0.000000000000000000 ) ) ;
#1712 = CARTESIAN_POINT ( 'NONE',  ( -1.229154043470583983E-12, 0.05952746431820250123, 0.000000000000000000 ) ) ;
#1713 = CARTESIAN_POINT ( 'NONE',  ( 0.09528003439389379214, 0.02679538971784705195, 0.003000000000000000062 ) ) ;
#1714 = ORIENTED_EDGE ( 'NONE', *, *, #3151, .F. ) ;
#1715 = AXIS2_PLACEMENT_3D ( 'NONE', #852, #1365, #1612 ) ;
#1716 = DIRECTION ( 'NONE',  ( -0.000000000000000000, -0.000000000000000000, 1.000000000000000000 ) ) ;
#1717 = CARTESIAN_POINT ( 'NONE',  ( 0.1286823068508390067, -0.03320461028215569710, 0.003000000000000000062 ) ) ;
#1718 = EDGE_LOOP ( 'NONE', ( #2049, #3149, #3037, #906 ) ) ;
#1719 = EDGE_LOOP ( 'NONE', ( #98, #440 ) ) ;
#1720 = EDGE_CURVE ( 'NONE', #663, #1108, #1864, .T. ) ;
#1721 = VERTEX_POINT ( 'NONE', #422 ) ;
#1722 = CARTESIAN_POINT ( 'NONE',  ( 0.1216244264730040048, -0.03341880784296014789, 0.000000000000000000 ) ) ;
#1723 = CARTESIAN_POINT ( 'NONE',  ( -0.05887259272256816639, -0.04030602789171797151, 0.003000000000000000062 ) ) ;
#1724 = FACE_BOUND ( 'NONE', #2360, .T. ) ;
#1725 = ORIENTED_EDGE ( 'NONE', *, *, #609, .F. ) ;
#1726 = DIRECTION ( 'NONE',  ( 0.000000000000000000, 0.000000000000000000, 1.000000000000000000 ) ) ;
#1727 = CARTESIAN_POINT ( 'NONE',  ( -0.01057127675721129985, 0.06451897049304880505, -0.007000000000000000146 ) ) ;
#1728 = CARTESIAN_POINT ( 'NONE',  ( -0.06425981277132240821, -0.03341880784295089835, 0.003000000000000000062 ) ) ;
#1729 = ORIENTED_EDGE ( 'NONE', *, *, #2433, .T. ) ;
#1730 = VECTOR ( 'NONE', #1997, 1.000000000000000000 ) ;
#1731 = EDGE_CURVE ( 'NONE', #1011, #71, #1538, .T. ) ;
#1732 = DIRECTION ( 'NONE',  ( 0.000000000000000000, 0.000000000000000000, -1.000000000000000000 ) ) ;
#1733 = CYLINDRICAL_SURFACE ( 'NONE', #210, 0.001499999999999994393 ) ;
#1734 = VERTEX_POINT ( 'NONE', #1406 ) ;
#1735 = VERTEX_POINT ( 'NONE', #1920 ) ;
#1736 = ORIENTED_EDGE ( 'NONE', *, *, #1098, .T. ) ;
#1737 = LINE ( 'NONE', #1545, #2359 ) ;
#1738 = ADVANCED_FACE ( 'NONE', ( #680 ), #3112, .F. ) ;
#1739 = DIRECTION ( 'NONE',  ( 0.000000000000000000, 0.000000000000000000, 1.000000000000000000 ) ) ;
#1740 = FACE_BOUND ( 'NONE', #604, .T. ) ;
#1741 = AXIS2_PLACEMENT_3D ( 'NONE', #390, #2640, #3158 ) ;
#1742 = DIRECTION ( 'NONE',  ( 0.000000000000000000, 0.000000000000000000, 1.000000000000000000 ) ) ;
#1743 = DIRECTION ( 'NONE',  ( 0.000000000000000000, 0.000000000000000000, 1.000000000000000000 ) ) ;
#1744 = DIRECTION ( 'NONE',  ( 1.000000000000000000, 0.000000000000000000, 0.000000000000000000 ) ) ;
#1745 = ORIENTED_EDGE ( 'NONE', *, *, #20, .T. ) ;
#1746 = CIRCLE ( 'NONE', #774, 0.001499999999999994393 ) ;
#1747 = LINE ( 'NONE', #2497, #1584 ) ;
#1748 = CIRCLE ( 'NONE', #44, 0.001499999999999980516 ) ;
#1749 = LINE ( 'NONE', #527, #2175 ) ;
#1750 = AXIS2_PLACEMENT_3D ( 'NONE', #2832, #635, #889 ) ;
#1751 = ORIENTED_EDGE ( 'NONE', *, *, #2433, .F. ) ;
#1752 = EDGE_LOOP ( 'NONE', ( #3064, #1224, #2361, #229 ) ) ;
#1753 = ORIENTED_EDGE ( 'NONE', *, *, #577, .T. ) ;
#1754 = DIRECTION ( 'NONE',  ( -1.000000000000000000, 0.000000000000000000, 0.000000000000000000 ) ) ;
#1755 = ADVANCED_FACE ( 'NONE', ( #1151 ), #1437, .F. ) ;
#1756 = ADVANCED_FACE ( 'NONE', ( #433 ), #908, .F. ) ;
#1757 = CARTESIAN_POINT ( 'NONE',  ( 0.02868230685083995174, -0.04427140718650034862, 0.000000000000000000 ) ) ;
#1758 = DIRECTION ( 'NONE',  ( -1.000000000000000000, 0.000000000000000000, 0.000000000000000000 ) ) ;
#1759 = CIRCLE ( 'NONE', #2592, 0.001600000000000000727 ) ;
#1760 = ADVANCED_FACE ( 'NONE', ( #2870 ), #172, .F. ) ;
#1761 = DIRECTION ( 'NONE',  ( 1.000000000000000000, 0.000000000000000000, 0.000000000000000000 ) ) ;
#1762 = CARTESIAN_POINT ( 'NONE',  ( -0.03691911075872324893, -0.05925950985556238670, 0.000000000000000000 ) ) ;
#1763 = LINE ( 'NONE', #1806, #1435 ) ;
#1764 = ORIENTED_EDGE ( 'NONE', *, *, #1568, .T. ) ;
#1765 = EDGE_CURVE ( 'NONE', #1847, #2614, #2397, .T. ) ;
#1766 = FACE_OUTER_BOUND ( 'NONE', #1161, .T. ) ;
#1767 = FACE_OUTER_BOUND ( 'NONE', #753, .T. ) ;
#1768 = AXIS2_PLACEMENT_3D ( 'NONE', #78, #1068, #2056 ) ;
#1769 = ORIENTED_EDGE ( 'NONE', *, *, #525, .T. ) ;
#1770 = ORIENTED_EDGE ( 'NONE', *, *, #2681, .F. ) ;
#1771 = FACE_BOUND ( 'NONE', #261, .T. ) ;
#1772 = EDGE_CURVE ( 'NONE', #1988, #2619, #403, .T. ) ;
#1773 = DIRECTION ( 'NONE',  ( -1.000000000000000000, 0.000000000000000000, 0.000000000000000000 ) ) ;
#1774 = CARTESIAN_POINT ( 'NONE',  ( -0.07131769314915999136, -0.03320461028215499627, 0.000000000000000000 ) ) ;
#1775 = CARTESIAN_POINT ( 'NONE',  ( 0.1216244264730040048, 0.08700958727865409914, 0.003000000000000000062 ) ) ;
#1776 = DIRECTION ( 'NONE',  ( -0.000000000000000000, -0.000000000000000000, 1.000000000000000000 ) ) ;
#1777 = VERTEX_POINT ( 'NONE', #1935 ) ;
#1778 = DIRECTION ( 'NONE',  ( 0.000000000000000000, 0.000000000000000000, 1.000000000000000000 ) ) ;
#1779 = CARTESIAN_POINT ( 'NONE',  ( -0.01057127675744118020, -0.02206149544252539868, 0.000000000000000000 ) ) ;
#1780 = VERTEX_POINT ( 'NONE', #1163 ) ;
#1781 = ORIENTED_EDGE ( 'NONE', *, *, #131, .T. ) ;
#1782 = ORIENTED_EDGE ( 'NONE', *, *, #2242, .F. ) ;
#1783 = CARTESIAN_POINT ( 'NONE',  ( -0.04785195713518670263, 0.03492538971991189511, -0.007000000000000000146 ) ) ;
#1784 = EDGE_CURVE ( 'NONE', #851, #1153, #750, .T. ) ;
#1785 = DIRECTION ( 'NONE',  ( 1.000000000000000000, 0.000000000000000000, 0.000000000000000000 ) ) ;
#1786 = DIRECTION ( 'NONE',  ( 1.000000000000000000, -2.065446264075110004E-11, 0.000000000000000000 ) ) ;
#1787 = CARTESIAN_POINT ( 'NONE',  ( 0.09536306146744580325, 0.07681453402145960174, 0.000000000000000000 ) ) ;
#1788 = LINE ( 'NONE', #2333, #2421 ) ;
#1789 = ORIENTED_EDGE ( 'NONE', *, *, #2299, .T. ) ;
#1790 = PLANE ( 'NONE',  #603 ) ;
#1791 = CARTESIAN_POINT ( 'NONE',  ( 0.007144318368152009942, -0.005936684882655959838, -0.007000000000000000146 ) ) ;
#1792 = LINE ( 'NONE', #324, #828 ) ;
#1793 = ADVANCED_FACE ( 'NONE', ( #2429 ), #2382, .F. ) ;
#1794 = ORIENTED_EDGE ( 'NONE', *, *, #1236, .F. ) ;
#1795 = EDGE_LOOP ( 'NONE', ( #3031, #1592 ) ) ;
#1796 = EDGE_LOOP ( 'NONE', ( #1725, #2350 ) ) ;
#1797 = CARTESIAN_POINT ( 'NONE',  ( -0.04785195713518670263, 0.01866538971991190191, -0.007000000000000000146 ) ) ;
#1798 = FACE_BOUND ( 'NONE', #127, .T. ) ;
#1799 = CIRCLE ( 'NONE', #2166, 0.001500000000000001332 ) ;
#1800 = EDGE_CURVE ( 'NONE', #1077, #2514, #1678, .T. ) ;
#1801 = CIRCLE ( 'NONE', #1289, 0.001499999999999987454 ) ;
#1802 = DIRECTION ( 'NONE',  ( 0.000000000000000000, 0.000000000000000000, 1.000000000000000000 ) ) ;
#1803 = AXIS2_PLACEMENT_3D ( 'NONE', #806, #1292, #2282 ) ;
#1804 = FILL_AREA_STYLE ('',( #2331 ) ) ;
#1805 = DIRECTION ( 'NONE',  ( -1.000000000000000000, 8.054250179391209161E-17, 0.000000000000000000 ) ) ;
#1806 = CARTESIAN_POINT ( 'NONE',  ( -0.06275981277131249814, -0.03341880784295089835, 0.000000000000000000 ) ) ;
#1807 = VECTOR ( 'NONE', #1701, 1.000000000000000000 ) ;
#1808 = CARTESIAN_POINT ( 'NONE',  ( 0.06793589045810910498, 0.07565227487903010417, 0.003000000000000000062 ) ) ;
#1809 = DIRECTION ( 'NONE',  ( 0.000000000000000000, 0.000000000000000000, 1.000000000000000000 ) ) ;
#1810 = CARTESIAN_POINT ( 'NONE',  ( -0.03799844776576580263, -0.02322375458576559845, 0.000000000000000000 ) ) ;
#1811 = EDGE_LOOP ( 'NONE', ( #1265, #721, #1647, #1000 ) ) ;
#1812 = EDGE_CURVE ( 'NONE', #1925, #789, #1946, .T. ) ;
#1813 = ORIENTED_EDGE ( 'NONE', *, *, #951, .T. ) ;
#1814 = ORIENTED_EDGE ( 'NONE', *, *, #1430, .T. ) ;
#1815 = DIRECTION ( 'NONE',  ( 1.000000000000000000, 0.000000000000000000, 0.000000000000000000 ) ) ;
#1816 = LINE ( 'NONE', #2808, #3101 ) ;
#1817 = EDGE_CURVE ( 'NONE', #1697, #1065, #2171, .T. ) ;
#1818 = ORIENTED_EDGE ( 'NONE', *, *, #3151, .T. ) ;
#1819 = DIRECTION ( 'NONE',  ( -1.000000000000000000, 0.000000000000000000, 0.000000000000000000 ) ) ;
#1820 = CARTESIAN_POINT ( 'NONE',  ( -0.06425981277132240821, -0.03341880784295089835, 0.000000000000000000 ) ) ;
#1821 = DIRECTION ( 'NONE',  ( 0.000000000000000000, 0.000000000000000000, 1.000000000000000000 ) ) ;
#1822 = CYLINDRICAL_SURFACE ( 'NONE', #2705, 0.001600000000000000727 ) ;
#1823 = CARTESIAN_POINT ( 'NONE',  ( -0.05737259272256817200, -0.04030602789171797151, 0.003000000000000000062 ) ) ;
#1824 = CARTESIAN_POINT ( 'NONE',  ( -0.05105195713518670408, 0.01866538971991190191, -0.007000000000000000146 ) ) ;
#1825 = ADVANCED_FACE ( 'NONE', ( #207 ), #3172, .F. ) ;
#1826 = ORIENTED_EDGE ( 'NONE', *, *, #592, .F. ) ;
#1827 = ORIENTED_EDGE ( 'NONE', *, *, #2345, .F. ) ;
#1828 = ORIENTED_EDGE ( 'NONE', *, *, #816, .T. ) ;
#1829 = CARTESIAN_POINT ( 'NONE',  ( 0.07204167840014739921, 0.01758506569593540000, 0.003000000000000000062 ) ) ;
#1830 = FACE_BOUND ( 'NONE', #2841, .T. ) ;
#1831 = VECTOR ( 'NONE', #334, 1.000000000000000000 ) ;
#1832 = ORIENTED_EDGE ( 'NONE', *, *, #948, .F. ) ;
#1833 = VECTOR ( 'NONE', #990, 1.000000000000000000 ) ;
#1834 = EDGE_CURVE ( 'NONE', #2356, #2449, #141, .T. ) ;
#1835 = VECTOR ( 'NONE', #726, 1.000000000000000000 ) ;
#1836 = DIRECTION ( 'NONE',  ( -1.000000000000000000, 0.000000000000000000, 0.000000000000000000 ) ) ;
#1837 = DIRECTION ( 'NONE',  ( 0.000000000000000000, 0.000000000000000000, 1.000000000000000000 ) ) ;
#1838 = CARTESIAN_POINT ( 'NONE',  ( 0.03960771026244570142, 0.02679538971784725318, 0.000000000000000000 ) ) ;
#1839 = CARTESIAN_POINT ( 'NONE',  ( -0.06425981277132240821, 0.08700958727864489817, 0.000000000000000000 ) ) ;
#1840 = DIRECTION ( 'NONE',  ( -0.000000000000000000, 1.000000000000000000, 0.000000000000000000 ) ) ;
#1841 = DIRECTION ( 'NONE',  ( -1.000000000000000000, 0.000000000000000000, 0.000000000000000000 ) ) ;
#1842 = EDGE_LOOP ( 'NONE', ( #473, #1404 ) ) ;
#1843 = VECTOR ( 'NONE', #1022, 1.000000000000000000 ) ;
#1844 = EDGE_LOOP ( 'NONE', ( #729, #2804, #1119, #2744 ) ) ;
#1845 = LINE ( 'NONE', #377, #1305 ) ;
#1846 = CARTESIAN_POINT ( 'NONE',  ( 0.06237904658270650160, 0.06975531559052500219, 0.003000000000000000062 ) ) ;
#1847 = VERTEX_POINT ( 'NONE', #1250 ) ;
#1848 = ORIENTED_EDGE ( 'NONE', *, *, #2130, .T. ) ;
#1849 = AXIS2_PLACEMENT_3D ( 'NONE', #2840, #1092, #850 ) ;
#1850 = VECTOR ( 'NONE', #1648, 1.000000000000000000 ) ;
#1851 = AXIS2_PLACEMENT_3D ( 'NONE', #1299, #815, #1608 ) ;
#1852 = EDGE_CURVE ( 'NONE', #2017, #245, #2268, .T. ) ;
#1853 = CARTESIAN_POINT ( 'NONE',  ( -0.04785195713518670263, 0.03492538971991189511, 0.003000000000000000062 ) ) ;
#1854 = CYLINDRICAL_SURFACE ( 'NONE', #3075, 0.001499999999999668265 ) ;
#1855 = LINE ( 'NONE', #2635, #2117 ) ;
#1856 = EDGE_CURVE ( 'NONE', #1489, #1969, #2833, .T. ) ;
#1857 = CARTESIAN_POINT ( 'NONE',  ( 0.08868230685083990095, -0.07320461028215301258, 0.000000000000000000 ) ) ;
#1858 = EDGE_LOOP ( 'NONE', ( #181, #931, #1981, #2630 ) ) ;
#1859 = ADVANCED_FACE ( 'NONE', ( #2493 ), #30, .F. ) ;
#1860 = LINE ( 'NONE', #880, #1651 ) ;
#1861 = DIRECTION ( 'NONE',  ( -1.000000000000000000, 0.000000000000000000, 0.000000000000000000 ) ) ;
#1862 = EDGE_CURVE ( 'NONE', #1452, #1367, #2701, .T. ) ;
#1863 = CARTESIAN_POINT ( 'NONE',  ( 0.1231244264730036037, -0.03341880784296014789, 0.000000000000000000 ) ) ;
#1864 = CIRCLE ( 'NONE', #3141, 0.001499999999999987454 ) ;
#1865 = ORIENTED_EDGE ( 'NONE', *, *, #3013, .T. ) ;
#1866 = LINE ( 'NONE', #1829, #3009 ) ;
#1867 = FACE_BOUND ( 'NONE', #720, .T. ) ;
#1868 = ORIENTED_EDGE ( 'NONE', *, *, #1354, .T. ) ;
#1869 = VERTEX_POINT ( 'NONE', #1232 ) ;
#1870 = AXIS2_PLACEMENT_3D ( 'NONE', #1096, #643, #2615 ) ;
#1871 = EDGE_CURVE ( 'NONE', #1979, #86, #747, .T. ) ;
#1872 = DIRECTION ( 'NONE',  ( 0.000000000000000000, 0.000000000000000000, -1.000000000000000000 ) ) ;
#1873 = CARTESIAN_POINT ( 'NONE',  ( 0.1286823068508392010, 0.05679538971784699880, 0.000000000000000000 ) ) ;
#1874 = ORIENTED_EDGE ( 'NONE', *, *, #471, .T. ) ;
#1875 = CARTESIAN_POINT ( 'NONE',  ( 0.001243459121048632200, 0.07565227487846350185, 0.003000000000000000062 ) ) ;
#1876 = CARTESIAN_POINT ( 'NONE',  ( 0.09578372446040418764, -0.05925950985556133893, -0.007000000000000000146 ) ) ;
#1877 = EDGE_CURVE ( 'NONE', #1440, #196, #976, .T. ) ;
#1878 = ORIENTED_EDGE ( 'NONE', *, *, #1658, .F. ) ;
#1879 = EDGE_LOOP ( 'NONE', ( #1751, #2278, #1336, #2499 ) ) ;
#1880 = CARTESIAN_POINT ( 'NONE',  ( -0.06575981277133230440, 0.08700958727864489817, 0.003000000000000000062 ) ) ;
#1881 = CARTESIAN_POINT ( 'NONE',  ( -0.03003189070995640128, 0.1197375093400021989, 0.003000000000000000062 ) ) ;
#1882 = EDGE_LOOP ( 'NONE', ( #2631, #1063, #2192, #1666 ) ) ;
#1883 = VERTEX_POINT ( 'NONE', #2479 ) ;
#1884 = EDGE_CURVE ( 'NONE', #1024, #235, #201, .T. ) ;
#1885 = FACE_OUTER_BOUND ( 'NONE', #1811, .T. ) ;
#1886 = CARTESIAN_POINT ( 'NONE',  ( 0.02713230685083994898, 0.09786218662219439701, 0.000000000000000000 ) ) ;
#1887 = EDGE_LOOP ( 'NONE', ( #2654, #1557, #2412 ) ) ;
#1888 = DIRECTION ( 'NONE',  ( 1.000000000000000000, 0.000000000000000000, 0.000000000000000000 ) ) ;
#1889 = DIRECTION ( 'NONE',  ( -0.000000000000000000, -0.000000000000000000, 1.000000000000000000 ) ) ;
#1890 = B_SPLINE_CURVE_WITH_KNOTS ( 'NONE', 2,
 ( #1362, #2355, #3097 ),
 .UNSPECIFIED., .F., .F.,
 ( 3, 3 ),
 ( 0.000000000000000000, 1.000000000000000000 ),
 .UNSPECIFIED. ) ;
#1891 = ORIENTED_EDGE ( 'NONE', *, *, #205, .F. ) ;
#1893 = ORIENTED_EDGE ( 'NONE', *, *, #987, .T. ) ;
#1892 = ADVANCED_FACE ( 'NONE', ( #522 ), #1472, .F. ) ;
#1894 = DIRECTION ( 'NONE',  ( 0.000000000000000000, 0.000000000000000000, -1.000000000000000000 ) ) ;
#1895 = VERTEX_POINT ( 'NONE', #237 ) ;
#1896 = EDGE_LOOP ( 'NONE', ( #2016, #1124 ) ) ;
#1897 = ADVANCED_FACE ( 'NONE', ( #2218 ), #2005, .F. ) ;
#1898 = VECTOR ( 'NONE', #2655, 1.000000000000000000 ) ;
#1899 = CIRCLE ( 'NONE', #924, 0.001499999999999987454 ) ;
#1900 = CIRCLE ( 'NONE', #2785, 0.001500000000000209499 ) ;
#1901 = DIRECTION ( 'NONE',  ( 0.7071067811865300312, 0.7071067811865650032, 0.000000000000000000 ) ) ;
#1902 = DIRECTION ( 'NONE',  ( 1.000000000000000000, 0.000000000000000000, 0.000000000000000000 ) ) ;
#1903 = ORIENTED_EDGE ( 'NONE', *, *, #2169, .T. ) ;
#1904 = FACE_OUTER_BOUND ( 'NONE', #70, .T. ) ;
#1905 = CARTESIAN_POINT ( 'NONE',  ( 0.09528003439389379214, 0.02679538971784705195, -0.007000000000000000146 ) ) ;
#1906 = ORIENTED_EDGE ( 'NONE', *, *, #1834, .F. ) ;
#1907 = FACE_OUTER_BOUND ( 'NONE', #313, .T. ) ;
#1908 = ORIENTED_EDGE ( 'NONE', *, *, #1111, .F. ) ;
#1909 = CYLINDRICAL_SURFACE ( 'NONE', #2435, 0.001500000000009896195 ) ;
#1910 = AXIS2_PLACEMENT_3D ( 'NONE', #2706, #2205, #3192 ) ;
#1911 = ORIENTED_EDGE ( 'NONE', *, *, #716, .F. ) ;
#1912 = ORIENTED_EDGE ( 'NONE', *, *, #3110, .F. ) ;
#1913 = CARTESIAN_POINT ( 'NONE',  ( -0.03131769314916309915, -0.07320461028215301258, 0.003000000000000000062 ) ) ;
#1914 = EDGE_CURVE ( 'NONE', #2885, #964, #2778, .T. ) ;
#1915 = COLOUR_RGB ( '',0.7921568627450980005, 0.8196078431372548767, 0.9333333333333333481 ) ;
#1916 = DIRECTION ( 'NONE',  ( 0.000000000000000000, 0.000000000000000000, 1.000000000000000000 ) ) ;
#1917 = LINE ( 'NONE', #1886, #2427 ) ;
#1918 = EDGE_LOOP ( 'NONE', ( #996, #2287, #1381, #530 ) ) ;
#1919 = CARTESIAN_POINT ( 'NONE',  ( -0.07131769314915999136, -0.03320461028215499627, 0.003000000000000000062 ) ) ;
#1920 = CARTESIAN_POINT ( 'NONE',  ( 0.09039650441164689965, 0.1197375093400112056, 0.003000000000000000062 ) ) ;
#1921 = EDGE_LOOP ( 'NONE', ( #1252, #3203 ) ) ;
#1922 = DIRECTION ( 'NONE',  ( 0.000000000000000000, 0.000000000000000000, 1.000000000000000000 ) ) ;
#1923 = DIRECTION ( 'NONE',  ( 0.7071067812010469744, 0.7071067811720480600, 0.000000000000000000 ) ) ;
#1924 = EDGE_CURVE ( 'NONE', #408, #2693, #2266, .T. ) ;
#1925 = VERTEX_POINT ( 'NONE', #1762 ) ;
#1926 = ORIENTED_EDGE ( 'NONE', *, *, #1316, .F. ) ;
#1927 = DIRECTION ( 'NONE',  ( 0.000000000000000000, 0.000000000000000000, 1.000000000000000000 ) ) ;
#1928 = CIRCLE ( 'NONE', #2090, 0.001499999999999994393 ) ;
#1929 = EDGE_CURVE ( 'NONE', #85, #701, #2159, .T. ) ;
#1930 = CARTESIAN_POINT ( 'NONE',  ( -0.05737259272256873405, 0.09389680732740945945, 0.003000000000000000062 ) ) ;
#1931 = VECTOR ( 'NONE', #1561, 1.000000000000000000 ) ;
#1932 = FACE_BOUND ( 'NONE', #1796, .T. ) ;
#1933 = EDGE_LOOP ( 'NONE', ( #1062, #557, #1129, #169 ) ) ;
#1934 = CARTESIAN_POINT ( 'NONE',  ( 0.09236306146744580059, 0.07681453402145960174, 0.000000000000000000 ) ) ;
#1935 = CARTESIAN_POINT ( 'NONE',  ( -0.07131769315040099866, -0.03320461028009080023, 0.000000000000000000 ) ) ;
#1936 = DIRECTION ( 'NONE',  ( 0.000000000000000000, 0.000000000000000000, 1.000000000000000000 ) ) ;
#1937 = ORIENTED_EDGE ( 'NONE', *, *, #46, .F. ) ;
#1938 = CARTESIAN_POINT ( 'NONE',  ( 0.02868230685083995174, 0.09786218662219439701, 0.000000000000000000 ) ) ;
#1939 = DIRECTION ( 'NONE',  ( 2.064813349579189916E-11, -1.000000000000000000, 0.000000000000000000 ) ) ;
#1940 =( GEOMETRIC_REPRESENTATION_CONTEXT ( 3 ) GLOBAL_UNCERTAINTY_ASSIGNED_CONTEXT ( ( #2023 ) ) GLOBAL_UNIT_ASSIGNED_CONTEXT ( ( #560, #1530, #2248 ) ) REPRESENTATION_CONTEXT ( 'NONE', 'WORKASPACE' ) );
#1941 = ORIENTED_EDGE ( 'NONE', *, *, #480, .F. ) ;
#1942 = ORIENTED_EDGE ( 'NONE', *, *, #3056, .F. ) ;
#1943 = ORIENTED_EDGE ( 'NONE', *, *, #1765, .F. ) ;
#1944 = ORIENTED_EDGE ( 'NONE', *, *, #623, .T. ) ;
#1945 = DIRECTION ( 'NONE',  ( -0.000000000000000000, -0.000000000000000000, 1.000000000000000000 ) ) ;
#1946 = CIRCLE ( 'NONE', #297, 0.001499999999999994393 ) ;
#1947 = CARTESIAN_POINT ( 'NONE',  ( 0.09386306146744580192, -0.02322375458576559845, 0.000000000000000000 ) ) ;
#1948 = FACE_BOUND ( 'NONE', #773, .T. ) ;
#1949 = ORIENTED_EDGE ( 'NONE', *, *, #2280, .F. ) ;
#1950 = AXIS2_PLACEMENT_3D ( 'NONE', #2879, #1901, #661 ) ;
#1951 = CARTESIAN_POINT ( 'NONE',  ( 0.08889650441164670402, -0.06614672990431730293, 0.000000000000000000 ) ) ;
#1952 = CARTESIAN_POINT ( 'NONE',  ( 0.1162421808453888011, 0.07179538971784819867, 0.003000000000000000062 ) ) ;
#1953 = CARTESIAN_POINT ( 'NONE',  ( 0.09236306146744580059, -0.02322375458576559845, 0.000000000000000000 ) ) ;
#1954 = EDGE_LOOP ( 'NONE', ( #1714, #128 ) ) ;
#1955 = EDGE_CURVE ( 'NONE', #2514, #541, #873, .T. ) ;
#1956 = VECTOR ( 'NONE', #1576, 1.000000000000000000 ) ;
#1957 = DIRECTION ( 'NONE',  ( 1.000000000000000000, 0.000000000000000000, 0.000000000000000000 ) ) ;
#1958 = EDGE_CURVE ( 'NONE', #2453, #2647, #1281, .T. ) ;
#1959 = DIRECTION ( 'NONE',  ( 1.000000000000000000, 0.000000000000000000, 0.000000000000000000 ) ) ;
#1960 = VERTEX_POINT ( 'NONE', #1455 ) ;
#1961 = AXIS2_PLACEMENT_3D ( 'NONE', #562, #2763, #283 ) ;
#1962 = VERTEX_POINT ( 'NONE', #2447 ) ;
#1963 = VERTEX_POINT ( 'NONE', #1216 ) ;
#1964 = CARTESIAN_POINT ( 'NONE',  ( 0.08739650441164650840, -0.06614672990431730293, 0.000000000000000000 ) ) ;
#1965 = VECTOR ( 'NONE', #665, 1.000000000000000000 ) ;
#1966 = DIRECTION ( 'NONE',  ( -1.000000000000000000, 2.065446264075110004E-11, 0.000000000000000000 ) ) ;
#1967 = EDGE_CURVE ( 'NONE', #2495, #3186, #2211, .T. ) ;
#1968 = FACE_BOUND ( 'NONE', #2625, .T. ) ;
#1969 = VERTEX_POINT ( 'NONE', #2947 ) ;
#1970 = LINE ( 'NONE', #2963, #2031 ) ;
#1971 = CARTESIAN_POINT ( 'NONE',  ( -0.03649844776576580130, 0.07681453402145960174, 0.000000000000000000 ) ) ;
#1972 = CARTESIAN_POINT ( 'NONE',  ( -0.07131769314731559173, -0.003204610282153019796, 0.000000000000000000 ) ) ;
#1973 = ORIENTED_EDGE ( 'NONE', *, *, #2779, .F. ) ;
#1974 = CIRCLE ( 'NONE', #942, 0.001499999999999994393 ) ;
#1975 = DIRECTION ( 'NONE',  ( -1.000000000000000000, -2.065446264075110004E-11, 0.000000000000000000 ) ) ;
#1976 = B_SPLINE_CURVE_WITH_KNOTS ( 'NONE', 2,
 ( #2466, #2769, #227 ),
 .UNSPECIFIED., .F., .F.,
 ( 3, 3 ),
 ( 0.000000000000000000, 1.000000000000000000 ),
 .UNSPECIFIED. ) ;
#1977 = CARTESIAN_POINT ( 'NONE',  ( 0.1147372064242470346, 0.09389680732741106928, 0.003000000000000000062 ) ) ;
#1978 = EDGE_CURVE ( 'NONE', #2326, #2125, #731, .T. ) ;
#1979 = VERTEX_POINT ( 'NONE', #2332 ) ;
#1980 = ORIENTED_EDGE ( 'NONE', *, *, #1563, .T. ) ;
#1981 = ORIENTED_EDGE ( 'NONE', *, *, #1300, .T. ) ;
#1982 = DIRECTION ( 'NONE',  ( 0.000000000000000000, 0.000000000000000000, -1.000000000000000000 ) ) ;
#1983 = DIRECTION ( 'NONE',  ( 0.7071067812010469744, -0.7071067811720480600, 0.000000000000000000 ) ) ;
#1984 = DIRECTION ( 'NONE',  ( 0.9296448682106137618, -0.3684568075224974315, 0.000000000000000000 ) ) ;
#1985 = CARTESIAN_POINT ( 'NONE',  ( 0.1286823068508392010, -0.003204610282153005051, 0.000000000000000000 ) ) ;
#1986 = CARTESIAN_POINT ( 'NONE',  ( -0.02135195713518665134, 0.02679538971991190024, 0.003000000000000000062 ) ) ;
#1987 = CARTESIAN_POINT ( 'NONE',  ( -0.02295195713518664860, 0.02679538971991190024, 0.003000000000000000062 ) ) ;
#1988 = VERTEX_POINT ( 'NONE', #1309 ) ;
#1989 = VECTOR ( 'NONE', #830, 1.000000000000000000 ) ;
#1990 = CARTESIAN_POINT ( 'NONE',  ( 0.08868230685083999809, 0.1267953897178470124, 0.000000000000000000 ) ) ;
#1991 = AXIS2_PLACEMENT_3D ( 'NONE', #1275, #2518, #2265 ) ;
#1992 = DIRECTION ( 'NONE',  ( 1.000000000000000000, 0.000000000000000000, 0.000000000000000000 ) ) ;
#1993 = ORIENTED_EDGE ( 'NONE', *, *, #2345, .T. ) ;
#1994 = VERTEX_POINT ( 'NONE', #1787 ) ;
#1995 = EDGE_CURVE ( 'NONE', #1653, #2920, #1356, .T. ) ;
#1996 = ORIENTED_EDGE ( 'NONE', *, *, #1995, .F. ) ;
#1997 = DIRECTION ( 'NONE',  ( -0.7071067812010469744, -0.7071067811720480600, 0.000000000000000000 ) ) ;
#1998 = VECTOR ( 'NONE', #552, 1.000000000000000000 ) ;
#1999 = VECTOR ( 'NONE', #1916, 1.000000000000000000 ) ;
#2000 = ADVANCED_FACE ( 'NONE', ( #565 ), #1294, .F. ) ;
#2001 = EDGE_CURVE ( 'NONE', #139, #3207, #2519, .T. ) ;
#2002 = LINE ( 'NONE', #2070, #500 ) ;
#2003 = CARTESIAN_POINT ( 'NONE',  ( -0.04945195713518669989, 0.03492538971991189511, 0.000000000000000000 ) ) ;
#2004 = CARTESIAN_POINT ( 'NONE',  ( -0.07131769314854290165, 0.05679538971991189567, 0.000000000000000000 ) ) ;
#2005 = PLANE ( 'NONE',  #823 ) ;
#2006 = CARTESIAN_POINT ( 'NONE',  ( 0.05177939429095310131, 0.05506053695920289787, 0.000000000000000000 ) ) ;
#2007 = ORIENTED_EDGE ( 'NONE', *, *, #1424, .T. ) ;
#2008 = CIRCLE ( 'NONE', #611, 0.001499999999999994393 ) ;
#2009 = CARTESIAN_POINT ( 'NONE',  ( 0.09728372446040418897, -0.05925950985556133893, -0.007000000000000000146 ) ) ;
#2010 = VECTOR ( 'NONE', #2965, 1.000000000000000000 ) ;
#2011 = AXIS2_PLACEMENT_3D ( 'NONE', #1162, #651, #1888 ) ;
#2012 = DIRECTION ( 'NONE',  ( 0.000000000000000000, 0.000000000000000000, 1.000000000000000000 ) ) ;
#2013 = EDGE_CURVE ( 'NONE', #2084, #2789, #916, .T. ) ;
#2014 = AXIS2_PLACEMENT_3D ( 'NONE', #2862, #1366, #3054 ) ;
#2015 = VERTEX_POINT ( 'NONE', #320 ) ;
#2016 = ORIENTED_EDGE ( 'NONE', *, *, #2872, .T. ) ;
#2017 = VERTEX_POINT ( 'NONE', #2057 ) ;
#2018 = DIRECTION ( 'NONE',  ( 0.000000000000000000, 0.000000000000000000, 1.000000000000000000 ) ) ;
#2019 = VECTOR ( 'NONE', #2349, 1.000000000000000222 ) ;
#2020 = ADVANCED_FACE ( 'NONE', ( #2538 ), #3043, .F. ) ;
#2021 = DIRECTION ( 'NONE',  ( 0.000000000000000000, 0.000000000000000000, 1.000000000000000000 ) ) ;
#2022 = FACE_OUTER_BOUND ( 'NONE', #2745, .T. ) ;
#2023 = UNCERTAINTY_MEASURE_WITH_UNIT (LENGTH_MEASURE( 1.000000000000000082E-05 ), #560, 'distance_accuracy_value', 'NONE');
#2024 = AXIS2_PLACEMENT_3D ( 'NONE', #2953, #1267, #292 ) ;
#2025 = CARTESIAN_POINT ( 'NONE',  ( 0.05022029533284889935, 0.05952746431879479827, 0.003000000000000000062 ) ) ;
#2026 = CARTESIAN_POINT ( 'NONE',  ( -0.05587259272256817760, -0.04030602789171797151, 0.003000000000000000062 ) ) ;
#2027 = DIRECTION ( 'NONE',  ( 0.000000000000000000, 0.000000000000000000, 1.000000000000000000 ) ) ;
#2028 = ORIENTED_EDGE ( 'NONE', *, *, #2215, .T. ) ;
#2029 = CARTESIAN_POINT ( 'NONE',  ( 0.06793589045810910498, 0.06451897049385940663, 0.000000000000000000 ) ) ;
#2030 = CARTESIAN_POINT ( 'NONE',  ( 0.1162421808453889954, -0.01820461028215424742, 0.003000000000000000062 ) ) ;
#2031 = VECTOR ( 'NONE', #746, 1.000000000000000000 ) ;
#2032 = ORIENTED_EDGE ( 'NONE', *, *, #760, .T. ) ;
#2033 = ORIENTED_EDGE ( 'NONE', *, *, #1236, .T. ) ;
#2034 = EDGE_CURVE ( 'NONE', #408, #529, #90, .T. ) ;
#2035 = ORIENTED_EDGE ( 'NONE', *, *, #2237, .F. ) ;
#2036 = ORIENTED_EDGE ( 'NONE', *, *, #2940, .T. ) ;
#2037 = LINE ( 'NONE', #531, #124 ) ;
#2038 = CARTESIAN_POINT ( 'NONE',  ( 0.000000000000000000, 0.07565227487903010417, 0.000000000000000000 ) ) ;
#2039 = EDGE_CURVE ( 'NONE', #2871, #2293, #1055, .T. ) ;
#2040 = DIRECTION ( 'NONE',  ( 0.000000000000000000, -1.000000000000000000, 0.000000000000000000 ) ) ;
#2041 = CARTESIAN_POINT ( 'NONE',  ( -0.05105195713518670408, 0.03492538971991189511, 0.000000000000000000 ) ) ;
#2042 = CARTESIAN_POINT ( 'NONE',  ( -0.06575981277133230440, 0.08700958727864489817, 0.000000000000000000 ) ) ;
#2043 = VERTEX_POINT ( 'NONE', #2026 ) ;
#2044 = DIRECTION ( 'NONE',  ( 0.000000000000000000, 0.000000000000000000, 1.000000000000000000 ) ) ;
#2045 = DIRECTION ( 'NONE',  ( 0.000000000000000000, 0.000000000000000000, 1.000000000000000000 ) ) ;
#2046 = DIRECTION ( 'NONE',  ( 1.000000000000000000, 0.000000000000000000, 0.000000000000000000 ) ) ;
#2047 = EDGE_CURVE ( 'NONE', #1883, #2326, #2831, .T. ) ;
#2048 = VERTEX_POINT ( 'NONE', #2041 ) ;
#2049 = ORIENTED_EDGE ( 'NONE', *, *, #2047, .T. ) ;
#2050 = VERTEX_POINT ( 'NONE', #366 ) ;
#2051 = LINE ( 'NONE', #1797, #2074 ) ;
#2052 = ORIENTED_EDGE ( 'NONE', *, *, #1884, .T. ) ;
#2053 = LINE ( 'NONE', #1032, #1441 ) ;
#2054 = CARTESIAN_POINT ( 'NONE',  ( -0.06575981277133230440, -0.03341880784295089835, 0.000000000000000000 ) ) ;
#2055 = VECTOR ( 'NONE', #497, 1.000000000000000000 ) ;
#2056 = DIRECTION ( 'NONE',  ( -1.000000000000000000, 0.000000000000000000, 0.000000000000000000 ) ) ;
#2057 = CARTESIAN_POINT ( 'NONE',  ( 0.08868230685083999809, 0.1267953897178470124, 0.003000000000000000062 ) ) ;
#2058 = FACE_OUTER_BOUND ( 'NONE', #2954, .T. ) ;
#2059 = DIRECTION ( 'NONE',  ( -1.000000000000000000, 0.000000000000000000, 0.000000000000000000 ) ) ;
#2060 = CARTESIAN_POINT ( 'NONE',  ( -0.07131769314915999136, 0.08679538971784700463, 0.003000000000000000062 ) ) ;
#2061 = FACE_OUTER_BOUND ( 'NONE', #650, .T. ) ;
#2062 = EDGE_CURVE ( 'NONE', #2144, #871, #1270, .T. ) ;
#2063 = ORIENTED_EDGE ( 'NONE', *, *, #2341, .T. ) ;
#2064 = ORIENTED_EDGE ( 'NONE', *, *, #2645, .T. ) ;
#2065 = AXIS2_PLACEMENT_3D ( 'NONE', #12, #222, #2233 ) ;
#2066 = EDGE_LOOP ( 'NONE', ( #2081, #3150, #2035 ) ) ;
#2067 = DIRECTION ( 'NONE',  ( 1.000000000000000000, 0.000000000000000000, 0.000000000000000000 ) ) ;
#2068 = FACE_BOUND ( 'NONE', #2384, .T. ) ;
#2069 = CIRCLE ( 'NONE', #1493, 0.001500000000008896994 ) ;
#2070 = CARTESIAN_POINT ( 'NONE',  ( 0.09536306146744580325, -0.02322375458576559845, 0.000000000000000000 ) ) ;
#2071 = ADVANCED_FACE ( 'NONE', ( #3059 ), #549, .F. ) ;
#2072 = DIRECTION ( 'NONE',  ( -0.7277831951690647561, -0.6858072767399797653, 0.000000000000000000 ) ) ;
#2073 = DIRECTION ( 'NONE',  ( 0.000000000000000000, 0.000000000000000000, 1.000000000000000000 ) ) ;
#2074 = VECTOR ( 'NONE', #1593, 1.000000000000000000 ) ;
#2075 = DIRECTION ( 'NONE',  ( 0.000000000000000000, 0.000000000000000000, 1.000000000000000000 ) ) ;
#2076 = CARTESIAN_POINT ( 'NONE',  ( 0.06793589045810910498, 0.07565227487903010417, -0.007000000000000000146 ) ) ;
#2077 = DIRECTION ( 'NONE',  ( 1.000000000000000000, 0.000000000000000000, 0.000000000000000000 ) ) ;
#2078 = ORIENTED_EDGE ( 'NONE', *, *, #887, .F. ) ;
#2079 = EDGE_LOOP ( 'NONE', ( #1427, #2454, #156, #740 ) ) ;
#2081 = ORIENTED_EDGE ( 'NONE', *, *, #77, .F. ) ;
#2080 = EDGE_CURVE ( 'NONE', #2858, #1440, #2813, .T. ) ;
#2082 = CARTESIAN_POINT ( 'NONE',  ( -0.01057127675744118020, 0.07565227487821950259, 0.003000000000000000062 ) ) ;
#2083 = PLANE ( 'NONE',  #2014 ) ;
#2084 = VERTEX_POINT ( 'NONE', #2781 ) ;
#2085 = FACE_OUTER_BOUND ( 'NONE', #1511, .T. ) ;
#2086 = FACE_OUTER_BOUND ( 'NONE', #1844, .T. ) ;
#2087 = DIRECTION ( 'NONE',  ( 0.000000000000000000, 0.000000000000000000, 1.000000000000000000 ) ) ;
#2088 = CARTESIAN_POINT ( 'NONE',  ( 0.09039650441164689965, 0.1197375093400112056, 0.000000000000000000 ) ) ;
#2089 = LINE ( 'NONE', #3035, #984 ) ;
#2090 = AXIS2_PLACEMENT_3D ( 'NONE', #799, #2593, #3045 ) ;
#2091 = EDGE_LOOP ( 'NONE', ( #571, #58, #2308, #3124 ) ) ;
#2092 = ORIENTED_EDGE ( 'NONE', *, *, #170, .T. ) ;
#2093 = DIRECTION ( 'NONE',  ( 0.000000000000000000, 0.000000000000000000, 1.000000000000000000 ) ) ;
#2094 = FACE_BOUND ( 'NONE', #3057, .T. ) ;
#2095 = EDGE_CURVE ( 'NONE', #412, #235, #2520, .T. ) ;
#2096 = AXIS2_PLACEMENT_3D ( 'NONE', #1413, #3152, #2403 ) ;
#2097 = ORIENTED_EDGE ( 'NONE', *, *, #2405, .F. ) ;
#2098 = CIRCLE ( 'NONE', #1579, 0.001500000000009896195 ) ;
#2099 = EDGE_CURVE ( 'NONE', #1065, #891, #304, .T. ) ;
#2100 = ADVANCED_FACE ( 'NONE', ( #844 ), #595, .F. ) ;
#2101 = AXIS2_PLACEMENT_3D ( 'NONE', #1228, #219, #968 ) ;
#2102 = DIRECTION ( 'NONE',  ( 1.000000000000000000, 0.000000000000000000, 0.000000000000000000 ) ) ;
#2103 = DIRECTION ( 'NONE',  ( 1.000000000000000000, 0.000000000000000000, 0.000000000000000000 ) ) ;
#2104 = DIRECTION ( 'NONE',  ( 1.000000000000000000, 0.000000000000000000, 0.000000000000000000 ) ) ;
#2105 = CARTESIAN_POINT ( 'NONE',  ( -0.07131769314915999136, -0.03320461028215499627, 0.003000000000000000062 ) ) ;
#2106 = ORIENTED_EDGE ( 'NONE', *, *, #897, .T. ) ;
#2107 = DIRECTION ( 'NONE',  ( 1.000000000000000000, 0.000000000000000000, 0.000000000000000000 ) ) ;
#2108 = DIRECTION ( 'NONE',  ( -0.000000000000000000, -0.000000000000000000, 1.000000000000000000 ) ) ;
#2109 = EDGE_LOOP ( 'NONE', ( #161, #909 ) ) ;
#2110 = VECTOR ( 'NONE', #1487, 1.000000000000000000 ) ;
#2111 = VERTEX_POINT ( 'NONE', #1102 ) ;
#2112 = CARTESIAN_POINT ( 'NONE',  ( 0.001243459121048632200, -0.02206149544276939795, 0.000000000000000000 ) ) ;
#2113 = ADVANCED_FACE ( 'NONE', ( #2085 ), #3072, .F. ) ;
#2114 = FACE_BOUND ( 'NONE', #524, .T. ) ;
#2115 = VERTEX_POINT ( 'NONE', #2606 ) ;
#2116 = EDGE_LOOP ( 'NONE', ( #3084, #1782 ) ) ;
#2117 = VECTOR ( 'NONE', #2591, 1.000000000000000000 ) ;
#2118 = AXIS2_PLACEMENT_3D ( 'NONE', #2596, #584, #2077 ) ;
#2119 = CARTESIAN_POINT ( 'NONE',  ( 0.1147372064242485334, -0.04030602789171632699, 0.000000000000000000 ) ) ;
#2120 = VECTOR ( 'NONE', #1785, 1.000000000000000000 ) ;
#2121 = CARTESIAN_POINT ( 'NONE',  ( 0.04001809026242365147, 0.004265520187327479992, -0.007000000000000000146 ) ) ;
#2122 = ORIENTED_EDGE ( 'NONE', *, *, #2800, .T. ) ;
#2123 = DIRECTION ( 'NONE',  ( -9.251858538542760807E-15, 1.000000000000000000, 0.000000000000000000 ) ) ;
#2124 = DIRECTION ( 'NONE',  ( -0.7071067811865615615, 0.7071067811865335839, 0.000000000000000000 ) ) ;
#2125 = VERTEX_POINT ( 'NONE', #2193 ) ;
#2126 = ORIENTED_EDGE ( 'NONE', *, *, #1877, .F. ) ;
#2127 = DIRECTION ( 'NONE',  ( 0.000000000000000000, 0.000000000000000000, 1.000000000000000000 ) ) ;
#2128 = FACE_BOUND ( 'NONE', #801, .T. ) ;
#2129 = ORIENTED_EDGE ( 'NONE', *, *, #2013, .F. ) ;
#2130 = EDGE_CURVE ( 'NONE', #2342, #1145, #331, .T. ) ;
#2131 = VERTEX_POINT ( 'NONE', #1964 ) ;
#2132 = STYLED_ITEM ( 'NONE', ( #1533 ), #1234 ) ;
#2133 = FACE_OUTER_BOUND ( 'NONE', #1047, .T. ) ;
#2134 = DIRECTION ( 'NONE',  ( 1.000000000000000000, 0.000000000000000000, 0.000000000000000000 ) ) ;
#2135 = VERTEX_POINT ( 'NONE', #1913 ) ;
#2136 = ADVANCED_FACE ( 'NONE', ( #2958 ), #1854, .F. ) ;
#2137 = CARTESIAN_POINT ( 'NONE',  ( 0.08739650441164650840, 0.1197375093400112056, 0.003000000000000000062 ) ) ;
#2138 = CARTESIAN_POINT ( 'NONE',  ( -0.03003189070995644985, -0.06614672990430821298, 0.000000000000000000 ) ) ;
#2139 = LINE ( 'NONE', #1280, #2993 ) ;
#2140 = EDGE_CURVE ( 'NONE', #932, #3180, #2161, .T. ) ;
#2141 = ORIENTED_EDGE ( 'NONE', *, *, #1856, .T. ) ;
#2142 = CARTESIAN_POINT ( 'NONE',  ( 0.1286823068508400059, -0.03320461028215299787, 0.003000000000000000062 ) ) ;
#2143 = EDGE_LOOP ( 'NONE', ( #23, #953, #2989 ) ) ;
#2144 = VERTEX_POINT ( 'NONE', #2850 ) ;
#2145 = AXIS2_PLACEMENT_3D ( 'NONE', #947, #1428, #1466 ) ;
#2146 = VECTOR ( 'NONE', #1984, 1.000000000000000000 ) ;
#2147 = CARTESIAN_POINT ( 'NONE',  ( 0.1147372064242485334, -0.04030602789171632699, 0.003000000000000000062 ) ) ;
#2148 = DIRECTION ( 'NONE',  ( 0.7071067811866490471, 0.7071067811864459873, 0.000000000000000000 ) ) ;
#2149 = EDGE_LOOP ( 'NONE', ( #1912, #2226, #2707, #243 ) ) ;
#2150 = CARTESIAN_POINT ( 'NONE',  ( 0.1132372064242485321, -0.04030602789171632699, -0.007000000000000000146 ) ) ;
#2151 = CARTESIAN_POINT ( 'NONE',  ( -0.05737259272256817200, -0.04030602789171797151, -0.007000000000000000146 ) ) ;
#2152 = ORIENTED_EDGE ( 'NONE', *, *, #330, .T. ) ;
#2153 = AXIS2_PLACEMENT_3D ( 'NONE', #2757, #2721, #538 ) ;
#2154 = LINE ( 'NONE', #1186, #921 ) ;
#2155 = ADVANCED_FACE ( 'NONE', ( #2711 ), #43, .F. ) ;
#2156 = ORIENTED_EDGE ( 'NONE', *, *, #496, .F. ) ;
#2157 = PLANE ( 'NONE',  #675 ) ;
#2158 = VERTEX_POINT ( 'NONE', #182 ) ;
#2159 = CIRCLE ( 'NONE', #2991, 0.001499999999999987454 ) ;
#2160 = ORIENTED_EDGE ( 'NONE', *, *, #1784, .F. ) ;
#2161 = LINE ( 'NONE', #441, #2816 ) ;
#2162 = CIRCLE ( 'NONE', #3143, 0.001499999999999994393 ) ;
#2163 = CLOSED_SHELL ( 'NONE', ( #647, #1017, #1053, #2921, #2071, #2699, #1543, #1, #516, #1379, #1188, #1157, #2772, #1825, #736, #3012, #632, #2194, #1526, #2550, #1897, #1676, #2544, #2378, #165, #275, #1268, #2670, #689, #2000, #489, #2100, #477, #2891, #2260, #216, #84, #2726, #1596, #42, #2155, #2534, #1892, #910, #1657, #2810, #3026, #1058, #397, #2535, #674, #1320, #2908, #2472, #933, #2020, #585, #2395, #1756, #1001, #2882, #2955, #2208, #2496, #104, #3153, #316, #1453, #1382, #790, #1624, #1149, #2178, #1859, #2136, #839, #2613, #2240, #1464, #3018, #285, #1760, #2113, #176, #2829, #1793, #1650, #1755, #1738, #2868 ) ) ;
#2164 = AXIS2_PLACEMENT_3D ( 'NONE', #3157, #2869, #389 ) ;
#2165 = CYLINDRICAL_SURFACE ( 'NONE', #705, 0.001500000000000001332 ) ;
#2166 = AXIS2_PLACEMENT_3D ( 'NONE', #2119, #1872, #876 ) ;
#2167 = CARTESIAN_POINT ( 'NONE',  ( 0.08868230685083999809, 0.1267953897178470124, 0.003000000000000000062 ) ) ;
#2168 = ORIENTED_EDGE ( 'NONE', *, *, #3107, .F. ) ;
#2169 = EDGE_CURVE ( 'NONE', #2759, #1895, #1687, .T. ) ;
#2170 = DIRECTION ( 'NONE',  ( -2.064845683574855091E-11, 1.000000000000000000, 0.000000000000000000 ) ) ;
#2171 = LINE ( 'NONE', #2897, #347 ) ;
#2172 = ORIENTED_EDGE ( 'NONE', *, *, #387, .F. ) ;
#2173 = CARTESIAN_POINT ( 'NONE',  ( -0.07131769314915999136, -0.003204610280088099946, 0.000000000000000000 ) ) ;
#2174 = DIRECTION ( 'NONE',  ( 1.000000000000000000, 0.000000000000000000, 0.000000000000000000 ) ) ;
#2175 = VECTOR ( 'NONE', #800, 1.000000000000000000 ) ;
#2176 = EDGE_LOOP ( 'NONE', ( #625, #1633 ) ) ;
#2177 = ORIENTED_EDGE ( 'NONE', *, *, #1800, .F. ) ;
#2178 = ADVANCED_FACE ( 'NONE', ( #2471 ), #383, .F. ) ;
#2179 = CARTESIAN_POINT ( 'NONE',  ( 0.1231244264730036037, 0.08700958727865409914, 0.000000000000000000 ) ) ;
#2180 = VECTOR ( 'NONE', #1786, 1.000000000000000000 ) ;
#2181 = DIRECTION ( 'NONE',  ( 0.000000000000000000, 0.000000000000000000, 1.000000000000000000 ) ) ;
#2182 = FACE_BOUND ( 'NONE', #1625, .T. ) ;
#2183 = ORIENTED_EDGE ( 'NONE', *, *, #1765, .T. ) ;
#2184 = CARTESIAN_POINT ( 'NONE',  ( 0.09039650441164689965, -0.06614672990431730293, 0.000000000000000000 ) ) ;
#2185 = DIRECTION ( 'NONE',  ( 0.000000000000000000, 0.000000000000000000, 1.000000000000000000 ) ) ;
#2186 = FACE_OUTER_BOUND ( 'NONE', #854, .T. ) ;
#2187 = VERTEX_POINT ( 'NONE', #2419 ) ;
#2188 = DIRECTION ( 'NONE',  ( -2.065446264075110004E-11, -1.000000000000000000, 0.000000000000000000 ) ) ;
#2189 = CYLINDRICAL_SURFACE ( 'NONE', #1093, 0.001499999999999994393 ) ;
#2190 = ORIENTED_EDGE ( 'NONE', *, *, #897, .F. ) ;
#2191 = EDGE_LOOP ( 'NONE', ( #413, #3007 ) ) ;
#2192 = ORIENTED_EDGE ( 'NONE', *, *, #371, .T. ) ;
#2193 = CARTESIAN_POINT ( 'NONE',  ( 0.05022029533284889935, 0.05952746431879479827, 0.000000000000000000 ) ) ;
#2194 = ADVANCED_FACE ( 'NONE', ( #2678 ), #199, .F. ) ;
#2195 = CARTESIAN_POINT ( 'NONE',  ( -0.07131769314915999136, 0.08679538971784700463, 0.003000000000000000062 ) ) ;
#2196 = AXIS2_PLACEMENT_3D ( 'NONE', #808, #79, #1551 ) ;
#2197 = EDGE_CURVE ( 'NONE', #2495, #2144, #688, .T. ) ;
#2198 = DIRECTION ( 'NONE',  ( -1.000000000000000000, 0.000000000000000000, 0.000000000000000000 ) ) ;
#2199 = ORIENTED_EDGE ( 'NONE', *, *, #2951, .F. ) ;
#2200 = CARTESIAN_POINT ( 'NONE',  ( -0.03153189070996530174, 0.1197375093400021989, 0.003000000000000000062 ) ) ;
#2201 = CARTESIAN_POINT ( 'NONE',  ( 0.1216244264730040048, 0.08700958727865409914, 0.000000000000000000 ) ) ;
#2202 = CARTESIAN_POINT ( 'NONE',  ( 0.02868230685083995174, -0.04427140718650034862, 0.003000000000000000062 ) ) ;
#2203 = ORIENTED_EDGE ( 'NONE', *, *, #546, .F. ) ;
#2204 = CARTESIAN_POINT ( 'NONE',  ( 0.1286823068508390067, 0.08679538971784969692, 0.003000000000000000062 ) ) ;
#2205 = DIRECTION ( 'NONE',  ( 0.000000000000000000, 0.000000000000000000, 1.000000000000000000 ) ) ;
#2206 = ORIENTED_EDGE ( 'NONE', *, *, #2779, .T. ) ;
#2207 = EDGE_LOOP ( 'NONE', ( #295, #3163, #230, #1049 ) ) ;
#2208 = ADVANCED_FACE ( 'NONE', ( #218 ), #479, .F. ) ;
#2209 = ORIENTED_EDGE ( 'NONE', *, *, #2413, .T. ) ;
#2210 = DIRECTION ( 'NONE',  ( 2.064845683574855091E-11, -1.000000000000000000, 0.000000000000000000 ) ) ;
#2211 = CIRCLE ( 'NONE', #3091, 0.001499999999999668265 ) ;
#2212 = LINE ( 'NONE', #1246, #1835 ) ;
#2213 = DIRECTION ( 'NONE',  ( 0.000000000000000000, 0.000000000000000000, -1.000000000000000000 ) ) ;
#2214 = EDGE_LOOP ( 'NONE', ( #975, #1284 ) ) ;
#2215 = EDGE_CURVE ( 'NONE', #420, #2871, #1194, .T. ) ;
#2216 = VECTOR ( 'NONE', #3001, 1.000000000000000000 ) ;
#2217 = CARTESIAN_POINT ( 'NONE',  ( 0.1216244264730040048, 0.08700958727865409914, 0.000000000000000000 ) ) ;
#2218 = FACE_OUTER_BOUND ( 'NONE', #1558, .T. ) ;
#2219 = CARTESIAN_POINT ( 'NONE',  ( -0.05887756714186569845, -0.01820461028215434804, 0.003000000000000000062 ) ) ;
#2220 = VERTEX_POINT ( 'NONE', #1448 ) ;
#2221 = CIRCLE ( 'NONE', #2788, 0.001499999999999668265 ) ;
#2222 = DIRECTION ( 'NONE',  ( 0.000000000000000000, 0.000000000000000000, 1.000000000000000000 ) ) ;
#2223 = DIRECTION ( 'NONE',  ( 0.000000000000000000, 0.000000000000000000, 1.000000000000000000 ) ) ;
#2224 = ORIENTED_EDGE ( 'NONE', *, *, #1554, .F. ) ;
#2225 = ORIENTED_EDGE ( 'NONE', *, *, #1098, .F. ) ;
#2226 = ORIENTED_EDGE ( 'NONE', *, *, #1967, .F. ) ;
#2227 = CARTESIAN_POINT ( 'NONE',  ( -0.03799844776576580263, -0.02322375458576559845, 0.000000000000000000 ) ) ;
#2228 = VECTOR ( 'NONE', #1109, 1.000000000000000000 ) ;
#2229 = EDGE_CURVE ( 'NONE', #1452, #1463, #1707, .T. ) ;
#2230 = DIRECTION ( 'NONE',  ( -1.000000000000000000, 0.000000000000000000, 0.000000000000000000 ) ) ;
#2231 = FACE_BOUND ( 'NONE', #1896, .T. ) ;
#2232 = ORIENTED_EDGE ( 'NONE', *, *, #191, .T. ) ;
#2233 = DIRECTION ( 'NONE',  ( 1.000000000000000000, 0.000000000000000000, 0.000000000000000000 ) ) ;
#2234 = DIRECTION ( 'NONE',  ( -1.000000000000000000, -2.064845683574855091E-11, 0.000000000000000000 ) ) ;
#2235 = LINE ( 'NONE', #3206, #2010 ) ;
#2236 = ORIENTED_EDGE ( 'NONE', *, *, #1580, .F. ) ;
#2237 = EDGE_CURVE ( 'NONE', #1367, #86, #2456, .T. ) ;
#2238 = CARTESIAN_POINT ( 'NONE',  ( -0.07131769314854290165, 0.05679538971991189567, 0.000000000000000000 ) ) ;
#2239 = LINE ( 'NONE', #2743, #416 ) ;
#2240 = ADVANCED_FACE ( 'NONE', ( #3197 ), #986, .F. ) ;
#2241 = ORIENTED_EDGE ( 'NONE', *, *, #1346, .F. ) ;
#2242 = EDGE_CURVE ( 'NONE', #2860, #1869, #25, .T. ) ;
#2243 = EDGE_LOOP ( 'NONE', ( #1135, #2792 ) ) ;
#2244 = B_SPLINE_SURFACE_WITH_KNOTS ( 'NONE', 2, 1, ( 
 ( #1237, #2204 ),
 ( #1459, #1407 ),
 ( #1206, #226 ) ),
 .UNSPECIFIED., .F., .F., .F.,
 ( 3, 3 ),
 ( 2, 2 ),
 ( 0.000000000000000000, 1.000000000000000000 ),
 ( 0.000000000000000000, 1.000000000000000000 ),
 .UNSPECIFIED. ) ;
#2245 = EDGE_LOOP ( 'NONE', ( #1285, #982, #325, #1941 ) ) ;
#2246 = DIRECTION ( 'NONE',  ( -1.000000000000000000, 0.000000000000000000, 0.000000000000000000 ) ) ;
#2247 = B_SPLINE_CURVE_WITH_KNOTS ( 'NONE', 2,
 ( #2823, #605, #115 ),
 .UNSPECIFIED., .F., .F.,
 ( 3, 3 ),
 ( 0.000000000000000000, 1.000000000000000000 ),
 .UNSPECIFIED. ) ;
#2248 =( NAMED_UNIT ( * ) SI_UNIT ( $, .STERADIAN. ) SOLID_ANGLE_UNIT ( ) );
#2249 = FACE_BOUND ( 'NONE', #591, .T. ) ;
#2250 = DIRECTION ( 'NONE',  ( 0.000000000000000000, 0.000000000000000000, 1.000000000000000000 ) ) ;
#2251 = CARTESIAN_POINT ( 'NONE',  ( 0.09386306146744580192, -0.02322375458576559845, 0.003000000000000000062 ) ) ;
#2252 = DIRECTION ( 'NONE',  ( 0.000000000000000000, 0.000000000000000000, 1.000000000000000000 ) ) ;
#2253 = ORIENTED_EDGE ( 'NONE', *, *, #1852, .F. ) ;
#2254 = VECTOR ( 'NONE', #2210, 1.000000000000000000 ) ;
#2255 = DIRECTION ( 'NONE',  ( 1.000000000000000000, 0.000000000000000000, 0.000000000000000000 ) ) ;
#2256 = AXIS2_PLACEMENT_3D ( 'NONE', #385, #2408, #429 ) ;
#2257 = FACE_OUTER_BOUND ( 'NONE', #788, .T. ) ;
#2258 = ORIENTED_EDGE ( 'NONE', *, *, #3113, .T. ) ;
#2259 = VERTEX_POINT ( 'NONE', #512 ) ;
#2260 = ADVANCED_FACE ( 'NONE', ( #1066 ), #1513, .F. ) ;
#2261 = AXIS2_PLACEMENT_3D ( 'NONE', #2565, #298, #1291 ) ;
#2262 = ORIENTED_EDGE ( 'NONE', *, *, #72, .F. ) ;
#2263 = DIRECTION ( 'NONE',  ( -1.000000000000000000, 2.064845683574855091E-11, 0.000000000000000000 ) ) ;
#2264 = CARTESIAN_POINT ( 'NONE',  ( 0.1201244264730041977, 0.08700958727865409914, 0.000000000000000000 ) ) ;
#2265 = DIRECTION ( 'NONE',  ( 1.000000000000000000, 2.064852009990164932E-11, 0.000000000000000000 ) ) ;
#2266 = CIRCLE ( 'NONE', #399, 0.001499999999999987454 ) ;
#2267 = DIRECTION ( 'NONE',  ( -0.000000000000000000, -0.000000000000000000, 1.000000000000000000 ) ) ;
#2268 = LINE ( 'NONE', #287, #2110 ) ;
#2269 = CYLINDRICAL_SURFACE ( 'NONE', #2679, 0.001499999999999980516 ) ;
#2270 = ORIENTED_EDGE ( 'NONE', *, *, #2504, .T. ) ;
#2271 = DIRECTION ( 'NONE',  ( 0.000000000000000000, 0.000000000000000000, -1.000000000000000000 ) ) ;
#2272 = EDGE_CURVE ( 'NONE', #2693, #408, #857, .T. ) ;
#2273 = AXIS2_PLACEMENT_3D ( 'NONE', #732, #1264, #2252 ) ;
#2274 = DIRECTION ( 'NONE',  ( 0.000000000000000000, 0.000000000000000000, 1.000000000000000000 ) ) ;
#2275 = AXIS2_PLACEMENT_3D ( 'NONE', #1594, #1143, #101 ) ;
#2276 = EDGE_LOOP ( 'NONE', ( #2501, #963 ) ) ;
#2277 = ORIENTED_EDGE ( 'NONE', *, *, #1288, .T. ) ;
#2278 = ORIENTED_EDGE ( 'NONE', *, *, #2577, .F. ) ;
#2279 = CARTESIAN_POINT ( 'NONE',  ( -0.04945195713518669989, 0.03492538971991189511, 0.000000000000000000 ) ) ;
#2280 = EDGE_CURVE ( 'NONE', #2546, #1474, #296, .T. ) ;
#2281 = B_SPLINE_CURVE_WITH_KNOTS ( 'NONE', 2,
 ( #1415, #138, #2167 ),
 .UNSPECIFIED., .F., .F.,
 ( 3, 3 ),
 ( 0.000000000000000000, 1.000000000000000000 ),
 .UNSPECIFIED. ) ;
#2282 = DIRECTION ( 'NONE',  ( 1.000000000000000000, 0.000000000000000000, 0.000000000000000000 ) ) ;
#2283 = CIRCLE ( 'NONE', #1501, 0.001500000000000209499 ) ;
#2284 = DIRECTION ( 'NONE',  ( 0.7071067811865650032, -0.7071067811865300312, 0.000000000000000000 ) ) ;
#2285 = CARTESIAN_POINT ( 'NONE',  ( -0.06575981277133230440, 0.08700958727864489817, 0.000000000000000000 ) ) ;
#2286 = CARTESIAN_POINT ( 'NONE',  ( 0.05612115457961929649, 0.07565227487903010417, -0.007000000000000000146 ) ) ;
#2287 = ORIENTED_EDGE ( 'NONE', *, *, #1519, .T. ) ;
#2288 = CARTESIAN_POINT ( 'NONE',  ( -0.02135195713518665134, 0.02679538971991190024, -0.007000000000000000146 ) ) ;
#2289 = LINE ( 'NONE', #1791, #1438 ) ;
#2290 = CARTESIAN_POINT ( 'NONE',  ( 0.08868230685083999809, -0.07320461028215301258, 0.000000000000000000 ) ) ;
#2291 = VECTOR ( 'NONE', #100, 1.000000000000000000 ) ;
#2292 = EDGE_LOOP ( 'NONE', ( #391, #87 ) ) ;
#2293 = VERTEX_POINT ( 'NONE', #1498 ) ;
#2294 = ORIENTED_EDGE ( 'NONE', *, *, #2571, .T. ) ;
#2295 = ORIENTED_EDGE ( 'NONE', *, *, #3177, .F. ) ;
#2296 = PLANE ( 'NONE',  #2844 ) ;
#2297 = AXIS2_PLACEMENT_3D ( 'NONE', #863, #354, #1311 ) ;
#2298 = DIRECTION ( 'NONE',  ( 0.000000000000000000, 0.000000000000000000, -1.000000000000000000 ) ) ;
#2299 = EDGE_CURVE ( 'NONE', #1256, #2374, #804, .T. ) ;
#2300 = DIRECTION ( 'NONE',  ( 0.000000000000000000, 0.000000000000000000, -1.000000000000000000 ) ) ;
#2301 = CARTESIAN_POINT ( 'NONE',  ( 0.05022029533284889935, -0.005936684883100690029, -0.007000000000000000146 ) ) ;
#2302 = FACE_OUTER_BOUND ( 'NONE', #2439, .T. ) ;
#2303 = DIRECTION ( 'NONE',  ( 0.000000000000000000, 0.000000000000000000, 1.000000000000000000 ) ) ;
#2304 = CARTESIAN_POINT ( 'NONE',  ( 0.1286823068508400059, -0.03320461028215299787, 0.000000000000000000 ) ) ;
#2305 = CARTESIAN_POINT ( 'NONE',  ( 0.08868230685083999809, -0.07320461028215301258, 0.003000000000000000062 ) ) ;
#2306 = ORIENTED_EDGE ( 'NONE', *, *, #20, .F. ) ;
#2307 = ORIENTED_EDGE ( 'NONE', *, *, #2367, .T. ) ;
#2308 = ORIENTED_EDGE ( 'NONE', *, *, #1396, .T. ) ;
#2309 = CARTESIAN_POINT ( 'NONE',  ( 0.07204167840014739921, 0.03600571373975870043, -0.007000000000000000146 ) ) ;
#2310 = DIRECTION ( 'NONE',  ( 0.000000000000000000, 0.000000000000000000, 1.000000000000000000 ) ) ;
#2311 = EDGE_CURVE ( 'NONE', #2658, #1279, #1005, .T. ) ;
#2312 = SURFACE_STYLE_USAGE ( .BOTH. , #333 ) ;
#2313 = DIRECTION ( 'NONE',  ( 0.000000000000000000, 0.000000000000000000, 1.000000000000000000 ) ) ;
#2314 = DIRECTION ( 'NONE',  ( -0.7071067811865620056, 0.7071067811865330288, 0.000000000000000000 ) ) ;
#2315 = AXIS2_PLACEMENT_3D ( 'NONE', #3000, #502, #2718 ) ;
#2316 = DIRECTION ( 'NONE',  ( -1.000000000000000000, 0.000000000000000000, 0.000000000000000000 ) ) ;
#2317 = EDGE_CURVE ( 'NONE', #1574, #2449, #2776, .T. ) ;
#2318 = DIRECTION ( 'NONE',  ( 0.000000000000000000, 0.000000000000000000, 1.000000000000000000 ) ) ;
#2319 = DIRECTION ( 'NONE',  ( 0.000000000000000000, 0.000000000000000000, 1.000000000000000000 ) ) ;
#2320 = AXIS2_PLACEMENT_3D ( 'NONE', #2984, #1490, #33 ) ;
#2321 = AXIS2_PLACEMENT_3D ( 'NONE', #2671, #683, #1957 ) ;
#2322 = ORIENTED_EDGE ( 'NONE', *, *, #379, .F. ) ;
#2323 = AXIS2_PLACEMENT_3D ( 'NONE', #1418, #2428, #432 ) ;
#2324 = ORIENTED_EDGE ( 'NONE', *, *, #131, .F. ) ;
#2325 = CIRCLE ( 'NONE', #2632, 0.001500000000008900464 ) ;
#2326 = VERTEX_POINT ( 'NONE', #281 ) ;
#2327 = LINE ( 'NONE', #2548, #892 ) ;
#2328 = CARTESIAN_POINT ( 'NONE',  ( -0.01057127675744118020, -0.02206149544252539868, 0.003000000000000000062 ) ) ;
#2329 = AXIS2_PLACEMENT_3D ( 'NONE', #1341, #535, #1517 ) ;
#2330 = EDGE_LOOP ( 'NONE', ( #164, #114, #1684, #1702 ) ) ;
#2331 = FILL_AREA_STYLE_COLOUR ( '', #1915 ) ;
#2332 = CARTESIAN_POINT ( 'NONE',  ( -0.01057127675721129985, 0.06451897049304880505, 0.000000000000000000 ) ) ;
#2333 = CARTESIAN_POINT ( 'NONE',  ( -0.01975195713518665061, 0.02679538971991190024, -0.007000000000000000146 ) ) ;
#2334 = CARTESIAN_POINT ( 'NONE',  ( 0.000000000000000000, 0.004265520187327479992, 0.000000000000000000 ) ) ;
#2335 = EDGE_CURVE ( 'NONE', #37, #57, #1525, .T. ) ;
#2336 = CARTESIAN_POINT ( 'NONE',  ( -0.03991911075872323772, -0.05925950985556238670, 0.000000000000000000 ) ) ;
#2337 = DIRECTION ( 'NONE',  ( -0.7071067811864459873, -0.7071067811866490471, 0.000000000000000000 ) ) ;
#2338 = EDGE_CURVE ( 'NONE', #1024, #173, #1737, .T. ) ;
#2339 = CARTESIAN_POINT ( 'NONE',  ( 0.02868230685083995174, 0.09786218662219439701, 0.000000000000000000 ) ) ;
#2340 = CIRCLE ( 'NONE', #215, 0.001500000000000209499 ) ;
#2341 = EDGE_CURVE ( 'NONE', #1168, #2647, #2037, .T. ) ;
#2342 = VERTEX_POINT ( 'NONE', #2532 ) ;
#2343 = CARTESIAN_POINT ( 'NONE',  ( -0.03153189070996530174, 0.1197375093400021989, 0.003000000000000000062 ) ) ;
#2344 = DIRECTION ( 'NONE',  ( -1.000000000000000000, 0.000000000000000000, 0.000000000000000000 ) ) ;
#2345 = EDGE_CURVE ( 'NONE', #289, #1669, #1286, .T. ) ;
#2346 = VERTEX_POINT ( 'NONE', #2487 ) ;
#2347 = DIRECTION ( 'NONE',  ( -8.054250179391209161E-17, -1.000000000000000000, 0.000000000000000000 ) ) ;
#2348 = CARTESIAN_POINT ( 'NONE',  ( -0.06275981277131249814, -0.03341880784295089835, 0.003000000000000000062 ) ) ;
#2349 = DIRECTION ( 'NONE',  ( -0.7277831951690642009, 0.6858072767399802094, 0.000000000000000000 ) ) ;
#2350 = ORIENTED_EDGE ( 'NONE', *, *, #2351, .F. ) ;
#2351 = EDGE_CURVE ( 'NONE', #2048, #2658, #544, .T. ) ;
#2352 = LINE ( 'NONE', #2856, #2839 ) ;
#2353 = PLANE ( 'NONE',  #1699 ) ;
#2354 = CIRCLE ( 'NONE', #2848, 0.001499999999999994393 ) ;
#2355 = CARTESIAN_POINT ( 'NONE',  ( -0.05887756714186569845, 0.07179538971784830970, 0.003000000000000000062 ) ) ;
#2356 = VERTEX_POINT ( 'NONE', #315 ) ;
#2357 = PLANE ( 'NONE',  #739 ) ;
#2358 = FACE_BOUND ( 'NONE', #2176, .T. ) ;
#2359 = VECTOR ( 'NONE', #1982, 1.000000000000000000 ) ;
#2360 = EDGE_LOOP ( 'NONE', ( #703, #1352 ) ) ;
#2361 = ORIENTED_EDGE ( 'NONE', *, *, #77, .T. ) ;
#2362 = CARTESIAN_POINT ( 'NONE',  ( 0.09578372446040418764, -0.05925950985556133893, 0.000000000000000000 ) ) ;
#2363 = CARTESIAN_POINT ( 'NONE',  ( 0.06415504222406730184, 0.06808175299332759611, 0.000000000000000000 ) ) ;
#2364 = ORIENTED_EDGE ( 'NONE', *, *, #2709, .F. ) ;
#2365 = DIRECTION ( 'NONE',  ( -0.000000000000000000, -0.000000000000000000, 1.000000000000000000 ) ) ;
#2366 = CARTESIAN_POINT ( 'NONE',  ( 0.06793589045810910498, 0.06451897049385940663, -0.007000000000000000146 ) ) ;
#2367 = EDGE_CURVE ( 'NONE', #2115, #420, #1273, .T. ) ;
#2368 = ORIENTED_EDGE ( 'NONE', *, *, #1080, .T. ) ;
#2369 = AXIS2_PLACEMENT_3D ( 'NONE', #2366, #1622, #1373 ) ;
#2370 = ORIENTED_EDGE ( 'NONE', *, *, #2567, .F. ) ;
#2371 = CARTESIAN_POINT ( 'NONE',  ( 0.06793589045810910498, 0.07565227487903010417, 0.003000000000000000062 ) ) ;
#2372 = FACE_BOUND ( 'NONE', #2622, .T. ) ;
#2373 = ORIENTED_EDGE ( 'NONE', *, *, #277, .F. ) ;
#2374 = VERTEX_POINT ( 'NONE', #24 ) ;
#2375 = EDGE_CURVE ( 'NONE', #1107, #712, #1304, .T. ) ;
#2376 = DIRECTION ( 'NONE',  ( 0.7071067811865330288, 0.7071067811865620056, 0.000000000000000000 ) ) ;
#2377 = AXIS2_PLACEMENT_3D ( 'NONE', #2525, #1073, #1570 ) ;
#2378 = ADVANCED_FACE ( 'NONE', ( #777 ), #2296, .F. ) ;
#2379 = LINE ( 'NONE', #2363, #2019 ) ;
#2380 = EDGE_LOOP ( 'NONE', ( #1614, #312, #2431, #149 ) ) ;
#2381 = DIRECTION ( 'NONE',  ( 0.000000000000000000, 0.000000000000000000, 1.000000000000000000 ) ) ;
#2382 = CYLINDRICAL_SURFACE ( 'NONE', #450, 0.001499999999999994393 ) ;
#2383 = AXIS2_PLACEMENT_3D ( 'NONE', #1376, #3067, #2067 ) ;
#2384 = EDGE_LOOP ( 'NONE', ( #509, #528, #1347, #2530 ) ) ;
#2385 = ORIENTED_EDGE ( 'NONE', *, *, #134, .T. ) ;
#2386 = CARTESIAN_POINT ( 'NONE',  ( -0.03799844776576580263, 0.07681453402145960174, 0.000000000000000000 ) ) ;
#2387 = CARTESIAN_POINT ( 'NONE',  ( -0.03153189070996530174, -0.06614672990430821298, 0.000000000000000000 ) ) ;
#2388 = ORIENTED_EDGE ( 'NONE', *, *, #856, .T. ) ;
#2389 = ORIENTED_EDGE ( 'NONE', *, *, #577, .F. ) ;
#2390 = AXIS2_PLACEMENT_3D ( 'NONE', #3071, #859, #1836 ) ;
#2391 = EDGE_CURVE ( 'NONE', #1962, #945, #2053, .T. ) ;
#2392 = CARTESIAN_POINT ( 'NONE',  ( -0.01975195713518665061, 0.02679538971991190024, 0.000000000000000000 ) ) ;
#2393 = CARTESIAN_POINT ( 'NONE',  ( 0.03960771026244570142, 0.02679538971784725318, 0.003000000000000000062 ) ) ;
#2394 = ORIENTED_EDGE ( 'NONE', *, *, #2574, .T. ) ;
#2395 = ADVANCED_FACE ( 'NONE', ( #1798, #791, #246, #1771, #2761, #543, #1319, #2602, #2094, #1127, #644, #344, #3100, #116, #2358, #3068, #2586, #2128, #130, #853, #2114, #89, #362, #885, #1079, #628, #2372, #2563, #1097, #378, #1830, #1867, #2068, #1110 ), #2083, .F. ) ;
#2396 = DIRECTION ( 'NONE',  ( 1.000000000000000000, 0.000000000000000000, 0.000000000000000000 ) ) ;
#2397 = LINE ( 'NONE', #158, #1332 ) ;
#2398 = CARTESIAN_POINT ( 'NONE',  ( 0.1201244264730041977, -0.03341880784296014789, 0.000000000000000000 ) ) ;
#2399 = ORIENTED_EDGE ( 'NONE', *, *, #971, .F. ) ;
#2400 = CARTESIAN_POINT ( 'NONE',  ( 0.08868230685083999809, 0.1267953897178470124, 0.003000000000000000062 ) ) ;
#2401 = VERTEX_POINT ( 'NONE', #1627 ) ;
#2402 = ORIENTED_EDGE ( 'NONE', *, *, #404, .T. ) ;
#2403 = DIRECTION ( 'NONE',  ( 1.000000000000000000, 0.000000000000000000, 0.000000000000000000 ) ) ;
#2404 = AXIS2_PLACEMENT_3D ( 'NONE', #351, #1340, #106 ) ;
#2405 = EDGE_CURVE ( 'NONE', #2643, #85, #657, .T. ) ;
#2406 = VECTOR ( 'NONE', #918, 1.000000000000000000 ) ;
#2407 = FACE_OUTER_BOUND ( 'NONE', #1589, .T. ) ;
#2408 = DIRECTION ( 'NONE',  ( 0.000000000000000000, 0.000000000000000000, 1.000000000000000000 ) ) ;
#2409 = VERTEX_POINT ( 'NONE', #2824 ) ;
#2410 = LINE ( 'NONE', #140, #1850 ) ;
#2411 = DIRECTION ( 'NONE',  ( -0.000000000000000000, -0.000000000000000000, 1.000000000000000000 ) ) ;
#2412 = ORIENTED_EDGE ( 'NONE', *, *, #745, .F. ) ;
#2413 = EDGE_CURVE ( 'NONE', #871, #2144, #2221, .T. ) ;
#2414 = CARTESIAN_POINT ( 'NONE',  ( -0.01057127675721129985, 0.06451897049304880505, 0.003000000000000000062 ) ) ;
#2415 = LINE ( 'NONE', #2400, #2488 ) ;
#2416 = ORIENTED_EDGE ( 'NONE', *, *, #2080, .F. ) ;
#2417 = AXIS2_PLACEMENT_3D ( 'NONE', #2624, #1649, #956 ) ;
#2418 = ORIENTED_EDGE ( 'NONE', *, *, #271, .F. ) ;
#2419 = CARTESIAN_POINT ( 'NONE',  ( 0.1286823068508392010, -0.003204610282153005051, 0.000000000000000000 ) ) ;
#2420 = CIRCLE ( 'NONE', #1597, 0.001499999999999987454 ) ;
#2421 = VECTOR ( 'NONE', #1295, 1.000000000000000000 ) ;
#2422 = CIRCLE ( 'NONE', #2323, 0.001549999999999999295 ) ;
#2423 = DIRECTION ( 'NONE',  ( 1.000000000000000000, 0.000000000000000000, 0.000000000000000000 ) ) ;
#2424 = AXIS2_PLACEMENT_3D ( 'NONE', #2387, #163, #1397 ) ;
#2425 = DIRECTION ( 'NONE',  ( 1.000000000000000000, 0.000000000000000000, 0.000000000000000000 ) ) ;
#2426 = ORIENTED_EDGE ( 'NONE', *, *, #134, .F. ) ;
#2427 = VECTOR ( 'NONE', #2911, 1.000000000000000000 ) ;
#2428 = DIRECTION ( 'NONE',  ( 0.000000000000000000, 0.000000000000000000, 1.000000000000000000 ) ) ;
#2429 = FACE_OUTER_BOUND ( 'NONE', #474, .T. ) ;
#2430 = DIRECTION ( 'NONE',  ( 0.000000000000000000, 0.000000000000000000, 1.000000000000000000 ) ) ;
#2431 = ORIENTED_EDGE ( 'NONE', *, *, #3041, .F. ) ;
#2432 = PLANE ( 'NONE',  #348 ) ;
#2433 = EDGE_CURVE ( 'NONE', #2646, #1883, #1816, .T. ) ;
#2434 = CARTESIAN_POINT ( 'NONE',  ( 0.02868230685060580223, 0.04932525924836660136, -0.007000000000000000146 ) ) ;
#2435 = AXIS2_PLACEMENT_3D ( 'NONE', #472, #2452, #2917 ) ;
#2436 = ORIENTED_EDGE ( 'NONE', *, *, #191, .F. ) ;
#2437 = ORIENTED_EDGE ( 'NONE', *, *, #794, .T. ) ;
#2438 = EDGE_CURVE ( 'NONE', #386, #2158, #590, .T. ) ;
#2439 = EDGE_LOOP ( 'NONE', ( #2437, #2224, #2931, #494 ) ) ;
#2440 = DIRECTION ( 'NONE',  ( 1.000000000000000000, 2.065446264075110004E-11, 0.000000000000000000 ) ) ;
#2441 = EDGE_CURVE ( 'NONE', #57, #37, #1599, .T. ) ;
#2442 = VECTOR ( 'NONE', #2780, 1.000000000000000000 ) ;
#2443 = CARTESIAN_POINT ( 'NONE',  ( 0.01734652343878790096, 0.04932525924813260104, 0.003000000000000000062 ) ) ;
#2444 = FACE_OUTER_BOUND ( 'NONE', #1542, .T. ) ;
#2445 = VERTEX_POINT ( 'NONE', #147 ) ;
#2446 = DIRECTION ( 'NONE',  ( 0.000000000000000000, 0.000000000000000000, -1.000000000000000000 ) ) ;
#2447 = CARTESIAN_POINT ( 'NONE',  ( 0.08739650441164650840, 0.1197375093400112056, 0.000000000000000000 ) ) ;
#2448 = FACE_OUTER_BOUND ( 'NONE', #1933, .T. ) ;
#2449 = VERTEX_POINT ( 'NONE', #2328 ) ;
#2450 = EDGE_CURVE ( 'NONE', #701, #85, #620, .T. ) ;
#2451 = CARTESIAN_POINT ( 'NONE',  ( -0.07131769314731559173, 0.08679538971784969692, 0.000000000000000000 ) ) ;
#2452 = DIRECTION ( 'NONE',  ( 0.000000000000000000, 0.000000000000000000, 1.000000000000000000 ) ) ;
#2453 = VERTEX_POINT ( 'NONE', #3083 ) ;
#2454 = ORIENTED_EDGE ( 'NONE', *, *, #1852, .T. ) ;
#2455 = EDGE_LOOP ( 'NONE', ( #3120, #687, #1764, #5 ) ) ;
#2456 = LINE ( 'NONE', #1226, #2254 ) ;
#2457 = EDGE_CURVE ( 'NONE', #488, #1485, #870, .T. ) ;
#2458 = DIRECTION ( 'NONE',  ( 1.000000000000000000, 0.000000000000000000, 0.000000000000000000 ) ) ;
#2459 = FACE_BOUND ( 'NONE', #1921, .T. ) ;
#2460 = ORIENTED_EDGE ( 'NONE', *, *, #1430, .F. ) ;
#2461 = DIRECTION ( 'NONE',  ( 1.000000000000000000, 0.000000000000000000, 0.000000000000000000 ) ) ;
#2462 = CARTESIAN_POINT ( 'NONE',  ( 0.09578372446040196719, 0.1128502892912553457, 0.000000000000000000 ) ) ;
#2463 = DIRECTION ( 'NONE',  ( 1.000000000000000000, 0.000000000000000000, 0.000000000000000000 ) ) ;
#2464 = ORIENTED_EDGE ( 'NONE', *, *, #2746, .T. ) ;
#2465 = CARTESIAN_POINT ( 'NONE',  ( -0.03841911075872424947, 0.1128502892912543326, 0.000000000000000000 ) ) ;
#2466 = CARTESIAN_POINT ( 'NONE',  ( -0.07131769314854290165, 0.05679538971991189567, 0.000000000000000000 ) ) ;
#2467 = EDGE_CURVE ( 'NONE', #2583, #2904, #1547, .T. ) ;
#2468 = VERTEX_POINT ( 'NONE', #1881 ) ;
#2469 = ORIENTED_EDGE ( 'NONE', *, *, #997, .T. ) ;
#2470 = ORIENTED_EDGE ( 'NONE', *, *, #1496, .T. ) ;
#2471 = FACE_OUTER_BOUND ( 'NONE', #2720, .T. ) ;
#2472 = ADVANCED_FACE ( 'NONE', ( #2549 ), #329, .F. ) ;
#2473 = DIRECTION ( 'NONE',  ( -1.000000000000000000, 0.000000000000000000, 0.000000000000000000 ) ) ;
#2474 = FACE_BOUND ( 'NONE', #430, .T. ) ;
#2475 = ORIENTED_EDGE ( 'NONE', *, *, #496, .T. ) ;
#2476 = AXIS2_PLACEMENT_3D ( 'NONE', #907, #1372, #2883 ) ;
#2477 = AXIS2_PLACEMENT_3D ( 'NONE', #3173, #2719, #957 ) ;
#2478 = CARTESIAN_POINT ( 'NONE',  ( -0.005014432881859459679, -0.01616453615407429864, 0.003000000000000000062 ) ) ;
#2479 = CARTESIAN_POINT ( 'NONE',  ( 0.01734652343878790096, 0.04932525924813260104, 0.000000000000000000 ) ) ;
#2480 = CARTESIAN_POINT ( 'NONE',  ( -0.03841911075872424947, 0.1128502892912543326, 0.003000000000000000062 ) ) ;
#2481 = ORIENTED_EDGE ( 'NONE', *, *, #2752, .F. ) ;
#2482 = EDGE_CURVE ( 'NONE', #1279, #1721, #198, .T. ) ;
#2483 = DIRECTION ( 'NONE',  ( 0.000000000000000000, 0.000000000000000000, 1.000000000000000000 ) ) ;
#2484 = DIRECTION ( 'NONE',  ( 1.000000000000000000, 0.000000000000000000, 0.000000000000000000 ) ) ;
#2485 = ORIENTED_EDGE ( 'NONE', *, *, #2811, .T. ) ;
#2486 = VERTEX_POINT ( 'NONE', #2526 ) ;
#2487 = CARTESIAN_POINT ( 'NONE',  ( -0.04785195713518670263, 0.01866538971991190191, 0.003000000000000000062 ) ) ;
#2488 = VECTOR ( 'NONE', #453, 1.000000000000000000 ) ;
#2489 = DIRECTION ( 'NONE',  ( 0.000000000000000000, 0.000000000000000000, 1.000000000000000000 ) ) ;
#2490 = CARTESIAN_POINT ( 'NONE',  ( 0.06793589045810910498, 0.06451897049385940663, -0.007000000000000000146 ) ) ;
#2491 = CIRCLE ( 'NONE', #2543, 0.001500000000008900464 ) ;
#2492 = DIRECTION ( 'NONE',  ( 0.000000000000000000, 0.000000000000000000, 1.000000000000000000 ) ) ;
#2493 = FACE_OUTER_BOUND ( 'NONE', #2207, .T. ) ;
#2494 = CARTESIAN_POINT ( 'NONE',  ( -0.04945195713518669989, 0.03492538971991189511, 0.003000000000000000062 ) ) ;
#2495 = VERTEX_POINT ( 'NONE', #1588 ) ;
#2496 = ADVANCED_FACE ( 'NONE', ( #1361 ), #2857, .F. ) ;
#2497 = CARTESIAN_POINT ( 'NONE',  ( -0.01042647364561761873, -0.01106464244601916037, 0.000000000000000000 ) ) ;
#2498 = FACE_OUTER_BOUND ( 'NONE', #1572, .T. ) ;
#2499 = ORIENTED_EDGE ( 'NONE', *, *, #2047, .F. ) ;
#2500 = ORIENTED_EDGE ( 'NONE', *, *, #2391, .T. ) ;
#2501 = ORIENTED_EDGE ( 'NONE', *, *, #869, .F. ) ;
#2502 = DIRECTION ( 'NONE',  ( 0.000000000000000000, 0.000000000000000000, 1.000000000000000000 ) ) ;
#2503 = VECTOR ( 'NONE', #1778, 1.000000000000000000 ) ;
#2504 = EDGE_CURVE ( 'NONE', #2926, #1011, #1106, .T. ) ;
#2505 = LINE ( 'NONE', #3011, #2636 ) ;
#2506 = FACE_OUTER_BOUND ( 'NONE', #1629, .T. ) ;
#2507 = CARTESIAN_POINT ( 'NONE',  ( -0.01057127675721129985, -0.01092819105735471849, 0.003000000000000000062 ) ) ;
#2508 = PLANE ( 'NONE',  #194 ) ;
#2509 = ORIENTED_EDGE ( 'NONE', *, *, #2338, .T. ) ;
#2510 = VECTOR ( 'NONE', #39, 1.000000000000000000 ) ;
#2511 = DIRECTION ( 'NONE',  ( -1.000000000000000000, 0.000000000000000000, 0.000000000000000000 ) ) ;
#2512 = DIRECTION ( 'NONE',  ( 0.000000000000000000, 0.000000000000000000, -1.000000000000000000 ) ) ;
#2513 = EDGE_CURVE ( 'NONE', #2619, #386, #2089, .T. ) ;
#2514 = VERTEX_POINT ( 'NONE', #2802 ) ;
#2515 = ORIENTED_EDGE ( 'NONE', *, *, #2907, .T. ) ;
#2516 = VECTOR ( 'NONE', #1966, 1.000000000000000000 ) ;
#2517 = DIRECTION ( 'NONE',  ( 0.000000000000000000, 0.000000000000000000, -1.000000000000000000 ) ) ;
#2518 = DIRECTION ( 'NONE',  ( -2.064852009990164932E-11, 1.000000000000000000, 0.000000000000000000 ) ) ;
#2519 = CIRCLE ( 'NONE', #2626, 0.001500000000009896195 ) ;
#2520 = LINE ( 'NONE', #1322, #593 ) ;
#2521 = DIRECTION ( 'NONE',  ( 0.000000000000000000, 0.000000000000000000, 1.000000000000000000 ) ) ;
#2522 = EDGE_LOOP ( 'NONE', ( #2052, #1283, #426, #458 ) ) ;
#2523 = DIRECTION ( 'NONE',  ( 0.7277831951624040840, -0.6858072767470481113, 0.000000000000000000 ) ) ;
#2524 = CIRCLE ( 'NONE', #1546, 0.001500000000009896195 ) ;
#2525 = CARTESIAN_POINT ( 'NONE',  ( -0.06425981277132240821, 0.08700958727864489817, 0.000000000000000000 ) ) ;
#2526 = CARTESIAN_POINT ( 'NONE',  ( -0.03303189070997419874, -0.06614672990430821298, 0.000000000000000000 ) ) ;
#2527 = AXIS2_PLACEMENT_3D ( 'NONE', #881, #1061, #1861 ) ;
#2528 = EDGE_LOOP ( 'NONE', ( #2545, #1663 ) ) ;
#2529 = EDGE_CURVE ( 'NONE', #2486, #541, #1792, .T. ) ;
#2530 = ORIENTED_EDGE ( 'NONE', *, *, #2438, .F. ) ;
#2531 = ORIENTED_EDGE ( 'NONE', *, *, #153, .F. ) ;
#2532 = CARTESIAN_POINT ( 'NONE',  ( 0.1132372064242485321, -0.04030602789171632699, 0.000000000000000000 ) ) ;
#2533 = AXIS2_PLACEMENT_3D ( 'NONE', #547, #2298, #1773 ) ;
#2534 = ADVANCED_FACE ( 'NONE', ( #622 ), #299, .F. ) ;
#2535 = ADVANCED_FACE ( 'NONE', ( #2061 ), #2542, .F. ) ;
#2536 = CARTESIAN_POINT ( 'NONE',  ( 0.08868230685083999809, 0.1267953897178470124, 0.000000000000000000 ) ) ;
#2537 = DIRECTION ( 'NONE',  ( 0.3684568075224974315, -0.9296448682106137618, 0.000000000000000000 ) ) ;
#2538 = FACE_OUTER_BOUND ( 'NONE', #3109, .T. ) ;
#2539 = DIRECTION ( 'NONE',  ( 1.000000000000000000, 0.000000000000000000, 0.000000000000000000 ) ) ;
#2540 = DIRECTION ( 'NONE',  ( 0.000000000000000000, 0.000000000000000000, 1.000000000000000000 ) ) ;
#2541 = DIRECTION ( 'NONE',  ( 0.000000000000000000, 0.000000000000000000, 1.000000000000000000 ) ) ;
#2542 = CYLINDRICAL_SURFACE ( 'NONE', #1136, 0.001499999999999987454 ) ;
#2543 = AXIS2_PLACEMENT_3D ( 'NONE', #2343, #2562, #1350 ) ;
#2544 = ADVANCED_FACE ( 'NONE', ( #358 ), #2353, .F. ) ;
#2545 = ORIENTED_EDGE ( 'NONE', *, *, #1222, .T. ) ;
#2546 = VERTEX_POINT ( 'NONE', #1810 ) ;
#2547 = EDGE_LOOP ( 'NONE', ( #1445, #3137 ) ) ;
#2548 = CARTESIAN_POINT ( 'NONE',  ( -0.03003189070995640128, 0.1197375093400021989, 0.000000000000000000 ) ) ;
#2549 = FACE_OUTER_BOUND ( 'NONE', #2669, .T. ) ;
#2550 = ADVANCED_FACE ( 'NONE', ( #1571 ), #865, .F. ) ;
#2551 = LINE ( 'NONE', #3042, #2180 ) ;
#2552 = DIRECTION ( 'NONE',  ( 0.000000000000000000, 0.000000000000000000, 1.000000000000000000 ) ) ;
#2553 = CARTESIAN_POINT ( 'NONE',  ( 0.001243459121048632200, 0.07565227487846350185, -0.007000000000000000146 ) ) ;
#2554 = DIRECTION ( 'NONE',  ( 0.000000000000000000, 0.000000000000000000, -1.000000000000000000 ) ) ;
#2555 = AXIS2_PLACEMENT_3D ( 'NONE', #2590, #2552, #2765 ) ;
#2556 = DIRECTION ( 'NONE',  ( 0.000000000000000000, 0.000000000000000000, -1.000000000000000000 ) ) ;
#2557 = LINE ( 'NONE', #1345, #411 ) ;
#2558 = VERTEX_POINT ( 'NONE', #1088 ) ;
#2559 = VECTOR ( 'NONE', #2608, 1.000000000000000000 ) ;
#2560 = ORIENTED_EDGE ( 'NONE', *, *, #3041, .T. ) ;
#2561 = VERTEX_POINT ( 'NONE', #3095 ) ;
#2562 = DIRECTION ( 'NONE',  ( 0.000000000000000000, 0.000000000000000000, 1.000000000000000000 ) ) ;
#2563 = FACE_BOUND ( 'NONE', #1638, .T. ) ;
#2564 = ORIENTED_EDGE ( 'NONE', *, *, #1606, .F. ) ;
#2565 = CARTESIAN_POINT ( 'NONE',  ( 0.000000000000000000, 0.000000000000000000, 0.000000000000000000 ) ) ;
#2566 = CIRCLE ( 'NONE', #2878, 0.001500000000000209499 ) ;
#2567 = EDGE_CURVE ( 'NONE', #1969, #3081, #848, .T. ) ;
#2568 = CARTESIAN_POINT ( 'NONE',  ( -0.03841911075872324333, -0.05925950985556238670, 0.000000000000000000 ) ) ;
#2569 = DIRECTION ( 'NONE',  ( 1.000000000000000000, 0.000000000000000000, 0.000000000000000000 ) ) ;
#2570 = LINE ( 'NONE', #305, #248 ) ;
#2571 = EDGE_CURVE ( 'NONE', #529, #1184, #1801, .T. ) ;
#2572 = VECTOR ( 'NONE', #1743, 1.000000000000000000 ) ;
#2573 = DIRECTION ( 'NONE',  ( 0.000000000000000000, 0.000000000000000000, 1.000000000000000000 ) ) ;
#2574 = EDGE_CURVE ( 'NONE', #1869, #2860, #302, .T. ) ;
#2575 = LINE ( 'NONE', #1607, #309 ) ;
#2576 = DIRECTION ( 'NONE',  ( 0.000000000000000000, 0.000000000000000000, -1.000000000000000000 ) ) ;
#2577 = EDGE_CURVE ( 'NONE', #2125, #2646, #2557, .T. ) ;
#2578 = CIRCLE ( 'NONE', #1337, 0.001500000000000001332 ) ;
#2579 = CIRCLE ( 'NONE', #1434, 0.001549999999999999295 ) ;
#2580 = ORIENTED_EDGE ( 'NONE', *, *, #2752, .T. ) ;
#2581 = AXIS2_PLACEMENT_3D ( 'NONE', #2607, #2865, #2620 ) ;
#2582 = VECTOR ( 'NONE', #922, 1.000000000000000000 ) ;
#2583 = VERTEX_POINT ( 'NONE', #373 ) ;
#2584 = VERTEX_POINT ( 'NONE', #126 ) ;
#2585 = CARTESIAN_POINT ( 'NONE',  ( 0.02868230685083840090, 0.02679538971784725318, 0.003000000000000000062 ) ) ;
#2586 = FACE_BOUND ( 'NONE', #1656, .T. ) ;
#2587 = EDGE_LOOP ( 'NONE', ( #686, #2126 ) ) ;
#2588 = AXIS2_PLACEMENT_3D ( 'NONE', #1839, #2573, #2834 ) ;
#2589 = DIRECTION ( 'NONE',  ( -1.000000000000000000, 0.000000000000000000, 0.000000000000000000 ) ) ;
#2590 = CARTESIAN_POINT ( 'NONE',  ( 0.02868230685083995174, 0.09786218662219439701, 0.000000000000000000 ) ) ;
#2591 = DIRECTION ( 'NONE',  ( 0.000000000000000000, 0.000000000000000000, 1.000000000000000000 ) ) ;
#2592 = AXIS2_PLACEMENT_3D ( 'NONE', #1142, #899, #1395 ) ;
#2593 = DIRECTION ( 'NONE',  ( 0.000000000000000000, 0.000000000000000000, 1.000000000000000000 ) ) ;
#2594 = ORIENTED_EDGE ( 'NONE', *, *, #480, .T. ) ;
#2595 = DIRECTION ( 'NONE',  ( 0.7071067811865330288, 0.7071067811865620056, 0.000000000000000000 ) ) ;
#2596 = CARTESIAN_POINT ( 'NONE',  ( 0.09578372446040418764, -0.05925950985556133893, 0.003000000000000000062 ) ) ;
#2597 = EDGE_CURVE ( 'NONE', #2789, #2860, #2787, .T. ) ;
#2598 = EDGE_LOOP ( 'NONE', ( #499, #2106, #374, #2724 ) ) ;
#2599 = CIRCLE ( 'NONE', #1458, 0.001500000000000001332 ) ;
#2600 = ORIENTED_EDGE ( 'NONE', *, *, #2648, .F. ) ;
#2601 = DIRECTION ( 'NONE',  ( 1.000000000000000000, 0.000000000000000000, 0.000000000000000000 ) ) ;
#2602 = FACE_BOUND ( 'NONE', #392, .T. ) ;
#2603 = EDGE_LOOP ( 'NONE', ( #1937, #504, #1203, #293 ) ) ;
#2604 = ORIENTED_EDGE ( 'NONE', *, *, #2770, .F. ) ;
#2605 = EDGE_CURVE ( 'NONE', #1847, #929, #722, .T. ) ;
#2606 = CARTESIAN_POINT ( 'NONE',  ( 0.01734652343878790096, 0.004265520187561545364, 0.003000000000000000062 ) ) ;
#2607 = CARTESIAN_POINT ( 'NONE',  ( -0.04945195713518669989, 0.03492538971991189511, -0.007000000000000000146 ) ) ;
#2608 = DIRECTION ( 'NONE',  ( -9.251858538542760807E-15, 1.000000000000000000, 0.000000000000000000 ) ) ;
#2609 = ORIENTED_EDGE ( 'NONE', *, *, #55, .F. ) ;
#2610 = CARTESIAN_POINT ( 'NONE',  ( 0.04001809026242365147, 0.004265520187327479992, 0.000000000000000000 ) ) ;
#2611 = LINE ( 'NONE', #447, #1965 ) ;
#2612 = ORIENTED_EDGE ( 'NONE', *, *, #3166, .T. ) ;
#2614 = VERTEX_POINT ( 'NONE', #2930 ) ;
#2613 = ADVANCED_FACE ( 'NONE', ( #1540 ), #570, .F. ) ;
#2615 = DIRECTION ( 'NONE',  ( 1.000000000000000000, 0.000000000000000000, 0.000000000000000000 ) ) ;
#2616 = CARTESIAN_POINT ( 'NONE',  ( 0.09236306146744580059, -0.02322375458576559845, 0.000000000000000000 ) ) ;
#2617 = AXIS2_PLACEMENT_3D ( 'NONE', #1534, #3029, #2569 ) ;
#2618 = ORIENTED_EDGE ( 'NONE', *, *, #671, .T. ) ;
#2619 = VERTEX_POINT ( 'NONE', #1713 ) ;
#2620 = DIRECTION ( 'NONE',  ( 1.000000000000000000, 0.000000000000000000, 0.000000000000000000 ) ) ;
#2621 = LINE ( 'NONE', #2105, #200 ) ;
#2622 = EDGE_LOOP ( 'NONE', ( #3051, #3193, #2684, #1642 ) ) ;
#2623 = FACE_OUTER_BOUND ( 'NONE', #3036, .T. ) ;
#2624 = CARTESIAN_POINT ( 'NONE',  ( 0.02868230685083840090, 0.02679538971784725318, -0.007000000000000000146 ) ) ;
#2625 = EDGE_LOOP ( 'NONE', ( #755, #1769 ) ) ;
#2626 = AXIS2_PLACEMENT_3D ( 'NONE', #1820, #1837, #64 ) ;
#2627 = ORIENTED_EDGE ( 'NONE', *, *, #761, .F. ) ;
#2628 = FACE_OUTER_BOUND ( 'NONE', #1681, .T. ) ;
#2629 = DIRECTION ( 'NONE',  ( 1.000000000000000000, 0.000000000000000000, 0.000000000000000000 ) ) ;
#2630 = ORIENTED_EDGE ( 'NONE', *, *, #619, .F. ) ;
#2631 = ORIENTED_EDGE ( 'NONE', *, *, #685, .T. ) ;
#2632 = AXIS2_PLACEMENT_3D ( 'NONE', #2200, #1742, #2946 ) ;
#2633 = CIRCLE ( 'NONE', #2995, 0.001599999999999997258 ) ;
#2634 = EDGE_CURVE ( 'NONE', #692, #1447, #1082, .T. ) ;
#2635 = CARTESIAN_POINT ( 'NONE',  ( 0.04001809026242365147, 0.04932525924836660136, -0.007000000000000000146 ) ) ;
#2636 = VECTOR ( 'NONE', #61, 1.000000000000000000 ) ;
#2637 = DIRECTION ( 'NONE',  ( 0.000000000000000000, 0.000000000000000000, -1.000000000000000000 ) ) ;
#2638 = EDGE_LOOP ( 'NONE', ( #1911, #270, #757, #1235 ) ) ;
#2639 = DIRECTION ( 'NONE',  ( 0.000000000000000000, 0.000000000000000000, 1.000000000000000000 ) ) ;
#2640 = DIRECTION ( 'NONE',  ( 0.000000000000000000, 0.000000000000000000, 1.000000000000000000 ) ) ;
#2641 = AXIS2_PLACEMENT_3D ( 'NONE', #1522, #2223, #2484 ) ;
#2642 = CARTESIAN_POINT ( 'NONE',  ( -0.07131769314731559173, 0.05679538971784699880, 0.003000000000000000062 ) ) ;
#2643 = VERTEX_POINT ( 'NONE', #1953 ) ;
#2644 = CARTESIAN_POINT ( 'NONE',  ( 0.1162372064242485348, -0.04030602789171632699, -0.007000000000000000146 ) ) ;
#2645 = EDGE_CURVE ( 'NONE', #1030, #2919, #455, .T. ) ;
#2646 = VERTEX_POINT ( 'NONE', #31 ) ;
#2647 = VERTEX_POINT ( 'NONE', #1987 ) ;
#2648 = EDGE_CURVE ( 'NONE', #789, #2445, #2235, .T. ) ;
#2649 = DIRECTION ( 'NONE',  ( 0.000000000000000000, 0.000000000000000000, 1.000000000000000000 ) ) ;
#2650 = CARTESIAN_POINT ( 'NONE',  ( 0.1286823068508390067, 0.08679538971784969692, 0.000000000000000000 ) ) ;
#2651 = ORIENTED_EDGE ( 'NONE', *, *, #2467, .T. ) ;
#2652 = LINE ( 'NONE', #2150, #825 ) ;
#2653 = CARTESIAN_POINT ( 'NONE',  ( 0.1147372064242485334, -0.04030602789171632699, -0.007000000000000000146 ) ) ;
#2654 = ORIENTED_EDGE ( 'NONE', *, *, #685, .F. ) ;
#2655 = DIRECTION ( 'NONE',  ( -0.000000000000000000, -0.000000000000000000, 1.000000000000000000 ) ) ;
#2656 = CARTESIAN_POINT ( 'NONE',  ( -0.02135195713518665134, 0.02679538971991190024, 0.000000000000000000 ) ) ;
#2657 = ORIENTED_EDGE ( 'NONE', *, *, #3069, .F. ) ;
#2658 = VERTEX_POINT ( 'NONE', #255 ) ;
#2659 = DIRECTION ( 'NONE',  ( 1.000000000000000000, 0.000000000000000000, 0.000000000000000000 ) ) ;
#2660 = VECTOR ( 'NONE', #576, 1.000000000000000000 ) ;
#2661 = VECTOR ( 'NONE', #952, 1.000000000000000000 ) ;
#2662 = DIRECTION ( 'NONE',  ( -0.7071067811865200392, -0.7071067811865749952, 0.000000000000000000 ) ) ;
#2663 = EDGE_CURVE ( 'NONE', #492, #1697, #711, .T. ) ;
#2664 = CARTESIAN_POINT ( 'NONE',  ( 0.001243459121048632200, -0.02206149544276939795, -0.007000000000000000146 ) ) ;
#2665 = EDGE_LOOP ( 'NONE', ( #2725, #2515, #2232, #2394 ) ) ;
#2666 = CARTESIAN_POINT ( 'NONE',  ( -0.01057127675587908079, -2.182805517925209804E-13, 0.000000000000000000 ) ) ;
#2667 = DIRECTION ( 'NONE',  ( -1.000000000000000000, 0.000000000000000000, 0.000000000000000000 ) ) ;
#2668 = CARTESIAN_POINT ( 'NONE',  ( 0.06793589045810910498, -0.02206149544333594822, -0.007000000000000000146 ) ) ;
#2669 = EDGE_LOOP ( 'NONE', ( #3023, #1241, #810, #439 ) ) ;
#2670 = ADVANCED_FACE ( 'NONE', ( #2448 ), #1696, .F. ) ;
#2671 = CARTESIAN_POINT ( 'NONE',  ( 0.08889650441164670402, 0.1197375093400112056, 0.003000000000000000062 ) ) ;
#2672 = EDGE_CURVE ( 'NONE', #851, #235, #2948, .T. ) ;
#2673 = CARTESIAN_POINT ( 'NONE',  ( 0.03023230685083995103, 0.09786218662219439701, 0.000000000000000000 ) ) ;
#2674 = ORIENTED_EDGE ( 'NONE', *, *, #716, .T. ) ;
#2675 = AXIS2_PLACEMENT_3D ( 'NONE', #2929, #710, #1009 ) ;
#2676 = EDGE_LOOP ( 'NONE', ( #1973, #888, #1578, #326 ) ) ;
#2677 = VERTEX_POINT ( 'NONE', #1023 ) ;
#2678 = FACE_OUTER_BOUND ( 'NONE', #1718, .T. ) ;
#2679 = AXIS2_PLACEMENT_3D ( 'NONE', #107, #1776, #321 ) ;
#2680 = CARTESIAN_POINT ( 'NONE',  ( 0.06793589045810910498, 0.000000000000000000, 0.000000000000000000 ) ) ;
#2681 = EDGE_CURVE ( 'NONE', #278, #1494, #1133, .T. ) ;
#2682 = AXIS2_PLACEMENT_3D ( 'NONE', #3118, #2310, #900 ) ;
#2683 = CARTESIAN_POINT ( 'NONE',  ( 0.000000000000000000, 0.000000000000000000, 0.000000000000000000 ) ) ;
#2684 = ORIENTED_EDGE ( 'NONE', *, *, #2039, .F. ) ;
#2685 = DIRECTION ( 'NONE',  ( 0.000000000000000000, 0.000000000000000000, 1.000000000000000000 ) ) ;
#2686 = DIRECTION ( 'NONE',  ( 0.000000000000000000, 0.000000000000000000, 1.000000000000000000 ) ) ;
#2687 = DIRECTION ( 'NONE',  ( -9.251858538542760807E-15, 1.000000000000000000, 0.000000000000000000 ) ) ;
#2688 = ORIENTED_EDGE ( 'NONE', *, *, #2811, .F. ) ;
#2689 = LINE ( 'NONE', #2952, #193 ) ;
#2690 = CARTESIAN_POINT ( 'NONE',  ( -0.03499844776576579997, -0.02322375458576559845, 0.003000000000000000062 ) ) ;
#2691 = ORIENTED_EDGE ( 'NONE', *, *, #1502, .T. ) ;
#2692 = VERTEX_POINT ( 'NONE', #503 ) ;
#2693 = VERTEX_POINT ( 'NONE', #1473 ) ;
#2694 = ORIENTED_EDGE ( 'NONE', *, *, #451, .F. ) ;
#2695 = CARTESIAN_POINT ( 'NONE',  ( -1.562557085164524903E-12, 0.07565227487843780019, 0.000000000000000000 ) ) ;
#2696 = LINE ( 'NONE', #706, #2826 ) ;
#2697 = FACE_BOUND ( 'NONE', #1615, .T. ) ;
#2698 = ORIENTED_EDGE ( 'NONE', *, *, #761, .T. ) ;
#2699 = ADVANCED_FACE ( 'NONE', ( #3189 ), #14, .F. ) ;
#2700 = DIRECTION ( 'NONE',  ( -0.7277831951624040840, 0.6858072767470481113, 0.000000000000000000 ) ) ;
#2701 = LINE ( 'NONE', #2964, #1843 ) ;
#2702 = DIRECTION ( 'NONE',  ( -1.000000000000000000, 0.000000000000000000, 0.000000000000000000 ) ) ;
#2703 = ORIENTED_EDGE ( 'NONE', *, *, #519, .F. ) ;
#2704 = CARTESIAN_POINT ( 'NONE',  ( -0.07131769314915999136, -0.003204610280088099946, 0.000000000000000000 ) ) ;
#2705 = AXIS2_PLACEMENT_3D ( 'NONE', #2288, #2075, #3019 ) ;
#2706 = CARTESIAN_POINT ( 'NONE',  ( 0.08889650441164670402, 0.1197375093400112056, 0.000000000000000000 ) ) ;
#2707 = ORIENTED_EDGE ( 'NONE', *, *, #2197, .T. ) ;
#2708 = ORIENTED_EDGE ( 'NONE', *, *, #1166, .T. ) ;
#2709 = EDGE_CURVE ( 'NONE', #1963, #1359, #1488, .T. ) ;
#2710 = ORIENTED_EDGE ( 'NONE', *, *, #610, .F. ) ;
#2711 = FACE_OUTER_BOUND ( 'NONE', #2079, .T. ) ;
#2712 = AXIS2_PLACEMENT_3D ( 'NONE', #3040, #2517, #1754 ) ;
#2713 = EDGE_CURVE ( 'NONE', #2293, #2115, #1217, .T. ) ;
#2714 = CARTESIAN_POINT ( 'NONE',  ( 0.02868230685060580223, 0.04932525924836660136, 0.003000000000000000062 ) ) ;
#2715 = DIRECTION ( 'NONE',  ( 0.000000000000000000, 0.000000000000000000, -1.000000000000000000 ) ) ;
#2716 = EDGE_LOOP ( 'NONE', ( #242, #925, #2773, #1230 ) ) ;
#2717 = DIRECTION ( 'NONE',  ( -0.000000000000000000, -0.000000000000000000, 1.000000000000000000 ) ) ;
#2718 = DIRECTION ( 'NONE',  ( 1.000000000000000000, 0.000000000000000000, 0.000000000000000000 ) ) ;
#2719 = DIRECTION ( 'NONE',  ( 0.000000000000000000, 0.000000000000000000, 1.000000000000000000 ) ) ;
#2720 = EDGE_LOOP ( 'NONE', ( #645, #2206, #673, #642 ) ) ;
#2721 = DIRECTION ( 'NONE',  ( 0.000000000000000000, 0.000000000000000000, 1.000000000000000000 ) ) ;
#2722 = CARTESIAN_POINT ( 'NONE',  ( -0.03841911075872324333, -0.05925950985556238670, -0.007000000000000000146 ) ) ;
#2723 = PRODUCT_DEFINITION_FORMATION_WITH_SPECIFIED_SOURCE ( 'ANY', '', #1378, .NOT_KNOWN. ) ;
#2724 = ORIENTED_EDGE ( 'NONE', *, *, #318, .F. ) ;
#2725 = ORIENTED_EDGE ( 'NONE', *, *, #2597, .F. ) ;
#2726 = ADVANCED_FACE ( 'NONE', ( #2186 ), #775, .F. ) ;
#2727 = VERTEX_POINT ( 'NONE', #2740 ) ;
#2728 = CARTESIAN_POINT ( 'NONE',  ( 0.1216244264730040048, -0.03341880784296014789, 0.000000000000000000 ) ) ;
#2729 = VECTOR ( 'NONE', #2185, 1.000000000000000000 ) ;
#2730 = EDGE_CURVE ( 'NONE', #964, #2885, #142, .T. ) ;
#2731 = VECTOR ( 'NONE', #770, 1.000000000000000000 ) ;
#2732 = DIRECTION ( 'NONE',  ( -1.000000000000000000, 0.000000000000000000, 0.000000000000000000 ) ) ;
#2733 = B_SPLINE_SURFACE_WITH_KNOTS ( 'NONE', 2, 1, ( 
 ( #787, #735 ),
 ( #752, #2030 ),
 ( #1221, #1717 ) ),
 .UNSPECIFIED., .F., .F., .F.,
 ( 3, 3 ),
 ( 2, 2 ),
 ( 0.000000000000000000, 1.000000000000000000 ),
 ( 0.000000000000000000, 1.000000000000000000 ),
 .UNSPECIFIED. ) ;
#2734 = VECTOR ( 'NONE', #1716, 1.000000000000000000 ) ;
#2735 = FACE_BOUND ( 'NONE', #2292, .T. ) ;
#2736 = AXIS2_PLACEMENT_3D ( 'NONE', #2913, #679, #2123 ) ;
#2737 = AXIS2_PLACEMENT_3D ( 'NONE', #1146, #184, #384 ) ;
#2738 = DIRECTION ( 'NONE',  ( 1.000000000000000000, 0.000000000000000000, 0.000000000000000000 ) ) ;
#2739 = DIRECTION ( 'NONE',  ( 1.000000000000000000, 0.000000000000000000, 0.000000000000000000 ) ) ;
#2740 = CARTESIAN_POINT ( 'NONE',  ( -0.07131769314792318903, 0.08679538971991460072, 0.003000000000000000062 ) ) ;
#2741 = VERTEX_POINT ( 'NONE', #1439 ) ;
#2742 = CYLINDRICAL_SURFACE ( 'NONE', #2320, 0.001499999999999994393 ) ;
#2743 = CARTESIAN_POINT ( 'NONE',  ( -0.03499844776576579997, -0.02322375458576559845, 0.000000000000000000 ) ) ;
#2744 = ORIENTED_EDGE ( 'NONE', *, *, #1958, .T. ) ;
#2745 = EDGE_LOOP ( 'NONE', ( #424, #2485, #3024, #21 ) ) ;
#2746 = EDGE_CURVE ( 'NONE', #1721, #1279, #2633, .T. ) ;
#2747 = ORIENTED_EDGE ( 'NONE', *, *, #951, .F. ) ;
#2748 = DIRECTION ( 'NONE',  ( 0.000000000000000000, 0.000000000000000000, 1.000000000000000000 ) ) ;
#2749 = CIRCLE ( 'NONE', #3, 0.001600000000000000727 ) ;
#2750 = CARTESIAN_POINT ( 'NONE',  ( 0.02713230685083994898, -0.04427140718650034862, 0.003000000000000000062 ) ) ;
#2751 = MECHANICAL_DESIGN_GEOMETRIC_PRESENTATION_REPRESENTATION (  '', ( #2132 ), #578 ) ;
#2752 = EDGE_CURVE ( 'NONE', #1485, #1412, #208, .T. ) ;
#2753 = CARTESIAN_POINT ( 'NONE',  ( -0.06425981277132240821, 0.08700958727864489817, 0.000000000000000000 ) ) ;
#2754 = DIRECTION ( 'NONE',  ( -1.000000000000000000, 0.000000000000000000, 0.000000000000000000 ) ) ;
#2755 = CARTESIAN_POINT ( 'NONE',  ( 0.09428372446040418631, -0.05925950985556133893, 0.003000000000000000062 ) ) ;
#2756 = ORIENTED_EDGE ( 'NONE', *, *, #1193, .F. ) ;
#2757 = CARTESIAN_POINT ( 'NONE',  ( -0.04945195713518669989, 0.01866538971991190191, -0.007000000000000000146 ) ) ;
#2758 = CARTESIAN_POINT ( 'NONE',  ( -0.005014432881859450138, 0.06975531558976839908, -0.007000000000000000146 ) ) ;
#2759 = VERTEX_POINT ( 'NONE', #831 ) ;
#2760 = ORIENTED_EDGE ( 'NONE', *, *, #55, .T. ) ;
#2761 = FACE_BOUND ( 'NONE', #1842, .T. ) ;
#2762 = SHAPE_DEFINITION_REPRESENTATION ( #272, #3104 ) ;
#2763 = DIRECTION ( 'NONE',  ( -0.000000000000000000, -0.000000000000000000, 1.000000000000000000 ) ) ;
#2764 = CARTESIAN_POINT ( 'NONE',  ( 0.1162372064242485348, -0.04030602789171632699, 0.003000000000000000062 ) ) ;
#2765 = DIRECTION ( 'NONE',  ( 1.000000000000000000, 0.000000000000000000, 0.000000000000000000 ) ) ;
#2766 = FACE_OUTER_BOUND ( 'NONE', #3179, .T. ) ;
#2767 = ORIENTED_EDGE ( 'NONE', *, *, #745, .T. ) ;
#2768 = CARTESIAN_POINT ( 'NONE',  ( 0.1147372064242485334, -0.04030602789171632699, 0.003000000000000000062 ) ) ;
#2769 = CARTESIAN_POINT ( 'NONE',  ( -0.05887756714186569845, 0.07179538971784830970, 0.000000000000000000 ) ) ;
#2770 = EDGE_CURVE ( 'NONE', #3006, #2453, #1788, .T. ) ;
#2771 = EDGE_LOOP ( 'NONE', ( #2241, #1031, #744, #2236 ) ) ;
#2772 = ADVANCED_FACE ( 'NONE', ( #2058 ), #845, .F. ) ;
#2773 = ORIENTED_EDGE ( 'NONE', *, *, #2812, .T. ) ;
#2774 = CIRCLE ( 'NONE', #1274, 0.001499999999999980516 ) ;
#2775 = ORIENTED_EDGE ( 'NONE', *, *, #1422, .F. ) ;
#2776 = LINE ( 'NONE', #822, #1114 ) ;
#2777 = PLANE ( 'NONE',  #2795 ) ;
#2778 = CIRCLE ( 'NONE', #3194, 0.001499999999999994393 ) ;
#2779 = EDGE_CURVE ( 'NONE', #2583, #2409, #80, .T. ) ;
#2780 = DIRECTION ( 'NONE',  ( 0.000000000000000000, 0.000000000000000000, 1.000000000000000000 ) ) ;
#2781 = CARTESIAN_POINT ( 'NONE',  ( 0.09728372446040418897, -0.05925950985556133893, 0.000000000000000000 ) ) ;
#2782 = DIRECTION ( 'NONE',  ( -0.6858072767399802094, -0.7277831951690642009, 0.000000000000000000 ) ) ;
#2783 = B_SPLINE_CURVE_WITH_KNOTS ( 'NONE', 2,
 ( #1985, #1694, #1711 ),
 .UNSPECIFIED., .F., .F.,
 ( 3, 3 ),
 ( 0.000000000000000000, 1.000000000000000000 ),
 .UNSPECIFIED. ) ;
#2784 = CARTESIAN_POINT ( 'NONE',  ( 0.06793589045810910498, -0.02206149544333594822, -0.007000000000000000146 ) ) ;
#2785 = AXIS2_PLACEMENT_3D ( 'NONE', #1951, #2685, #465 ) ;
#2786 = LINE ( 'NONE', #1312, #256 ) ;
#2787 = LINE ( 'NONE', #1121, #2998 ) ;
#2788 = AXIS2_PLACEMENT_3D ( 'NONE', #1613, #2875, #606 ) ;
#2789 = VERTEX_POINT ( 'NONE', #1583 ) ;
#2790 = ORIENTED_EDGE ( 'NONE', *, *, #1871, .T. ) ;
#2792 = ORIENTED_EDGE ( 'NONE', *, *, #2855, .F. ) ;
#2791 = EDGE_CURVE ( 'NONE', #2741, #488, #1278, .T. ) ;
#2793 = DIRECTION ( 'NONE',  ( -0.7284791619806588736, -0.6850679605411109652, 0.000000000000000000 ) ) ;
#2794 = DIRECTION ( 'NONE',  ( 1.000000000000000000, 0.000000000000000000, 0.000000000000000000 ) ) ;
#2795 = AXIS2_PLACEMENT_3D ( 'NONE', #1548, #317, #1307 ) ;
#2796 = CARTESIAN_POINT ( 'NONE',  ( 0.07204167840014739921, 0.01758506569593540000, -0.007000000000000000146 ) ) ;
#2797 = DIRECTION ( 'NONE',  ( 1.000000000000000000, 0.000000000000000000, 0.000000000000000000 ) ) ;
#2798 = DIRECTION ( 'NONE',  ( 0.000000000000000000, 0.000000000000000000, 1.000000000000000000 ) ) ;
#2799 = CARTESIAN_POINT ( 'NONE',  ( -0.03649844776576580130, -0.02322375458576559845, 0.003000000000000000062 ) ) ;
#2800 = EDGE_CURVE ( 'NONE', #2401, #891, #65, .T. ) ;
#2801 = CARTESIAN_POINT ( 'NONE',  ( 0.02868230685083840090, 0.02679538971784725318, 0.000000000000000000 ) ) ;
#2802 = CARTESIAN_POINT ( 'NONE',  ( -0.03003189070995644985, -0.06614672990430821298, 0.003000000000000000062 ) ) ;
#2803 = CIRCLE ( 'NONE', #2390, 0.001499999999999994393 ) ;
#2804 = ORIENTED_EDGE ( 'NONE', *, *, #1443, .T. ) ;
#2805 = ORIENTED_EDGE ( 'NONE', *, *, #965, .T. ) ;
#2806 = EDGE_LOOP ( 'NONE', ( #1943, #1408, #2032, #1818 ) ) ;
#2807 = CARTESIAN_POINT ( 'NONE',  ( 0.07204167840014739921, 0.03600571373975870043, 0.000000000000000000 ) ) ;
#2808 = CARTESIAN_POINT ( 'NONE',  ( -1.018474537662590059E-12, 0.04932525924777440146, 0.000000000000000000 ) ) ;
#2809 = ORIENTED_EDGE ( 'NONE', *, *, #415, .F. ) ;
#2810 = ADVANCED_FACE ( 'NONE', ( #2814 ), #783, .F. ) ;
#2811 = EDGE_CURVE ( 'NONE', #3050, #2584, #2570, .T. ) ;
#2812 = EDGE_CURVE ( 'NONE', #139, #2919, #1763, .T. ) ;
#2813 = LINE ( 'NONE', #2285, #1831 ) ;
#2814 = FACE_OUTER_BOUND ( 'NONE', #2149, .T. ) ;
#2815 = DIRECTION ( 'NONE',  ( -1.000000000000000000, 0.000000000000000000, 0.000000000000000000 ) ) ;
#2816 = VECTOR ( 'NONE', #1927, 1.000000000000000000 ) ;
#2817 = DIRECTION ( 'NONE',  ( 1.000000000000000000, 0.000000000000000000, 0.000000000000000000 ) ) ;
#2818 = DIRECTION ( 'NONE',  ( 0.000000000000000000, 0.000000000000000000, 1.000000000000000000 ) ) ;
#2819 = VERTEX_POINT ( 'NONE', #797 ) ;
#2820 = AXIS2_PLACEMENT_3D ( 'NONE', #1646, #878, #2637 ) ;
#2821 = CARTESIAN_POINT ( 'NONE',  ( 0.08868230685084159404, -0.07320461028215301258, 0.003000000000000000062 ) ) ;
#2822 = ORIENTED_EDGE ( 'NONE', *, *, #308, .T. ) ;
#2823 = CARTESIAN_POINT ( 'NONE',  ( 0.08868230685083990095, -0.07320461028215301258, 0.003000000000000000062 ) ) ;
#2824 = CARTESIAN_POINT ( 'NONE',  ( -0.03303189070997419874, 0.1197375093400021989, 0.003000000000000000062 ) ) ;
#2825 = ORIENTED_EDGE ( 'NONE', *, *, #1731, .T. ) ;
#2826 = VECTOR ( 'NONE', #2181, 1.000000000000000000 ) ;
#2827 = CIRCLE ( 'NONE', #1410, 0.001500000000000001332 ) ;
#2828 = AXIS2_PLACEMENT_3D ( 'NONE', #265, #1690, #2458 ) ;
#2829 = ADVANCED_FACE ( 'NONE', ( #1085 ), #2269, .F. ) ;
#2830 = CARTESIAN_POINT ( 'NONE',  ( 0.07204167840014739921, 0.01758506569593540000, 0.000000000000000000 ) ) ;
#2831 = LINE ( 'NONE', #796, #1220 ) ;
#2832 = CARTESIAN_POINT ( 'NONE',  ( -0.03841911075872324333, -0.05925950985556238670, -0.007000000000000000146 ) ) ;
#2833 = CIRCLE ( 'NONE', #559, 0.001599999999999997258 ) ;
#2834 = DIRECTION ( 'NONE',  ( 1.000000000000000000, 0.000000000000000000, 0.000000000000000000 ) ) ;
#2835 = DIRECTION ( 'NONE',  ( 1.000000000000000000, 0.000000000000000000, 0.000000000000000000 ) ) ;
#2836 = DIRECTION ( 'NONE',  ( 0.000000000000000000, 0.000000000000000000, 1.000000000000000000 ) ) ;
#2837 = VECTOR ( 'NONE', #1975, 1.000000000000000000 ) ;
#2838 = AXIS2_PLACEMENT_3D ( 'NONE', #2480, #768, #1505 ) ;
#2839 = VECTOR ( 'NONE', #599, 1.000000000000000000 ) ;
#2840 = CARTESIAN_POINT ( 'NONE',  ( 0.09578372446040196719, 0.1128502892912553457, -0.007000000000000000146 ) ) ;
#2841 = EDGE_LOOP ( 'NONE', ( #1942, #3103, #2888, #380 ) ) ;
#2842 = CARTESIAN_POINT ( 'NONE',  ( 0.02868230685083995174, 0.09786218662219439701, 0.003000000000000000062 ) ) ;
#2843 = DIRECTION ( 'NONE',  ( 0.7277831951690642009, -0.6858072767399802094, 0.000000000000000000 ) ) ;
#2844 = AXIS2_PLACEMENT_3D ( 'NONE', #1529, #2263, #74 ) ;
#2845 = EDGE_LOOP ( 'NONE', ( #457, #396, #434, #1462 ) ) ;
#2846 = EDGE_CURVE ( 'NONE', #1463, #1016, #1567, .T. ) ;
#2847 = ORIENTED_EDGE ( 'NONE', *, *, #2746, .F. ) ;
#2848 = AXIS2_PLACEMENT_3D ( 'NONE', #846, #2271, #2815 ) ;
#2849 = CARTESIAN_POINT ( 'NONE',  ( -0.06425981277132240821, 0.08700958727864489817, 0.003000000000000000062 ) ) ;
#2850 = CARTESIAN_POINT ( 'NONE',  ( 0.1231244264730036037, 0.08700958727865409914, 0.003000000000000000062 ) ) ;
#2851 = CYLINDRICAL_SURFACE ( 'NONE', #2581, 0.001599999999999997258 ) ;
#2852 = VECTOR ( 'NONE', #670, 1.000000000000000000 ) ;
#2853 = CARTESIAN_POINT ( 'NONE',  ( -0.005014432881859450138, 0.06975531558976839908, 0.003000000000000000062 ) ) ;
#2854 = ORIENTED_EDGE ( 'NONE', *, *, #949, .T. ) ;
#2855 = EDGE_CURVE ( 'NONE', #541, #2514, #2069, .T. ) ;
#2856 = CARTESIAN_POINT ( 'NONE',  ( 0.000000000000000000, -0.02206149544333594822, 0.000000000000000000 ) ) ;
#2857 = PLANE ( 'NONE',  #3201 ) ;
#2858 = VERTEX_POINT ( 'NONE', #2042 ) ;
#2859 = PRESENTATION_LAYER_ASSIGNMENT (  '', '', ( #2132 ) ) ;
#2860 = VERTEX_POINT ( 'NONE', #2755 ) ;
#2861 = DIRECTION ( 'NONE',  ( 0.000000000000000000, 0.000000000000000000, 1.000000000000000000 ) ) ;
#2862 = CARTESIAN_POINT ( 'NONE',  ( 0.000000000000000000, 0.000000000000000000, 0.003000000000000000062 ) ) ;
#2863 = ORIENTED_EDGE ( 'NONE', *, *, #1564, .T. ) ;
#2864 = ORIENTED_EDGE ( 'NONE', *, *, #2351, .T. ) ;
#2865 = DIRECTION ( 'NONE',  ( 0.000000000000000000, 0.000000000000000000, 1.000000000000000000 ) ) ;
#2866 = CYLINDRICAL_SURFACE ( 'NONE', #597, 0.01092540341160727971 ) ;
#2867 = ORIENTED_EDGE ( 'NONE', *, *, #1034, .F. ) ;
#2868 = ADVANCED_FACE ( 'NONE', ( #2766 ), #550, .F. ) ;
#2869 = DIRECTION ( 'NONE',  ( 0.000000000000000000, 0.000000000000000000, -1.000000000000000000 ) ) ;
#2870 = FACE_OUTER_BOUND ( 'NONE', #427, .T. ) ;
#2871 = VERTEX_POINT ( 'NONE', #809 ) ;
#2872 = EDGE_CURVE ( 'NONE', #1077, #2486, #1033, .T. ) ;
#2873 = EDGE_LOOP ( 'NONE', ( #401, #117, #2064, #1611 ) ) ;
#2874 = DIRECTION ( 'NONE',  ( 1.000000000000000000, 0.000000000000000000, 0.000000000000000000 ) ) ;
#2875 = DIRECTION ( 'NONE',  ( 0.000000000000000000, 0.000000000000000000, 1.000000000000000000 ) ) ;
#2876 = ORIENTED_EDGE ( 'NONE', *, *, #451, .T. ) ;
#2877 = ORIENTED_EDGE ( 'NONE', *, *, #714, .T. ) ;
#2878 = AXIS2_PLACEMENT_3D ( 'NONE', #1197, #2976, #2230 ) ;
#2879 = CARTESIAN_POINT ( 'NONE',  ( -0.03131769314916120484, -0.07320461028215180521, 0.003000000000000000062 ) ) ;
#2880 = CARTESIAN_POINT ( 'NONE',  ( 0.09428372446040197974, 0.1128502892912553457, 0.000000000000000000 ) ) ;
#2881 = EDGE_LOOP ( 'NONE', ( #901, #2710 ) ) ;
#2882 = ADVANCED_FACE ( 'NONE', ( #2302 ), #2508, .F. ) ;
#2883 = DIRECTION ( 'NONE',  ( -1.000000000000000000, 0.000000000000000000, 0.000000000000000000 ) ) ;
#2884 = DIRECTION ( 'NONE',  ( -0.7071067811865335839, -0.7071067811865615615, 0.000000000000000000 ) ) ;
#2885 = VERTEX_POINT ( 'NONE', #91 ) ;
#2886 = ORIENTED_EDGE ( 'NONE', *, *, #471, .F. ) ;
#2887 = CARTESIAN_POINT ( 'NONE',  ( -0.03841911075872424947, 0.1128502892912543326, -0.007000000000000000146 ) ) ;
#2888 = ORIENTED_EDGE ( 'NONE', *, *, #3087, .F. ) ;
#2889 = EDGE_LOOP ( 'NONE', ( #843, #723, #2464, #345 ) ) ;
#2890 = AXIS2_PLACEMENT_3D ( 'NONE', #664, #1621, #421 ) ;
#2891 = ADVANCED_FACE ( 'NONE', ( #2086 ), #352, .F. ) ;
#2892 = VECTOR ( 'NONE', #2798, 1.000000000000000000 ) ;
#2893 = DIRECTION ( 'NONE',  ( 0.9296448682106137618, 0.3684568075224974315, 0.000000000000000000 ) ) ;
#2894 = CARTESIAN_POINT ( 'NONE',  ( 0.06793589045810910498, -0.02206149544333594822, 0.000000000000000000 ) ) ;
#2895 = ORIENTED_EDGE ( 'NONE', *, *, #2730, .T. ) ;
#2896 = CYLINDRICAL_SURFACE ( 'NONE', #353, 0.001500000000000209499 ) ;
#2897 = CARTESIAN_POINT ( 'NONE',  ( 0.06793589045810910498, -0.01092819105816529926, 0.003000000000000000062 ) ) ;
#2898 = ORIENTED_EDGE ( 'NONE', *, *, #1784, .T. ) ;
#2899 = VECTOR ( 'NONE', #437, 1.000000000000000000 ) ;
#2900 = B_SPLINE_CURVE_WITH_KNOTS ( 'NONE', 2,
 ( #998, #190, #2704 ),
 .UNSPECIFIED., .F., .F.,
 ( 3, 3 ),
 ( 0.000000000000000000, 1.000000000000000000 ),
 .UNSPECIFIED. ) ;
#2901 = LINE ( 'NONE', #2916, #1898 ) ;
#2902 = CYLINDRICAL_SURFACE ( 'NONE', #573, 0.001599999999999997258 ) ;
#2903 = ORIENTED_EDGE ( 'NONE', *, *, #2034, .F. ) ;
#2904 = VERTEX_POINT ( 'NONE', #861 ) ;
#2905 = AXIS2_PLACEMENT_3D ( 'NONE', #2842, #2861, #868 ) ;
#2906 = DIRECTION ( 'NONE',  ( -0.7071067812010469744, 0.7071067811720480600, 0.000000000000000000 ) ) ;
#2907 = EDGE_CURVE ( 'NONE', #2789, #2084, #1287, .T. ) ;
#2908 = ADVANCED_FACE ( 'NONE', ( #1158 ), #676, .F. ) ;
#2909 = CARTESIAN_POINT ( 'NONE',  ( -4.556683334212510237E-13, -0.02206149544274374832, 0.000000000000000000 ) ) ;
#2910 = EDGE_CURVE ( 'NONE', #1777, #221, #614, .T. ) ;
#2911 = DIRECTION ( 'NONE',  ( 0.000000000000000000, 0.000000000000000000, 1.000000000000000000 ) ) ;
#2912 = ORIENTED_EDGE ( 'NONE', *, *, #971, .T. ) ;
#2913 = CARTESIAN_POINT ( 'NONE',  ( 0.1286823068508390067, 0.08679538971784969692, 0.003000000000000000062 ) ) ;
#2914 = CARTESIAN_POINT ( 'NONE',  ( 0.1286823068508392010, -0.003204610282153005051, 0.003000000000000000062 ) ) ;
#2915 = ORIENTED_EDGE ( 'NONE', *, *, #1628, .T. ) ;
#2916 = CARTESIAN_POINT ( 'NONE',  ( -0.03991911075872424386, 0.1128502892912543326, -0.007000000000000000146 ) ) ;
#2917 = DIRECTION ( 'NONE',  ( 1.000000000000000000, 0.000000000000000000, 0.000000000000000000 ) ) ;
#2918 = CIRCLE ( 'NONE', #542, 0.001500000000000001332 ) ;
#2919 = VERTEX_POINT ( 'NONE', #2348 ) ;
#2920 = VERTEX_POINT ( 'NONE', #167 ) ;
#2921 = ADVANCED_FACE ( 'NONE', ( #1885 ), #1645, .F. ) ;
#2922 = DIRECTION ( 'NONE',  ( -1.000000000000000000, 0.000000000000000000, 0.000000000000000000 ) ) ;
#2923 = AXIS2_PLACEMENT_3D ( 'NONE', #2728, #758, #1019 ) ;
#2924 = CARTESIAN_POINT ( 'NONE',  ( -0.05105195713518670408, 0.03492538971991189511, -0.007000000000000000146 ) ) ;
#2925 = FACE_BOUND ( 'NONE', #1191, .T. ) ;
#2926 = VERTEX_POINT ( 'NONE', #1659 ) ;
#2927 = VECTOR ( 'NONE', #481, 0.9999999999999998890 ) ;
#2928 = DIRECTION ( 'NONE',  ( -1.000000000000000000, 0.000000000000000000, 0.000000000000000000 ) ) ;
#2929 = CARTESIAN_POINT ( 'NONE',  ( -0.03153189070996530174, -0.06614672990430821298, 0.003000000000000000062 ) ) ;
#2930 = CARTESIAN_POINT ( 'NONE',  ( -0.05887259272256871456, 0.09389680732740945945, 0.003000000000000000062 ) ) ;
#2931 = ORIENTED_EDGE ( 'NONE', *, *, #2968, .F. ) ;
#2932 = CARTESIAN_POINT ( 'NONE',  ( -0.03841911075872324333, -0.05925950985556238670, 0.003000000000000000062 ) ) ;
#2933 = LINE ( 'NONE', #2142, #469 ) ;
#2934 = ORIENTED_EDGE ( 'NONE', *, *, #2571, .F. ) ;
#2935 = ORIENTED_EDGE ( 'NONE', *, *, #3183, .T. ) ;
#2936 = VECTOR ( 'NONE', #580, 1.000000000000000000 ) ;
#2937 = ORIENTED_EDGE ( 'NONE', *, *, #2482, .F. ) ;
#2938 = ORIENTED_EDGE ( 'NONE', *, *, #858, .T. ) ;
#2939 = CARTESIAN_POINT ( 'NONE',  ( 0.05022029533284889935, -0.005936684883100690029, 0.003000000000000000062 ) ) ;
#2940 = EDGE_CURVE ( 'NONE', #2561, #1271, #1693, .T. ) ;
#2941 = VECTOR ( 'NONE', #1679, 1.000000000000000000 ) ;
#2942 = LINE ( 'NONE', #3154, #2927 ) ;
#2943 = AXIS2_PLACEMENT_3D ( 'NONE', #1351, #1377, #2344 ) ;
#2944 = FACE_OUTER_BOUND ( 'NONE', #1018, .T. ) ;
#2945 = VERTEX_POINT ( 'NONE', #1838 ) ;
#2946 = DIRECTION ( 'NONE',  ( 1.000000000000000000, 0.000000000000000000, 0.000000000000000000 ) ) ;
#2947 = CARTESIAN_POINT ( 'NONE',  ( -0.05105195713518670408, 0.01866538971991190191, 0.000000000000000000 ) ) ;
#2948 = LINE ( 'NONE', #487, #667 ) ;
#2949 = CIRCLE ( 'NONE', #2377, 0.001500000000009896195 ) ;
#2950 = ORIENTED_EDGE ( 'NONE', *, *, #1698, .T. ) ;
#2951 = EDGE_CURVE ( 'NONE', #2646, #3196, #1855, .T. ) ;
#2952 = CARTESIAN_POINT ( 'NONE',  ( -0.07131769314978189667, -0.003204610280088099946, 0.000000000000000000 ) ) ;
#2953 = CARTESIAN_POINT ( 'NONE',  ( 0.08889650441164670402, 0.1197375093400112056, 0.000000000000000000 ) ) ;
#2954 = EDGE_LOOP ( 'NONE', ( #2402, #962, #719, #1826 ) ) ;
#2955 = ADVANCED_FACE ( 'NONE', ( #2133 ), #648, .F. ) ;
#2956 = ORIENTED_EDGE ( 'NONE', *, *, #2513, .T. ) ;
#2957 = ORIENTED_EDGE ( 'NONE', *, *, #1187, .F. ) ;
#2958 = FACE_OUTER_BOUND ( 'NONE', #1536, .T. ) ;
#2959 = AXIS2_PLACEMENT_3D ( 'NONE', #3082, #841, #145 ) ;
#2960 = CARTESIAN_POINT ( 'NONE',  ( 0.06793589045810910498, 0.07565227487903010417, 0.000000000000000000 ) ) ;
#2961 = DIRECTION ( 'NONE',  ( 0.000000000000000000, 0.000000000000000000, 1.000000000000000000 ) ) ;
#2962 = ORIENTED_EDGE ( 'NONE', *, *, #46, .T. ) ;
#2963 = CARTESIAN_POINT ( 'NONE',  ( 0.08739650441164650840, -0.06614672990431730293, 0.000000000000000000 ) ) ;
#2964 = CARTESIAN_POINT ( 'NONE',  ( -0.01057127675744118020, 0.07565227487821950259, -0.007000000000000000146 ) ) ;
#2965 = DIRECTION ( 'NONE',  ( -0.000000000000000000, -0.000000000000000000, 1.000000000000000000 ) ) ;
#2966 = ORIENTED_EDGE ( 'NONE', *, *, #2681, .T. ) ;
#2967 = FACE_OUTER_BOUND ( 'NONE', #3017, .T. ) ;
#2968 = EDGE_CURVE ( 'NONE', #2692, #1153, #3073, .T. ) ;
#2969 = DIRECTION ( 'NONE',  ( 1.000000000000000000, 0.000000000000000000, 0.000000000000000000 ) ) ;
#2970 = VERTEX_POINT ( 'NONE', #3106 ) ;
#2971 = VERTEX_POINT ( 'NONE', #417 ) ;
#2972 = EDGE_CURVE ( 'NONE', #2858, #1512, #2524, .T. ) ;
#2973 = ORIENTED_EDGE ( 'NONE', *, *, #2951, .T. ) ;
#2974 = CARTESIAN_POINT ( 'NONE',  ( 0.07204167840014739921, 0.01758506569593540000, -0.007000000000000000146 ) ) ;
#2975 = AXIS2_PLACEMENT_3D ( 'NONE', #934, #231, #2906 ) ;
#2976 = DIRECTION ( 'NONE',  ( 0.000000000000000000, 0.000000000000000000, 1.000000000000000000 ) ) ;
#2977 = FACE_BOUND ( 'NONE', #819, .T. ) ;
#2978 = AXIS2_PLACEMENT_3D ( 'NONE', #444, #1451, #2425 ) ;
#2979 = CARTESIAN_POINT ( 'NONE',  ( 0.1286823068508390067, 0.08679538971784969692, 0.003000000000000000062 ) ) ;
#2980 = DIRECTION ( 'NONE',  ( 0.000000000000000000, 0.000000000000000000, -1.000000000000000000 ) ) ;
#2981 = CARTESIAN_POINT ( 'NONE',  ( 0.02868230685060580223, 0.004265520187327479992, 0.003000000000000000062 ) ) ;
#2982 = ORIENTED_EDGE ( 'NONE', *, *, #1620, .F. ) ;
#2983 = EDGE_CURVE ( 'NONE', #2374, #2619, #1617, .T. ) ;
#2984 = CARTESIAN_POINT ( 'NONE',  ( -0.03841911075872424947, 0.1128502892912543326, -0.007000000000000000146 ) ) ;
#2985 = VECTOR ( 'NONE', #751, 1.000000000000000000 ) ;
#2986 = CARTESIAN_POINT ( 'NONE',  ( -0.07131769314915999136, 0.08679538971784700463, 0.000000000000000000 ) ) ;
#2987 = ORIENTED_EDGE ( 'NONE', *, *, #1326, .F. ) ;
#2988 = ORIENTED_EDGE ( 'NONE', *, *, #1342, .F. ) ;
#2989 = ORIENTED_EDGE ( 'NONE', *, *, #3033, .F. ) ;
#2990 = CARTESIAN_POINT ( 'NONE',  ( 0.007144318368152009942, 0.05952746431835009844, 0.003000000000000000062 ) ) ;
#2991 = AXIS2_PLACEMENT_3D ( 'NONE', #2251, #223, #1040 ) ;
#2992 = EDGE_CURVE ( 'NONE', #1780, #2971, #977, .T. ) ;
#2993 = VECTOR ( 'NONE', #1507, 1.000000000000000000 ) ;
#2994 = DIRECTION ( 'NONE',  ( -1.000000000000000000, 0.000000000000000000, 0.000000000000000000 ) ) ;
#2995 = AXIS2_PLACEMENT_3D ( 'NONE', #2494, #2430, #1744 ) ;
#2996 = CIRCLE ( 'NONE', #2164, 0.001500000000000001332 ) ;
#2997 = FACE_BOUND ( 'NONE', #2547, .T. ) ;
#2998 = VECTOR ( 'NONE', #2108, 1.000000000000000000 ) ;
#2999 = CYLINDRICAL_SURFACE ( 'NONE', #1562, 0.001500000000009896195 ) ;
#3000 = CARTESIAN_POINT ( 'NONE',  ( -0.06425981277132240821, 0.08700958727864489817, 0.003000000000000000062 ) ) ;
#3001 = DIRECTION ( 'NONE',  ( -0.7284791619806588736, 0.6850679605411109652, 0.000000000000000000 ) ) ;
#3002 = ORIENTED_EDGE ( 'NONE', *, *, #1877, .T. ) ;
#3003 = CARTESIAN_POINT ( 'NONE',  ( -0.06275981277131249814, 0.08700958727864489817, 0.003000000000000000062 ) ) ;
#3004 = VECTOR ( 'NONE', #677, 1.000000000000000000 ) ;
#3005 = DIRECTION ( 'NONE',  ( 0.000000000000000000, 0.000000000000000000, 1.000000000000000000 ) ) ;
#3006 = VERTEX_POINT ( 'NONE', #2392 ) ;
#3007 = ORIENTED_EDGE ( 'NONE', *, *, #920, .T. ) ;
#3008 = DIRECTION ( 'NONE',  ( -1.000000000000000000, -2.064852009990164932E-11, 0.000000000000000000 ) ) ;
#3009 = VECTOR ( 'NONE', #2793, 1.000000000000000000 ) ;
#3010 = EDGE_CURVE ( 'NONE', #891, #1697, #1132, .T. ) ;
#3011 = CARTESIAN_POINT ( 'NONE',  ( 0.003756925899615994914, -0.009479013039031170332, 0.000000000000000000 ) ) ;
#3012 = ADVANCED_FACE ( 'NONE', ( #2407 ), #1357, .F. ) ;
#3013 = EDGE_CURVE ( 'NONE', #1145, #2342, #1799, .T. ) ;
#3014 = DIRECTION ( 'NONE',  ( 1.000000000000000000, 0.000000000000000000, 0.000000000000000000 ) ) ;
#3015 = CARTESIAN_POINT ( 'NONE',  ( 0.04001809026242365147, 0.004265520187327479992, 0.003000000000000000062 ) ) ;
#3016 = CARTESIAN_POINT ( 'NONE',  ( 0.05612115457961929649, -0.02206149544333594822, -0.007000000000000000146 ) ) ;
#3017 = EDGE_LOOP ( 'NONE', ( #32, #1272, #263, #1315 ) ) ;
#3018 = ADVANCED_FACE ( 'NONE', ( #398 ), #2851, .F. ) ;
#3019 = DIRECTION ( 'NONE',  ( 1.000000000000000000, 0.000000000000000000, 0.000000000000000000 ) ) ;
#3020 = APPLICATION_CONTEXT ( 'automotive_design' ) ;
#3021 = CARTESIAN_POINT ( 'NONE',  ( 0.05022029533284889935, -0.005936684883100690029, 0.000000000000000000 ) ) ;
#3022 = ORIENTED_EDGE ( 'NONE', *, *, #2855, .T. ) ;
#3023 = ORIENTED_EDGE ( 'NONE', *, *, #2529, .F. ) ;
#3024 = ORIENTED_EDGE ( 'NONE', *, *, #554, .T. ) ;
#3025 = CARTESIAN_POINT ( 'NONE',  ( -0.04945195713518669989, 0.03492538971991189511, -0.007000000000000000146 ) ) ;
#3026 = ADVANCED_FACE ( 'NONE', ( #1384 ), #2165, .F. ) ;
#3027 = CYLINDRICAL_SURFACE ( 'NONE', #1961, 0.001500000000000001332 ) ;
#3028 = FACE_OUTER_BOUND ( 'NONE', #2091, .T. ) ;
#3029 = DIRECTION ( 'NONE',  ( -0.000000000000000000, -0.000000000000000000, 1.000000000000000000 ) ) ;
#3030 = DIRECTION ( 'NONE',  ( -0.000000000000000000, -0.000000000000000000, 1.000000000000000000 ) ) ;
#3031 = ORIENTED_EDGE ( 'NONE', *, *, #1260, .T. ) ;
#3032 = LINE ( 'NONE', #1569, #1520 ) ;
#3033 = EDGE_CURVE ( 'NONE', #2819, #492, #249, .T. ) ;
#3034 = FACE_OUTER_BOUND ( 'NONE', #1192, .T. ) ;
#3035 = CARTESIAN_POINT ( 'NONE',  ( 0.09528003439389379214, 0.02679538971784705195, 0.003000000000000000062 ) ) ;
#3036 = EDGE_LOOP ( 'NONE', ( #572, #1908, #1002, #204 ) ) ;
#3037 = ORIENTED_EDGE ( 'NONE', *, *, #3087, .T. ) ;
#3038 = VERTEX_POINT ( 'NONE', #462 ) ;
#3039 = DIRECTION ( 'NONE',  ( 0.000000000000000000, 0.000000000000000000, 1.000000000000000000 ) ) ;
#3040 = CARTESIAN_POINT ( 'NONE',  ( 0.09578372446040196719, 0.1128502892912553457, 0.000000000000000000 ) ) ;
#3041 = EDGE_CURVE ( 'NONE', #2111, #2727, #936, .T. ) ;
#3042 = CARTESIAN_POINT ( 'NONE',  ( -0.01057127675744118020, -0.02206149544252539868, 0.003000000000000000062 ) ) ;
#3043 = CYLINDRICAL_SURFACE ( 'NONE', #2555, 0.001549999999999999295 ) ;
#3044 = DIRECTION ( 'NONE',  ( 0.000000000000000000, 0.000000000000000000, 1.000000000000000000 ) ) ;
#3045 = DIRECTION ( 'NONE',  ( 1.000000000000000000, 0.000000000000000000, 0.000000000000000000 ) ) ;
#3046 = VECTOR ( 'NONE', #1456, 1.000000000000000000 ) ;
#3047 = DIRECTION ( 'NONE',  ( -0.000000000000000000, -0.000000000000000000, 1.000000000000000000 ) ) ;
#3048 = CARTESIAN_POINT ( 'NONE',  ( 0.09386306146744580192, 0.07681453402145960174, 0.000000000000000000 ) ) ;
#3049 = EDGE_CURVE ( 'NONE', #1314, #1574, #950, .T. ) ;
#3050 = VERTEX_POINT ( 'NONE', #443 ) ;
#3051 = ORIENTED_EDGE ( 'NONE', *, *, #2367, .F. ) ;
#3052 = ORIENTED_EDGE ( 'NONE', *, *, #1660, .T. ) ;
#3053 = LINE ( 'NONE', #820, #2228 ) ;
#3054 = DIRECTION ( 'NONE',  ( 0.000000000000000000, -1.000000000000000000, 0.000000000000000000 ) ) ;
#3055 = CIRCLE ( 'NONE', #1139, 0.001599999999999997258 ) ;
#3056 = EDGE_CURVE ( 'NONE', #3196, #1107, #2212, .T. ) ;
#3057 = EDGE_LOOP ( 'NONE', ( #2460, #1926 ) ) ;
#3058 = AXIS2_PLACEMENT_3D ( 'NONE', #1045, #2274, #2969 ) ;
#3059 = FACE_OUTER_BOUND ( 'NONE', #818, .T. ) ;
#3060 = DIRECTION ( 'NONE',  ( 1.000000000000000000, 0.000000000000000000, 0.000000000000000000 ) ) ;
#3061 = CARTESIAN_POINT ( 'NONE',  ( 0.07204167840014739921, 0.03600571373975870043, 0.003000000000000000062 ) ) ;
#3062 = DIRECTION ( 'NONE',  ( 1.000000000000000000, 0.000000000000000000, 0.000000000000000000 ) ) ;
#3063 = CARTESIAN_POINT ( 'NONE',  ( -0.03499844776576579997, 0.07681453402145960174, 0.000000000000000000 ) ) ;
#3064 = ORIENTED_EDGE ( 'NONE', *, *, #2229, .T. ) ;
#3065 = ORIENTED_EDGE ( 'NONE', *, *, #170, .F. ) ;
#3066 = ORIENTED_EDGE ( 'NONE', *, *, #1166, .F. ) ;
#3067 = DIRECTION ( 'NONE',  ( 0.000000000000000000, 0.000000000000000000, 1.000000000000000000 ) ) ;
#3068 = FACE_BOUND ( 'NONE', #2587, .T. ) ;
#3069 = EDGE_CURVE ( 'NONE', #2259, #1734, #290, .T. ) ;
#3070 = VERTEX_POINT ( 'NONE', #2960 ) ;
#3071 = CARTESIAN_POINT ( 'NONE',  ( -0.03841911075872324333, -0.05925950985556238670, 0.003000000000000000062 ) ) ;
#3072 = CYLINDRICAL_SURFACE ( 'NONE', #282, 0.001499999999999987454 ) ;
#3073 = LINE ( 'NONE', #1176, #615 ) ;
#3074 = CARTESIAN_POINT ( 'NONE',  ( 0.01775690343923109690, 0.02679538971784725318, 0.000000000000000000 ) ) ;
#3075 = AXIS2_PLACEMENT_3D ( 'NONE', #967, #634, #1211 ) ;
#3076 = DIRECTION ( 'NONE',  ( 1.000000000000000000, 0.000000000000000000, 0.000000000000000000 ) ) ;
#3077 = CARTESIAN_POINT ( 'NONE',  ( 0.02868230685083850151, -0.05205333656652130075, 0.003000000000000000062 ) ) ;
#3078 = EDGE_CURVE ( 'NONE', #3180, #602, #2566, .T. ) ;
#3079 = VECTOR ( 'NONE', #2961, 1.000000000000000000 ) ;
#3080 = EDGE_LOOP ( 'NONE', ( #607, #1518 ) ) ;
#3081 = VERTEX_POINT ( 'NONE', #1708 ) ;
#3082 = CARTESIAN_POINT ( 'NONE',  ( 0.1216244264730040048, -0.03341880784296014789, 0.003000000000000000062 ) ) ;
#3083 = CARTESIAN_POINT ( 'NONE',  ( -0.01975195713518665061, 0.02679538971991190024, 0.003000000000000000062 ) ) ;
#3084 = ORIENTED_EDGE ( 'NONE', *, *, #2574, .F. ) ;
#3085 = CIRCLE ( 'NONE', #3134, 0.001549999999999999295 ) ;
#3086 = VERTEX_POINT ( 'NONE', #1483 ) ;
#3087 = EDGE_CURVE ( 'NONE', #712, #3038, #1450, .T. ) ;
#3088 = CARTESIAN_POINT ( 'NONE',  ( 0.09386306146744580192, 0.07681453402145960174, 0.003000000000000000062 ) ) ;
#3089 = CARTESIAN_POINT ( 'NONE',  ( 0.1162372064242470360, 0.09389680732741106928, -0.007000000000000000146 ) ) ;
#3090 = DIRECTION ( 'NONE',  ( 0.000000000000000000, 0.000000000000000000, -1.000000000000000000 ) ) ;
#3091 = AXIS2_PLACEMENT_3D ( 'NONE', #2201, #3188, #973 ) ;
#3092 = FACE_OUTER_BOUND ( 'NONE', #1386, .T. ) ;
#3093 = ORIENTED_EDGE ( 'NONE', *, *, #1862, .T. ) ;
#3094 = CARTESIAN_POINT ( 'NONE',  ( -0.04945195713518669989, 0.01866538971991190191, 0.003000000000000000062 ) ) ;
#3095 = CARTESIAN_POINT ( 'NONE',  ( 0.1132372064242485321, -0.04030602789171632699, 0.003000000000000000062 ) ) ;
#3096 = AXIS2_PLACEMENT_3D ( 'NONE', #2362, #903, #3122 ) ;
#3097 = CARTESIAN_POINT ( 'NONE',  ( -0.07131769314792318903, 0.08679538971991460072, 0.003000000000000000062 ) ) ;
#3098 = EDGE_LOOP ( 'NONE', ( #143, #1171 ) ) ;
#3099 = DIRECTION ( 'NONE',  ( -1.000000000000000000, 0.000000000000000000, 0.000000000000000000 ) ) ;
#3100 = FACE_BOUND ( 'NONE', #209, .T. ) ;
#3101 = VECTOR ( 'NONE', #1335, 1.000000000000000000 ) ;
#3102 = VERTEX_POINT ( 'NONE', #9 ) ;
#3103 = ORIENTED_EDGE ( 'NONE', *, *, #3166, .F. ) ;
#3104 = ADVANCED_BREP_SHAPE_REPRESENTATION ( 'enigma cf plate top', ( #1234, #2261 ), #1940 ) ;
#3105 = EDGE_CURVE ( 'NONE', #2048, #1721, #233, .T. ) ;
#3106 = CARTESIAN_POINT ( 'NONE',  ( 0.03023230685083995103, 0.09786218662219439701, 0.003000000000000000062 ) ) ;
#3107 = EDGE_CURVE ( 'NONE', #2759, #3050, #183, .T. ) ;
#3108 = CARTESIAN_POINT ( 'NONE',  ( 0.08889650441164670402, 0.1197375093400112056, 0.000000000000000000 ) ) ;
#3109 = EDGE_LOOP ( 'NONE', ( #2694, #2306, #214, #1814 ) ) ;
#3110 = EDGE_CURVE ( 'NONE', #3186, #871, #2696, .T. ) ;
#3111 = CARTESIAN_POINT ( 'NONE',  ( -0.03499844776576579997, 0.07681453402145960174, 0.003000000000000000062 ) ) ;
#3112 = CYLINDRICAL_SURFACE ( 'NONE', #1591, 0.001500000000000001332 ) ;
#3113 = EDGE_CURVE ( 'NONE', #1461, #2643, #914, .T. ) ;
#3114 = ORIENTED_EDGE ( 'NONE', *, *, #1067, .F. ) ;
#3115 = CIRCLE ( 'NONE', #3164, 0.001500000000009896195 ) ;
#3116 = ORIENTED_EDGE ( 'NONE', *, *, #1080, .F. ) ;
#3117 = FACE_OUTER_BOUND ( 'NONE', #1269, .T. ) ;
#3118 = CARTESIAN_POINT ( 'NONE',  ( -0.03153189070996530174, 0.1197375093400021989, 0.000000000000000000 ) ) ;
#3119 = ORIENTED_EDGE ( 'NONE', *, *, #252, .F. ) ;
#3120 = ORIENTED_EDGE ( 'NONE', *, *, #525, .F. ) ;
#3121 = EDGE_CURVE ( 'NONE', #1574, #1573, #690, .T. ) ;
#3122 = DIRECTION ( 'NONE',  ( -1.000000000000000000, 0.000000000000000000, 0.000000000000000000 ) ) ;
#3123 = CARTESIAN_POINT ( 'NONE',  ( 0.05612115457961929649, 0.07565227487903010417, 0.003000000000000000062 ) ) ;
#3124 = ORIENTED_EDGE ( 'NONE', *, *, #2299, .F. ) ;
#3125 = LINE ( 'NONE', #1919, #195 ) ;
#3126 = CARTESIAN_POINT ( 'NONE',  ( 0.09386306146744580192, 0.07681453402145960174, 0.003000000000000000062 ) ) ;
#3127 = EDGE_CURVE ( 'NONE', #2401, #2819, #2942, .T. ) ;
#3128 = LINE ( 'NONE', #2821, #3147 ) ;
#3129 = AXIS2_PLACEMENT_3D ( 'NONE', #2279, #264, #2246 ) ;
#3130 = ORIENTED_EDGE ( 'NONE', *, *, #277, .T. ) ;
#3131 = LINE ( 'NONE', #1476, #838 ) ;
#3132 = ORIENTED_EDGE ( 'NONE', *, *, #2940, .F. ) ;
#3133 = ORIENTED_EDGE ( 'NONE', *, *, #3121, .F. ) ;
#3134 = AXIS2_PLACEMENT_3D ( 'NONE', #1757, #2021, #2994 ) ;
#3135 = DIRECTION ( 'NONE',  ( 0.000000000000000000, 0.000000000000000000, 1.000000000000000000 ) ) ;
#3136 = DIRECTION ( 'NONE',  ( 0.000000000000000000, 0.000000000000000000, -1.000000000000000000 ) ) ;
#3137 = ORIENTED_EDGE ( 'NONE', *, *, #1205, .F. ) ;
#3138 = CARTESIAN_POINT ( 'NONE',  ( 0.08889650441164670402, -0.06614672990431730293, 0.000000000000000000 ) ) ;
#3139 = CARTESIAN_POINT ( 'NONE',  ( -0.03841911075872324333, -0.05925950985556238670, 0.000000000000000000 ) ) ;
#3140 = VERTEX_POINT ( 'NONE', #1723 ) ;
#3141 = AXIS2_PLACEMENT_3D ( 'NONE', #3126, #1182, #940 ) ;
#3142 = DIRECTION ( 'NONE',  ( 0.000000000000000000, 0.000000000000000000, -1.000000000000000000 ) ) ;
#3143 = AXIS2_PLACEMENT_3D ( 'NONE', #1442, #1732, #526 ) ;
#3145 = EDGE_LOOP ( 'NONE', ( #2141, #1446, #1214, #919 ) ) ;
#3144 = EDGE_CURVE ( 'NONE', #2326, #712, #517, .T. ) ;
#3146 = CARTESIAN_POINT ( 'NONE',  ( -0.04945195713518669989, 0.01866538971991190191, -0.007000000000000000146 ) ) ;
#3147 = VECTOR ( 'NONE', #1590, 1.000000000000000000 ) ;
#3148 = AXIS2_PLACEMENT_3D ( 'NONE', #569, #310, #2107 ) ;
#3149 = ORIENTED_EDGE ( 'NONE', *, *, #3144, .T. ) ;
#3150 = ORIENTED_EDGE ( 'NONE', *, *, #442, .F. ) ;
#3151 = EDGE_CURVE ( 'NONE', #1223, #2614, #2774, .T. ) ;
#3152 = DIRECTION ( 'NONE',  ( 0.000000000000000000, 0.000000000000000000, 1.000000000000000000 ) ) ;
#3153 = ADVANCED_FACE ( 'NONE', ( #1429 ), #1468, .F. ) ;
#3154 = CARTESIAN_POINT ( 'NONE',  ( 0.03740686538611519979, -0.03969641171114010603, 0.000000000000000000 ) ) ;
#3155 = LINE ( 'NONE', #937, #3079 ) ;
#3156 = ORIENTED_EDGE ( 'NONE', *, *, #146, .T. ) ;
#3157 = CARTESIAN_POINT ( 'NONE',  ( 0.1147372064242470346, 0.09389680732741106928, 0.000000000000000000 ) ) ;
#3158 = DIRECTION ( 'NONE',  ( 1.000000000000000000, 0.000000000000000000, 0.000000000000000000 ) ) ;
#3159 = ORIENTED_EDGE ( 'NONE', *, *, #2229, .F. ) ;
#3160 = FACE_OUTER_BOUND ( 'NONE', #2245, .T. ) ;
#3161 = DIRECTION ( 'NONE',  ( -0.000000000000000000, -0.000000000000000000, 1.000000000000000000 ) ) ;
#3162 = ORIENTED_EDGE ( 'NONE', *, *, #760, .F. ) ;
#3163 = ORIENTED_EDGE ( 'NONE', *, *, #1532, .T. ) ;
#3164 = AXIS2_PLACEMENT_3D ( 'NONE', #2849, #633, #2102 ) ;
#3165 = CARTESIAN_POINT ( 'NONE',  ( 0.02868230685083845294, 0.1056441160022151965, 0.000000000000000000 ) ) ;
#3166 = EDGE_CURVE ( 'NONE', #3038, #3196, #989, .T. ) ;
#3167 = B_SPLINE_CURVE_WITH_KNOTS ( 'NONE', 2,
 ( #1038, #76, #2536 ),
 .UNSPECIFIED., .F., .F.,
 ( 3, 3 ),
 ( 0.000000000000000000, 1.000000000000000000 ),
 .UNSPECIFIED. ) ;
#3168 = DIRECTION ( 'NONE',  ( 2.064845683574855091E-11, 1.000000000000000000, 0.000000000000000000 ) ) ;
#3169 = LINE ( 'NONE', #2490, #1833 ) ;
#3170 = ORIENTED_EDGE ( 'NONE', *, *, #855, .F. ) ;
#3171 = FACE_OUTER_BOUND ( 'NONE', #1477, .T. ) ;
#3172 = PLANE ( 'NONE',  #2369 ) ;
#3173 = CARTESIAN_POINT ( 'NONE',  ( 0.02868230685083995174, 0.09786218662219439701, 0.000000000000000000 ) ) ;
#3174 = ORIENTED_EDGE ( 'NONE', *, *, #113, .T. ) ;
#3175 = CARTESIAN_POINT ( 'NONE',  ( -0.06275981277131249814, -0.03341880784295089835, 0.000000000000000000 ) ) ;
#3176 = CARTESIAN_POINT ( 'NONE',  ( 0.03023230685083995103, -0.04427140718650034862, 0.000000000000000000 ) ) ;
#3177 = EDGE_CURVE ( 'NONE', #2050, #1125, #3085, .T. ) ;
#3178 = ORIENTED_EDGE ( 'NONE', *, *, #920, .F. ) ;
#3179 = EDGE_LOOP ( 'NONE', ( #2688, #1242, #1903, #1374 ) ) ;
#3180 = VERTEX_POINT ( 'NONE', #545 ) ;
#3181 = CARTESIAN_POINT ( 'NONE',  ( -0.03131769314916309915, 0.1267953897178470124, 0.000000000000000000 ) ) ;
#3182 = AXIS2_PLACEMENT_3D ( 'NONE', #3025, #59, #558 ) ;
#3183 = EDGE_CURVE ( 'NONE', #1461, #701, #2002, .T. ) ;
#3184 = DIRECTION ( 'NONE',  ( 0.000000000000000000, 0.000000000000000000, 1.000000000000000000 ) ) ;
#3185 = FACE_BOUND ( 'NONE', #983, .T. ) ;
#3186 = VERTEX_POINT ( 'NONE', #2264 ) ;
#3187 = CARTESIAN_POINT ( 'NONE',  ( -0.06575981277133230440, -0.03341880784295089835, 0.003000000000000000062 ) ) ;
#3188 = DIRECTION ( 'NONE',  ( 0.000000000000000000, 0.000000000000000000, 1.000000000000000000 ) ) ;
#3189 = FACE_OUTER_BOUND ( 'NONE', #1333, .T. ) ;
#3190 = ORIENTED_EDGE ( 'NONE', *, *, #1122, .F. ) ;
#3191 = DIRECTION ( 'NONE',  ( -1.000000000000000000, 0.000000000000000000, 0.000000000000000000 ) ) ;
#3192 = DIRECTION ( 'NONE',  ( 1.000000000000000000, 0.000000000000000000, 0.000000000000000000 ) ) ;
#3193 = ORIENTED_EDGE ( 'NONE', *, *, #2713, .F. ) ;
#3194 = AXIS2_PLACEMENT_3D ( 'NONE', #49, #13, #782 ) ;
#3195 = ORIENTED_EDGE ( 'NONE', *, *, #519, .T. ) ;
#3196 = VERTEX_POINT ( 'NONE', #1259 ) ;
#3197 = FACE_OUTER_BOUND ( 'NONE', #1858, .T. ) ;
#3198 = CIRCLE ( 'NONE', #247, 0.001499999999999994393 ) ;
#3199 = VECTOR ( 'NONE', #581, 1.000000000000000000 ) ;
#3200 = CARTESIAN_POINT ( 'NONE',  ( -0.01057127675698564008, 2.182805518153699768E-13, 0.000000000000000000 ) ) ;
#3201 = AXIS2_PLACEMENT_3D ( 'NONE', #111, #1556, #2576 ) ;
#3202 = FACE_BOUND ( 'NONE', #1887, .T. ) ;
#3203 = ORIENTED_EDGE ( 'NONE', *, *, #1443, .F. ) ;
#3204 = CARTESIAN_POINT ( 'NONE',  ( 0.02868230685083840090, 0.02679538971784725318, 0.003000000000000000062 ) ) ;
#3205 = CARTESIAN_POINT ( 'NONE',  ( 0.1286823068508392010, 0.05679538971784699880, 0.003000000000000000062 ) ) ;
#3206 = CARTESIAN_POINT ( 'NONE',  ( -0.03991911075872323772, -0.05925950985556238670, -0.007000000000000000146 ) ) ;
#3207 = VERTEX_POINT ( 'NONE', #2054 ) ;
ENDSEC;
END-ISO-10303-21;
